state_name_en,population_number,reportDate,cases,recovered,deaths,countryCode,stateCode
Abruzzo,1311580,2020-05-15,3148,1313,381,IT,IT-ABRUZZO
Abruzzo,1311580,2020-05-16,3178,1372,383,IT,IT-ABRUZZO
Abruzzo,1311580,2020-05-17,3186,1379,385,IT,IT-ABRUZZO
Abruzzo,1311580,2020-05-18,3193,1392,388,IT,IT-ABRUZZO
Abruzzo,1311580,2020-05-19,3197,1419,389,IT,IT-ABRUZZO
Abruzzo,1311580,2020-05-20,3205,1499,389,IT,IT-ABRUZZO
Abruzzo,1311580,2020-05-21,3212,1549,391,IT,IT-ABRUZZO
Abruzzo,1311580,2020-05-22,3220,1647,394,IT,IT-ABRUZZO
Abruzzo,1311580,2020-05-23,3221,1659,394,IT,IT-ABRUZZO
Abruzzo,1311580,2020-05-24,3226,1736,398,IT,IT-ABRUZZO
Abruzzo,1311580,2020-05-25,3227,1781,400,IT,IT-ABRUZZO
Abruzzo,1311580,2020-05-26,3230,1921,400,IT,IT-ABRUZZO
Abruzzo,1311580,2020-05-27,3235,1969,400,IT,IT-ABRUZZO
Abruzzo,1311580,2020-05-28,3237,2011,402,IT,IT-ABRUZZO
Abruzzo,1311580,2020-05-29,3237,2063,404,IT,IT-ABRUZZO
Abruzzo,1311580,2020-05-30,3237,2063,404,IT,IT-ABRUZZO
Abruzzo,1311580,2020-05-31,3222,2064,405,IT,IT-ABRUZZO
Abruzzo,1311580,2020-06-01,3245,2093,408,IT,IT-ABRUZZO
Abruzzo,1311580,2020-06-02,3249,2093,413,IT,IT-ABRUZZO
Abruzzo,1311580,2020-06-03,3252,2102,414,IT,IT-ABRUZZO
Abruzzo,1311580,2020-06-04,3255,2136,415,IT,IT-ABRUZZO
Abruzzo,1311580,2020-06-05,3257,2172,415,IT,IT-ABRUZZO
Abruzzo,1311580,2020-06-06,3258,2187,418,IT,IT-ABRUZZO
Abruzzo,1311580,2020-06-07,3265,2194,418,IT,IT-ABRUZZO
Abruzzo,1311580,2020-06-08,3265,2215,418,IT,IT-ABRUZZO
Abruzzo,1311580,2020-06-09,3266,2248,451,IT,IT-ABRUZZO
Basilicata,562869,2020-05-15,389,242,27,IT,IT-BASILICATA
Basilicata,562869,2020-05-16,390,250,27,IT,IT-BASILICATA
Basilicata,562869,2020-05-17,392,261,27,IT,IT-BASILICATA
Basilicata,562869,2020-05-18,392,272,27,IT,IT-BASILICATA
Basilicata,562869,2020-05-19,393,282,27,IT,IT-BASILICATA
Basilicata,562869,2020-05-20,393,293,27,IT,IT-BASILICATA
Basilicata,562869,2020-05-21,394,307,27,IT,IT-BASILICATA
Basilicata,562869,2020-05-22,394,318,27,IT,IT-BASILICATA
Basilicata,562869,2020-05-23,398,330,27,IT,IT-BASILICATA
Basilicata,562869,2020-05-24,399,333,27,IT,IT-BASILICATA
Basilicata,562869,2020-05-25,399,336,27,IT,IT-BASILICATA
Basilicata,562869,2020-05-26,399,336,27,IT,IT-BASILICATA
Basilicata,562869,2020-05-27,399,336,27,IT,IT-BASILICATA
Basilicata,562869,2020-05-28,399,338,27,IT,IT-BASILICATA
Basilicata,562869,2020-05-29,399,339,27,IT,IT-BASILICATA
Basilicata,562869,2020-05-30,399,341,27,IT,IT-BASILICATA
Basilicata,562869,2020-05-31,399,343,27,IT,IT-BASILICATA
Basilicata,562869,2020-06-01,399,344,27,IT,IT-BASILICATA
Basilicata,562869,2020-06-02,399,348,27,IT,IT-BASILICATA
Basilicata,562869,2020-06-03,399,349,27,IT,IT-BASILICATA
Basilicata,562869,2020-06-04,399,352,27,IT,IT-BASILICATA
Basilicata,562869,2020-06-05,399,354,27,IT,IT-BASILICATA
Basilicata,562869,2020-06-06,399,355,27,IT,IT-BASILICATA
Basilicata,562869,2020-06-07,399,358,27,IT,IT-BASILICATA
Basilicata,562869,2020-06-08,399,359,27,IT,IT-BASILICATA
Basilicata,562869,2020-06-09,400,359,27,IT,IT-BASILICATA
P.A. Bolzano,530009,2020-05-15,2578,1929,290,IT,IT-BOLZANO
P.A. Bolzano,530009,2020-05-16,2578,1945,290,IT,IT-BOLZANO
P.A. Bolzano,530009,2020-05-17,2581,1977,290,IT,IT-BOLZANO
P.A. Bolzano,530009,2020-05-18,2582,1984,291,IT,IT-BOLZANO
P.A. Bolzano,530009,2020-05-19,2587,1988,291,IT,IT-BOLZANO
P.A. Bolzano,530009,2020-05-20,2587,2024,291,IT,IT-BOLZANO
P.A. Bolzano,530009,2020-05-21,2587,2046,291,IT,IT-BOLZANO
P.A. Bolzano,530009,2020-05-22,2590,2075,291,IT,IT-BOLZANO
P.A. Bolzano,530009,2020-05-23,2590,2085,291,IT,IT-BOLZANO
P.A. Bolzano,530009,2020-05-24,2593,2107,291,IT,IT-BOLZANO
P.A. Bolzano,530009,2020-05-25,2593,2118,291,IT,IT-BOLZANO
P.A. Bolzano,530009,2020-05-26,2593,2123,291,IT,IT-BOLZANO
P.A. Bolzano,530009,2020-05-27,2593,2131,291,IT,IT-BOLZANO
P.A. Bolzano,530009,2020-05-28,2595,2147,291,IT,IT-BOLZANO
P.A. Bolzano,530009,2020-05-29,2595,2150,291,IT,IT-BOLZANO
P.A. Bolzano,530009,2020-05-30,2596,2168,291,IT,IT-BOLZANO
P.A. Bolzano,530009,2020-05-31,2597,2179,291,IT,IT-BOLZANO
P.A. Bolzano,530009,2020-06-01,2598,2184,291,IT,IT-BOLZANO
P.A. Bolzano,530009,2020-06-02,2598,2187,291,IT,IT-BOLZANO
P.A. Bolzano,530009,2020-06-03,2598,2187,291,IT,IT-BOLZANO
P.A. Bolzano,530009,2020-06-04,2598,2194,292,IT,IT-BOLZANO
P.A. Bolzano,530009,2020-06-05,2599,2206,292,IT,IT-BOLZANO
P.A. Bolzano,530009,2020-06-06,2600,2208,292,IT,IT-BOLZANO
P.A. Bolzano,530009,2020-06-07,2603,2214,292,IT,IT-BOLZANO
P.A. Bolzano,530009,2020-06-08,2604,2215,292,IT,IT-BOLZANO
P.A. Bolzano,530009,2020-06-09,2604,2217,292,IT,IT-BOLZANO
Calabria,1947131,2020-05-15,1144,544,95,IT,IT-CALABRIA
Calabria,1947131,2020-05-16,1151,582,95,IT,IT-CALABRIA
Calabria,1947131,2020-05-17,1151,634,95,IT,IT-CALABRIA
Calabria,1947131,2020-05-18,1151,655,95,IT,IT-CALABRIA
Calabria,1947131,2020-05-19,1153,676,95,IT,IT-CALABRIA
Calabria,1947131,2020-05-20,1156,707,96,IT,IT-CALABRIA
Calabria,1947131,2020-05-21,1156,734,96,IT,IT-CALABRIA
Calabria,1947131,2020-05-22,1157,759,96,IT,IT-CALABRIA
Calabria,1947131,2020-05-23,1157,773,96,IT,IT-CALABRIA
Calabria,1947131,2020-05-24,1157,786,96,IT,IT-CALABRIA
Calabria,1947131,2020-05-25,1157,797,96,IT,IT-CALABRIA
Calabria,1947131,2020-05-26,1157,823,96,IT,IT-CALABRIA
Calabria,1947131,2020-05-27,1158,872,96,IT,IT-CALABRIA
Calabria,1947131,2020-05-28,1158,892,96,IT,IT-CALABRIA
Calabria,1947131,2020-05-29,1158,902,97,IT,IT-CALABRIA
Calabria,1947131,2020-05-30,1158,910,97,IT,IT-CALABRIA
Calabria,1947131,2020-05-31,1158,917,97,IT,IT-CALABRIA
Calabria,1947131,2020-06-01,1158,926,97,IT,IT-CALABRIA
Calabria,1947131,2020-06-02,1158,949,97,IT,IT-CALABRIA
Calabria,1947131,2020-06-03,1158,951,97,IT,IT-CALABRIA
Calabria,1947131,2020-06-04,1158,959,97,IT,IT-CALABRIA
Calabria,1947131,2020-06-05,1159,965,97,IT,IT-CALABRIA
Calabria,1947131,2020-06-06,1159,971,97,IT,IT-CALABRIA
Calabria,1947131,2020-06-07,1159,971,97,IT,IT-CALABRIA
Calabria,1947131,2020-06-08,1159,985,97,IT,IT-CALABRIA
Calabria,1947131,2020-06-09,1159,994,97,IT,IT-CALABRIA
Campania,5801692,2020-05-15,4654,2522,396,IT,IT-CAMPANIA
Campania,5801692,2020-05-16,4668,2562,396,IT,IT-CAMPANIA
Campania,5801692,2020-05-17,4684,2592,396,IT,IT-CAMPANIA
Campania,5801692,2020-05-18,4695,2623,399,IT,IT-CAMPANIA
Campania,5801692,2020-05-19,4707,2790,399,IT,IT-CAMPANIA
Campania,5801692,2020-05-20,4714,2871,401,IT,IT-CAMPANIA
Campania,5801692,2020-05-21,4723,2947,403,IT,IT-CAMPANIA
Campania,5801692,2020-05-22,4733,3037,404,IT,IT-CAMPANIA
Campania,5801692,2020-05-23,4744,3067,404,IT,IT-CAMPANIA
Campania,5801692,2020-05-24,4749,3076,405,IT,IT-CAMPANIA
Campania,5801692,2020-05-25,4755,3137,405,IT,IT-CAMPANIA
Campania,5801692,2020-05-26,4767,3178,405,IT,IT-CAMPANIA
Campania,5801692,2020-05-27,4773,3221,406,IT,IT-CAMPANIA
Campania,5801692,2020-05-28,4777,3355,410,IT,IT-CAMPANIA
Campania,5801692,2020-05-29,4787,3390,411,IT,IT-CAMPANIA
Campania,5801692,2020-05-30,4797,3405,411,IT,IT-CAMPANIA
Campania,5801692,2020-05-31,4802,3410,412,IT,IT-CAMPANIA
Campania,5801692,2020-06-01,4806,3454,413,IT,IT-CAMPANIA
Campania,5801692,2020-06-02,4809,3504,415,IT,IT-CAMPANIA
Campania,5801692,2020-06-03,4821,3537,415,IT,IT-CAMPANIA
Campania,5801692,2020-06-04,4822,3572,420,IT,IT-CAMPANIA
Campania,5801692,2020-06-05,4822,3623,425,IT,IT-CAMPANIA
Campania,5801692,2020-06-06,4822,3658,426,IT,IT-CAMPANIA
Campania,5801692,2020-06-07,4826,3675,426,IT,IT-CAMPANIA
Campania,5801692,2020-06-08,4828,3685,426,IT,IT-CAMPANIA
Campania,5801692,2020-06-09,4833,3732,426,IT,IT-CAMPANIA
Emilia-Romagna,4459477,2020-05-15,27110,17166,3943,IT,IT-EMILIA-ROMAGNA
Emilia-Romagna,4459477,2020-05-16,27182,17370,3960,IT,IT-EMILIA-ROMAGNA
Emilia-Romagna,4459477,2020-05-17,27232,17603,3973,IT,IT-EMILIA-ROMAGNA
Emilia-Romagna,4459477,2020-05-18,27267,17756,3986,IT,IT-EMILIA-ROMAGNA
Emilia-Romagna,4459477,2020-05-19,27314,17987,3997,IT,IT-EMILIA-ROMAGNA
Emilia-Romagna,4459477,2020-05-20,27364,18258,4008,IT,IT-EMILIA-ROMAGNA
Emilia-Romagna,4459477,2020-05-21,27417,18466,4025,IT,IT-EMILIA-ROMAGNA
Emilia-Romagna,4459477,2020-05-22,27470,18703,4037,IT,IT-EMILIA-ROMAGNA
Emilia-Romagna,4459477,2020-05-23,27513,18896,4047,IT,IT-EMILIA-ROMAGNA
Emilia-Romagna,4459477,2020-05-24,27558,19046,4055,IT,IT-EMILIA-ROMAGNA
Emilia-Romagna,4459477,2020-05-25,27587,19160,4068,IT,IT-EMILIA-ROMAGNA
Emilia-Romagna,4459477,2020-05-26,27611,19389,4076,IT,IT-EMILIA-ROMAGNA
Emilia-Romagna,4459477,2020-05-27,27627,19546,4083,IT,IT-EMILIA-ROMAGNA
Emilia-Romagna,4459477,2020-05-28,27701,19857,4094,IT,IT-EMILIA-ROMAGNA
Emilia-Romagna,4459477,2020-05-29,27739,20073,4102,IT,IT-EMILIA-ROMAGNA
Emilia-Romagna,4459477,2020-05-30,27759,20373,4107,IT,IT-EMILIA-ROMAGNA
Emilia-Romagna,4459477,2020-05-31,27790,20513,4114,IT,IT-EMILIA-ROMAGNA
Emilia-Romagna,4459477,2020-06-01,27809,20617,4124,IT,IT-EMILIA-ROMAGNA
Emilia-Romagna,4459477,2020-06-02,27828,20780,4136,IT,IT-EMILIA-ROMAGNA
Emilia-Romagna,4459477,2020-06-03,27842,20856,4147,IT,IT-EMILIA-ROMAGNA
Emilia-Romagna,4459477,2020-06-04,27860,21018,4154,IT,IT-EMILIA-ROMAGNA
Emilia-Romagna,4459477,2020-06-05,27877,21198,4167,IT,IT-EMILIA-ROMAGNA
Emilia-Romagna,4459477,2020-06-06,27894,21307,4171,IT,IT-EMILIA-ROMAGNA
Emilia-Romagna,4459477,2020-06-07,27908,21405,4175,IT,IT-EMILIA-ROMAGNA
Emilia-Romagna,4459477,2020-06-08,27928,21467,4179,IT,IT-EMILIA-ROMAGNA
Emilia-Romagna,4459477,2020-06-09,27946,21605,4185,IT,IT-EMILIA-ROMAGNA
Friuli Venezia Giulia,1215220,2020-05-15,3175,2116,318,IT,IT-FRIULI-VENEZIA-GIULIA
Friuli Venezia Giulia,1215220,2020-05-16,3183,2184,319,IT,IT-FRIULI-VENEZIA-GIULIA
Friuli Venezia Giulia,1215220,2020-05-17,3191,2218,319,IT,IT-FRIULI-VENEZIA-GIULIA
Friuli Venezia Giulia,1215220,2020-05-18,3198,2257,320,IT,IT-FRIULI-VENEZIA-GIULIA
Friuli Venezia Giulia,1215220,2020-05-19,3203,2283,320,IT,IT-FRIULI-VENEZIA-GIULIA
Friuli Venezia Giulia,1215220,2020-05-20,3209,2291,322,IT,IT-FRIULI-VENEZIA-GIULIA
Friuli Venezia Giulia,1215220,2020-05-21,3215,2314,323,IT,IT-FRIULI-VENEZIA-GIULIA
Friuli Venezia Giulia,1215220,2020-05-22,3227,2417,325,IT,IT-FRIULI-VENEZIA-GIULIA
Friuli Venezia Giulia,1215220,2020-05-23,3233,2447,327,IT,IT-FRIULI-VENEZIA-GIULIA
Friuli Venezia Giulia,1215220,2020-05-24,3236,2495,329,IT,IT-FRIULI-VENEZIA-GIULIA
Friuli Venezia Giulia,1215220,2020-05-25,3240,2525,329,IT,IT-FRIULI-VENEZIA-GIULIA
Friuli Venezia Giulia,1215220,2020-05-26,3251,2547,329,IT,IT-FRIULI-VENEZIA-GIULIA
Friuli Venezia Giulia,1215220,2020-05-27,3255,2568,331,IT,IT-FRIULI-VENEZIA-GIULIA
Friuli Venezia Giulia,1215220,2020-05-28,3262,2593,333,IT,IT-FRIULI-VENEZIA-GIULIA
Friuli Venezia Giulia,1215220,2020-05-29,3267,2611,333,IT,IT-FRIULI-VENEZIA-GIULIA
Friuli Venezia Giulia,1215220,2020-05-30,3271,2633,333,IT,IT-FRIULI-VENEZIA-GIULIA
Friuli Venezia Giulia,1215220,2020-05-31,3273,2662,333,IT,IT-FRIULI-VENEZIA-GIULIA
Friuli Venezia Giulia,1215220,2020-06-01,3274,2673,335,IT,IT-FRIULI-VENEZIA-GIULIA
Friuli Venezia Giulia,1215220,2020-06-02,3276,2696,336,IT,IT-FRIULI-VENEZIA-GIULIA
Friuli Venezia Giulia,1215220,2020-06-03,3276,2707,336,IT,IT-FRIULI-VENEZIA-GIULIA
Friuli Venezia Giulia,1215220,2020-06-04,3279,2730,336,IT,IT-FRIULI-VENEZIA-GIULIA
Friuli Venezia Giulia,1215220,2020-06-05,3280,2762,338,IT,IT-FRIULI-VENEZIA-GIULIA
Friuli Venezia Giulia,1215220,2020-06-06,3283,2784,338,IT,IT-FRIULI-VENEZIA-GIULIA
Friuli Venezia Giulia,1215220,2020-06-07,3283,2793,339,IT,IT-FRIULI-VENEZIA-GIULIA
Friuli Venezia Giulia,1215220,2020-06-08,3284,2800,340,IT,IT-FRIULI-VENEZIA-GIULIA
Friuli Venezia Giulia,1215220,2020-06-09,3284,2816,340,IT,IT-FRIULI-VENEZIA-GIULIA
Lazio,5879082,2020-05-15,7364,2672,604,IT,IT-LAZIO
Lazio,5879082,2020-05-16,7396,2758,616,IT,IT-LAZIO
Lazio,5879082,2020-05-17,7446,2914,622,IT,IT-LAZIO
Lazio,5879082,2020-05-18,7485,3031,628,IT,IT-LAZIO
Lazio,5879082,2020-05-19,7505,3079,640,IT,IT-LAZIO
Lazio,5879082,2020-05-20,7533,3100,647,IT,IT-LAZIO
Lazio,5879082,2020-05-21,7558,3259,662,IT,IT-LAZIO
Lazio,5879082,2020-05-22,7589,3285,669,IT,IT-LAZIO
Lazio,5879082,2020-05-23,7607,3350,676,IT,IT-LAZIO
Lazio,5879082,2020-05-24,7627,3374,684,IT,IT-LAZIO
Lazio,5879082,2020-05-25,7643,3401,688,IT,IT-LAZIO
Lazio,5879082,2020-05-26,7661,3430,693,IT,IT-LAZIO
Lazio,5879082,2020-05-27,7672,3483,701,IT,IT-LAZIO
Lazio,5879082,2020-05-28,7693,3580,708,IT,IT-LAZIO
Lazio,5879082,2020-05-29,7709,3825,721,IT,IT-LAZIO
Lazio,5879082,2020-05-30,7715,3932,728,IT,IT-LAZIO
Lazio,5879082,2020-05-31,7728,4010,735,IT,IT-LAZIO
Lazio,5879082,2020-06-01,7738,4105,739,IT,IT-LAZIO
Lazio,5879082,2020-06-02,7743,4155,741,IT,IT-LAZIO
Lazio,5879082,2020-06-03,7753,4188,747,IT,IT-LAZIO
Lazio,5879082,2020-06-04,7764,4260,750,IT,IT-LAZIO
Lazio,5879082,2020-06-05,7773,4309,754,IT,IT-LAZIO
Lazio,5879082,2020-06-06,7801,4346,758,IT,IT-LAZIO
Lazio,5879082,2020-06-07,7812,4362,760,IT,IT-LAZIO
Lazio,5879082,2020-06-08,7828,4450,763,IT,IT-LAZIO
Lazio,5879082,2020-06-09,7851,4515,766,IT,IT-LAZIO
Liguria,1550640,2020-05-15,9060,5121,1336,IT,IT-LIGURIA
Liguria,1550640,2020-05-16,9111,5232,1346,IT,IT-LIGURIA
Liguria,1550640,2020-05-17,9159,5348,1355,IT,IT-LIGURIA
Liguria,1550640,2020-05-18,9191,5485,1367,IT,IT-LIGURIA
Liguria,1550640,2020-05-19,9257,5617,1376,IT,IT-LIGURIA
Liguria,1550640,2020-05-20,9289,5725,1386,IT,IT-LIGURIA
Liguria,1550640,2020-05-21,9344,5872,1397,IT,IT-LIGURIA
Liguria,1550640,2020-05-22,9389,6074,1407,IT,IT-LIGURIA
Liguria,1550640,2020-05-23,9427,6279,1414,IT,IT-LIGURIA
Liguria,1550640,2020-05-24,9480,6437,1419,IT,IT-LIGURIA
Liguria,1550640,2020-05-25,9497,6516,1425,IT,IT-LIGURIA
Liguria,1550640,2020-05-26,9550,6681,1431,IT,IT-LIGURIA
Liguria,1550640,2020-05-27,9589,6882,1438,IT,IT-LIGURIA
Liguria,1550640,2020-05-28,9605,7015,1445,IT,IT-LIGURIA
Liguria,1550640,2020-05-29,9619,7173,1452,IT,IT-LIGURIA
Liguria,1550640,2020-05-30,9651,7411,1459,IT,IT-LIGURIA
Liguria,1550640,2020-05-31,9663,7529,1465,IT,IT-LIGURIA
Liguria,1550640,2020-06-01,9719,7641,1467,IT,IT-LIGURIA
Liguria,1550640,2020-06-02,9734,7720,1468,IT,IT-LIGURIA
Liguria,1550640,2020-06-03,9751,7764,1473,IT,IT-LIGURIA
Liguria,1550640,2020-06-04,9772,7899,1479,IT,IT-LIGURIA
Liguria,1550640,2020-06-05,9786,8056,1486,IT,IT-LIGURIA
Liguria,1550640,2020-06-06,9799,8062,1492,IT,IT-LIGURIA
Liguria,1550640,2020-06-07,9812,8070,1499,IT,IT-LIGURIA
Liguria,1550640,2020-06-08,9826,8073,1505,IT,IT-LIGURIA
Liguria,1550640,2020-06-09,9834,8076,1509,IT,IT-LIGURIA
Lombardia,10060574,2020-05-15,84119,40962,15411,IT,IT-LOMBARDIA
Lombardia,10060574,2020-05-16,84518,41389,15450,IT,IT-LOMBARDIA
Lombardia,10060574,2020-05-17,84844,41895,15519,IT,IT-LOMBARDIA
Lombardia,10060574,2020-05-18,85019,42403,15543,IT,IT-LOMBARDIA
Lombardia,10060574,2020-05-19,85481,42593,15597,IT,IT-LOMBARDIA
Lombardia,10060574,2020-05-20,85775,43442,15662,IT,IT-LOMBARDIA
Lombardia,10060574,2020-05-21,86091,43649,15727,IT,IT-LOMBARDIA
Lombardia,10060574,2020-05-22,86384,44667,15784,IT,IT-LOMBARDIA
Lombardia,10060574,2020-05-23,86825,45355,15840,IT,IT-LOMBARDIA
Lombardia,10060574,2020-05-24,87110,45656,15840,IT,IT-LOMBARDIA
Lombardia,10060574,2020-05-25,87258,46169,15874,IT,IT-LOMBARDIA
Lombardia,10060574,2020-05-26,87417,47044,15896,IT,IT-LOMBARDIA
Lombardia,10060574,2020-05-27,87801,47810,15954,IT,IT-LOMBARDIA
Lombardia,10060574,2020-05-28,88183,49296,15974,IT,IT-LOMBARDIA
Lombardia,10060574,2020-05-29,88537,49842,16012,IT,IT-LOMBARDIA
Lombardia,10060574,2020-05-30,88758,50870,16079,IT,IT-LOMBARDIA
Lombardia,10060574,2020-05-31,88968,51860,16112,IT,IT-LOMBARDIA
Lombardia,10060574,2020-06-01,89018,52026,16131,IT,IT-LOMBARDIA
Lombardia,10060574,2020-06-02,89205,52807,16143,IT,IT-LOMBARDIA
Lombardia,10060574,2020-06-03,89442,53046,16172,IT,IT-LOMBARDIA
Lombardia,10060574,2020-06-04,89526,53101,16201,IT,IT-LOMBARDIA
Lombardia,10060574,2020-06-05,89928,53853,16222,IT,IT-LOMBARDIA
Lombardia,10060574,2020-06-06,90070,54322,16249,IT,IT-LOMBARDIA
Lombardia,10060574,2020-06-07,90195,54505,16270,IT,IT-LOMBARDIA
Lombardia,10060574,2020-06-08,90389,54768,16302,IT,IT-LOMBARDIA
Lombardia,10060574,2020-06-09,90581,55967,16317,IT,IT-LOMBARDIA
Marche,1525271,2020-05-15,6619,2847,977,IT,IT-MARCHE
Marche,1525271,2020-05-16,6642,3003,982,IT,IT-MARCHE
Marche,1525271,2020-05-17,6667,3118,984,IT,IT-MARCHE
Marche,1525271,2020-05-18,6678,3379,984,IT,IT-MARCHE
Marche,1525271,2020-05-19,6675,3561,986,IT,IT-MARCHE
Marche,1525271,2020-05-20,6677,3716,987,IT,IT-MARCHE
Marche,1525271,2020-05-21,6689,3867,990,IT,IT-MARCHE
Marche,1525271,2020-05-22,6697,3939,990,IT,IT-MARCHE
Marche,1525271,2020-05-23,6701,3995,993,IT,IT-MARCHE
Marche,1525271,2020-05-24,6714,4028,994,IT,IT-MARCHE
Marche,1525271,2020-05-25,6716,4059,995,IT,IT-MARCHE
Marche,1525271,2020-05-26,6718,4147,996,IT,IT-MARCHE
Marche,1525271,2020-05-27,6718,4272,996,IT,IT-MARCHE
Marche,1525271,2020-05-28,6719,4376,997,IT,IT-MARCHE
Marche,1525271,2020-05-29,6723,4385,986,IT,IT-MARCHE
Marche,1525271,2020-05-30,6727,4393,987,IT,IT-MARCHE
Marche,1525271,2020-05-31,6730,4405,987,IT,IT-MARCHE
Marche,1525271,2020-06-01,6730,4416,987,IT,IT-MARCHE
Marche,1525271,2020-06-02,6734,4421,987,IT,IT-MARCHE
Marche,1525271,2020-06-03,6735,4438,987,IT,IT-MARCHE
Marche,1525271,2020-06-04,6738,4447,988,IT,IT-MARCHE
Marche,1525271,2020-06-05,6740,4458,989,IT,IT-MARCHE
Marche,1525271,2020-06-06,6742,4556,991,IT,IT-MARCHE
Marche,1525271,2020-06-07,6745,4595,991,IT,IT-MARCHE
Marche,1525271,2020-06-08,6747,4681,991,IT,IT-MARCHE
Marche,1525271,2020-06-09,6747,4763,992,IT,IT-MARCHE
Molise,305617,2020-05-15,407,158,22,IT,IT-MOLISE
Molise,305617,2020-05-16,410,173,22,IT,IT-MOLISE
Molise,305617,2020-05-17,411,173,22,IT,IT-MOLISE
Molise,305617,2020-05-18,422,183,22,IT,IT-MOLISE
Molise,305617,2020-05-19,422,188,22,IT,IT-MOLISE
Molise,305617,2020-05-20,422,202,22,IT,IT-MOLISE
Molise,305617,2020-05-21,423,207,22,IT,IT-MOLISE
Molise,305617,2020-05-22,426,220,22,IT,IT-MOLISE
Molise,305617,2020-05-23,431,220,22,IT,IT-MOLISE
Molise,305617,2020-05-24,432,227,22,IT,IT-MOLISE
Molise,305617,2020-05-25,432,233,22,IT,IT-MOLISE
Molise,305617,2020-05-26,432,236,22,IT,IT-MOLISE
Molise,305617,2020-05-27,434,246,22,IT,IT-MOLISE
Molise,305617,2020-05-28,435,250,22,IT,IT-MOLISE
Molise,305617,2020-05-29,436,252,22,IT,IT-MOLISE
Molise,305617,2020-05-30,436,258,22,IT,IT-MOLISE
Molise,305617,2020-05-31,436,269,22,IT,IT-MOLISE
Molise,305617,2020-06-01,436,279,22,IT,IT-MOLISE
Molise,305617,2020-06-02,436,281,22,IT,IT-MOLISE
Molise,305617,2020-06-03,436,287,22,IT,IT-MOLISE
Molise,305617,2020-06-04,436,288,23,IT,IT-MOLISE
Molise,305617,2020-06-05,436,291,23,IT,IT-MOLISE
Molise,305617,2020-06-06,436,292,23,IT,IT-MOLISE
Molise,305617,2020-06-07,436,293,23,IT,IT-MOLISE
Molise,305617,2020-06-08,436,294,23,IT,IT-MOLISE
Molise,305617,2020-06-09,438,295,23,IT,IT-MOLISE
Sardegna,1639591,2020-05-15,1348,762,125,IT,IT-PARDEGNA
Sardegna,1639591,2020-05-16,1352,812,125,IT,IT-PARDEGNA
Sardegna,1639591,2020-05-17,1353,823,125,IT,IT-PARDEGNA
Sardegna,1639591,2020-05-18,1353,847,126,IT,IT-PARDEGNA
Sardegna,1639591,2020-05-19,1354,887,126,IT,IT-PARDEGNA
Sardegna,1639591,2020-05-20,1355,898,126,IT,IT-PARDEGNA
Sardegna,1639591,2020-05-21,1356,911,127,IT,IT-PARDEGNA
Sardegna,1639591,2020-05-22,1356,922,128,IT,IT-PARDEGNA
Sardegna,1639591,2020-05-23,1356,940,129,IT,IT-PARDEGNA
Sardegna,1639591,2020-05-24,1356,982,129,IT,IT-PARDEGNA
Sardegna,1639591,2020-05-25,1354,994,129,IT,IT-PARDEGNA
Sardegna,1639591,2020-05-26,1354,1000,130,IT,IT-PARDEGNA
Sardegna,1639591,2020-05-27,1355,1010,130,IT,IT-PARDEGNA
Sardegna,1639591,2020-05-28,1355,1025,130,IT,IT-PARDEGNA
Sardegna,1639591,2020-05-29,1356,1036,130,IT,IT-PARDEGNA
Sardegna,1639591,2020-05-30,1356,1040,130,IT,IT-PARDEGNA
Sardegna,1639591,2020-05-31,1356,1041,130,IT,IT-PARDEGNA
Sardegna,1639591,2020-06-01,1357,1065,131,IT,IT-PARDEGNA
Sardegna,1639591,2020-06-02,1357,1071,131,IT,IT-PARDEGNA
Sardegna,1639591,2020-06-03,1357,1080,131,IT,IT-PARDEGNA
Sardegna,1639591,2020-06-04,1357,1118,131,IT,IT-PARDEGNA
Sardegna,1639591,2020-06-05,1359,1161,131,IT,IT-PARDEGNA
Sardegna,1639591,2020-06-06,1362,1171,131,IT,IT-PARDEGNA
Sardegna,1639591,2020-06-07,1362,1172,131,IT,IT-PARDEGNA
Sardegna,1639591,2020-06-08,1362,1175,131,IT,IT-PARDEGNA
Sardegna,1639591,2020-06-09,1361,1176,131,IT,IT-PARDEGNA
Piemonte,4356406,2020-05-15,29346,14676,3557,IT,IT-PIEMONTE
Piemonte,4356406,2020-05-16,29483,15187,3594,IT,IT-PIEMONTE
Piemonte,4356406,2020-05-17,29547,15696,3612,IT,IT-PIEMONTE
Piemonte,4356406,2020-05-18,29619,16113,3632,IT,IT-PIEMONTE
Piemonte,4356406,2020-05-19,29727,16413,3679,IT,IT-PIEMONTE
Piemonte,4356406,2020-05-20,29885,17016,3718,IT,IT-PIEMONTE
Piemonte,4356406,2020-05-21,29990,17538,3742,IT,IT-PIEMONTE
Piemonte,4356406,2020-05-22,30077,17868,3757,IT,IT-PIEMONTE
Piemonte,4356406,2020-05-23,30137,18341,3771,IT,IT-PIEMONTE
Piemonte,4356406,2020-05-24,30180,18694,3783,IT,IT-PIEMONTE
Piemonte,4356406,2020-05-25,30228,18934,3798,IT,IT-PIEMONTE
Piemonte,4356406,2020-05-26,30314,19561,3812,IT,IT-PIEMONTE
Piemonte,4356406,2020-05-27,30387,20095,3828,IT,IT-PIEMONTE
Piemonte,4356406,2020-05-28,30445,20535,3838,IT,IT-PIEMONTE
Piemonte,4356406,2020-05-29,30501,20992,3851,IT,IT-PIEMONTE
Piemonte,4356406,2020-05-30,30583,21435,3858,IT,IT-PIEMONTE
Piemonte,4356406,2020-05-31,30637,21609,3867,IT,IT-PIEMONTE
Piemonte,4356406,2020-06-01,30658,21720,3876,IT,IT-PIEMONTE
Piemonte,4356406,2020-06-02,30715,22003,3884,IT,IT-PIEMONTE
Piemonte,4356406,2020-06-03,30734,22150,3898,IT,IT-PIEMONTE
Piemonte,4356406,2020-06-04,30758,22292,3910,IT,IT-PIEMONTE
Piemonte,4356406,2020-06-05,30807,22511,3927,IT,IT-PIEMONTE
Piemonte,4356406,2020-06-06,30845,22744,3934,IT,IT-PIEMONTE
Piemonte,4356406,2020-06-07,30855,22952,3941,IT,IT-PIEMONTE
Piemonte,4356406,2020-06-08,30869,23049,3954,IT,IT-PIEMONTE
Piemonte,4356406,2020-06-09,30890,23258,3961,IT,IT-PIEMONTE
Puglia,4029053,2020-05-15,4366,1724,461,IT,IT-PUGLIA
Puglia,4029053,2020-05-16,4374,1807,463,IT,IT-PUGLIA
Puglia,4029053,2020-05-17,4379,1892,470,IT,IT-PUGLIA
Puglia,4029053,2020-05-18,4386,1920,471,IT,IT-PUGLIA
Puglia,4029053,2020-05-19,4396,1982,473,IT,IT-PUGLIA
Puglia,4029053,2020-05-20,4407,2027,478,IT,IT-PUGLIA
Puglia,4029053,2020-05-21,4413,2096,478,IT,IT-PUGLIA
Puglia,4029053,2020-05-22,4440,2120,482,IT,IT-PUGLIA
Puglia,4029053,2020-05-23,4448,2157,486,IT,IT-PUGLIA
Puglia,4029053,2020-05-24,4458,2178,487,IT,IT-PUGLIA
Puglia,4029053,2020-05-25,4467,2298,491,IT,IT-PUGLIA
Puglia,4029053,2020-05-26,4469,2436,494,IT,IT-PUGLIA
Puglia,4029053,2020-05-27,4479,2471,495,IT,IT-PUGLIA
Puglia,4029053,2020-05-28,4481,2590,496,IT,IT-PUGLIA
Puglia,4029053,2020-05-29,4482,2699,500,IT,IT-PUGLIA
Puglia,4029053,2020-05-30,4490,2768,500,IT,IT-PUGLIA
Puglia,4029053,2020-05-31,4494,2813,504,IT,IT-PUGLIA
Puglia,4029053,2020-06-01,4498,2837,506,IT,IT-PUGLIA
Puglia,4029053,2020-06-02,4498,2939,508,IT,IT-PUGLIA
Puglia,4029053,2020-06-03,4499,2952,511,IT,IT-PUGLIA
Puglia,4029053,2020-06-04,4503,3022,514,IT,IT-PUGLIA
Puglia,4029053,2020-06-05,4507,3140,521,IT,IT-PUGLIA
Puglia,4029053,2020-06-06,4511,3231,522,IT,IT-PUGLIA
Puglia,4029053,2020-06-07,4511,3253,525,IT,IT-PUGLIA
Puglia,4029053,2020-06-08,4512,3289,525,IT,IT-PUGLIA
Puglia,4029053,2020-06-09,4512,3373,526,IT,IT-PUGLIA
Sicilia,4999891,2020-05-15,3374,1351,263,IT,IT-SICILIA
Sicilia,4999891,2020-05-16,3382,1458,265,IT,IT-SICILIA
Sicilia,4999891,2020-05-17,3388,1566,267,IT,IT-SICILIA
Sicilia,4999891,2020-05-18,3395,1589,267,IT,IT-SICILIA
Sicilia,4999891,2020-05-19,3403,1611,268,IT,IT-SICILIA
Sicilia,4999891,2020-05-20,3411,1620,268,IT,IT-SICILIA
Sicilia,4999891,2020-05-21,3417,1627,268,IT,IT-SICILIA
Sicilia,4999891,2020-05-22,3421,1634,268,IT,IT-SICILIA
Sicilia,4999891,2020-05-23,3421,1640,269,IT,IT-SICILIA
Sicilia,4999891,2020-05-24,3423,1701,269,IT,IT-SICILIA
Sicilia,4999891,2020-05-25,3427,1724,270,IT,IT-SICILIA
Sicilia,4999891,2020-05-26,3430,1729,271,IT,IT-SICILIA
Sicilia,4999891,2020-05-27,3435,1845,272,IT,IT-SICILIA
Sicilia,4999891,2020-05-28,3438,2021,272,IT,IT-SICILIA
Sicilia,4999891,2020-05-29,3440,2031,272,IT,IT-SICILIA
Sicilia,4999891,2020-05-30,3442,2170,273,IT,IT-SICILIA
Sicilia,4999891,2020-05-31,3443,2183,274,IT,IT-SICILIA
Sicilia,4999891,2020-06-01,3443,2202,274,IT,IT-SICILIA
Sicilia,4999891,2020-06-02,3447,2206,275,IT,IT-SICILIA
Sicilia,4999891,2020-06-03,3447,2292,275,IT,IT-SICILIA
Sicilia,4999891,2020-06-04,3447,2292,276,IT,IT-SICILIA
Sicilia,4999891,2020-06-05,3448,2300,276,IT,IT-SICILIA
Sicilia,4999891,2020-06-06,3450,2308,276,IT,IT-SICILIA
Sicilia,4999891,2020-06-07,3451,2312,277,IT,IT-SICILIA
Sicilia,4999891,2020-06-08,3452,2321,278,IT,IT-SICILIA
Sicilia,4999891,2020-06-09,3454,2323,278,IT,IT-SICILIA
Toscana,3729641,2020-05-15,9883,5739,976,IT,IT-TOSCANA
Toscana,3729641,2020-05-16,9913,5991,979,IT,IT-TOSCANA
Toscana,3729641,2020-05-17,9948,6162,984,IT,IT-TOSCANA
Toscana,3729641,2020-05-18,9961,6399,989,IT,IT-TOSCANA
Toscana,3729641,2020-05-19,9968,6653,992,IT,IT-TOSCANA
Toscana,3729641,2020-05-20,9982,6867,998,IT,IT-TOSCANA
Toscana,3729641,2020-05-21,10000,7119,1004,IT,IT-TOSCANA
Toscana,3729641,2020-05-22,10035,7240,1009,IT,IT-TOSCANA
Toscana,3729641,2020-05-23,10047,7270,1011,IT,IT-TOSCANA
Toscana,3729641,2020-05-24,10062,7349,1013,IT,IT-TOSCANA
Toscana,3729641,2020-05-25,10067,7416,1015,IT,IT-TOSCANA
Toscana,3729641,2020-05-26,10070,7527,1021,IT,IT-TOSCANA
Toscana,3729641,2020-05-27,10082,7595,1027,IT,IT-TOSCANA
Toscana,3729641,2020-05-28,10086,7677,1029,IT,IT-TOSCANA
Toscana,3729641,2020-05-29,10088,7802,1031,IT,IT-TOSCANA
Toscana,3729641,2020-05-30,10100,7897,1037,IT,IT-TOSCANA
Toscana,3729641,2020-05-31,10104,7952,1041,IT,IT-TOSCANA
Toscana,3729641,2020-06-01,10107,7977,1048,IT,IT-TOSCANA
Toscana,3729641,2020-06-02,10117,8053,1053,IT,IT-TOSCANA
Toscana,3729641,2020-06-03,10121,8093,1055,IT,IT-TOSCANA
Toscana,3729641,2020-06-04,10122,8180,1059,IT,IT-TOSCANA
Toscana,3729641,2020-06-05,10129,8209,1063,IT,IT-TOSCANA
Toscana,3729641,2020-06-06,10134,8281,1068,IT,IT-TOSCANA
Toscana,3729641,2020-06-07,10135,8315,1070,IT,IT-TOSCANA
Toscana,3729641,2020-06-08,10144,8349,1074,IT,IT-TOSCANA
Toscana,3729641,2020-06-09,10145,8440,1077,IT,IT-TOSCANA
P.A. Trento,539898,2020-05-15,4318,3461,451,IT,IT-TRENTO
P.A. Trento,539898,2020-05-16,4326,3528,453,IT,IT-TRENTO
P.A. Trento,539898,2020-05-17,4338,3584,453,IT,IT-TRENTO
P.A. Trento,539898,2020-05-18,4351,3650,453,IT,IT-TRENTO
P.A. Trento,539898,2020-05-19,4358,3699,455,IT,IT-TRENTO
P.A. Trento,539898,2020-05-20,4368,3787,455,IT,IT-TRENTO
P.A. Trento,539898,2020-05-21,4378,3857,455,IT,IT-TRENTO
P.A. Trento,539898,2020-05-22,4388,3326,455,IT,IT-TRENTO
P.A. Trento,539898,2020-05-23,4395,3374,456,IT,IT-TRENTO
P.A. Trento,539898,2020-05-24,4404,3412,457,IT,IT-TRENTO
P.A. Trento,539898,2020-05-25,4405,3430,458,IT,IT-TRENTO
P.A. Trento,539898,2020-05-26,4415,3441,461,IT,IT-TRENTO
P.A. Trento,539898,2020-05-27,4422,3483,462,IT,IT-TRENTO
P.A. Trento,539898,2020-05-28,4425,3505,462,IT,IT-TRENTO
P.A. Trento,539898,2020-05-29,4428,3556,462,IT,IT-TRENTO
P.A. Trento,539898,2020-05-30,4429,3601,462,IT,IT-TRENTO
P.A. Trento,539898,2020-05-31,4430,3664,462,IT,IT-TRENTO
P.A. Trento,539898,2020-06-01,4432,3677,462,IT,IT-TRENTO
P.A. Trento,539898,2020-06-02,4432,3686,463,IT,IT-TRENTO
P.A. Trento,539898,2020-06-03,4433,3748,463,IT,IT-TRENTO
P.A. Trento,539898,2020-06-04,4433,3762,464,IT,IT-TRENTO
P.A. Trento,539898,2020-06-05,4433,3846,464,IT,IT-TRENTO
P.A. Trento,539898,2020-06-06,4434,3866,464,IT,IT-TRENTO
P.A. Trento,539898,2020-06-07,4435,3889,464,IT,IT-TRENTO
P.A. Trento,539898,2020-06-08,4436,3891,464,IT,IT-TRENTO
P.A. Trento,539898,2020-06-09,4439,3894,464,IT,IT-TRENTO
Umbria,882015,2020-05-15,1422,1259,73,IT,IT-UMBRIA
Umbria,882015,2020-05-16,1422,1268,73,IT,IT-UMBRIA
Umbria,882015,2020-05-17,1424,1273,73,IT,IT-UMBRIA
Umbria,882015,2020-05-18,1424,1274,73,IT,IT-UMBRIA
Umbria,882015,2020-05-19,1427,1287,74,IT,IT-UMBRIA
Umbria,882015,2020-05-20,1427,1287,74,IT,IT-UMBRIA
Umbria,882015,2020-05-21,1429,1294,74,IT,IT-UMBRIA
Umbria,882015,2020-05-22,1429,1296,74,IT,IT-UMBRIA
Umbria,882015,2020-05-23,1430,1300,74,IT,IT-UMBRIA
Umbria,882015,2020-05-24,1430,1302,75,IT,IT-UMBRIA
Umbria,882015,2020-05-25,1430,1309,75,IT,IT-UMBRIA
Umbria,882015,2020-05-26,1431,1314,75,IT,IT-UMBRIA
Umbria,882015,2020-05-27,1431,1324,75,IT,IT-UMBRIA
Umbria,882015,2020-05-28,1431,1323,75,IT,IT-UMBRIA
Umbria,882015,2020-05-29,1431,1324,76,IT,IT-UMBRIA
Umbria,882015,2020-05-30,1431,1324,76,IT,IT-UMBRIA
Umbria,882015,2020-05-31,1431,1324,76,IT,IT-UMBRIA
Umbria,882015,2020-06-01,1431,1324,76,IT,IT-UMBRIA
Umbria,882015,2020-06-02,1431,1324,76,IT,IT-UMBRIA
Umbria,882015,2020-06-03,1431,1324,76,IT,IT-UMBRIA
Umbria,882015,2020-06-04,1431,1324,76,IT,IT-UMBRIA
Umbria,882015,2020-06-05,1431,1326,76,IT,IT-UMBRIA
Umbria,882015,2020-06-06,1431,1327,76,IT,IT-UMBRIA
Umbria,882015,2020-06-07,1432,1327,76,IT,IT-UMBRIA
Umbria,882015,2020-06-08,1432,1327,76,IT,IT-UMBRIA
Umbria,882015,2020-06-09,1435,1330,76,IT,IT-UMBRIA
Valle d'Aosta,125666,2020-05-15,1172,953,142,IT,IT-VALLE-D-AOSTA
Valle d'Aosta,125666,2020-05-16,1173,956,142,IT,IT-VALLE-D-AOSTA
Valle d'Aosta,125666,2020-05-17,1173,962,143,IT,IT-VALLE-D-AOSTA
Valle d'Aosta,125666,2020-05-18,1174,971,143,IT,IT-VALLE-D-AOSTA
Valle d'Aosta,125666,2020-05-19,1175,983,143,IT,IT-VALLE-D-AOSTA
Valle d'Aosta,125666,2020-05-20,1175,986,143,IT,IT-VALLE-D-AOSTA
Valle d'Aosta,125666,2020-05-21,1176,990,143,IT,IT-VALLE-D-AOSTA
Valle d'Aosta,125666,2020-05-22,1177,991,143,IT,IT-VALLE-D-AOSTA
Valle d'Aosta,125666,2020-05-23,1177,999,143,IT,IT-VALLE-D-AOSTA
Valle d'Aosta,125666,2020-05-24,1178,1003,143,IT,IT-VALLE-D-AOSTA
Valle d'Aosta,125666,2020-05-25,1179,1003,143,IT,IT-VALLE-D-AOSTA
Valle d'Aosta,125666,2020-05-26,1181,1007,143,IT,IT-VALLE-D-AOSTA
Valle d'Aosta,125666,2020-05-27,1181,1011,143,IT,IT-VALLE-D-AOSTA
Valle d'Aosta,125666,2020-05-28,1182,1016,143,IT,IT-VALLE-D-AOSTA
Valle d'Aosta,125666,2020-05-29,1182,1020,143,IT,IT-VALLE-D-AOSTA
Valle d'Aosta,125666,2020-05-30,1183,1023,143,IT,IT-VALLE-D-AOSTA
Valle d'Aosta,125666,2020-05-31,1184,1026,143,IT,IT-VALLE-D-AOSTA
Valle d'Aosta,125666,2020-06-01,1187,1027,143,IT,IT-VALLE-D-AOSTA
Valle d'Aosta,125666,2020-06-02,1187,1031,143,IT,IT-VALLE-D-AOSTA
Valle d'Aosta,125666,2020-06-03,1187,1031,143,IT,IT-VALLE-D-AOSTA
Valle d'Aosta,125666,2020-06-04,1187,1034,143,IT,IT-VALLE-D-AOSTA
Valle d'Aosta,125666,2020-06-05,1187,1034,143,IT,IT-VALLE-D-AOSTA
Valle d'Aosta,125666,2020-06-06,1189,1033,144,IT,IT-VALLE-D-AOSTA
Valle d'Aosta,125666,2020-06-07,1191,1038,144,IT,IT-VALLE-D-AOSTA
Valle d'Aosta,125666,2020-06-08,1191,1039,144,IT,IT-VALLE-D-AOSTA
Valle d'Aosta,125666,2020-06-09,1191,1039,144,IT,IT-VALLE-D-AOSTA
Veneto,4905854,2020-05-15,18889,12688,1762,IT,IT-VENETO
Veneto,4905854,2020-05-16,18928,12983,1783,IT,IT-VENETO
Veneto,4905854,2020-05-17,18941,13106,1794,IT,IT-VENETO
Veneto,4905854,2020-05-18,18950,13143,1803,IT,IT-VENETO
Veneto,4905854,2020-05-19,18997,13423,1820,IT,IT-VENETO
Veneto,4905854,2020-05-20,19030,13666,1832,IT,IT-VENETO
Veneto,4905854,2020-05-21,19038,13911,1841,IT,IT-VENETO
Veneto,4905854,2020-05-22,19059,14182,1854,IT,IT-VENETO
Veneto,4905854,2020-05-23,19069,14363,1865,IT,IT-VENETO
Veneto,4905854,2020-05-24,19086,14557,1869,IT,IT-VENETO
Veneto,4905854,2020-05-25,19097,14641,1878,IT,IT-VENETO
Veneto,4905854,2020-05-26,19105,14788,1886,IT,IT-VENETO
Veneto,4905854,2020-05-27,19113,14931,1895,IT,IT-VENETO
Veneto,4905854,2020-05-28,19125,15202,1898,IT,IT-VENETO
Veneto,4905854,2020-05-29,19134,15379,1906,IT,IT-VENETO
Veneto,4905854,2020-05-30,19146,15618,1916,IT,IT-VENETO
Veneto,4905854,2020-05-31,19152,15734,1918,IT,IT-VENETO
Veneto,4905854,2020-06-01,19154,15768,1918,IT,IT-VENETO
Veneto,4905854,2020-06-02,19162,15838,1921,IT,IT-VENETO
Veneto,4905854,2020-06-03,19164,15856,1921,IT,IT-VENETO
Veneto,4905854,2020-06-04,19168,15915,1934,IT,IT-VENETO
Veneto,4905854,2020-06-05,19174,16007,1938,IT,IT-VENETO
Veneto,4905854,2020-06-06,19182,16069,1949,IT,IT-VENETO
Veneto,4905854,2020-06-07,19183,16144,1954,IT,IT-VENETO
Veneto,4905854,2020-06-08,19187,16152,1955,IT,IT-VENETO
Veneto,4905854,2020-06-09,19191,16226,1961,IT,IT-VENETO
