state_name_en,population_number,reportDate,cases,recovered,deaths,countryCode,stateCode
Adygea Republic,453376,2020-06-08,1069,606,10,RU,RU-ADYGEA-REPUBLIC
Adygea Republic,453376,2020-06-09,1115,618,10,RU,RU-ADYGEA-REPUBLIC
Altai Krai,2350080,2020-06-08,2390,1107,14,RU,RU-ALTAI-KRAI
Altai Krai,2350080,2020-06-09,2458,1197,15,RU,RU-ALTAI-KRAI
Altai Republic,218063,2020-06-08,180,101,0,RU,RU-ALTAI-REPUBLIC
Altai Republic,218063,2020-06-09,190,104,0,RU,RU-ALTAI-REPUBLIC
Amur Oblast,798424,2020-06-08,748,252,5,RU,RU-AMUR-OBLAST
Amur Oblast,798424,2020-06-09,796,261,5,RU,RU-AMUR-OBLAST
Arkhangelsk Oblast,1155028,2020-06-08,2989,858,10,RU,RU-ARKHANGELSK-OBLAST
Arkhangelsk Oblast,1155028,2020-06-09,3085,897,10,RU,RU-ARKHANGELSK-OBLAST
Astrakhan Oblast,1017514,2020-06-08,2337,1294,22,RU,RU-ASTRAKHAN-OBLAST
Astrakhan Oblast,1017514,2020-06-09,2420,1362,22,RU,RU-ASTRAKHAN-OBLAST
Bashkortostan Republic,4063293,2020-06-08,4017,1453,18,RU,RU-BASHKORTOSTAN-REPUBLIC
Bashkortostan Republic,4063293,2020-06-09,4113,1505,18,RU,RU-BASHKORTOSTAN-REPUBLIC
Belgorod Oblast,1549876,2020-06-08,2913,1356,27,RU,RU-BELGOROD-OBLAST
Belgorod Oblast,1549876,2020-06-09,2988,1467,28,RU,RU-BELGOROD-OBLAST
Bryansk Oblast,1210982,2020-06-08,4458,3021,31,RU,RU-BRYANSK-OBLAST
Bryansk Oblast,1210982,2020-06-09,4551,3120,31,RU,RU-BRYANSK-OBLAST
Buryatia Republic,984511,2020-06-08,1833,1067,11,RU,RU-BURYATIA-REPUBLIC
Buryatia Republic,984511,2020-06-09,1877,1113,11,RU,RU-BURYATIA-REPUBLIC
Chechen Republic,1436981,2020-06-08,1365,993,15,RU,RU-CHECHEN-REPUBLIC
Chechen Republic,1436981,2020-06-09,1384,1024,16,RU,RU-CHECHEN-REPUBLIC
Chelyabinsk Oblast,3493036,2020-06-08,3737,1801,31,RU,RU-CHELYABINSK-OBLAST
Chelyabinsk Oblast,3493036,2020-06-09,3880,1867,33,RU,RU-CHELYABINSK-OBLAST
Chukotka Autonomous Okrug,49348,2020-06-08,106,65,1,RU,RU-CHUKOTKA-AUTONOMOUS-OKRUG
Chukotka Autonomous Okrug,49348,2020-06-09,110,68,1,RU,RU-CHUKOTKA-AUTONOMOUS-OKRUG
Chuvashia Republic,1231117,2020-06-08,3561,1727,16,RU,RU-CHUVASHIA-REPUBLIC
Chuvashia Republic,1231117,2020-06-09,3646,1769,18,RU,RU-CHUVASHIA-REPUBLIC
Dagestan Republic,3063885,2020-06-08,5970,4587,308,RU,RU-DAGESTAN-REPUBLIC
Dagestan Republic,3063885,2020-06-09,6077,4611,309,RU,RU-DAGESTAN-REPUBLIC
Ingushetia Republic,488043,2020-06-08,2368,1508,61,RU,RU-INGUSHETIA-REPUBLIC
Ingushetia Republic,488043,2020-06-09,2399,1623,62,RU,RU-INGUSHETIA-REPUBLIC
Irkutsk Oblast,2404195,2020-06-08,2877,725,16,RU,RU-IRKUTSK-OBLAST
Irkutsk Oblast,2404195,2020-06-09,3083,820,18,RU,RU-IRKUTSK-OBLAST
Ivanovo Oblast,1014646,2020-06-08,2822,1091,22,RU,RU-IVANOVO-OBLAST
Ivanovo Oblast,1014646,2020-06-09,2930,1196,25,RU,RU-IVANOVO-OBLAST
Jewish Autonomous Okrug,162014,2020-06-08,347,250,4,RU,RU-JEWISH-AUTONOMOUS-OKRUG
Jewish Autonomous Okrug,162014,2020-06-09,350,256,4,RU,RU-JEWISH-AUTONOMOUS-OKRUG
Kabardino-Balkarian Republic,865828,2020-06-08,3424,1649,33,RU,RU-KABARDINO-BALKARIAN-REPUBLIC
Kabardino-Balkarian Republic,865828,2020-06-09,3499,1753,33,RU,RU-KABARDINO-BALKARIAN-REPUBLIC
Kaliningrad Oblast,994599,2020-06-08,1813,782,24,RU,RU-KALININGRAD-OBLAST
Kaliningrad Oblast,994599,2020-06-09,1858,847,25,RU,RU-KALININGRAD-OBLAST
Kalmykia Republic,275413,2020-06-08,1179,631,16,RU,RU-KALMYKIA-REPUBLIC
Kalmykia Republic,275413,2020-06-09,1180,697,16,RU,RU-KALMYKIA-REPUBLIC
Kaluga Oblast,1012056,2020-06-08,4600,2119,36,RU,RU-KALUGA-OBLAST
Kaluga Oblast,1012056,2020-06-09,4691,2240,36,RU,RU-KALUGA-OBLAST
Kamchatka Krai,315557,2020-06-08,1168,310,10,RU,RU-KAMCHATKA-KRAI
Kamchatka Krai,315557,2020-06-09,1214,314,10,RU,RU-KAMCHATKA-KRAI
Karachay-Cherkess Republic,466305,2020-06-08,1654,453,9,RU,RU-KARACHAY-CHERKESS-REPUBLIC
Karachay-Cherkess Republic,466305,2020-06-09,1729,472,9,RU,RU-KARACHAY-CHERKESS-REPUBLIC
Karelia Republic,622484,2020-06-08,633,226,2,RU,RU-KARELIA-REPUBLIC
Karelia Republic,622484,2020-06-09,656,238,2,RU,RU-KARELIA-REPUBLIC
Kemerovo Oblast,2694877,2020-06-08,752,322,7,RU,RU-KEMEROVO-OBLAST
Kemerovo Oblast,2694877,2020-06-09,786,332,7,RU,RU-KEMEROVO-OBLAST
Khabarovsk Krai,1328302,2020-06-08,2596,1314,17,RU,RU-KHABAROVSK-KRAI
Khabarovsk Krai,1328302,2020-06-09,2661,1382,17,RU,RU-KHABAROVSK-KRAI
Khakassia Republic,537513,2020-06-08,1141,782,10,RU,RU-KHAKASSIA-REPUBLIC
Khakassia Republic,537513,2020-06-09,1165,822,10,RU,RU-KHAKASSIA-REPUBLIC
Khanty-Mansi Autonomous Okrug,1532243,2020-06-08,3475,1186,21,RU,RU-KHANTY-MANSI-AUTONOMOUS-OKRUG
Khanty-Mansi Autonomous Okrug,1532243,2020-06-09,3624,1204,21,RU,RU-KHANTY-MANSI-AUTONOMOUS-OKRUG
Kirov Oblast,1283238,2020-06-08,2260,1206,20,RU,RU-KIROV-OBLAST
Kirov Oblast,1283238,2020-06-09,2300,1218,20,RU,RU-KIROV-OBLAST
Komi Republic,840873,2020-06-08,1600,890,26,RU,RU-KOMI-REPUBLIC
Komi Republic,840873,2020-06-09,1626,911,27,RU,RU-KOMI-REPUBLIC
Kostroma Oblast,643324,2020-06-08,926,489,12,RU,RU-KOSTROMA-OBLAST
Kostroma Oblast,643324,2020-06-09,953,506,12,RU,RU-KOSTROMA-OBLAST
Krasnodar Krai,5603420,2020-06-08,4485,3311,44,RU,RU-KRASNODAR-KRAI
Krasnodar Krai,5603420,2020-06-09,4574,3383,46,RU,RU-KRASNODAR-KRAI
Krasnoyarsk Krai,2876497,2020-06-08,5460,1570,49,RU,RU-KRASNOYARSK-KRAI
Krasnoyarsk Krai,2876497,2020-06-09,5617,1811,50,RU,RU-KRASNOYARSK-KRAI
Kurgan Oblast,845537,2020-06-08,306,183,0,RU,RU-KURGAN-OBLAST
Kurgan Oblast,845537,2020-06-09,314,200,0,RU,RU-KURGAN-OBLAST
Kursk Oblast,1115237,2020-06-08,3561,1803,16,RU,RU-KURSK-OBLAST
Kursk Oblast,1115237,2020-06-09,3619,1858,17,RU,RU-KURSK-OBLAST
Leningrad Oblast,1813816,2020-06-08,3238,2221,18,RU,RU-LENINGRAD-OBLAST
Leningrad Oblast,1813816,2020-06-09,3287,2321,19,RU,RU-LENINGRAD-OBLAST
Lipetsk Oblast,1150201,2020-06-08,2637,1018,8,RU,RU-LIPETSK-OBLAST
Lipetsk Oblast,1150201,2020-06-09,2697,1026,8,RU,RU-LIPETSK-OBLAST
Magadan Oblast,144091,2020-06-08,339,211,3,RU,RU-MAGADAN-OBLAST
Magadan Oblast,144091,2020-06-09,348,213,4,RU,RU-MAGADAN-OBLAST
Mari El Republic,682333,2020-06-08,2104,1727,16,RU,RU-MARI-EL-REPUBLIC
Mari El Republic,682333,2020-06-09,2151,1821,16,RU,RU-MARI-EL-REPUBLIC
Mordovia Republic,805056,2020-06-08,2230,1155,18,RU,RU-MORDOVIA-REPUBLIC
Mordovia Republic,805056,2020-06-09,2296,1191,18,RU,RU-MORDOVIA-REPUBLIC
Moscow,12506468,2020-06-08,197018,104347,2970,RU,RU-MOSCOW
Moscow,12506468,2020-06-09,198590,109737,3029,RU,RU-MOSCOW
Moscow Oblast,7503385,2020-06-08,44983,12031,578,RU,RU-MOSCOW-OBLAST
Moscow Oblast,7503385,2020-06-09,45722,12672,590,RU,RU-MOSCOW-OBLAST
Murmansk Oblast,753557,2020-06-08,3576,2480,7,RU,RU-MURMANSK-OBLAST
Murmansk Oblast,753557,2020-06-09,3674,2535,7,RU,RU-MURMANSK-OBLAST
Nenets Autonomous Okrug,43997,2020-06-08,80,16,0,RU,RU-NENETS-AUTONOMOUS-OKRUG
Nenets Autonomous Okrug,43997,2020-06-09,80,17,0,RU,RU-NENETS-AUTONOMOUS-OKRUG
Nizhny Novgorod Oblast,3234752,2020-06-08,12442,4878,140,RU,RU-NIZHNY-NOVGOROD-OBLAST
Nizhny Novgorod Oblast,3234752,2020-06-09,12734,5696,145,RU,RU-NIZHNY-NOVGOROD-OBLAST
North Ossetia - Alania Republic,701765,2020-06-08,3324,3100,57,RU,RU-NORTH-OSSETIA-ALANIA-REPUBLIC
North Ossetia - Alania Republic,701765,2020-06-09,3364,3121,57,RU,RU-NORTH-OSSETIA-ALANIA-REPUBLIC
Novgorod Oblast,606476,2020-06-08,1734,438,10,RU,RU-NOVGOROD-OBLAST
Novgorod Oblast,606476,2020-06-09,1779,446,11,RU,RU-NOVGOROD-OBLAST
Novosibirsk Oblast,2788849,2020-06-08,3648,1386,42,RU,RU-NOVOSIBIRSK-OBLAST
Novosibirsk Oblast,2788849,2020-06-09,3752,1455,44,RU,RU-NOVOSIBIRSK-OBLAST
Omsk Oblast,1960081,2020-06-08,1776,689,18,RU,RU-OMSK-OBLAST
Omsk Oblast,1960081,2020-06-09,1851,758,18,RU,RU-OMSK-OBLAST
Orel Oblast,747247,2020-06-08,2967,1474,32,RU,RU-OREL-OBLAST
Orel Oblast,747247,2020-06-09,3092,1543,32,RU,RU-OREL-OBLAST
Orenburg Oblast,1977720,2020-06-08,2397,1642,8,RU,RU-ORENBURG-OBLAST
Orenburg Oblast,1977720,2020-06-09,2461,1704,8,RU,RU-ORENBURG-OBLAST
Penza Oblast,1331655,2020-06-08,3053,2433,26,RU,RU-PENZA-OBLAST
Penza Oblast,1331655,2020-06-09,3191,2531,28,RU,RU-PENZA-OBLAST
Perm Krai,2623122,2020-06-08,2202,1394,28,RU,RU-PERM-KRAI
Perm Krai,2623122,2020-06-09,2267,1474,28,RU,RU-PERM-KRAI
Primorsky Krai,1913037,2020-06-08,2442,1464,23,RU,RU-PRIMORSKY-KRAI
Primorsky Krai,1913037,2020-06-09,2500,1529,24,RU,RU-PRIMORSKY-KRAI
Pskov Oblast,636546,2020-06-08,1269,440,12,RU,RU-PSKOV-OBLAST
Pskov Oblast,636546,2020-06-09,1306,454,12,RU,RU-PSKOV-OBLAST
Rostov Oblast,4220452,2020-06-08,6355,2343,48,RU,RU-ROSTOV-OBLAST
Rostov Oblast,4220452,2020-06-09,6542,2469,51,RU,RU-ROSTOV-OBLAST
Ryazan Oblast,1121474,2020-06-08,4088,1458,10,RU,RU-RYAZAN-OBLAST
Ryazan Oblast,1121474,2020-06-09,4164,1611,10,RU,RU-RYAZAN-OBLAST
Saint Petersburg,5351935,2020-06-08,18835,7915,392,RU,RU-SAINT-PETERSBURG
Saint Petersburg,5351935,2020-06-09,19153,8101,433,RU,RU-SAINT-PETERSBURG
Sakha (Yakutiya) Republic,964330,2020-06-08,2611,1343,15,RU,RU-SAKHA-YAKUTIYA-REPUBLIC
Sakha (Yakutiya) Republic,964330,2020-06-09,2686,1428,15,RU,RU-SAKHA-YAKUTIYA-REPUBLIC
Sakhalin Oblast,490181,2020-06-08,204,71,0,RU,RU-SAKHALIN-OBLAST
Sakhalin Oblast,490181,2020-06-09,216,71,0,RU,RU-SAKHALIN-OBLAST
Samara Oblast,3193514,2020-06-08,3200,1449,29,RU,RU-SAMARA-OBLAST
Samara Oblast,3193514,2020-06-09,3246,1485,32,RU,RU-SAMARA-OBLAST
Saratov Oblast,2462950,2020-06-08,3900,1573,37,RU,RU-SARATOV-OBLAST
Saratov Oblast,2462950,2020-06-09,4015,1596,37,RU,RU-SARATOV-OBLAST
Smolensk Oblast,949348,2020-06-08,3157,1105,43,RU,RU-SMOLENSK-OBLAST
Smolensk Oblast,949348,2020-06-09,3300,1240,44,RU,RU-SMOLENSK-OBLAST
Stavropol Krai,2800674,2020-06-08,3167,1471,62,RU,RU-STAVROPOL-KRAI
Stavropol Krai,2800674,2020-06-09,3253,1538,63,RU,RU-STAVROPOL-KRAI
Sverdlovsk Oblast,4325256,2020-06-08,7668,3273,43,RU,RU-SVERDLOVSK-OBLAST
Sverdlovsk Oblast,4325256,2020-06-09,7910,3495,46,RU,RU-SVERDLOVSK-OBLAST
Tambov Oblast,1033552,2020-06-08,3504,1534,8,RU,RU-TAMBOV-OBLAST
Tambov Oblast,1033552,2020-06-09,3569,1611,8,RU,RU-TAMBOV-OBLAST
Tatarstan Republic,3894284,2020-06-08,3611,3543,10,RU,RU-TATARSTAN-REPUBLIC
Tatarstan Republic,3894284,2020-06-09,3665,3563,10,RU,RU-TATARSTAN-REPUBLIC
Tomsk Oblast,1078280,2020-06-08,971,474,11,RU,RU-TOMSK-OBLAST
Tomsk Oblast,1078280,2020-06-09,1018,499,11,RU,RU-TOMSK-OBLAST
Tula Oblast,1491855,2020-06-08,4734,2441,49,RU,RU-TULA-OBLAST
Tula Oblast,1491855,2020-06-09,4843,2623,51,RU,RU-TULA-OBLAST
Tver Oblast,1283873,2020-06-08,2147,1429,41,RU,RU-TVER-OBLAST
Tver Oblast,1283873,2020-06-09,2231,1478,44,RU,RU-TVER-OBLAST
Tyumen Oblast,3692400,2020-06-08,1947,1067,12,RU,RU-TYUMEN-OBLAST
Tyumen Oblast,3692400,2020-06-09,1981,1084,12,RU,RU-TYUMEN-OBLAST
Tyva Republic,321722,2020-06-08,1738,273,2,RU,RU-TYVA-REPUBLIC
Tyva Republic,321722,2020-06-09,1835,337,2,RU,RU-TYVA-REPUBLIC
Udmurt Republic,1513044,2020-06-08,963,467,12,RU,RU-UDMURT-REPUBLIC
Udmurt Republic,1513044,2020-06-09,987,478,12,RU,RU-UDMURT-REPUBLIC
Ulyanovsk Oblast,1246618,2020-06-08,3265,954,16,RU,RU-ULYANOVSK-OBLAST
Ulyanovsk Oblast,1246618,2020-06-09,3359,1013,16,RU,RU-ULYANOVSK-OBLAST
Vladimir Oblast,1378337,2020-06-08,3151,1225,30,RU,RU-VLADIMIR-OBLAST
Vladimir Oblast,1378337,2020-06-09,3205,1356,34,RU,RU-VLADIMIR-OBLAST
Volgograd Oblast,2521276,2020-06-08,4030,1428,23,RU,RU-VOLGOGRAD-OBLAST
Volgograd Oblast,2521276,2020-06-09,4122,1498,24,RU,RU-VOLGOGRAD-OBLAST
Vologda Oblast,1176689,2020-06-08,1111,542,11,RU,RU-VOLOGDA-OBLAST
Vologda Oblast,1176689,2020-06-09,1137,567,11,RU,RU-VOLOGDA-OBLAST
Voronezh Oblast,2333768,2020-06-08,3065,1699,16,RU,RU-VORONEZH-OBLAST
Voronezh Oblast,2333768,2020-06-09,3285,1739,16,RU,RU-VORONEZH-OBLAST
Yamalo-Nenets Autonomous Okrug,538547,2020-06-08,2777,1475,11,RU,RU-YAMALO-NENETS-AUTONOMOUS-OKRUG
Yamalo-Nenets Autonomous Okrug,538547,2020-06-09,2833,1475,13,RU,RU-YAMALO-NENETS-AUTONOMOUS-OKRUG
Yaroslavl Oblast,1265684,2020-06-08,3714,1180,15,RU,RU-YAROSLAVL-OBLAST
Yaroslavl Oblast,1265684,2020-06-09,3781,1310,15,RU,RU-YAROSLAVL-OBLAST
Zabaykalsky Krai,1072806,2020-06-08,1551,862,29,RU,RU-ZABAYKALSKY-KRAI
Zabaykalsky Krai,1072806,2020-06-09,1634,942,31,RU,RU-ZABAYKALSKY-KRAI
