state_name_en,population_number,reportDate,cases,recovered,deaths,countryCode,stateCode
Amazonas,426800,2020-06-08,771,0,27,PE,PE-AMAZONAS
Amazonas,426800,2020-06-09,823,0,27,PE,PE-AMAZONAS
Amazonas,426800,2020-06-10,926,0,27,PE,PE-AMAZONAS
Amazonas,426800,2020-06-11,995,0,27,PE,PE-AMAZONAS
Amazonas,426800,2020-06-12,995,0,27,PE,PE-AMAZONAS
Amazonas,426800,2020-06-13,1033,0,28,PE,PE-AMAZONAS
Amazonas,426800,2020-06-14,1102,0,29,PE,PE-AMAZONAS
Amazonas,426800,2020-06-15,1170,0,29,PE,PE-AMAZONAS
Amazonas,426800,2020-06-16,1179,0,29,PE,PE-AMAZONAS
Amazonas,426800,2020-06-17,1407,0,30,PE,PE-AMAZONAS
Amazonas,426800,2020-06-18,1407,0,30,PE,PE-AMAZONAS
Amazonas,426800,2020-06-19,1440,0,31,PE,PE-AMAZONAS
Amazonas,426800,2020-06-20,1483,0,32,PE,PE-AMAZONAS
Amazonas,426800,2020-06-21,1565,0,33,PE,PE-AMAZONAS
Amazonas,426800,2020-06-22,1612,0,34,PE,PE-AMAZONAS
Amazonas,426800,2020-06-23,1655,0,34,PE,PE-AMAZONAS
Amazonas,426800,2020-06-24,1689,0,34,PE,PE-AMAZONAS
Amazonas,426800,2020-06-25,1845,0,34,PE,PE-AMAZONAS
Amazonas,426800,2020-06-26,1916,0,34,PE,PE-AMAZONAS
Amazonas,426800,2020-06-27,1916,0,34,PE,PE-AMAZONAS
Amazonas,426800,2020-06-28,1971,0,35,PE,PE-AMAZONAS
Amazonas,426800,2020-06-29,2020,0,42,PE,PE-AMAZONAS
Amazonas,426800,2020-06-30,2155,0,69,PE,PE-AMAZONAS
Amazonas,426800,2020-07-01,2155,0,69,PE,PE-AMAZONAS
Amazonas,426800,2020-07-02,2254,0,84,PE,PE-AMAZONAS
Amazonas,426800,2020-07-03,2448,0,85,PE,PE-AMAZONAS
Amazonas,426800,2020-07-04,2562,0,87,PE,PE-AMAZONAS
Amazonas,426800,2020-07-05,2717,0,88,PE,PE-AMAZONAS
Amazonas,426800,2020-07-06,2717,0,88,PE,PE-AMAZONAS
Amazonas,426800,2020-07-07,2860,0,88,PE,PE-AMAZONAS
Amazonas,426800,2020-07-08,3083,0,90,PE,PE-AMAZONAS
Amazonas,426800,2020-07-09,3083,0,90,PE,PE-AMAZONAS
Amazonas,426800,2020-07-10,3238,0,91,PE,PE-AMAZONAS
Amazonas,426800,2020-07-11,3267,0,93,PE,PE-AMAZONAS
Amazonas,426800,2020-07-12,3333,0,93,PE,PE-AMAZONAS
Amazonas,426800,2020-07-13,3406,0,94,PE,PE-AMAZONAS
Amazonas,426800,2020-07-14,3406,0,94,PE,PE-AMAZONAS
Amazonas,426800,2020-07-15,3534,0,96,PE,PE-AMAZONAS
Amazonas,426800,2020-07-16,3534,0,96,PE,PE-AMAZONAS
Amazonas,426800,2020-07-17,3601,0,97,PE,PE-AMAZONAS
Amazonas,426800,2020-07-18,3653,0,97,PE,PE-AMAZONAS
Amazonas,426800,2020-07-19,3534,0,96,PE,PE-AMAZONAS
Amazonas,426800,2020-07-20,3994,0,98,PE,PE-AMAZONAS
Amazonas,426800,2020-07-21,3994,0,98,PE,PE-AMAZONAS
Amazonas,426800,2020-07-22,4278,0,103,PE,PE-AMAZONAS
Amazonas,426800,2020-07-23,4312,0,103,PE,PE-AMAZONAS
Amazonas,426800,2020-07-24,4369,0,120,PE,PE-AMAZONAS
Amazonas,426800,2020-07-25,4529,0,121,PE,PE-AMAZONAS
Amazonas,426800,2020-07-26,4529,0,121,PE,PE-AMAZONAS
Amazonas,426800,2020-07-27,4529,0,121,PE,PE-AMAZONAS
Amazonas,426800,2020-07-28,4997,0,123,PE,PE-AMAZONAS
Amazonas,426800,2020-07-29,5098,0,123,PE,PE-AMAZONAS
Ancash,1180600,2020-06-08,5386,0,312,PE,PE-ANCASH
Ancash,1180600,2020-06-09,5443,0,318,PE,PE-ANCASH
Ancash,1180600,2020-06-10,5736,0,335,PE,PE-ANCASH
Ancash,1180600,2020-06-11,5885,0,340,PE,PE-ANCASH
Ancash,1180600,2020-06-12,5885,0,340,PE,PE-ANCASH
Ancash,1180600,2020-06-13,6000,0,347,PE,PE-ANCASH
Ancash,1180600,2020-06-14,6155,0,358,PE,PE-ANCASH
Ancash,1180600,2020-06-15,6294,0,371,PE,PE-ANCASH
Ancash,1180600,2020-06-16,6410,0,378,PE,PE-ANCASH
Ancash,1180600,2020-06-17,6649,0,394,PE,PE-ANCASH
Ancash,1180600,2020-06-18,6649,0,394,PE,PE-ANCASH
Ancash,1180600,2020-06-19,6746,0,397,PE,PE-ANCASH
Ancash,1180600,2020-06-20,6877,0,403,PE,PE-ANCASH
Ancash,1180600,2020-06-21,7002,0,411,PE,PE-ANCASH
Ancash,1180600,2020-06-22,7248,0,426,PE,PE-ANCASH
Ancash,1180600,2020-06-23,7347,0,431,PE,PE-ANCASH
Ancash,1180600,2020-06-24,7444,0,437,PE,PE-ANCASH
Ancash,1180600,2020-06-25,7553,0,441,PE,PE-ANCASH
Ancash,1180600,2020-06-26,7652,0,444,PE,PE-ANCASH
Ancash,1180600,2020-06-27,7652,0,444,PE,PE-ANCASH
Ancash,1180600,2020-06-28,7752,0,452,PE,PE-ANCASH
Ancash,1180600,2020-06-29,7828,0,457,PE,PE-ANCASH
Ancash,1180600,2020-06-30,7988,0,474,PE,PE-ANCASH
Ancash,1180600,2020-07-01,7988,0,474,PE,PE-ANCASH
Ancash,1180600,2020-07-02,8130,0,478,PE,PE-ANCASH
Ancash,1180600,2020-07-03,8383,0,495,PE,PE-ANCASH
Ancash,1180600,2020-07-04,8510,0,503,PE,PE-ANCASH
Ancash,1180600,2020-07-05,8652,0,505,PE,PE-ANCASH
Ancash,1180600,2020-07-06,8652,0,505,PE,PE-ANCASH
Ancash,1180600,2020-07-07,8732,0,512,PE,PE-ANCASH
Ancash,1180600,2020-07-08,9071,0,527,PE,PE-ANCASH
Ancash,1180600,2020-07-09,9071,0,527,PE,PE-ANCASH
Ancash,1180600,2020-07-10,9286,0,534,PE,PE-ANCASH
Ancash,1180600,2020-07-11,9390,0,541,PE,PE-ANCASH
Ancash,1180600,2020-07-12,9554,0,549,PE,PE-ANCASH
Ancash,1180600,2020-07-13,9692,0,555,PE,PE-ANCASH
Ancash,1180600,2020-07-14,9692,0,555,PE,PE-ANCASH
Ancash,1180600,2020-07-15,9926,0,565,PE,PE-ANCASH
Ancash,1180600,2020-07-16,9926,0,565,PE,PE-ANCASH
Ancash,1180600,2020-07-17,10017,0,575,PE,PE-ANCASH
Ancash,1180600,2020-07-18,10125,0,582,PE,PE-ANCASH
Ancash,1180600,2020-07-19,9926,0,565,PE,PE-ANCASH
Ancash,1180600,2020-07-20,10309,0,600,PE,PE-ANCASH
Ancash,1180600,2020-07-21,10309,0,600,PE,PE-ANCASH
Ancash,1180600,2020-07-22,10529,0,613,PE,PE-ANCASH
Ancash,1180600,2020-07-23,10609,0,618,PE,PE-ANCASH
Ancash,1180600,2020-07-24,10729,0,782,PE,PE-ANCASH
Ancash,1180600,2020-07-25,10902,0,788,PE,PE-ANCASH
Ancash,1180600,2020-07-26,10902,0,788,PE,PE-ANCASH
Ancash,1180600,2020-07-27,10902,0,788,PE,PE-ANCASH
Ancash,1180600,2020-07-28,11332,0,810,PE,PE-ANCASH
Ancash,1180600,2020-07-29,11536,0,813,PE,PE-ANCASH
Apurimac,430700,2020-06-08,259,0,4,PE,PE-APURIMAC
Apurimac,430700,2020-06-09,288,0,5,PE,PE-APURIMAC
Apurimac,430700,2020-06-10,314,0,7,PE,PE-APURIMAC
Apurimac,430700,2020-06-11,319,0,7,PE,PE-APURIMAC
Apurimac,430700,2020-06-12,319,0,7,PE,PE-APURIMAC
Apurimac,430700,2020-06-13,331,0,7,PE,PE-APURIMAC
Apurimac,430700,2020-06-14,346,0,7,PE,PE-APURIMAC
Apurimac,430700,2020-06-15,348,0,8,PE,PE-APURIMAC
Apurimac,430700,2020-06-16,351,0,9,PE,PE-APURIMAC
Apurimac,430700,2020-06-17,402,0,10,PE,PE-APURIMAC
Apurimac,430700,2020-06-18,402,0,10,PE,PE-APURIMAC
Apurimac,430700,2020-06-19,410,0,10,PE,PE-APURIMAC
Apurimac,430700,2020-06-20,412,0,11,PE,PE-APURIMAC
Apurimac,430700,2020-06-21,441,0,11,PE,PE-APURIMAC
Apurimac,430700,2020-06-22,497,0,14,PE,PE-APURIMAC
Apurimac,430700,2020-06-23,498,0,14,PE,PE-APURIMAC
Apurimac,430700,2020-06-24,503,0,14,PE,PE-APURIMAC
Apurimac,430700,2020-06-25,514,0,15,PE,PE-APURIMAC
Apurimac,430700,2020-06-26,525,0,15,PE,PE-APURIMAC
Apurimac,430700,2020-06-27,525,0,15,PE,PE-APURIMAC
Apurimac,430700,2020-06-28,530,0,16,PE,PE-APURIMAC
Apurimac,430700,2020-06-29,552,0,16,PE,PE-APURIMAC
Apurimac,430700,2020-06-30,557,0,19,PE,PE-APURIMAC
Apurimac,430700,2020-07-01,557,0,19,PE,PE-APURIMAC
Apurimac,430700,2020-07-02,566,0,19,PE,PE-APURIMAC
Apurimac,430700,2020-07-03,578,0,20,PE,PE-APURIMAC
Apurimac,430700,2020-07-04,589,0,20,PE,PE-APURIMAC
Apurimac,430700,2020-07-05,593,0,20,PE,PE-APURIMAC
Apurimac,430700,2020-07-06,593,0,20,PE,PE-APURIMAC
Apurimac,430700,2020-07-07,597,0,20,PE,PE-APURIMAC
Apurimac,430700,2020-07-08,603,0,21,PE,PE-APURIMAC
Apurimac,430700,2020-07-09,603,0,21,PE,PE-APURIMAC
Apurimac,430700,2020-07-10,620,0,22,PE,PE-APURIMAC
Apurimac,430700,2020-07-11,628,0,23,PE,PE-APURIMAC
Apurimac,430700,2020-07-12,655,0,23,PE,PE-APURIMAC
Apurimac,430700,2020-07-13,661,0,23,PE,PE-APURIMAC
Apurimac,430700,2020-07-14,661,0,23,PE,PE-APURIMAC
Apurimac,430700,2020-07-15,668,0,23,PE,PE-APURIMAC
Apurimac,430700,2020-07-16,668,0,23,PE,PE-APURIMAC
Apurimac,430700,2020-07-17,679,0,25,PE,PE-APURIMAC
Apurimac,430700,2020-07-18,691,0,25,PE,PE-APURIMAC
Apurimac,430700,2020-07-19,668,0,23,PE,PE-APURIMAC
Apurimac,430700,2020-07-20,715,0,27,PE,PE-APURIMAC
Apurimac,430700,2020-07-21,715,0,27,PE,PE-APURIMAC
Apurimac,430700,2020-07-22,732,0,28,PE,PE-APURIMAC
Apurimac,430700,2020-07-23,753,0,29,PE,PE-APURIMAC
Apurimac,430700,2020-07-24,763,0,31,PE,PE-APURIMAC
Apurimac,430700,2020-07-25,776,0,31,PE,PE-APURIMAC
Apurimac,430700,2020-07-26,776,0,31,PE,PE-APURIMAC
Apurimac,430700,2020-07-27,776,0,31,PE,PE-APURIMAC
Apurimac,430700,2020-07-28,826,0,36,PE,PE-APURIMAC
Apurimac,430700,2020-07-29,840,0,36,PE,PE-APURIMAC
Arequipa,1497400,2020-06-08,4460,0,60,PE,PE-AREQUIPA
Arequipa,1497400,2020-06-09,4494,0,65,PE,PE-AREQUIPA
Arequipa,1497400,2020-06-10,4620,0,81,PE,PE-AREQUIPA
Arequipa,1497400,2020-06-11,4764,0,85,PE,PE-AREQUIPA
Arequipa,1497400,2020-06-12,4764,0,85,PE,PE-AREQUIPA
Arequipa,1497400,2020-06-13,4881,0,95,PE,PE-AREQUIPA
Arequipa,1497400,2020-06-14,5002,0,106,PE,PE-AREQUIPA
Arequipa,1497400,2020-06-15,5115,0,109,PE,PE-AREQUIPA
Arequipa,1497400,2020-06-16,5195,0,115,PE,PE-AREQUIPA
Arequipa,1497400,2020-06-17,5336,0,134,PE,PE-AREQUIPA
Arequipa,1497400,2020-06-18,5336,0,134,PE,PE-AREQUIPA
Arequipa,1497400,2020-06-19,5454,0,145,PE,PE-AREQUIPA
Arequipa,1497400,2020-06-20,5533,0,154,PE,PE-AREQUIPA
Arequipa,1497400,2020-06-21,5654,0,159,PE,PE-AREQUIPA
Arequipa,1497400,2020-06-22,5909,0,179,PE,PE-AREQUIPA
Arequipa,1497400,2020-06-23,5981,0,188,PE,PE-AREQUIPA
Arequipa,1497400,2020-06-24,6187,0,203,PE,PE-AREQUIPA
Arequipa,1497400,2020-06-25,6411,0,209,PE,PE-AREQUIPA
Arequipa,1497400,2020-06-26,6535,0,212,PE,PE-AREQUIPA
Arequipa,1497400,2020-06-27,6535,0,212,PE,PE-AREQUIPA
Arequipa,1497400,2020-06-28,6682,0,225,PE,PE-AREQUIPA
Arequipa,1497400,2020-06-29,6823,0,230,PE,PE-AREQUIPA
Arequipa,1497400,2020-06-30,7124,0,253,PE,PE-AREQUIPA
Arequipa,1497400,2020-07-01,7124,0,253,PE,PE-AREQUIPA
Arequipa,1497400,2020-07-02,7234,0,264,PE,PE-AREQUIPA
Arequipa,1497400,2020-07-03,7545,0,290,PE,PE-AREQUIPA
Arequipa,1497400,2020-07-04,7649,0,302,PE,PE-AREQUIPA
Arequipa,1497400,2020-07-05,7807,0,309,PE,PE-AREQUIPA
Arequipa,1497400,2020-07-06,7807,0,309,PE,PE-AREQUIPA
Arequipa,1497400,2020-07-07,7982,0,323,PE,PE-AREQUIPA
Arequipa,1497400,2020-07-08,8144,0,343,PE,PE-AREQUIPA
Arequipa,1497400,2020-07-09,8144,0,343,PE,PE-AREQUIPA
Arequipa,1497400,2020-07-10,8496,0,368,PE,PE-AREQUIPA
Arequipa,1497400,2020-07-11,8724,0,390,PE,PE-AREQUIPA
Arequipa,1497400,2020-07-12,8917,0,406,PE,PE-AREQUIPA
Arequipa,1497400,2020-07-13,9252,0,427,PE,PE-AREQUIPA
Arequipa,1497400,2020-07-14,9252,0,427,PE,PE-AREQUIPA
Arequipa,1497400,2020-07-15,9560,0,474,PE,PE-AREQUIPA
Arequipa,1497400,2020-07-16,9560,0,474,PE,PE-AREQUIPA
Arequipa,1497400,2020-07-17,9717,0,495,PE,PE-AREQUIPA
Arequipa,1497400,2020-07-18,9939,0,508,PE,PE-AREQUIPA
Arequipa,1497400,2020-07-19,9560,0,474,PE,PE-AREQUIPA
Arequipa,1497400,2020-07-20,10318,0,555,PE,PE-AREQUIPA
Arequipa,1497400,2020-07-21,10318,0,555,PE,PE-AREQUIPA
Arequipa,1497400,2020-07-22,10676,0,585,PE,PE-AREQUIPA
Arequipa,1497400,2020-07-23,11012,0,601,PE,PE-AREQUIPA
Arequipa,1497400,2020-07-24,11504,0,628,PE,PE-AREQUIPA
Arequipa,1497400,2020-07-25,11703,0,649,PE,PE-AREQUIPA
Arequipa,1497400,2020-07-26,11703,0,649,PE,PE-AREQUIPA
Arequipa,1497400,2020-07-27,11703,0,649,PE,PE-AREQUIPA
Arequipa,1497400,2020-07-28,12699,0,696,PE,PE-AREQUIPA
Arequipa,1497400,2020-07-29,12859,0,711,PE,PE-AREQUIPA
Ayacucho,668200,2020-06-08,910,0,8,PE,PE-AYACUCHO
Ayacucho,668200,2020-06-09,915,0,8,PE,PE-AYACUCHO
Ayacucho,668200,2020-06-10,995,0,8,PE,PE-AYACUCHO
Ayacucho,668200,2020-06-11,1028,0,11,PE,PE-AYACUCHO
Ayacucho,668200,2020-06-12,1028,0,11,PE,PE-AYACUCHO
Ayacucho,668200,2020-06-13,1071,0,11,PE,PE-AYACUCHO
Ayacucho,668200,2020-06-14,1102,0,11,PE,PE-AYACUCHO
Ayacucho,668200,2020-06-15,1157,0,11,PE,PE-AYACUCHO
Ayacucho,668200,2020-06-16,1171,0,11,PE,PE-AYACUCHO
Ayacucho,668200,2020-06-17,1296,0,11,PE,PE-AYACUCHO
Ayacucho,668200,2020-06-18,1296,0,11,PE,PE-AYACUCHO
Ayacucho,668200,2020-06-19,1331,0,11,PE,PE-AYACUCHO
Ayacucho,668200,2020-06-20,1375,0,13,PE,PE-AYACUCHO
Ayacucho,668200,2020-06-21,1454,0,13,PE,PE-AYACUCHO
Ayacucho,668200,2020-06-22,1540,0,15,PE,PE-AYACUCHO
Ayacucho,668200,2020-06-23,1569,0,16,PE,PE-AYACUCHO
Ayacucho,668200,2020-06-24,1603,0,21,PE,PE-AYACUCHO
Ayacucho,668200,2020-06-25,1644,0,21,PE,PE-AYACUCHO
Ayacucho,668200,2020-06-26,1678,0,21,PE,PE-AYACUCHO
Ayacucho,668200,2020-06-27,1678,0,21,PE,PE-AYACUCHO
Ayacucho,668200,2020-06-28,1717,0,22,PE,PE-AYACUCHO
Ayacucho,668200,2020-06-29,1743,0,24,PE,PE-AYACUCHO
Ayacucho,668200,2020-06-30,1775,0,25,PE,PE-AYACUCHO
Ayacucho,668200,2020-07-01,1775,0,25,PE,PE-AYACUCHO
Ayacucho,668200,2020-07-02,1829,0,26,PE,PE-AYACUCHO
Ayacucho,668200,2020-07-03,1910,0,27,PE,PE-AYACUCHO
Ayacucho,668200,2020-07-04,1934,0,28,PE,PE-AYACUCHO
Ayacucho,668200,2020-07-05,1982,0,29,PE,PE-AYACUCHO
Ayacucho,668200,2020-07-06,1982,0,29,PE,PE-AYACUCHO
Ayacucho,668200,2020-07-07,1996,0,29,PE,PE-AYACUCHO
Ayacucho,668200,2020-07-08,2077,0,32,PE,PE-AYACUCHO
Ayacucho,668200,2020-07-09,2077,0,32,PE,PE-AYACUCHO
Ayacucho,668200,2020-07-10,2178,0,33,PE,PE-AYACUCHO
Ayacucho,668200,2020-07-11,2243,0,34,PE,PE-AYACUCHO
Ayacucho,668200,2020-07-12,2289,0,34,PE,PE-AYACUCHO
Ayacucho,668200,2020-07-13,2311,0,36,PE,PE-AYACUCHO
Ayacucho,668200,2020-07-14,2311,0,36,PE,PE-AYACUCHO
Ayacucho,668200,2020-07-15,2442,0,39,PE,PE-AYACUCHO
Ayacucho,668200,2020-07-16,2442,0,39,PE,PE-AYACUCHO
Ayacucho,668200,2020-07-17,2517,0,41,PE,PE-AYACUCHO
Ayacucho,668200,2020-07-18,2604,0,43,PE,PE-AYACUCHO
Ayacucho,668200,2020-07-19,2442,0,39,PE,PE-AYACUCHO
Ayacucho,668200,2020-07-20,2791,0,43,PE,PE-AYACUCHO
Ayacucho,668200,2020-07-21,2791,0,43,PE,PE-AYACUCHO
Ayacucho,668200,2020-07-22,2936,0,46,PE,PE-AYACUCHO
Ayacucho,668200,2020-07-23,3006,0,47,PE,PE-AYACUCHO
Ayacucho,668200,2020-07-24,3101,0,69,PE,PE-AYACUCHO
Ayacucho,668200,2020-07-25,3170,0,70,PE,PE-AYACUCHO
Ayacucho,668200,2020-07-26,3170,0,70,PE,PE-AYACUCHO
Ayacucho,668200,2020-07-27,3170,0,70,PE,PE-AYACUCHO
Ayacucho,668200,2020-07-28,3366,0,72,PE,PE-AYACUCHO
Ayacucho,668200,2020-07-29,3462,0,74,PE,PE-AYACUCHO
Cajamarca,1453700,2020-06-08,935,0,10,PE,PE-CAJAMARCA
Cajamarca,1453700,2020-06-09,947,0,11,PE,PE-CAJAMARCA
Cajamarca,1453700,2020-06-10,1013,0,13,PE,PE-CAJAMARCA
Cajamarca,1453700,2020-06-11,1062,0,13,PE,PE-CAJAMARCA
Cajamarca,1453700,2020-06-12,1062,0,13,PE,PE-CAJAMARCA
Cajamarca,1453700,2020-06-13,1135,0,14,PE,PE-CAJAMARCA
Cajamarca,1453700,2020-06-14,1199,0,16,PE,PE-CAJAMARCA
Cajamarca,1453700,2020-06-15,1279,0,16,PE,PE-CAJAMARCA
Cajamarca,1453700,2020-06-16,1314,0,16,PE,PE-CAJAMARCA
Cajamarca,1453700,2020-06-17,1378,0,18,PE,PE-CAJAMARCA
Cajamarca,1453700,2020-06-18,1378,0,18,PE,PE-CAJAMARCA
Cajamarca,1453700,2020-06-19,1422,0,18,PE,PE-CAJAMARCA
Cajamarca,1453700,2020-06-20,1474,0,19,PE,PE-CAJAMARCA
Cajamarca,1453700,2020-06-21,1518,0,20,PE,PE-CAJAMARCA
Cajamarca,1453700,2020-06-22,1597,0,22,PE,PE-CAJAMARCA
Cajamarca,1453700,2020-06-23,1631,0,24,PE,PE-CAJAMARCA
Cajamarca,1453700,2020-06-24,1678,0,24,PE,PE-CAJAMARCA
Cajamarca,1453700,2020-06-25,1774,0,43,PE,PE-CAJAMARCA
Cajamarca,1453700,2020-06-26,1816,0,59,PE,PE-CAJAMARCA
Cajamarca,1453700,2020-06-27,1816,0,59,PE,PE-CAJAMARCA
Cajamarca,1453700,2020-06-28,1929,0,62,PE,PE-CAJAMARCA
Cajamarca,1453700,2020-06-29,1983,0,65,PE,PE-CAJAMARCA
Cajamarca,1453700,2020-06-30,2138,0,68,PE,PE-CAJAMARCA
Cajamarca,1453700,2020-07-01,2138,0,68,PE,PE-CAJAMARCA
Cajamarca,1453700,2020-07-02,2196,0,71,PE,PE-CAJAMARCA
Cajamarca,1453700,2020-07-03,2404,0,81,PE,PE-CAJAMARCA
Cajamarca,1453700,2020-07-04,2470,0,84,PE,PE-CAJAMARCA
Cajamarca,1453700,2020-07-05,2587,0,87,PE,PE-CAJAMARCA
Cajamarca,1453700,2020-07-06,2587,0,87,PE,PE-CAJAMARCA
Cajamarca,1453700,2020-07-07,2731,0,105,PE,PE-CAJAMARCA
Cajamarca,1453700,2020-07-08,3012,0,114,PE,PE-CAJAMARCA
Cajamarca,1453700,2020-07-09,3012,0,114,PE,PE-CAJAMARCA
Cajamarca,1453700,2020-07-10,3216,0,121,PE,PE-CAJAMARCA
Cajamarca,1453700,2020-07-11,3327,0,125,PE,PE-CAJAMARCA
Cajamarca,1453700,2020-07-12,3494,0,129,PE,PE-CAJAMARCA
Cajamarca,1453700,2020-07-13,3650,0,131,PE,PE-CAJAMARCA
Cajamarca,1453700,2020-07-14,3650,0,131,PE,PE-CAJAMARCA
Cajamarca,1453700,2020-07-15,3857,0,134,PE,PE-CAJAMARCA
Cajamarca,1453700,2020-07-16,3857,0,134,PE,PE-CAJAMARCA
Cajamarca,1453700,2020-07-17,3928,0,135,PE,PE-CAJAMARCA
Cajamarca,1453700,2020-07-18,4019,0,140,PE,PE-CAJAMARCA
Cajamarca,1453700,2020-07-19,3857,0,134,PE,PE-CAJAMARCA
Cajamarca,1453700,2020-07-20,4205,0,144,PE,PE-CAJAMARCA
Cajamarca,1453700,2020-07-21,4205,0,144,PE,PE-CAJAMARCA
Cajamarca,1453700,2020-07-22,4458,0,150,PE,PE-CAJAMARCA
Cajamarca,1453700,2020-07-23,4570,0,151,PE,PE-CAJAMARCA
Cajamarca,1453700,2020-07-24,4663,0,176,PE,PE-CAJAMARCA
Cajamarca,1453700,2020-07-25,4785,0,179,PE,PE-CAJAMARCA
Cajamarca,1453700,2020-07-26,4785,0,179,PE,PE-CAJAMARCA
Cajamarca,1453700,2020-07-27,4785,0,179,PE,PE-CAJAMARCA
Cajamarca,1453700,2020-07-28,5140,0,196,PE,PE-CAJAMARCA
Cajamarca,1453700,2020-07-29,5307,0,199,PE,PE-CAJAMARCA
Callao,1129900,2020-06-08,13865,0,389,PE,PE-CALLAO
Callao,1129900,2020-06-09,14017,0,391,PE,PE-CALLAO
Callao,1129900,2020-06-10,14489,0,410,PE,PE-CALLAO
Callao,1129900,2020-06-11,14830,0,418,PE,PE-CALLAO
Callao,1129900,2020-06-12,14830,0,418,PE,PE-CALLAO
Callao,1129900,2020-06-13,15200,0,434,PE,PE-CALLAO
Callao,1129900,2020-06-14,15556,0,439,PE,PE-CALLAO
Callao,1129900,2020-06-15,15807,0,452,PE,PE-CALLAO
Callao,1129900,2020-06-16,15955,0,464,PE,PE-CALLAO
Callao,1129900,2020-06-17,16224,0,498,PE,PE-CALLAO
Callao,1129900,2020-06-18,16224,0,498,PE,PE-CALLAO
Callao,1129900,2020-06-19,16458,0,506,PE,PE-CALLAO
Callao,1129900,2020-06-20,16678,0,513,PE,PE-CALLAO
Callao,1129900,2020-06-21,16844,0,527,PE,PE-CALLAO
Callao,1129900,2020-06-22,17145,0,550,PE,PE-CALLAO
Callao,1129900,2020-06-23,17303,0,555,PE,PE-CALLAO
Callao,1129900,2020-06-24,17372,0,563,PE,PE-CALLAO
Callao,1129900,2020-06-25,17449,0,572,PE,PE-CALLAO
Callao,1129900,2020-06-26,17580,0,584,PE,PE-CALLAO
Callao,1129900,2020-06-27,17580,0,584,PE,PE-CALLAO
Callao,1129900,2020-06-28,17747,0,596,PE,PE-CALLAO
Callao,1129900,2020-06-29,17871,0,611,PE,PE-CALLAO
Callao,1129900,2020-06-30,17984,0,625,PE,PE-CALLAO
Callao,1129900,2020-07-01,17984,0,625,PE,PE-CALLAO
Callao,1129900,2020-07-02,18155,0,633,PE,PE-CALLAO
Callao,1129900,2020-07-03,18281,0,646,PE,PE-CALLAO
Callao,1129900,2020-07-04,18339,0,650,PE,PE-CALLAO
Callao,1129900,2020-07-05,18406,0,658,PE,PE-CALLAO
Callao,1129900,2020-07-06,18406,0,658,PE,PE-CALLAO
Callao,1129900,2020-07-07,18471,0,664,PE,PE-CALLAO
Callao,1129900,2020-07-08,18621,0,683,PE,PE-CALLAO
Callao,1129900,2020-07-09,18621,0,683,PE,PE-CALLAO
Callao,1129900,2020-07-10,18921,0,702,PE,PE-CALLAO
Callao,1129900,2020-07-11,19012,0,707,PE,PE-CALLAO
Callao,1129900,2020-07-12,19080,0,715,PE,PE-CALLAO
Callao,1129900,2020-07-13,19167,0,722,PE,PE-CALLAO
Callao,1129900,2020-07-14,19167,0,722,PE,PE-CALLAO
Callao,1129900,2020-07-15,19307,0,735,PE,PE-CALLAO
Callao,1129900,2020-07-16,19307,0,735,PE,PE-CALLAO
Callao,1129900,2020-07-17,19444,0,748,PE,PE-CALLAO
Callao,1129900,2020-07-18,19573,0,755,PE,PE-CALLAO
Callao,1129900,2020-07-19,19307,0,735,PE,PE-CALLAO
Callao,1129900,2020-07-20,19794,0,770,PE,PE-CALLAO
Callao,1129900,2020-07-21,19794,0,770,PE,PE-CALLAO
Callao,1129900,2020-07-22,19966,0,782,PE,PE-CALLAO
Callao,1129900,2020-07-23,20062,0,786,PE,PE-CALLAO
Callao,1129900,2020-07-24,20184,0,987,PE,PE-CALLAO
Callao,1129900,2020-07-25,20333,0,998,PE,PE-CALLAO
Callao,1129900,2020-07-26,20333,0,998,PE,PE-CALLAO
Callao,1129900,2020-07-27,20333,0,998,PE,PE-CALLAO
Callao,1129900,2020-07-28,20679,0,1012,PE,PE-CALLAO
Callao,1129900,2020-07-29,20841,0,1017,PE,PE-CALLAO
Cusco,1357100,2020-06-08,1229,0,4,PE,PE-CUSCO
Cusco,1357100,2020-06-09,1260,0,5,PE,PE-CUSCO
Cusco,1357100,2020-06-10,1309,0,5,PE,PE-CUSCO
Cusco,1357100,2020-06-11,1344,0,5,PE,PE-CUSCO
Cusco,1357100,2020-06-12,1344,0,5,PE,PE-CUSCO
Cusco,1357100,2020-06-13,1368,0,6,PE,PE-CUSCO
Cusco,1357100,2020-06-14,1419,0,7,PE,PE-CUSCO
Cusco,1357100,2020-06-15,1436,0,9,PE,PE-CUSCO
Cusco,1357100,2020-06-16,1449,0,10,PE,PE-CUSCO
Cusco,1357100,2020-06-17,1469,0,11,PE,PE-CUSCO
Cusco,1357100,2020-06-18,1469,0,11,PE,PE-CUSCO
Cusco,1357100,2020-06-19,1494,0,13,PE,PE-CUSCO
Cusco,1357100,2020-06-20,1508,0,13,PE,PE-CUSCO
Cusco,1357100,2020-06-21,1520,0,13,PE,PE-CUSCO
Cusco,1357100,2020-06-22,1629,0,13,PE,PE-CUSCO
Cusco,1357100,2020-06-23,1631,0,13,PE,PE-CUSCO
Cusco,1357100,2020-06-24,1656,0,13,PE,PE-CUSCO
Cusco,1357100,2020-06-25,1680,0,14,PE,PE-CUSCO
Cusco,1357100,2020-06-26,1698,0,17,PE,PE-CUSCO
Cusco,1357100,2020-06-27,1698,0,17,PE,PE-CUSCO
Cusco,1357100,2020-06-28,1727,0,18,PE,PE-CUSCO
Cusco,1357100,2020-06-29,1760,0,18,PE,PE-CUSCO
Cusco,1357100,2020-06-30,1796,0,19,PE,PE-CUSCO
Cusco,1357100,2020-07-01,1796,0,19,PE,PE-CUSCO
Cusco,1357100,2020-07-02,1817,0,19,PE,PE-CUSCO
Cusco,1357100,2020-07-03,1875,0,19,PE,PE-CUSCO
Cusco,1357100,2020-07-04,1906,0,20,PE,PE-CUSCO
Cusco,1357100,2020-07-05,1932,0,21,PE,PE-CUSCO
Cusco,1357100,2020-07-06,1932,0,21,PE,PE-CUSCO
Cusco,1357100,2020-07-07,1983,0,22,PE,PE-CUSCO
Cusco,1357100,2020-07-08,2059,0,23,PE,PE-CUSCO
Cusco,1357100,2020-07-09,2059,0,23,PE,PE-CUSCO
Cusco,1357100,2020-07-10,2125,0,24,PE,PE-CUSCO
Cusco,1357100,2020-07-11,2198,0,24,PE,PE-CUSCO
Cusco,1357100,2020-07-12,2266,0,26,PE,PE-CUSCO
Cusco,1357100,2020-07-13,2313,0,27,PE,PE-CUSCO
Cusco,1357100,2020-07-14,2313,0,27,PE,PE-CUSCO
Cusco,1357100,2020-07-15,2467,0,29,PE,PE-CUSCO
Cusco,1357100,2020-07-16,2467,0,29,PE,PE-CUSCO
Cusco,1357100,2020-07-17,2536,0,30,PE,PE-CUSCO
Cusco,1357100,2020-07-18,2586,0,35,PE,PE-CUSCO
Cusco,1357100,2020-07-19,2467,0,29,PE,PE-CUSCO
Cusco,1357100,2020-07-20,2750,0,41,PE,PE-CUSCO
Cusco,1357100,2020-07-21,2750,0,41,PE,PE-CUSCO
Cusco,1357100,2020-07-22,2839,0,47,PE,PE-CUSCO
Cusco,1357100,2020-07-23,3010,0,49,PE,PE-CUSCO
Cusco,1357100,2020-07-24,3176,0,65,PE,PE-CUSCO
Cusco,1357100,2020-07-25,3286,0,66,PE,PE-CUSCO
Cusco,1357100,2020-07-26,3286,0,66,PE,PE-CUSCO
Cusco,1357100,2020-07-27,3286,0,66,PE,PE-CUSCO
Cusco,1357100,2020-07-28,3808,0,73,PE,PE-CUSCO
Cusco,1357100,2020-07-29,3923,0,75,PE,PE-CUSCO
Huancavelica,365300,2020-06-08,528,0,4,PE,PE-HUANCAVELICA
Huancavelica,365300,2020-06-09,569,0,4,PE,PE-HUANCAVELICA
Huancavelica,365300,2020-06-10,602,0,5,PE,PE-HUANCAVELICA
Huancavelica,365300,2020-06-11,612,0,5,PE,PE-HUANCAVELICA
Huancavelica,365300,2020-06-12,612,0,5,PE,PE-HUANCAVELICA
Huancavelica,365300,2020-06-13,635,0,5,PE,PE-HUANCAVELICA
Huancavelica,365300,2020-06-14,654,0,5,PE,PE-HUANCAVELICA
Huancavelica,365300,2020-06-15,659,0,6,PE,PE-HUANCAVELICA
Huancavelica,365300,2020-06-16,663,0,6,PE,PE-HUANCAVELICA
Huancavelica,365300,2020-06-17,751,0,9,PE,PE-HUANCAVELICA
Huancavelica,365300,2020-06-18,751,0,9,PE,PE-HUANCAVELICA
Huancavelica,365300,2020-06-19,753,0,9,PE,PE-HUANCAVELICA
Huancavelica,365300,2020-06-20,756,0,9,PE,PE-HUANCAVELICA
Huancavelica,365300,2020-06-21,799,0,9,PE,PE-HUANCAVELICA
Huancavelica,365300,2020-06-22,819,0,9,PE,PE-HUANCAVELICA
Huancavelica,365300,2020-06-23,822,0,9,PE,PE-HUANCAVELICA
Huancavelica,365300,2020-06-24,833,0,10,PE,PE-HUANCAVELICA
Huancavelica,365300,2020-06-25,847,0,10,PE,PE-HUANCAVELICA
Huancavelica,365300,2020-06-26,860,0,11,PE,PE-HUANCAVELICA
Huancavelica,365300,2020-06-27,860,0,11,PE,PE-HUANCAVELICA
Huancavelica,365300,2020-06-28,869,0,11,PE,PE-HUANCAVELICA
Huancavelica,365300,2020-06-29,881,0,11,PE,PE-HUANCAVELICA
Huancavelica,365300,2020-06-30,902,0,11,PE,PE-HUANCAVELICA
Huancavelica,365300,2020-07-01,902,0,11,PE,PE-HUANCAVELICA
Huancavelica,365300,2020-07-02,913,0,12,PE,PE-HUANCAVELICA
Huancavelica,365300,2020-07-03,940,0,13,PE,PE-HUANCAVELICA
Huancavelica,365300,2020-07-04,950,0,13,PE,PE-HUANCAVELICA
Huancavelica,365300,2020-07-05,958,0,15,PE,PE-HUANCAVELICA
Huancavelica,365300,2020-07-06,958,0,15,PE,PE-HUANCAVELICA
Huancavelica,365300,2020-07-07,975,0,16,PE,PE-HUANCAVELICA
Huancavelica,365300,2020-07-08,1023,0,19,PE,PE-HUANCAVELICA
Huancavelica,365300,2020-07-09,1023,0,19,PE,PE-HUANCAVELICA
Huancavelica,365300,2020-07-10,1057,0,24,PE,PE-HUANCAVELICA
Huancavelica,365300,2020-07-11,1067,0,24,PE,PE-HUANCAVELICA
Huancavelica,365300,2020-07-12,1082,0,24,PE,PE-HUANCAVELICA
Huancavelica,365300,2020-07-13,1109,0,24,PE,PE-HUANCAVELICA
Huancavelica,365300,2020-07-14,1109,0,24,PE,PE-HUANCAVELICA
Huancavelica,365300,2020-07-15,1154,0,24,PE,PE-HUANCAVELICA
Huancavelica,365300,2020-07-16,1154,0,24,PE,PE-HUANCAVELICA
Huancavelica,365300,2020-07-17,1161,0,24,PE,PE-HUANCAVELICA
Huancavelica,365300,2020-07-18,1176,0,26,PE,PE-HUANCAVELICA
Huancavelica,365300,2020-07-19,1154,0,24,PE,PE-HUANCAVELICA
Huancavelica,365300,2020-07-20,1236,0,27,PE,PE-HUANCAVELICA
Huancavelica,365300,2020-07-21,1236,0,27,PE,PE-HUANCAVELICA
Huancavelica,365300,2020-07-22,1312,0,28,PE,PE-HUANCAVELICA
Huancavelica,365300,2020-07-23,1316,0,30,PE,PE-HUANCAVELICA
Huancavelica,365300,2020-07-24,1351,0,31,PE,PE-HUANCAVELICA
Huancavelica,365300,2020-07-25,1399,0,33,PE,PE-HUANCAVELICA
Huancavelica,365300,2020-07-26,1399,0,33,PE,PE-HUANCAVELICA
Huancavelica,365300,2020-07-27,1399,0,33,PE,PE-HUANCAVELICA
Huancavelica,365300,2020-07-28,1495,0,37,PE,PE-HUANCAVELICA
Huancavelica,365300,2020-07-29,1513,0,37,PE,PE-HUANCAVELICA
Huanuco,760300,2020-06-08,1176,0,16,PE,PE-HUANUCO
Huanuco,760300,2020-06-09,1183,0,18,PE,PE-HUANUCO
Huanuco,760300,2020-06-10,1254,0,19,PE,PE-HUANUCO
Huanuco,760300,2020-06-11,1287,0,22,PE,PE-HUANUCO
Huanuco,760300,2020-06-12,1287,0,22,PE,PE-HUANUCO
Huanuco,760300,2020-06-13,1363,0,24,PE,PE-HUANUCO
Huanuco,760300,2020-06-14,1433,0,27,PE,PE-HUANUCO
Huanuco,760300,2020-06-15,1494,0,28,PE,PE-HUANUCO
Huanuco,760300,2020-06-16,1527,0,30,PE,PE-HUANUCO
Huanuco,760300,2020-06-17,1614,0,35,PE,PE-HUANUCO
Huanuco,760300,2020-06-18,1614,0,35,PE,PE-HUANUCO
Huanuco,760300,2020-06-19,1657,0,36,PE,PE-HUANUCO
Huanuco,760300,2020-06-20,1718,0,38,PE,PE-HUANUCO
Huanuco,760300,2020-06-21,1770,0,40,PE,PE-HUANUCO
Huanuco,760300,2020-06-22,1890,0,43,PE,PE-HUANUCO
Huanuco,760300,2020-06-23,1914,0,46,PE,PE-HUANUCO
Huanuco,760300,2020-06-24,1957,0,47,PE,PE-HUANUCO
Huanuco,760300,2020-06-25,1998,0,50,PE,PE-HUANUCO
Huanuco,760300,2020-06-26,2089,0,52,PE,PE-HUANUCO
Huanuco,760300,2020-06-27,2089,0,52,PE,PE-HUANUCO
Huanuco,760300,2020-06-28,2128,0,56,PE,PE-HUANUCO
Huanuco,760300,2020-06-29,2215,0,57,PE,PE-HUANUCO
Huanuco,760300,2020-06-30,2363,0,64,PE,PE-HUANUCO
Huanuco,760300,2020-07-01,2363,0,64,PE,PE-HUANUCO
Huanuco,760300,2020-07-02,2466,0,64,PE,PE-HUANUCO
Huanuco,760300,2020-07-03,2628,0,72,PE,PE-HUANUCO
Huanuco,760300,2020-07-04,2693,0,75,PE,PE-HUANUCO
Huanuco,760300,2020-07-05,2900,0,80,PE,PE-HUANUCO
Huanuco,760300,2020-07-06,2900,0,80,PE,PE-HUANUCO
Huanuco,760300,2020-07-07,2952,0,83,PE,PE-HUANUCO
Huanuco,760300,2020-07-08,3272,0,89,PE,PE-HUANUCO
Huanuco,760300,2020-07-09,3272,0,89,PE,PE-HUANUCO
Huanuco,760300,2020-07-10,3493,0,93,PE,PE-HUANUCO
Huanuco,760300,2020-07-11,3560,0,96,PE,PE-HUANUCO
Huanuco,760300,2020-07-12,3736,0,98,PE,PE-HUANUCO
Huanuco,760300,2020-07-13,3966,0,106,PE,PE-HUANUCO
Huanuco,760300,2020-07-14,3966,0,106,PE,PE-HUANUCO
Huanuco,760300,2020-07-15,4307,0,117,PE,PE-HUANUCO
Huanuco,760300,2020-07-16,4307,0,117,PE,PE-HUANUCO
Huanuco,760300,2020-07-17,4405,0,122,PE,PE-HUANUCO
Huanuco,760300,2020-07-18,4500,0,127,PE,PE-HUANUCO
Huanuco,760300,2020-07-19,4307,0,117,PE,PE-HUANUCO
Huanuco,760300,2020-07-20,4806,0,134,PE,PE-HUANUCO
Huanuco,760300,2020-07-21,4806,0,134,PE,PE-HUANUCO
Huanuco,760300,2020-07-22,5108,0,138,PE,PE-HUANUCO
Huanuco,760300,2020-07-23,5220,0,143,PE,PE-HUANUCO
Huanuco,760300,2020-07-24,5279,0,177,PE,PE-HUANUCO
Huanuco,760300,2020-07-25,5390,0,182,PE,PE-HUANUCO
Huanuco,760300,2020-07-26,5390,0,182,PE,PE-HUANUCO
Huanuco,760300,2020-07-27,5390,0,182,PE,PE-HUANUCO
Huanuco,760300,2020-07-28,5718,0,191,PE,PE-HUANUCO
Huanuco,760300,2020-07-29,5756,0,191,PE,PE-HUANUCO
Ica,975200,2020-06-08,4330,0,290,PE,PE-ICA
Ica,975200,2020-06-09,4375,0,292,PE,PE-ICA
Ica,975200,2020-06-10,4713,0,306,PE,PE-ICA
Ica,975200,2020-06-11,4893,0,317,PE,PE-ICA
Ica,975200,2020-06-12,4893,0,317,PE,PE-ICA
Ica,975200,2020-06-13,5101,0,328,PE,PE-ICA
Ica,975200,2020-06-14,5345,0,335,PE,PE-ICA
Ica,975200,2020-06-15,5456,0,346,PE,PE-ICA
Ica,975200,2020-06-16,5534,0,353,PE,PE-ICA
Ica,975200,2020-06-17,5745,0,372,PE,PE-ICA
Ica,975200,2020-06-18,5745,0,372,PE,PE-ICA
Ica,975200,2020-06-19,5865,0,383,PE,PE-ICA
Ica,975200,2020-06-20,5968,0,391,PE,PE-ICA
Ica,975200,2020-06-21,6048,0,398,PE,PE-ICA
Ica,975200,2020-06-22,6253,0,425,PE,PE-ICA
Ica,975200,2020-06-23,6397,0,430,PE,PE-ICA
Ica,975200,2020-06-24,6585,0,433,PE,PE-ICA
Ica,975200,2020-06-25,6723,0,442,PE,PE-ICA
Ica,975200,2020-06-26,6851,0,449,PE,PE-ICA
Ica,975200,2020-06-27,6851,0,449,PE,PE-ICA
Ica,975200,2020-06-28,6981,0,456,PE,PE-ICA
Ica,975200,2020-06-29,7121,0,464,PE,PE-ICA
Ica,975200,2020-06-30,7588,0,476,PE,PE-ICA
Ica,975200,2020-07-01,7588,0,476,PE,PE-ICA
Ica,975200,2020-07-02,7727,0,486,PE,PE-ICA
Ica,975200,2020-07-03,8072,0,502,PE,PE-ICA
Ica,975200,2020-07-04,8195,0,513,PE,PE-ICA
Ica,975200,2020-07-05,8314,0,527,PE,PE-ICA
Ica,975200,2020-07-06,8314,0,527,PE,PE-ICA
Ica,975200,2020-07-07,8507,0,536,PE,PE-ICA
Ica,975200,2020-07-08,8783,0,561,PE,PE-ICA
Ica,975200,2020-07-09,8783,0,561,PE,PE-ICA
Ica,975200,2020-07-10,9140,0,580,PE,PE-ICA
Ica,975200,2020-07-11,9205,0,594,PE,PE-ICA
Ica,975200,2020-07-12,9294,0,609,PE,PE-ICA
Ica,975200,2020-07-13,9386,0,621,PE,PE-ICA
Ica,975200,2020-07-14,9386,0,621,PE,PE-ICA
Ica,975200,2020-07-15,9674,0,644,PE,PE-ICA
Ica,975200,2020-07-16,9674,0,644,PE,PE-ICA
Ica,975200,2020-07-17,9739,0,652,PE,PE-ICA
Ica,975200,2020-07-18,9795,0,662,PE,PE-ICA
Ica,975200,2020-07-19,9674,0,644,PE,PE-ICA
Ica,975200,2020-07-20,9980,0,678,PE,PE-ICA
Ica,975200,2020-07-21,9980,0,678,PE,PE-ICA
Ica,975200,2020-07-22,10223,0,696,PE,PE-ICA
Ica,975200,2020-07-23,10313,0,704,PE,PE-ICA
Ica,975200,2020-07-24,10437,0,764,PE,PE-ICA
Ica,975200,2020-07-25,10572,0,774,PE,PE-ICA
Ica,975200,2020-07-26,10572,0,774,PE,PE-ICA
Ica,975200,2020-07-27,10572,0,774,PE,PE-ICA
Ica,975200,2020-07-28,10927,0,788,PE,PE-ICA
Ica,975200,2020-07-29,11092,0,798,PE,PE-ICA
Junin,1361500,2020-06-08,2158,0,24,PE,PE-JUNIN
Junin,1361500,2020-06-09,2194,0,25,PE,PE-JUNIN
Junin,1361500,2020-06-10,2298,0,29,PE,PE-JUNIN
Junin,1361500,2020-06-11,2393,0,34,PE,PE-JUNIN
Junin,1361500,2020-06-12,2393,0,34,PE,PE-JUNIN
Junin,1361500,2020-06-13,2483,0,37,PE,PE-JUNIN
Junin,1361500,2020-06-14,2545,0,37,PE,PE-JUNIN
Junin,1361500,2020-06-15,2626,0,43,PE,PE-JUNIN
Junin,1361500,2020-06-16,2680,0,46,PE,PE-JUNIN
Junin,1361500,2020-06-17,2771,0,50,PE,PE-JUNIN
Junin,1361500,2020-06-18,2771,0,50,PE,PE-JUNIN
Junin,1361500,2020-06-19,2869,0,52,PE,PE-JUNIN
Junin,1361500,2020-06-20,2944,0,85,PE,PE-JUNIN
Junin,1361500,2020-06-21,3000,0,106,PE,PE-JUNIN
Junin,1361500,2020-06-22,3156,0,108,PE,PE-JUNIN
Junin,1361500,2020-06-23,3330,0,112,PE,PE-JUNIN
Junin,1361500,2020-06-24,3403,0,116,PE,PE-JUNIN
Junin,1361500,2020-06-25,3470,0,120,PE,PE-JUNIN
Junin,1361500,2020-06-26,3558,0,124,PE,PE-JUNIN
Junin,1361500,2020-06-27,3558,0,124,PE,PE-JUNIN
Junin,1361500,2020-06-28,3633,0,128,PE,PE-JUNIN
Junin,1361500,2020-06-29,3721,0,133,PE,PE-JUNIN
Junin,1361500,2020-06-30,3929,0,138,PE,PE-JUNIN
Junin,1361500,2020-07-01,3929,0,138,PE,PE-JUNIN
Junin,1361500,2020-07-02,3996,0,140,PE,PE-JUNIN
Junin,1361500,2020-07-03,4127,0,150,PE,PE-JUNIN
Junin,1361500,2020-07-04,4216,0,156,PE,PE-JUNIN
Junin,1361500,2020-07-05,4292,0,162,PE,PE-JUNIN
Junin,1361500,2020-07-06,4292,0,162,PE,PE-JUNIN
Junin,1361500,2020-07-07,4463,0,167,PE,PE-JUNIN
Junin,1361500,2020-07-08,4725,0,189,PE,PE-JUNIN
Junin,1361500,2020-07-09,4725,0,189,PE,PE-JUNIN
Junin,1361500,2020-07-10,4890,0,198,PE,PE-JUNIN
Junin,1361500,2020-07-11,4954,0,204,PE,PE-JUNIN
Junin,1361500,2020-07-12,5143,0,213,PE,PE-JUNIN
Junin,1361500,2020-07-13,5326,0,221,PE,PE-JUNIN
Junin,1361500,2020-07-14,5326,0,221,PE,PE-JUNIN
Junin,1361500,2020-07-15,5524,0,241,PE,PE-JUNIN
Junin,1361500,2020-07-16,5524,0,241,PE,PE-JUNIN
Junin,1361500,2020-07-17,5584,0,249,PE,PE-JUNIN
Junin,1361500,2020-07-18,5707,0,260,PE,PE-JUNIN
Junin,1361500,2020-07-19,5524,0,241,PE,PE-JUNIN
Junin,1361500,2020-07-20,5875,0,285,PE,PE-JUNIN
Junin,1361500,2020-07-21,5875,0,285,PE,PE-JUNIN
Junin,1361500,2020-07-22,6172,0,295,PE,PE-JUNIN
Junin,1361500,2020-07-23,6270,0,302,PE,PE-JUNIN
Junin,1361500,2020-07-24,6366,0,351,PE,PE-JUNIN
Junin,1361500,2020-07-25,6511,0,360,PE,PE-JUNIN
Junin,1361500,2020-07-26,6511,0,360,PE,PE-JUNIN
Junin,1361500,2020-07-27,6511,0,360,PE,PE-JUNIN
Junin,1361500,2020-07-28,6947,0,384,PE,PE-JUNIN
Junin,1361500,2020-07-29,7105,0,390,PE,PE-JUNIN
La Libertad,2016800,2020-06-08,5841,0,244,PE,PE-LA-LIBERTAD
La Libertad,2016800,2020-06-09,5916,0,252,PE,PE-LA-LIBERTAD
La Libertad,2016800,2020-06-10,5916,0,252,PE,PE-LA-LIBERTAD
La Libertad,2016800,2020-06-11,6642,0,273,PE,PE-LA-LIBERTAD
La Libertad,2016800,2020-06-12,6642,0,273,PE,PE-LA-LIBERTAD
La Libertad,2016800,2020-06-13,6830,0,273,PE,PE-LA-LIBERTAD
La Libertad,2016800,2020-06-14,7026,0,317,PE,PE-LA-LIBERTAD
La Libertad,2016800,2020-06-15,7239,0,332,PE,PE-LA-LIBERTAD
La Libertad,2016800,2020-06-16,7391,0,348,PE,PE-LA-LIBERTAD
La Libertad,2016800,2020-06-17,7714,0,384,PE,PE-LA-LIBERTAD
La Libertad,2016800,2020-06-18,7714,0,384,PE,PE-LA-LIBERTAD
La Libertad,2016800,2020-06-19,7839,0,400,PE,PE-LA-LIBERTAD
La Libertad,2016800,2020-06-20,8060,0,414,PE,PE-LA-LIBERTAD
La Libertad,2016800,2020-06-21,8185,0,431,PE,PE-LA-LIBERTAD
La Libertad,2016800,2020-06-22,8525,0,462,PE,PE-LA-LIBERTAD
La Libertad,2016800,2020-06-23,8658,0,481,PE,PE-LA-LIBERTAD
La Libertad,2016800,2020-06-24,8849,0,496,PE,PE-LA-LIBERTAD
La Libertad,2016800,2020-06-25,9090,0,515,PE,PE-LA-LIBERTAD
La Libertad,2016800,2020-06-26,9307,0,528,PE,PE-LA-LIBERTAD
La Libertad,2016800,2020-06-27,9307,0,528,PE,PE-LA-LIBERTAD
La Libertad,2016800,2020-06-28,9490,0,538,PE,PE-LA-LIBERTAD
La Libertad,2016800,2020-06-29,9692,0,553,PE,PE-LA-LIBERTAD
La Libertad,2016800,2020-06-30,9962,0,585,PE,PE-LA-LIBERTAD
La Libertad,2016800,2020-07-01,9962,0,585,PE,PE-LA-LIBERTAD
La Libertad,2016800,2020-07-02,10148,0,598,PE,PE-LA-LIBERTAD
La Libertad,2016800,2020-07-03,10509,0,632,PE,PE-LA-LIBERTAD
La Libertad,2016800,2020-07-04,10727,0,651,PE,PE-LA-LIBERTAD
La Libertad,2016800,2020-07-05,10956,0,675,PE,PE-LA-LIBERTAD
La Libertad,2016800,2020-07-06,10956,0,675,PE,PE-LA-LIBERTAD
La Libertad,2016800,2020-07-07,11050,0,690,PE,PE-LA-LIBERTAD
La Libertad,2016800,2020-07-08,11336,0,725,PE,PE-LA-LIBERTAD
La Libertad,2016800,2020-07-09,11336,0,725,PE,PE-LA-LIBERTAD
La Libertad,2016800,2020-07-10,11629,0,745,PE,PE-LA-LIBERTAD
La Libertad,2016800,2020-07-11,11774,0,759,PE,PE-LA-LIBERTAD
La Libertad,2016800,2020-07-12,11964,0,773,PE,PE-LA-LIBERTAD
La Libertad,2016800,2020-07-13,12128,0,788,PE,PE-LA-LIBERTAD
La Libertad,2016800,2020-07-14,12128,0,788,PE,PE-LA-LIBERTAD
La Libertad,2016800,2020-07-15,12430,0,827,PE,PE-LA-LIBERTAD
La Libertad,2016800,2020-07-16,12430,0,827,PE,PE-LA-LIBERTAD
La Libertad,2016800,2020-07-17,12626,0,841,PE,PE-LA-LIBERTAD
La Libertad,2016800,2020-07-18,12743,0,854,PE,PE-LA-LIBERTAD
La Libertad,2016800,2020-07-19,12430,0,827,PE,PE-LA-LIBERTAD
La Libertad,2016800,2020-07-20,13074,0,876,PE,PE-LA-LIBERTAD
La Libertad,2016800,2020-07-21,13074,0,876,PE,PE-LA-LIBERTAD
La Libertad,2016800,2020-07-22,13355,0,917,PE,PE-LA-LIBERTAD
La Libertad,2016800,2020-07-23,13523,0,939,PE,PE-LA-LIBERTAD
La Libertad,2016800,2020-07-24,13664,0,1248,PE,PE-LA-LIBERTAD
La Libertad,2016800,2020-07-25,13897,0,1262,PE,PE-LA-LIBERTAD
La Libertad,2016800,2020-07-26,13897,0,1262,PE,PE-LA-LIBERTAD
La Libertad,2016800,2020-07-27,13897,0,1262,PE,PE-LA-LIBERTAD
La Libertad,2016800,2020-07-28,14377,0,1294,PE,PE-LA-LIBERTAD
La Libertad,2016800,2020-07-29,14550,0,1320,PE,PE-LA-LIBERTAD
Lambayeque,1310800,2020-06-08,9829,0,634,PE,PE-LAMBAYEQUE
Lambayeque,1310800,2020-06-09,9933,0,635,PE,PE-LAMBAYEQUE
Lambayeque,1310800,2020-06-10,10286,0,642,PE,PE-LAMBAYEQUE
Lambayeque,1310800,2020-06-11,10532,0,648,PE,PE-LAMBAYEQUE
Lambayeque,1310800,2020-06-12,10532,0,648,PE,PE-LAMBAYEQUE
Lambayeque,1310800,2020-06-13,10791,0,656,PE,PE-LAMBAYEQUE
Lambayeque,1310800,2020-06-14,11059,0,659,PE,PE-LAMBAYEQUE
Lambayeque,1310800,2020-06-15,11276,0,663,PE,PE-LAMBAYEQUE
Lambayeque,1310800,2020-06-16,11394,0,668,PE,PE-LAMBAYEQUE
Lambayeque,1310800,2020-06-17,11699,0,680,PE,PE-LAMBAYEQUE
Lambayeque,1310800,2020-06-18,11699,0,680,PE,PE-LAMBAYEQUE
Lambayeque,1310800,2020-06-19,11883,0,688,PE,PE-LAMBAYEQUE
Lambayeque,1310800,2020-06-20,12069,0,694,PE,PE-LAMBAYEQUE
Lambayeque,1310800,2020-06-21,12175,0,700,PE,PE-LAMBAYEQUE
Lambayeque,1310800,2020-06-22,12420,0,709,PE,PE-LAMBAYEQUE
Lambayeque,1310800,2020-06-23,12552,0,713,PE,PE-LAMBAYEQUE
Lambayeque,1310800,2020-06-24,12709,0,718,PE,PE-LAMBAYEQUE
Lambayeque,1310800,2020-06-25,12892,0,722,PE,PE-LAMBAYEQUE
Lambayeque,1310800,2020-06-26,13098,0,725,PE,PE-LAMBAYEQUE
Lambayeque,1310800,2020-06-27,13098,0,725,PE,PE-LAMBAYEQUE
Lambayeque,1310800,2020-06-28,13259,0,731,PE,PE-LAMBAYEQUE
Lambayeque,1310800,2020-06-29,13475,0,737,PE,PE-LAMBAYEQUE
Lambayeque,1310800,2020-06-30,13657,0,747,PE,PE-LAMBAYEQUE
Lambayeque,1310800,2020-07-01,13657,0,747,PE,PE-LAMBAYEQUE
Lambayeque,1310800,2020-07-02,13779,0,751,PE,PE-LAMBAYEQUE
Lambayeque,1310800,2020-07-03,14011,0,764,PE,PE-LAMBAYEQUE
Lambayeque,1310800,2020-07-04,14137,0,768,PE,PE-LAMBAYEQUE
Lambayeque,1310800,2020-07-05,14259,0,768,PE,PE-LAMBAYEQUE
Lambayeque,1310800,2020-07-06,14259,0,768,PE,PE-LAMBAYEQUE
Lambayeque,1310800,2020-07-07,14355,0,773,PE,PE-LAMBAYEQUE
Lambayeque,1310800,2020-07-08,14561,0,777,PE,PE-LAMBAYEQUE
Lambayeque,1310800,2020-07-09,14561,0,777,PE,PE-LAMBAYEQUE
Lambayeque,1310800,2020-07-10,14818,0,784,PE,PE-LAMBAYEQUE
Lambayeque,1310800,2020-07-11,14912,0,793,PE,PE-LAMBAYEQUE
Lambayeque,1310800,2020-07-12,15057,0,798,PE,PE-LAMBAYEQUE
Lambayeque,1310800,2020-07-13,15129,0,799,PE,PE-LAMBAYEQUE
Lambayeque,1310800,2020-07-14,15129,0,799,PE,PE-LAMBAYEQUE
Lambayeque,1310800,2020-07-15,15308,0,805,PE,PE-LAMBAYEQUE
Lambayeque,1310800,2020-07-16,15308,0,805,PE,PE-LAMBAYEQUE
Lambayeque,1310800,2020-07-17,15395,0,808,PE,PE-LAMBAYEQUE
Lambayeque,1310800,2020-07-18,15495,0,813,PE,PE-LAMBAYEQUE
Lambayeque,1310800,2020-07-19,15308,0,805,PE,PE-LAMBAYEQUE
Lambayeque,1310800,2020-07-20,15753,0,819,PE,PE-LAMBAYEQUE
Lambayeque,1310800,2020-07-21,15753,0,819,PE,PE-LAMBAYEQUE
Lambayeque,1310800,2020-07-22,15922,0,829,PE,PE-LAMBAYEQUE
Lambayeque,1310800,2020-07-23,16023,0,833,PE,PE-LAMBAYEQUE
Lambayeque,1310800,2020-07-24,16122,0,1197,PE,PE-LAMBAYEQUE
Lambayeque,1310800,2020-07-25,16256,0,1201,PE,PE-LAMBAYEQUE
Lambayeque,1310800,2020-07-26,16256,0,1201,PE,PE-LAMBAYEQUE
Lambayeque,1310800,2020-07-27,16256,0,1201,PE,PE-LAMBAYEQUE
Lambayeque,1310800,2020-07-28,16604,0,1207,PE,PE-LAMBAYEQUE
Lambayeque,1310800,2020-07-29,16815,0,1211,PE,PE-LAMBAYEQUE
Lima,10628500,2020-06-08,116159,0,2283,PE,PE-LIMA
Lima,10628500,2020-06-09,118036,0,2349,PE,PE-LIMA
Lima,10628500,2020-06-10,122883,0,2543,PE,PE-LIMA
Lima,10628500,2020-06-11,125640,0,2675,PE,PE-LIMA
Lima,10628500,2020-06-12,125640,0,2675,PE,PE-LIMA
Lima,10628500,2020-06-13,128700,0,2784,PE,PE-LIMA
Lima,10628500,2020-06-14,129865,0,2894,PE,PE-LIMA
Lima,10628500,2020-06-15,132186,0,2988,PE,PE-LIMA
Lima,10628500,2020-06-16,134008,0,3083,PE,PE-LIMA
Lima,10628500,2020-06-17,138203,0,3278,PE,PE-LIMA
Lima,10628500,2020-06-18,138203,0,3278,PE,PE-LIMA
Lima,10628500,2020-06-19,139869,0,3390,PE,PE-LIMA
Lima,10628500,2020-06-20,141512,0,3485,PE,PE-LIMA
Lima,10628500,2020-06-21,143017,0,3580,PE,PE-LIMA
Lima,10628500,2020-06-22,145466,0,3761,PE,PE-LIMA
Lima,10628500,2020-06-23,147372,0,3855,PE,PE-LIMA
Lima,10628500,2020-06-24,149377,0,3950,PE,PE-LIMA
Lima,10628500,2020-06-25,151225,0,4029,PE,PE-LIMA
Lima,10628500,2020-06-26,153068,0,4124,PE,PE-LIMA
Lima,10628500,2020-06-27,153068,0,4124,PE,PE-LIMA
Lima,10628500,2020-06-28,154713,0,4228,PE,PE-LIMA
Lima,10628500,2020-06-29,156172,0,4320,PE,PE-LIMA
Lima,10628500,2020-06-30,158189,0,4489,PE,PE-LIMA
Lima,10628500,2020-07-01,158189,0,4489,PE,PE-LIMA
Lima,10628500,2020-07-02,159403,0,4581,PE,PE-LIMA
Lima,10628500,2020-07-03,162211,0,4725,PE,PE-LIMA
Lima,10628500,2020-07-04,163824,0,4814,PE,PE-LIMA
Lima,10628500,2020-07-05,165307,0,4900,PE,PE-LIMA
Lima,10628500,2020-07-06,165307,0,4900,PE,PE-LIMA
Lima,10628500,2020-07-07,166653,0,4978,PE,PE-LIMA
Lima,10628500,2020-07-08,169986,0,5156,PE,PE-LIMA
Lima,10628500,2020-07-09,169986,0,5156,PE,PE-LIMA
Lima,10628500,2020-07-10,172854,0,5360,PE,PE-LIMA
Lima,10628500,2020-07-11,174241,0,5447,PE,PE-LIMA
Lima,10628500,2020-07-12,175631,0,5530,PE,PE-LIMA
Lima,10628500,2020-07-13,177124,0,5611,PE,PE-LIMA
Lima,10628500,2020-07-14,177124,0,5611,PE,PE-LIMA
Lima,10628500,2020-07-15,181131,0,5763,PE,PE-LIMA
Lima,10628500,2020-07-16,181131,0,5763,PE,PE-LIMA
Lima,10628500,2020-07-17,183425,0,5856,PE,PE-LIMA
Lima,10628500,2020-07-18,185758,0,5939,PE,PE-LIMA
Lima,10628500,2020-07-19,181131,0,5763,PE,PE-LIMA
Lima,10628500,2020-07-20,189865,0,6122,PE,PE-LIMA
Lima,10628500,2020-07-21,189865,0,6122,PE,PE-LIMA
Lima,10628500,2020-07-22,193540,0,6320,PE,PE-LIMA
Lima,10628500,2020-07-23,195959,0,6414,PE,PE-LIMA
Lima,10628500,2020-07-24,198242,0,8331,PE,PE-LIMA
Lima,10628500,2020-07-25,200470,0,8413,PE,PE-LIMA
Lima,10628500,2020-07-26,200470,0,8413,PE,PE-LIMA
Lima,10628500,2020-07-27,200470,0,8413,PE,PE-LIMA
Lima,10628500,2020-07-28,206714,0,8699,PE,PE-LIMA
Lima,10628500,2020-07-29,209209,0,8785,PE,PE-LIMA
Loreto,1027600,2020-06-08,6225,0,305,PE,PE-LORETO
Loreto,1027600,2020-06-09,6349,0,307,PE,PE-LORETO
Loreto,1027600,2020-06-10,6719,0,309,PE,PE-LORETO
Loreto,1027600,2020-06-11,7000,0,311,PE,PE-LORETO
Loreto,1027600,2020-06-12,7000,0,311,PE,PE-LORETO
Loreto,1027600,2020-06-13,7167,0,311,PE,PE-LORETO
Loreto,1027600,2020-06-14,7478,0,315,PE,PE-LORETO
Loreto,1027600,2020-06-15,7629,0,316,PE,PE-LORETO
Loreto,1027600,2020-06-16,7737,0,316,PE,PE-LORETO
Loreto,1027600,2020-06-17,7849,0,320,PE,PE-LORETO
Loreto,1027600,2020-06-18,7849,0,320,PE,PE-LORETO
Loreto,1027600,2020-06-19,7953,0,321,PE,PE-LORETO
Loreto,1027600,2020-06-20,8051,0,324,PE,PE-LORETO
Loreto,1027600,2020-06-21,8195,0,326,PE,PE-LORETO
Loreto,1027600,2020-06-22,8364,0,330,PE,PE-LORETO
Loreto,1027600,2020-06-23,8449,0,330,PE,PE-LORETO
Loreto,1027600,2020-06-24,8681,0,332,PE,PE-LORETO
Loreto,1027600,2020-06-25,8743,0,334,PE,PE-LORETO
Loreto,1027600,2020-06-26,8786,0,334,PE,PE-LORETO
Loreto,1027600,2020-06-27,8786,0,334,PE,PE-LORETO
Loreto,1027600,2020-06-28,8835,0,339,PE,PE-LORETO
Loreto,1027600,2020-06-29,8904,0,341,PE,PE-LORETO
Loreto,1027600,2020-06-30,9023,0,345,PE,PE-LORETO
Loreto,1027600,2020-07-01,9023,0,345,PE,PE-LORETO
Loreto,1027600,2020-07-02,9072,0,346,PE,PE-LORETO
Loreto,1027600,2020-07-03,9280,0,348,PE,PE-LORETO
Loreto,1027600,2020-07-04,9343,0,350,PE,PE-LORETO
Loreto,1027600,2020-07-05,9374,0,351,PE,PE-LORETO
Loreto,1027600,2020-07-06,9374,0,351,PE,PE-LORETO
Loreto,1027600,2020-07-07,9404,0,351,PE,PE-LORETO
Loreto,1027600,2020-07-08,9598,0,354,PE,PE-LORETO
Loreto,1027600,2020-07-09,9598,0,354,PE,PE-LORETO
Loreto,1027600,2020-07-10,9727,0,356,PE,PE-LORETO
Loreto,1027600,2020-07-11,9766,0,359,PE,PE-LORETO
Loreto,1027600,2020-07-12,9800,0,360,PE,PE-LORETO
Loreto,1027600,2020-07-13,9903,0,361,PE,PE-LORETO
Loreto,1027600,2020-07-14,9903,0,361,PE,PE-LORETO
Loreto,1027600,2020-07-15,10093,0,364,PE,PE-LORETO
Loreto,1027600,2020-07-16,10093,0,364,PE,PE-LORETO
Loreto,1027600,2020-07-17,10088,0,366,PE,PE-LORETO
Loreto,1027600,2020-07-18,10122,0,366,PE,PE-LORETO
Loreto,1027600,2020-07-19,10093,0,364,PE,PE-LORETO
Loreto,1027600,2020-07-20,10227,0,369,PE,PE-LORETO
Loreto,1027600,2020-07-21,10227,0,369,PE,PE-LORETO
Loreto,1027600,2020-07-22,10384,0,371,PE,PE-LORETO
Loreto,1027600,2020-07-23,10410,0,371,PE,PE-LORETO
Loreto,1027600,2020-07-24,10439,0,542,PE,PE-LORETO
Loreto,1027600,2020-07-25,10515,0,542,PE,PE-LORETO
Loreto,1027600,2020-07-26,10515,0,542,PE,PE-LORETO
Loreto,1027600,2020-07-27,10515,0,542,PE,PE-LORETO
Loreto,1027600,2020-07-28,10721,0,544,PE,PE-LORETO
Loreto,1027600,2020-07-29,10812,0,544,PE,PE-LORETO
Madre de Dios,173800,2020-06-08,744,0,11,PE,PE-MADRE-DE-DIOS
Madre de Dios,173800,2020-06-09,749,0,11,PE,PE-MADRE-DE-DIOS
Madre de Dios,173800,2020-06-10,832,0,13,PE,PE-MADRE-DE-DIOS
Madre de Dios,173800,2020-06-11,903,0,15,PE,PE-MADRE-DE-DIOS
Madre de Dios,173800,2020-06-12,903,0,15,PE,PE-MADRE-DE-DIOS
Madre de Dios,173800,2020-06-13,945,0,15,PE,PE-MADRE-DE-DIOS
Madre de Dios,173800,2020-06-14,995,0,16,PE,PE-MADRE-DE-DIOS
Madre de Dios,173800,2020-06-15,1047,0,18,PE,PE-MADRE-DE-DIOS
Madre de Dios,173800,2020-06-16,1050,0,19,PE,PE-MADRE-DE-DIOS
Madre de Dios,173800,2020-06-17,1184,0,19,PE,PE-MADRE-DE-DIOS
Madre de Dios,173800,2020-06-18,1184,0,19,PE,PE-MADRE-DE-DIOS
Madre de Dios,173800,2020-06-19,1229,0,20,PE,PE-MADRE-DE-DIOS
Madre de Dios,173800,2020-06-20,1265,0,21,PE,PE-MADRE-DE-DIOS
Madre de Dios,173800,2020-06-21,1307,0,22,PE,PE-MADRE-DE-DIOS
Madre de Dios,173800,2020-06-22,1365,0,24,PE,PE-MADRE-DE-DIOS
Madre de Dios,173800,2020-06-23,1397,0,24,PE,PE-MADRE-DE-DIOS
Madre de Dios,173800,2020-06-24,1432,0,24,PE,PE-MADRE-DE-DIOS
Madre de Dios,173800,2020-06-25,1467,0,25,PE,PE-MADRE-DE-DIOS
Madre de Dios,173800,2020-06-26,1549,0,25,PE,PE-MADRE-DE-DIOS
Madre de Dios,173800,2020-06-27,1549,0,25,PE,PE-MADRE-DE-DIOS
Madre de Dios,173800,2020-06-28,1599,0,27,PE,PE-MADRE-DE-DIOS
Madre de Dios,173800,2020-06-29,1636,0,27,PE,PE-MADRE-DE-DIOS
Madre de Dios,173800,2020-06-30,1844,0,31,PE,PE-MADRE-DE-DIOS
Madre de Dios,173800,2020-07-01,1844,0,31,PE,PE-MADRE-DE-DIOS
Madre de Dios,173800,2020-07-02,1897,0,32,PE,PE-MADRE-DE-DIOS
Madre de Dios,173800,2020-07-03,2058,0,58,PE,PE-MADRE-DE-DIOS
Madre de Dios,173800,2020-07-04,2119,0,70,PE,PE-MADRE-DE-DIOS
Madre de Dios,173800,2020-07-05,2196,0,70,PE,PE-MADRE-DE-DIOS
Madre de Dios,173800,2020-07-06,2196,0,70,PE,PE-MADRE-DE-DIOS
Madre de Dios,173800,2020-07-07,2234,0,73,PE,PE-MADRE-DE-DIOS
Madre de Dios,173800,2020-07-08,2326,0,75,PE,PE-MADRE-DE-DIOS
Madre de Dios,173800,2020-07-09,2326,0,75,PE,PE-MADRE-DE-DIOS
Madre de Dios,173800,2020-07-10,2372,0,78,PE,PE-MADRE-DE-DIOS
Madre de Dios,173800,2020-07-11,2389,0,78,PE,PE-MADRE-DE-DIOS
Madre de Dios,173800,2020-07-12,2431,0,79,PE,PE-MADRE-DE-DIOS
Madre de Dios,173800,2020-07-13,2451,0,80,PE,PE-MADRE-DE-DIOS
Madre de Dios,173800,2020-07-14,2451,0,80,PE,PE-MADRE-DE-DIOS
Madre de Dios,173800,2020-07-15,2540,0,81,PE,PE-MADRE-DE-DIOS
Madre de Dios,173800,2020-07-16,2540,0,81,PE,PE-MADRE-DE-DIOS
Madre de Dios,173800,2020-07-17,2542,0,81,PE,PE-MADRE-DE-DIOS
Madre de Dios,173800,2020-07-18,2555,0,82,PE,PE-MADRE-DE-DIOS
Madre de Dios,173800,2020-07-19,2540,0,81,PE,PE-MADRE-DE-DIOS
Madre de Dios,173800,2020-07-20,2605,0,83,PE,PE-MADRE-DE-DIOS
Madre de Dios,173800,2020-07-21,2605,0,83,PE,PE-MADRE-DE-DIOS
Madre de Dios,173800,2020-07-22,2700,0,84,PE,PE-MADRE-DE-DIOS
Madre de Dios,173800,2020-07-23,2721,0,85,PE,PE-MADRE-DE-DIOS
Madre de Dios,173800,2020-07-24,2754,0,94,PE,PE-MADRE-DE-DIOS
Madre de Dios,173800,2020-07-25,2838,0,96,PE,PE-MADRE-DE-DIOS
Madre de Dios,173800,2020-07-26,2838,0,96,PE,PE-MADRE-DE-DIOS
Madre de Dios,173800,2020-07-27,2838,0,96,PE,PE-MADRE-DE-DIOS
Madre de Dios,173800,2020-07-28,2994,0,96,PE,PE-MADRE-DE-DIOS
Madre de Dios,173800,2020-07-29,3089,0,96,PE,PE-MADRE-DE-DIOS
Moquegua,192700,2020-06-08,676,0,3,PE,PE-MOQUEGUA
Moquegua,192700,2020-06-09,712,0,4,PE,PE-MOQUEGUA
Moquegua,192700,2020-06-10,724,0,5,PE,PE-MOQUEGUA
Moquegua,192700,2020-06-11,728,0,5,PE,PE-MOQUEGUA
Moquegua,192700,2020-06-12,728,0,5,PE,PE-MOQUEGUA
Moquegua,192700,2020-06-13,738,0,6,PE,PE-MOQUEGUA
Moquegua,192700,2020-06-14,744,0,6,PE,PE-MOQUEGUA
Moquegua,192700,2020-06-15,746,0,6,PE,PE-MOQUEGUA
Moquegua,192700,2020-06-16,747,0,6,PE,PE-MOQUEGUA
Moquegua,192700,2020-06-17,829,0,6,PE,PE-MOQUEGUA
Moquegua,192700,2020-06-18,829,0,6,PE,PE-MOQUEGUA
Moquegua,192700,2020-06-19,833,0,7,PE,PE-MOQUEGUA
Moquegua,192700,2020-06-20,835,0,8,PE,PE-MOQUEGUA
Moquegua,192700,2020-06-21,843,0,8,PE,PE-MOQUEGUA
Moquegua,192700,2020-06-22,861,0,9,PE,PE-MOQUEGUA
Moquegua,192700,2020-06-23,864,0,9,PE,PE-MOQUEGUA
Moquegua,192700,2020-06-24,868,0,9,PE,PE-MOQUEGUA
Moquegua,192700,2020-06-25,881,0,10,PE,PE-MOQUEGUA
Moquegua,192700,2020-06-26,907,0,10,PE,PE-MOQUEGUA
Moquegua,192700,2020-06-27,907,0,10,PE,PE-MOQUEGUA
Moquegua,192700,2020-06-28,915,0,10,PE,PE-MOQUEGUA
Moquegua,192700,2020-06-29,928,0,11,PE,PE-MOQUEGUA
Moquegua,192700,2020-06-30,949,0,13,PE,PE-MOQUEGUA
Moquegua,192700,2020-07-01,949,0,13,PE,PE-MOQUEGUA
Moquegua,192700,2020-07-02,958,0,14,PE,PE-MOQUEGUA
Moquegua,192700,2020-07-03,1020,0,15,PE,PE-MOQUEGUA
Moquegua,192700,2020-07-04,1078,0,15,PE,PE-MOQUEGUA
Moquegua,192700,2020-07-05,1122,0,16,PE,PE-MOQUEGUA
Moquegua,192700,2020-07-06,1122,0,16,PE,PE-MOQUEGUA
Moquegua,192700,2020-07-07,1143,0,17,PE,PE-MOQUEGUA
Moquegua,192700,2020-07-08,1182,0,20,PE,PE-MOQUEGUA
Moquegua,192700,2020-07-09,1182,0,20,PE,PE-MOQUEGUA
Moquegua,192700,2020-07-10,1254,0,23,PE,PE-MOQUEGUA
Moquegua,192700,2020-07-11,1306,0,23,PE,PE-MOQUEGUA
Moquegua,192700,2020-07-12,1341,0,25,PE,PE-MOQUEGUA
Moquegua,192700,2020-07-13,1387,0,26,PE,PE-MOQUEGUA
Moquegua,192700,2020-07-14,1387,0,26,PE,PE-MOQUEGUA
Moquegua,192700,2020-07-15,1480,0,33,PE,PE-MOQUEGUA
Moquegua,192700,2020-07-16,1480,0,33,PE,PE-MOQUEGUA
Moquegua,192700,2020-07-17,1505,0,34,PE,PE-MOQUEGUA
Moquegua,192700,2020-07-18,1541,0,35,PE,PE-MOQUEGUA
Moquegua,192700,2020-07-19,1480,0,33,PE,PE-MOQUEGUA
Moquegua,192700,2020-07-20,1670,0,38,PE,PE-MOQUEGUA
Moquegua,192700,2020-07-21,1670,0,38,PE,PE-MOQUEGUA
Moquegua,192700,2020-07-22,1995,0,46,PE,PE-MOQUEGUA
Moquegua,192700,2020-07-23,2097,0,50,PE,PE-MOQUEGUA
Moquegua,192700,2020-07-24,2200,0,52,PE,PE-MOQUEGUA
Moquegua,192700,2020-07-25,2287,0,54,PE,PE-MOQUEGUA
Moquegua,192700,2020-07-26,2287,0,54,PE,PE-MOQUEGUA
Moquegua,192700,2020-07-27,2287,0,54,PE,PE-MOQUEGUA
Moquegua,192700,2020-07-28,2517,0,57,PE,PE-MOQUEGUA
Moquegua,192700,2020-07-29,2627,0,59,PE,PE-MOQUEGUA
Pasco,271900,2020-06-08,574,0,11,PE,PE-PASCO
Pasco,271900,2020-06-09,643,0,11,PE,PE-PASCO
Pasco,271900,2020-06-10,679,0,13,PE,PE-PASCO
Pasco,271900,2020-06-11,700,0,13,PE,PE-PASCO
Pasco,271900,2020-06-12,700,0,13,PE,PE-PASCO
Pasco,271900,2020-06-13,729,0,13,PE,PE-PASCO
Pasco,271900,2020-06-14,747,0,13,PE,PE-PASCO
Pasco,271900,2020-06-15,759,0,13,PE,PE-PASCO
Pasco,271900,2020-06-16,794,0,14,PE,PE-PASCO
Pasco,271900,2020-06-17,826,0,16,PE,PE-PASCO
Pasco,271900,2020-06-18,826,0,16,PE,PE-PASCO
Pasco,271900,2020-06-19,829,0,16,PE,PE-PASCO
Pasco,271900,2020-06-20,841,0,16,PE,PE-PASCO
Pasco,271900,2020-06-21,856,0,16,PE,PE-PASCO
Pasco,271900,2020-06-22,867,0,20,PE,PE-PASCO
Pasco,271900,2020-06-23,881,0,20,PE,PE-PASCO
Pasco,271900,2020-06-24,888,0,20,PE,PE-PASCO
Pasco,271900,2020-06-25,898,0,20,PE,PE-PASCO
Pasco,271900,2020-06-26,908,0,20,PE,PE-PASCO
Pasco,271900,2020-06-27,908,0,20,PE,PE-PASCO
Pasco,271900,2020-06-28,922,0,20,PE,PE-PASCO
Pasco,271900,2020-06-29,936,0,20,PE,PE-PASCO
Pasco,271900,2020-06-30,1104,0,21,PE,PE-PASCO
Pasco,271900,2020-07-01,1104,0,21,PE,PE-PASCO
Pasco,271900,2020-07-02,1121,0,23,PE,PE-PASCO
Pasco,271900,2020-07-03,1155,0,23,PE,PE-PASCO
Pasco,271900,2020-07-04,1164,0,24,PE,PE-PASCO
Pasco,271900,2020-07-05,1184,0,24,PE,PE-PASCO
Pasco,271900,2020-07-06,1184,0,24,PE,PE-PASCO
Pasco,271900,2020-07-07,1190,0,25,PE,PE-PASCO
Pasco,271900,2020-07-08,1234,0,25,PE,PE-PASCO
Pasco,271900,2020-07-09,1234,0,25,PE,PE-PASCO
Pasco,271900,2020-07-10,1280,0,25,PE,PE-PASCO
Pasco,271900,2020-07-11,1297,0,25,PE,PE-PASCO
Pasco,271900,2020-07-12,1330,0,28,PE,PE-PASCO
Pasco,271900,2020-07-13,1357,0,29,PE,PE-PASCO
Pasco,271900,2020-07-14,1357,0,29,PE,PE-PASCO
Pasco,271900,2020-07-15,1404,0,32,PE,PE-PASCO
Pasco,271900,2020-07-16,1404,0,32,PE,PE-PASCO
Pasco,271900,2020-07-17,1417,0,33,PE,PE-PASCO
Pasco,271900,2020-07-18,1430,0,34,PE,PE-PASCO
Pasco,271900,2020-07-19,1404,0,32,PE,PE-PASCO
Pasco,271900,2020-07-20,1454,0,37,PE,PE-PASCO
Pasco,271900,2020-07-21,1454,0,37,PE,PE-PASCO
Pasco,271900,2020-07-22,1504,0,38,PE,PE-PASCO
Pasco,271900,2020-07-23,1531,0,38,PE,PE-PASCO
Pasco,271900,2020-07-24,1543,0,38,PE,PE-PASCO
Pasco,271900,2020-07-25,1581,0,39,PE,PE-PASCO
Pasco,271900,2020-07-26,1581,0,39,PE,PE-PASCO
Pasco,271900,2020-07-27,1581,0,39,PE,PE-PASCO
Pasco,271900,2020-07-28,1705,0,42,PE,PE-PASCO
Pasco,271900,2020-07-29,1751,0,43,PE,PE-PASCO
Piura,2048000,2020-06-08,10716,0,568,PE,PE-PIURA
Piura,2048000,2020-06-09,10886,0,573,PE,PE-PIURA
Piura,2048000,2020-06-10,10886,0,573,PE,PE-PIURA
Piura,2048000,2020-06-11,12177,0,593,PE,PE-PIURA
Piura,2048000,2020-06-12,12177,0,593,PE,PE-PIURA
Piura,2048000,2020-06-13,12768,0,593,PE,PE-PIURA
Piura,2048000,2020-06-14,13411,0,612,PE,PE-PIURA
Piura,2048000,2020-06-15,13799,0,623,PE,PE-PIURA
Piura,2048000,2020-06-16,14046,0,631,PE,PE-PIURA
Piura,2048000,2020-06-17,14413,0,651,PE,PE-PIURA
Piura,2048000,2020-06-18,14413,0,651,PE,PE-PIURA
Piura,2048000,2020-06-19,14659,0,661,PE,PE-PIURA
Piura,2048000,2020-06-20,14902,0,667,PE,PE-PIURA
Piura,2048000,2020-06-21,15123,0,683,PE,PE-PIURA
Piura,2048000,2020-06-22,15587,0,694,PE,PE-PIURA
Piura,2048000,2020-06-23,15686,0,700,PE,PE-PIURA
Piura,2048000,2020-06-24,15863,0,715,PE,PE-PIURA
Piura,2048000,2020-06-25,16101,0,725,PE,PE-PIURA
Piura,2048000,2020-06-26,16250,0,733,PE,PE-PIURA
Piura,2048000,2020-06-27,16250,0,733,PE,PE-PIURA
Piura,2048000,2020-06-28,16461,0,737,PE,PE-PIURA
Piura,2048000,2020-06-29,16634,0,742,PE,PE-PIURA
Piura,2048000,2020-06-30,16923,0,754,PE,PE-PIURA
Piura,2048000,2020-07-01,16923,0,754,PE,PE-PIURA
Piura,2048000,2020-07-02,17149,0,759,PE,PE-PIURA
Piura,2048000,2020-07-03,17573,0,782,PE,PE-PIURA
Piura,2048000,2020-07-04,17721,0,787,PE,PE-PIURA
Piura,2048000,2020-07-05,17838,0,799,PE,PE-PIURA
Piura,2048000,2020-07-06,17838,0,799,PE,PE-PIURA
Piura,2048000,2020-07-07,17941,0,805,PE,PE-PIURA
Piura,2048000,2020-07-08,18141,0,809,PE,PE-PIURA
Piura,2048000,2020-07-09,18141,0,809,PE,PE-PIURA
Piura,2048000,2020-07-10,18394,0,827,PE,PE-PIURA
Piura,2048000,2020-07-11,18536,0,829,PE,PE-PIURA
Piura,2048000,2020-07-12,18738,0,839,PE,PE-PIURA
Piura,2048000,2020-07-13,18889,0,845,PE,PE-PIURA
Piura,2048000,2020-07-14,18889,0,845,PE,PE-PIURA
Piura,2048000,2020-07-15,19096,0,853,PE,PE-PIURA
Piura,2048000,2020-07-16,19096,0,853,PE,PE-PIURA
Piura,2048000,2020-07-17,19190,0,860,PE,PE-PIURA
Piura,2048000,2020-07-18,19252,0,867,PE,PE-PIURA
Piura,2048000,2020-07-19,19096,0,853,PE,PE-PIURA
Piura,2048000,2020-07-20,19463,0,874,PE,PE-PIURA
Piura,2048000,2020-07-21,19463,0,874,PE,PE-PIURA
Piura,2048000,2020-07-22,19782,0,886,PE,PE-PIURA
Piura,2048000,2020-07-23,19949,0,892,PE,PE-PIURA
Piura,2048000,2020-07-24,20054,0,1225,PE,PE-PIURA
Piura,2048000,2020-07-25,20206,0,1232,PE,PE-PIURA
Piura,2048000,2020-07-26,20206,0,1232,PE,PE-PIURA
Piura,2048000,2020-07-27,20206,0,1232,PE,PE-PIURA
Piura,2048000,2020-07-28,20498,0,1246,PE,PE-PIURA
Piura,2048000,2020-07-29,20687,0,1249,PE,PE-PIURA
Puno,1238000,2020-06-08,468,0,9,PE,PE-PUNO
Puno,1238000,2020-06-09,471,0,9,PE,PE-PUNO
Puno,1238000,2020-06-10,497,0,9,PE,PE-PUNO
Puno,1238000,2020-06-11,526,0,9,PE,PE-PUNO
Puno,1238000,2020-06-12,526,0,9,PE,PE-PUNO
Puno,1238000,2020-06-13,545,0,10,PE,PE-PUNO
Puno,1238000,2020-06-14,556,0,12,PE,PE-PUNO
Puno,1238000,2020-06-15,566,0,13,PE,PE-PUNO
Puno,1238000,2020-06-16,585,0,13,PE,PE-PUNO
Puno,1238000,2020-06-17,694,0,13,PE,PE-PUNO
Puno,1238000,2020-06-18,694,0,13,PE,PE-PUNO
Puno,1238000,2020-06-19,701,0,14,PE,PE-PUNO
Puno,1238000,2020-06-20,710,0,14,PE,PE-PUNO
Puno,1238000,2020-06-21,753,0,15,PE,PE-PUNO
Puno,1238000,2020-06-22,781,0,15,PE,PE-PUNO
Puno,1238000,2020-06-23,788,0,16,PE,PE-PUNO
Puno,1238000,2020-06-24,814,0,16,PE,PE-PUNO
Puno,1238000,2020-06-25,832,0,16,PE,PE-PUNO
Puno,1238000,2020-06-26,844,0,18,PE,PE-PUNO
Puno,1238000,2020-06-27,844,0,18,PE,PE-PUNO
Puno,1238000,2020-06-28,853,0,18,PE,PE-PUNO
Puno,1238000,2020-06-29,874,0,19,PE,PE-PUNO
Puno,1238000,2020-06-30,952,0,21,PE,PE-PUNO
Puno,1238000,2020-07-01,952,0,21,PE,PE-PUNO
Puno,1238000,2020-07-02,974,0,22,PE,PE-PUNO
Puno,1238000,2020-07-03,1011,0,27,PE,PE-PUNO
Puno,1238000,2020-07-04,1028,0,28,PE,PE-PUNO
Puno,1238000,2020-07-05,1045,0,28,PE,PE-PUNO
Puno,1238000,2020-07-06,1045,0,28,PE,PE-PUNO
Puno,1238000,2020-07-07,1064,0,31,PE,PE-PUNO
Puno,1238000,2020-07-08,1112,0,33,PE,PE-PUNO
Puno,1238000,2020-07-09,1112,0,33,PE,PE-PUNO
Puno,1238000,2020-07-10,1135,0,36,PE,PE-PUNO
Puno,1238000,2020-07-11,1140,0,36,PE,PE-PUNO
Puno,1238000,2020-07-12,1152,0,37,PE,PE-PUNO
Puno,1238000,2020-07-13,1172,0,38,PE,PE-PUNO
Puno,1238000,2020-07-14,1172,0,38,PE,PE-PUNO
Puno,1238000,2020-07-15,1197,0,38,PE,PE-PUNO
Puno,1238000,2020-07-16,1197,0,38,PE,PE-PUNO
Puno,1238000,2020-07-17,1214,0,40,PE,PE-PUNO
Puno,1238000,2020-07-18,1279,0,42,PE,PE-PUNO
Puno,1238000,2020-07-19,1197,0,38,PE,PE-PUNO
Puno,1238000,2020-07-20,1299,0,49,PE,PE-PUNO
Puno,1238000,2020-07-21,1299,0,49,PE,PE-PUNO
Puno,1238000,2020-07-22,1450,0,51,PE,PE-PUNO
Puno,1238000,2020-07-23,1465,0,52,PE,PE-PUNO
Puno,1238000,2020-07-24,1505,0,53,PE,PE-PUNO
Puno,1238000,2020-07-25,1576,0,55,PE,PE-PUNO
Puno,1238000,2020-07-26,1576,0,55,PE,PE-PUNO
Puno,1238000,2020-07-27,1576,0,55,PE,PE-PUNO
Puno,1238000,2020-07-28,1862,0,68,PE,PE-PUNO
Puno,1238000,2020-07-29,1932,0,70,PE,PE-PUNO
San Martin,899600,2020-06-08,1896,0,38,PE,PE-SAN-MARTIN
San Martin,899600,2020-06-09,1952,0,38,PE,PE-SAN-MARTIN
San Martin,899600,2020-06-10,2206,0,41,PE,PE-SAN-MARTIN
San Martin,899600,2020-06-11,2306,0,42,PE,PE-SAN-MARTIN
San Martin,899600,2020-06-12,2306,0,42,PE,PE-SAN-MARTIN
San Martin,899600,2020-06-13,2454,0,46,PE,PE-SAN-MARTIN
San Martin,899600,2020-06-14,2674,0,53,PE,PE-SAN-MARTIN
San Martin,899600,2020-06-15,2754,0,59,PE,PE-SAN-MARTIN
San Martin,899600,2020-06-16,2826,0,63,PE,PE-SAN-MARTIN
San Martin,899600,2020-06-17,3015,0,72,PE,PE-SAN-MARTIN
San Martin,899600,2020-06-18,3015,0,72,PE,PE-SAN-MARTIN
San Martin,899600,2020-06-19,3110,0,80,PE,PE-SAN-MARTIN
San Martin,899600,2020-06-20,3250,0,83,PE,PE-SAN-MARTIN
San Martin,899600,2020-06-21,3383,0,83,PE,PE-SAN-MARTIN
San Martin,899600,2020-06-22,3614,0,101,PE,PE-SAN-MARTIN
San Martin,899600,2020-06-23,3700,0,123,PE,PE-SAN-MARTIN
San Martin,899600,2020-06-24,3804,0,126,PE,PE-SAN-MARTIN
San Martin,899600,2020-06-25,3975,0,129,PE,PE-SAN-MARTIN
San Martin,899600,2020-06-26,4163,0,131,PE,PE-SAN-MARTIN
San Martin,899600,2020-06-27,4163,0,131,PE,PE-SAN-MARTIN
San Martin,899600,2020-06-28,4361,0,138,PE,PE-SAN-MARTIN
San Martin,899600,2020-06-29,4548,0,142,PE,PE-SAN-MARTIN
San Martin,899600,2020-06-30,4982,0,148,PE,PE-SAN-MARTIN
San Martin,899600,2020-07-01,4982,0,148,PE,PE-SAN-MARTIN
San Martin,899600,2020-07-02,5076,0,151,PE,PE-SAN-MARTIN
San Martin,899600,2020-07-03,5589,0,158,PE,PE-SAN-MARTIN
San Martin,899600,2020-07-04,5821,0,160,PE,PE-SAN-MARTIN
San Martin,899600,2020-07-05,5947,0,163,PE,PE-SAN-MARTIN
San Martin,899600,2020-07-06,5947,0,163,PE,PE-SAN-MARTIN
San Martin,899600,2020-07-07,6023,0,167,PE,PE-SAN-MARTIN
San Martin,899600,2020-07-08,6216,0,170,PE,PE-SAN-MARTIN
San Martin,899600,2020-07-09,6216,0,170,PE,PE-SAN-MARTIN
San Martin,899600,2020-07-10,6433,0,176,PE,PE-SAN-MARTIN
San Martin,899600,2020-07-11,6534,0,177,PE,PE-SAN-MARTIN
San Martin,899600,2020-07-12,6608,0,180,PE,PE-SAN-MARTIN
San Martin,899600,2020-07-13,6690,0,183,PE,PE-SAN-MARTIN
San Martin,899600,2020-07-14,6690,0,183,PE,PE-SAN-MARTIN
San Martin,899600,2020-07-15,6797,0,188,PE,PE-SAN-MARTIN
San Martin,899600,2020-07-16,6797,0,188,PE,PE-SAN-MARTIN
San Martin,899600,2020-07-17,6863,0,188,PE,PE-SAN-MARTIN
San Martin,899600,2020-07-18,6905,0,189,PE,PE-SAN-MARTIN
San Martin,899600,2020-07-19,6797,0,188,PE,PE-SAN-MARTIN
San Martin,899600,2020-07-20,7019,0,194,PE,PE-SAN-MARTIN
San Martin,899600,2020-07-21,7019,0,194,PE,PE-SAN-MARTIN
San Martin,899600,2020-07-22,7109,0,198,PE,PE-SAN-MARTIN
San Martin,899600,2020-07-23,7186,0,200,PE,PE-SAN-MARTIN
San Martin,899600,2020-07-24,7271,0,234,PE,PE-SAN-MARTIN
San Martin,899600,2020-07-25,7411,0,237,PE,PE-SAN-MARTIN
San Martin,899600,2020-07-26,7411,0,237,PE,PE-SAN-MARTIN
San Martin,899600,2020-07-27,7411,0,237,PE,PE-SAN-MARTIN
San Martin,899600,2020-07-28,7841,0,280,PE,PE-SAN-MARTIN
San Martin,899600,2020-07-29,8036,0,301,PE,PE-SAN-MARTIN
Tacna,371000,2020-06-08,493,0,5,PE,PE-TACNA
Tacna,371000,2020-06-09,535,0,5,PE,PE-TACNA
Tacna,371000,2020-06-10,563,0,5,PE,PE-TACNA
Tacna,371000,2020-06-11,572,0,5,PE,PE-TACNA
Tacna,371000,2020-06-12,572,0,5,PE,PE-TACNA
Tacna,371000,2020-06-13,582,0,5,PE,PE-TACNA
Tacna,371000,2020-06-14,596,0,5,PE,PE-TACNA
Tacna,371000,2020-06-15,607,0,5,PE,PE-TACNA
Tacna,371000,2020-06-16,611,0,6,PE,PE-TACNA
Tacna,371000,2020-06-17,680,0,7,PE,PE-TACNA
Tacna,371000,2020-06-18,680,0,7,PE,PE-TACNA
Tacna,371000,2020-06-19,688,0,7,PE,PE-TACNA
Tacna,371000,2020-06-20,692,0,7,PE,PE-TACNA
Tacna,371000,2020-06-21,738,0,8,PE,PE-TACNA
Tacna,371000,2020-06-22,804,0,8,PE,PE-TACNA
Tacna,371000,2020-06-23,810,0,8,PE,PE-TACNA
Tacna,371000,2020-06-24,815,0,8,PE,PE-TACNA
Tacna,371000,2020-06-25,821,0,8,PE,PE-TACNA
Tacna,371000,2020-06-26,848,0,8,PE,PE-TACNA
Tacna,371000,2020-06-27,848,0,8,PE,PE-TACNA
Tacna,371000,2020-06-28,869,0,8,PE,PE-TACNA
Tacna,371000,2020-06-29,876,0,8,PE,PE-TACNA
Tacna,371000,2020-06-30,897,0,9,PE,PE-TACNA
Tacna,371000,2020-07-01,897,0,9,PE,PE-TACNA
Tacna,371000,2020-07-02,944,0,9,PE,PE-TACNA
Tacna,371000,2020-07-03,971,0,10,PE,PE-TACNA
Tacna,371000,2020-07-04,1007,0,10,PE,PE-TACNA
Tacna,371000,2020-07-05,1034,0,10,PE,PE-TACNA
Tacna,371000,2020-07-06,1034,0,10,PE,PE-TACNA
Tacna,371000,2020-07-07,1038,0,10,PE,PE-TACNA
Tacna,371000,2020-07-08,1107,0,10,PE,PE-TACNA
Tacna,371000,2020-07-09,1107,0,10,PE,PE-TACNA
Tacna,371000,2020-07-10,1223,0,11,PE,PE-TACNA
Tacna,371000,2020-07-11,1257,0,11,PE,PE-TACNA
Tacna,371000,2020-07-12,1302,0,12,PE,PE-TACNA
Tacna,371000,2020-07-13,1341,0,13,PE,PE-TACNA
Tacna,371000,2020-07-14,1341,0,13,PE,PE-TACNA
Tacna,371000,2020-07-15,1446,0,13,PE,PE-TACNA
Tacna,371000,2020-07-16,1446,0,13,PE,PE-TACNA
Tacna,371000,2020-07-17,1500,0,13,PE,PE-TACNA
Tacna,371000,2020-07-18,1550,0,14,PE,PE-TACNA
Tacna,371000,2020-07-19,1446,0,13,PE,PE-TACNA
Tacna,371000,2020-07-20,1694,0,15,PE,PE-TACNA
Tacna,371000,2020-07-21,1694,0,15,PE,PE-TACNA
Tacna,371000,2020-07-22,2008,0,17,PE,PE-TACNA
Tacna,371000,2020-07-23,2091,0,17,PE,PE-TACNA
Tacna,371000,2020-07-24,2198,0,25,PE,PE-TACNA
Tacna,371000,2020-07-25,2250,0,27,PE,PE-TACNA
Tacna,371000,2020-07-26,2250,0,27,PE,PE-TACNA
Tacna,371000,2020-07-27,2250,0,27,PE,PE-TACNA
Tacna,371000,2020-07-28,2406,0,29,PE,PE-TACNA
Tacna,371000,2020-07-29,2509,0,30,PE,PE-TACNA
Tumbes,251500,2020-06-08,1581,0,89,PE,PE-TUMBES
Tumbes,251500,2020-06-09,1585,0,91,PE,PE-TUMBES
Tumbes,251500,2020-06-10,1686,0,93,PE,PE-TUMBES
Tumbes,251500,2020-06-11,1736,0,95,PE,PE-TUMBES
Tumbes,251500,2020-06-12,1736,0,95,PE,PE-TUMBES
Tumbes,251500,2020-06-13,1814,0,96,PE,PE-TUMBES
Tumbes,251500,2020-06-14,1879,0,97,PE,PE-TUMBES
Tumbes,251500,2020-06-15,1937,0,98,PE,PE-TUMBES
Tumbes,251500,2020-06-16,1975,0,99,PE,PE-TUMBES
Tumbes,251500,2020-06-17,2115,0,106,PE,PE-TUMBES
Tumbes,251500,2020-06-18,2115,0,106,PE,PE-TUMBES
Tumbes,251500,2020-06-19,2136,0,108,PE,PE-TUMBES
Tumbes,251500,2020-06-20,2195,0,108,PE,PE-TUMBES
Tumbes,251500,2020-06-21,2233,0,109,PE,PE-TUMBES
Tumbes,251500,2020-06-22,2321,0,111,PE,PE-TUMBES
Tumbes,251500,2020-06-23,2346,0,111,PE,PE-TUMBES
Tumbes,251500,2020-06-24,2386,0,112,PE,PE-TUMBES
Tumbes,251500,2020-06-25,2442,0,112,PE,PE-TUMBES
Tumbes,251500,2020-06-26,2479,0,115,PE,PE-TUMBES
Tumbes,251500,2020-06-27,2479,0,115,PE,PE-TUMBES
Tumbes,251500,2020-06-28,2518,0,118,PE,PE-TUMBES
Tumbes,251500,2020-06-29,2607,0,120,PE,PE-TUMBES
Tumbes,251500,2020-06-30,2696,0,121,PE,PE-TUMBES
Tumbes,251500,2020-07-01,2696,0,121,PE,PE-TUMBES
Tumbes,251500,2020-07-02,2849,0,123,PE,PE-TUMBES
Tumbes,251500,2020-07-03,3041,0,127,PE,PE-TUMBES
Tumbes,251500,2020-07-04,3066,0,127,PE,PE-TUMBES
Tumbes,251500,2020-07-05,3146,0,127,PE,PE-TUMBES
Tumbes,251500,2020-07-06,3146,0,127,PE,PE-TUMBES
Tumbes,251500,2020-07-07,3164,0,127,PE,PE-TUMBES
Tumbes,251500,2020-07-08,3218,0,127,PE,PE-TUMBES
Tumbes,251500,2020-07-09,3218,0,127,PE,PE-TUMBES
Tumbes,251500,2020-07-10,3309,0,127,PE,PE-TUMBES
Tumbes,251500,2020-07-11,3334,0,127,PE,PE-TUMBES
Tumbes,251500,2020-07-12,3416,0,127,PE,PE-TUMBES
Tumbes,251500,2020-07-13,3451,0,127,PE,PE-TUMBES
Tumbes,251500,2020-07-14,3451,0,127,PE,PE-TUMBES
Tumbes,251500,2020-07-15,3477,0,129,PE,PE-TUMBES
Tumbes,251500,2020-07-16,3477,0,129,PE,PE-TUMBES
Tumbes,251500,2020-07-17,3484,0,129,PE,PE-TUMBES
Tumbes,251500,2020-07-18,3490,0,129,PE,PE-TUMBES
Tumbes,251500,2020-07-19,3477,0,129,PE,PE-TUMBES
Tumbes,251500,2020-07-20,3537,0,132,PE,PE-TUMBES
Tumbes,251500,2020-07-21,3537,0,132,PE,PE-TUMBES
Tumbes,251500,2020-07-22,3831,0,133,PE,PE-TUMBES
Tumbes,251500,2020-07-23,3834,0,133,PE,PE-TUMBES
Tumbes,251500,2020-07-24,3856,0,208,PE,PE-TUMBES
Tumbes,251500,2020-07-25,3937,0,208,PE,PE-TUMBES
Tumbes,251500,2020-07-26,3937,0,208,PE,PE-TUMBES
Tumbes,251500,2020-07-27,3937,0,208,PE,PE-TUMBES
Tumbes,251500,2020-07-28,4019,0,209,PE,PE-TUMBES
Tumbes,251500,2020-07-29,4058,0,209,PE,PE-TUMBES
Ucayali,589100,2020-06-08,5306,0,117,PE,PE-UCAYALI
Ucayali,589100,2020-06-09,5421,0,117,PE,PE-UCAYALI
Ucayali,589100,2020-06-10,5648,0,119,PE,PE-UCAYALI
Ucayali,589100,2020-06-11,5914,0,120,PE,PE-UCAYALI
Ucayali,589100,2020-06-12,5914,0,120,PE,PE-UCAYALI
Ucayali,589100,2020-06-13,6085,0,122,PE,PE-UCAYALI
Ucayali,589100,2020-06-14,6244,0,122,PE,PE-UCAYALI
Ucayali,589100,2020-06-15,6350,0,126,PE,PE-UCAYALI
Ucayali,589100,2020-06-16,6400,0,127,PE,PE-UCAYALI
Ucayali,589100,2020-06-17,6645,0,133,PE,PE-UCAYALI
Ucayali,589100,2020-06-18,6645,0,133,PE,PE-UCAYALI
Ucayali,589100,2020-06-19,6760,0,138,PE,PE-UCAYALI
Ucayali,589100,2020-06-20,6817,0,138,PE,PE-UCAYALI
Ucayali,589100,2020-06-21,6915,0,140,PE,PE-UCAYALI
Ucayali,589100,2020-06-22,7177,0,141,PE,PE-UCAYALI
Ucayali,589100,2020-06-23,7229,0,142,PE,PE-UCAYALI
Ucayali,589100,2020-06-24,7293,0,145,PE,PE-UCAYALI
Ucayali,589100,2020-06-25,7327,0,145,PE,PE-UCAYALI
Ucayali,589100,2020-06-26,7399,0,146,PE,PE-UCAYALI
Ucayali,589100,2020-06-27,7399,0,146,PE,PE-UCAYALI
Ucayali,589100,2020-06-28,7528,0,146,PE,PE-UCAYALI
Ucayali,589100,2020-06-29,7619,0,149,PE,PE-UCAYALI
Ucayali,589100,2020-06-30,7736,0,152,PE,PE-UCAYALI
Ucayali,589100,2020-07-01,7736,0,152,PE,PE-UCAYALI
Ucayali,589100,2020-07-02,7824,0,155,PE,PE-UCAYALI
Ucayali,589100,2020-07-03,7979,0,157,PE,PE-UCAYALI
Ucayali,589100,2020-07-04,8032,0,157,PE,PE-UCAYALI
Ucayali,589100,2020-07-05,8170,0,157,PE,PE-UCAYALI
Ucayali,589100,2020-07-06,8170,0,157,PE,PE-UCAYALI
Ucayali,589100,2020-07-07,8195,0,160,PE,PE-UCAYALI
Ucayali,589100,2020-07-08,8421,0,161,PE,PE-UCAYALI
Ucayali,589100,2020-07-09,8421,0,161,PE,PE-UCAYALI
Ucayali,589100,2020-07-10,8558,0,162,PE,PE-UCAYALI
Ucayali,589100,2020-07-11,8649,0,163,PE,PE-UCAYALI
Ucayali,589100,2020-07-12,8713,0,163,PE,PE-UCAYALI
Ucayali,589100,2020-07-13,8862,0,167,PE,PE-UCAYALI
Ucayali,589100,2020-07-14,8862,0,167,PE,PE-UCAYALI
Ucayali,589100,2020-07-15,8932,0,170,PE,PE-UCAYALI
Ucayali,589100,2020-07-16,8932,0,170,PE,PE-UCAYALI
Ucayali,589100,2020-07-17,9009,0,173,PE,PE-UCAYALI
Ucayali,589100,2020-07-18,9049,0,175,PE,PE-UCAYALI
Ucayali,589100,2020-07-19,8932,0,170,PE,PE-UCAYALI
Ucayali,589100,2020-07-20,9157,0,177,PE,PE-UCAYALI
Ucayali,589100,2020-07-21,9157,0,177,PE,PE-UCAYALI
Ucayali,589100,2020-07-22,9278,0,178,PE,PE-UCAYALI
Ucayali,589100,2020-07-23,9308,0,180,PE,PE-UCAYALI
Ucayali,589100,2020-07-24,9326,0,226,PE,PE-UCAYALI
Ucayali,589100,2020-07-25,9381,0,226,PE,PE-UCAYALI
Ucayali,589100,2020-07-26,9381,0,226,PE,PE-UCAYALI
Ucayali,589100,2020-07-27,9381,0,226,PE,PE-UCAYALI
Ucayali,589100,2020-07-28,9525,0,229,PE,PE-UCAYALI
Ucayali,589100,2020-07-29,9598,0,231,PE,PE-UCAYALI
