state_name_en,population_number,reportDate,cases,recovered,deaths,countryCode,stateCode
Amazonas,76589,2020-06-08,1992,1002,73,CO,CO-AMAZONAS
Amazonas,76589,2020-06-09,2029,1067,73,CO,CO-AMAZONAS
Amazonas,76589,2020-06-10,2033,1070,74,CO,CO-AMAZONAS
Amazonas,76589,2020-06-11,2066,1156,74,CO,CO-AMAZONAS
Amazonas,76589,2020-06-12,2075,1167,76,CO,CO-AMAZONAS
Amazonas,76589,2020-06-13,2091,1209,76,CO,CO-AMAZONAS
Amazonas,76589,2020-06-14,2111,1232,78,CO,CO-AMAZONAS
Amazonas,76589,2020-06-15,2126,1306,78,CO,CO-AMAZONAS
Amazonas,76589,2020-06-16,2131,1309,79,CO,CO-AMAZONAS
Amazonas,76589,2020-06-17,2171,1354,79,CO,CO-AMAZONAS
Amazonas,76589,2020-06-18,2171,1354,79,CO,CO-AMAZONAS
Amazonas,76589,2020-06-19,2184,1499,79,CO,CO-AMAZONAS
Amazonas,76589,2020-06-20,2192,1552,85,CO,CO-AMAZONAS
Amazonas,76589,2020-06-21,2192,1572,85,CO,CO-AMAZONAS
Amazonas,76589,2020-06-22,2204,1639,85,CO,CO-AMAZONAS
Amazonas,76589,2020-06-23,2204,1747,85,CO,CO-AMAZONAS
Amazonas,76589,2020-06-24,2211,1771,85,CO,CO-AMAZONAS
Amazonas,76589,2020-06-25,2220,1811,86,CO,CO-AMAZONAS
Amazonas,76589,2020-06-26,2228,1838,87,CO,CO-AMAZONAS
Amazonas,76589,2020-06-27,2241,1862,89,CO,CO-AMAZONAS
Amazonas,76589,2020-06-28,2252,1881,89,CO,CO-AMAZONAS
Amazonas,76589,2020-06-29,2259,1894,89,CO,CO-AMAZONAS
Amazonas,76589,2020-06-30,2276,1914,90,CO,CO-AMAZONAS
Amazonas,76589,2020-07-01,2276,1914,90,CO,CO-AMAZONAS
Amazonas,76589,2020-07-02,2319,1951,90,CO,CO-AMAZONAS
Amazonas,76589,2020-07-03,2319,1951,90,CO,CO-AMAZONAS
Antioquia,6407102,2020-06-08,1518,575,9,CO,CO-ANTIOQUIA
Antioquia,6407102,2020-06-09,1574,589,10,CO,CO-ANTIOQUIA
Antioquia,6407102,2020-06-10,1648,591,10,CO,CO-ANTIOQUIA
Antioquia,6407102,2020-06-11,1704,610,10,CO,CO-ANTIOQUIA
Antioquia,6407102,2020-06-12,1731,659,10,CO,CO-ANTIOQUIA
Antioquia,6407102,2020-06-13,1782,703,10,CO,CO-ANTIOQUIA
Antioquia,6407102,2020-06-14,1884,765,10,CO,CO-ANTIOQUIA
Antioquia,6407102,2020-06-15,2022,769,11,CO,CO-ANTIOQUIA
Antioquia,6407102,2020-06-16,2147,782,11,CO,CO-ANTIOQUIA
Antioquia,6407102,2020-06-17,2273,809,13,CO,CO-ANTIOQUIA
Antioquia,6407102,2020-06-18,2273,809,13,CO,CO-ANTIOQUIA
Antioquia,6407102,2020-06-19,2498,909,13,CO,CO-ANTIOQUIA
Antioquia,6407102,2020-06-20,2660,954,14,CO,CO-ANTIOQUIA
Antioquia,6407102,2020-06-21,2758,982,15,CO,CO-ANTIOQUIA
Antioquia,6407102,2020-06-22,2921,1048,16,CO,CO-ANTIOQUIA
Antioquia,6407102,2020-06-23,3009,1128,16,CO,CO-ANTIOQUIA
Antioquia,6407102,2020-06-24,3098,1187,18,CO,CO-ANTIOQUIA
Antioquia,6407102,2020-06-25,3239,1261,19,CO,CO-ANTIOQUIA
Antioquia,6407102,2020-06-26,3457,1335,22,CO,CO-ANTIOQUIA
Antioquia,6407102,2020-06-27,3647,1405,24,CO,CO-ANTIOQUIA
Antioquia,6407102,2020-06-28,3873,1477,27,CO,CO-ANTIOQUIA
Antioquia,6407102,2020-06-29,4089,1521,27,CO,CO-ANTIOQUIA
Antioquia,6407102,2020-06-30,4232,1606,27,CO,CO-ANTIOQUIA
Antioquia,6407102,2020-07-01,4232,1606,27,CO,CO-ANTIOQUIA
Antioquia,6407102,2020-07-02,4660,1921,30,CO,CO-ANTIOQUIA
Antioquia,6407102,2020-07-03,4660,1921,30,CO,CO-ANTIOQUIA
Arauca,262174,2020-06-08,2,1,0,CO,CO-ARAUCA
Arauca,262174,2020-06-09,2,1,0,CO,CO-ARAUCA
Arauca,262174,2020-06-10,2,1,0,CO,CO-ARAUCA
Arauca,262174,2020-06-11,2,1,0,CO,CO-ARAUCA
Arauca,262174,2020-06-12,2,1,0,CO,CO-ARAUCA
Arauca,262174,2020-06-13,2,1,0,CO,CO-ARAUCA
Arauca,262174,2020-06-14,2,1,0,CO,CO-ARAUCA
Arauca,262174,2020-06-15,2,1,0,CO,CO-ARAUCA
Arauca,262174,2020-06-16,45,2,0,CO,CO-ARAUCA
Arauca,262174,2020-06-17,46,2,0,CO,CO-ARAUCA
Arauca,262174,2020-06-18,46,2,0,CO,CO-ARAUCA
Arauca,262174,2020-06-19,51,2,0,CO,CO-ARAUCA
Arauca,262174,2020-06-20,52,2,0,CO,CO-ARAUCA
Arauca,262174,2020-06-21,54,2,0,CO,CO-ARAUCA
Arauca,262174,2020-06-22,61,2,0,CO,CO-ARAUCA
Arauca,262174,2020-06-23,70,2,0,CO,CO-ARAUCA
Arauca,262174,2020-06-24,72,2,0,CO,CO-ARAUCA
Arauca,262174,2020-06-25,76,2,0,CO,CO-ARAUCA
Arauca,262174,2020-06-26,76,2,0,CO,CO-ARAUCA
Arauca,262174,2020-06-27,76,3,0,CO,CO-ARAUCA
Arauca,262174,2020-06-28,76,3,0,CO,CO-ARAUCA
Arauca,262174,2020-06-29,76,3,0,CO,CO-ARAUCA
Arauca,262174,2020-06-30,76,4,0,CO,CO-ARAUCA
Arauca,262174,2020-07-01,76,4,0,CO,CO-ARAUCA
Arauca,262174,2020-07-02,80,4,0,CO,CO-ARAUCA
Arauca,262174,2020-07-03,80,4,0,CO,CO-ARAUCA
Atlantico,2535517,2020-06-08,6498,1897,218,CO,CO-ATLANTICO
Atlantico,2535517,2020-06-09,6761,2173,246,CO,CO-ATLANTICO
Atlantico,2535517,2020-06-10,7096,2190,277,CO,CO-ATLANTICO
Atlantico,2535517,2020-06-11,7502,2289,302,CO,CO-ATLANTICO
Atlantico,2535517,2020-06-12,7931,2390,330,CO,CO-ATLANTICO
Atlantico,2535517,2020-06-13,8597,2596,356,CO,CO-ATLANTICO
Atlantico,2535517,2020-06-14,9077,2707,377,CO,CO-ATLANTICO
Atlantico,2535517,2020-06-15,9837,2785,412,CO,CO-ATLANTICO
Atlantico,2535517,2020-06-16,10882,2792,434,CO,CO-ATLANTICO
Atlantico,2535517,2020-06-17,11424,2839,467,CO,CO-ATLANTICO
Atlantico,2535517,2020-06-18,11424,2839,467,CO,CO-ATLANTICO
Atlantico,2535517,2020-06-19,13151,3234,543,CO,CO-ATLANTICO
Atlantico,2535517,2020-06-20,13880,3391,590,CO,CO-ATLANTICO
Atlantico,2535517,2020-06-21,14761,3625,628,CO,CO-ATLANTICO
Atlantico,2535517,2020-06-22,15479,4044,675,CO,CO-ATLANTICO
Atlantico,2535517,2020-06-23,16229,4337,714,CO,CO-ATLANTICO
Atlantico,2535517,2020-06-24,16871,4721,760,CO,CO-ATLANTICO
Atlantico,2535517,2020-06-25,17972,4969,798,CO,CO-ATLANTICO
Atlantico,2535517,2020-06-26,18593,5342,888,CO,CO-ATLANTICO
Atlantico,2535517,2020-06-27,20246,5896,962,CO,CO-ATLANTICO
Atlantico,2535517,2020-06-28,21189,6257,1022,CO,CO-ATLANTICO
Atlantico,2535517,2020-06-29,22049,6686,1117,CO,CO-ATLANTICO
Atlantico,2535517,2020-06-30,22777,7190,1162,CO,CO-ATLANTICO
Atlantico,2535517,2020-07-01,22777,7190,1162,CO,CO-ATLANTICO
Atlantico,2535517,2020-07-02,24212,8149,1277,CO,CO-ATLANTICO
Atlantico,2535517,2020-07-03,24212,8149,1277,CO,CO-ATLANTICO
Bolivar,2070110,2020-06-08,4128,1221,182,CO,CO-BOLIVAR
Bolivar,2070110,2020-06-09,4221,1344,188,CO,CO-BOLIVAR
Bolivar,2070110,2020-06-10,4364,1364,194,CO,CO-BOLIVAR
Bolivar,2070110,2020-06-11,4484,1452,204,CO,CO-BOLIVAR
Bolivar,2070110,2020-06-12,4623,1484,204,CO,CO-BOLIVAR
Bolivar,2070110,2020-06-13,4755,1577,210,CO,CO-BOLIVAR
Bolivar,2070110,2020-06-14,4905,1613,211,CO,CO-BOLIVAR
Bolivar,2070110,2020-06-15,5146,1668,218,CO,CO-BOLIVAR
Bolivar,2070110,2020-06-16,5256,1685,224,CO,CO-BOLIVAR
Bolivar,2070110,2020-06-17,5423,1748,227,CO,CO-BOLIVAR
Bolivar,2070110,2020-06-18,5423,1748,227,CO,CO-BOLIVAR
Bolivar,2070110,2020-06-19,5842,2122,243,CO,CO-BOLIVAR
Bolivar,2070110,2020-06-20,6246,2290,253,CO,CO-BOLIVAR
Bolivar,2070110,2020-06-21,6487,2508,260,CO,CO-BOLIVAR
Bolivar,2070110,2020-06-22,6753,2814,269,CO,CO-BOLIVAR
Bolivar,2070110,2020-06-23,7067,2970,276,CO,CO-BOLIVAR
Bolivar,2070110,2020-06-24,7237,3173,278,CO,CO-BOLIVAR
Bolivar,2070110,2020-06-25,7473,3285,287,CO,CO-BOLIVAR
Bolivar,2070110,2020-06-26,7852,3548,306,CO,CO-BOLIVAR
Bolivar,2070110,2020-06-27,8138,3759,319,CO,CO-BOLIVAR
Bolivar,2070110,2020-06-28,8560,3909,330,CO,CO-BOLIVAR
Bolivar,2070110,2020-06-29,8792,4134,352,CO,CO-BOLIVAR
Bolivar,2070110,2020-06-30,8949,4396,365,CO,CO-BOLIVAR
Bolivar,2070110,2020-07-01,8949,4396,365,CO,CO-BOLIVAR
Bolivar,2070110,2020-07-02,9392,4640,388,CO,CO-BOLIVAR
Bolivar,2070110,2020-07-03,9392,4640,388,CO,CO-BOLIVAR
Boyaca,1217376,2020-06-08,223,131,14,CO,CO-BOYACA
Boyaca,1217376,2020-06-09,225,133,14,CO,CO-BOYACA
Boyaca,1217376,2020-06-10,227,133,14,CO,CO-BOYACA
Boyaca,1217376,2020-06-11,231,136,14,CO,CO-BOYACA
Boyaca,1217376,2020-06-12,236,139,14,CO,CO-BOYACA
Boyaca,1217376,2020-06-13,236,144,14,CO,CO-BOYACA
Boyaca,1217376,2020-06-14,241,150,14,CO,CO-BOYACA
Boyaca,1217376,2020-06-15,246,157,14,CO,CO-BOYACA
Boyaca,1217376,2020-06-16,251,158,14,CO,CO-BOYACA
Boyaca,1217376,2020-06-17,256,165,14,CO,CO-BOYACA
Boyaca,1217376,2020-06-18,256,165,14,CO,CO-BOYACA
Boyaca,1217376,2020-06-19,265,185,16,CO,CO-BOYACA
Boyaca,1217376,2020-06-20,289,185,16,CO,CO-BOYACA
Boyaca,1217376,2020-06-21,294,191,16,CO,CO-BOYACA
Boyaca,1217376,2020-06-22,301,193,16,CO,CO-BOYACA
Boyaca,1217376,2020-06-23,307,196,16,CO,CO-BOYACA
Boyaca,1217376,2020-06-24,313,197,16,CO,CO-BOYACA
Boyaca,1217376,2020-06-25,328,199,16,CO,CO-BOYACA
Boyaca,1217376,2020-06-26,333,199,16,CO,CO-BOYACA
Boyaca,1217376,2020-06-27,340,203,16,CO,CO-BOYACA
Boyaca,1217376,2020-06-28,351,206,16,CO,CO-BOYACA
Boyaca,1217376,2020-06-29,355,213,16,CO,CO-BOYACA
Boyaca,1217376,2020-06-30,359,216,16,CO,CO-BOYACA
Boyaca,1217376,2020-07-01,359,216,16,CO,CO-BOYACA
Boyaca,1217376,2020-07-02,390,228,17,CO,CO-BOYACA
Boyaca,1217376,2020-07-03,390,228,17,CO,CO-BOYACA
Caldas,998255,2020-06-08,175,117,8,CO,CO-CALDAS
Caldas,998255,2020-06-09,175,117,8,CO,CO-CALDAS
Caldas,998255,2020-06-10,179,117,8,CO,CO-CALDAS
Caldas,998255,2020-06-11,185,119,8,CO,CO-CALDAS
Caldas,998255,2020-06-12,188,125,8,CO,CO-CALDAS
Caldas,998255,2020-06-13,191,125,8,CO,CO-CALDAS
Caldas,998255,2020-06-14,191,130,8,CO,CO-CALDAS
Caldas,998255,2020-06-15,196,130,8,CO,CO-CALDAS
Caldas,998255,2020-06-16,200,130,8,CO,CO-CALDAS
Caldas,998255,2020-06-17,205,130,8,CO,CO-CALDAS
Caldas,998255,2020-06-18,205,130,8,CO,CO-CALDAS
Caldas,998255,2020-06-19,207,132,8,CO,CO-CALDAS
Caldas,998255,2020-06-20,211,134,8,CO,CO-CALDAS
Caldas,998255,2020-06-21,216,137,8,CO,CO-CALDAS
Caldas,998255,2020-06-22,218,140,8,CO,CO-CALDAS
Caldas,998255,2020-06-23,231,140,8,CO,CO-CALDAS
Caldas,998255,2020-06-24,237,147,8,CO,CO-CALDAS
Caldas,998255,2020-06-25,238,152,8,CO,CO-CALDAS
Caldas,998255,2020-06-26,240,153,8,CO,CO-CALDAS
Caldas,998255,2020-06-27,243,154,8,CO,CO-CALDAS
Caldas,998255,2020-06-28,244,162,8,CO,CO-CALDAS
Caldas,998255,2020-06-29,254,165,8,CO,CO-CALDAS
Caldas,998255,2020-06-30,258,173,8,CO,CO-CALDAS
Caldas,998255,2020-07-01,258,173,8,CO,CO-CALDAS
Caldas,998255,2020-07-02,264,181,8,CO,CO-CALDAS
Caldas,998255,2020-07-03,264,181,8,CO,CO-CALDAS
Capital District,7412566,2020-06-08,12880,5402,332,CO,CO-CAPITAL-DISTRICT
Capital District,7412566,2020-06-09,13329,5682,335,CO,CO-CAPITAL-DISTRICT
Capital District,7412566,2020-06-10,13709,5720,344,CO,CO-CAPITAL-DISTRICT
Capital District,7412566,2020-06-11,14132,6060,358,CO,CO-CAPITAL-DISTRICT
Capital District,7412566,2020-06-12,14537,6155,362,CO,CO-CAPITAL-DISTRICT
Capital District,7412566,2020-06-13,14940,6429,382,CO,CO-CAPITAL-DISTRICT
Capital District,7412566,2020-06-14,15458,6742,388,CO,CO-CAPITAL-DISTRICT
Capital District,7412566,2020-06-15,16037,6828,405,CO,CO-CAPITAL-DISTRICT
Capital District,7412566,2020-06-16,16404,6885,416,CO,CO-CAPITAL-DISTRICT
Capital District,7412566,2020-06-17,16839,6953,439,CO,CO-CAPITAL-DISTRICT
Capital District,7412566,2020-06-18,16839,6953,439,CO,CO-CAPITAL-DISTRICT
Capital District,7412566,2020-06-19,18179,7617,463,CO,CO-CAPITAL-DISTRICT
Capital District,7412566,2020-06-20,19241,8105,475,CO,CO-CAPITAL-DISTRICT
Capital District,7412566,2020-06-21,19767,8715,491,CO,CO-CAPITAL-DISTRICT
Capital District,7412566,2020-06-22,20709,9100,510,CO,CO-CAPITAL-DISTRICT
Capital District,7412566,2020-06-23,21541,9671,518,CO,CO-CAPITAL-DISTRICT
Capital District,7412566,2020-06-24,22409,10044,540,CO,CO-CAPITAL-DISTRICT
Capital District,7412566,2020-06-25,23367,10317,558,CO,CO-CAPITAL-DISTRICT
Capital District,7412566,2020-06-26,24636,10714,575,CO,CO-CAPITAL-DISTRICT
Capital District,7412566,2020-06-27,25540,10999,602,CO,CO-CAPITAL-DISTRICT
Capital District,7412566,2020-06-28,27118,11380,633,CO,CO-CAPITAL-DISTRICT
Capital District,7412566,2020-06-29,27927,11955,665,CO,CO-CAPITAL-DISTRICT
Capital District,7412566,2020-06-30,29320,12255,691,CO,CO-CAPITAL-DISTRICT
Capital District,7412566,2020-07-01,29320,12255,691,CO,CO-CAPITAL-DISTRICT
Capital District,7412566,2020-07-02,31417,13065,735,CO,CO-CAPITAL-DISTRICT
Capital District,7412566,2020-07-03,31417,13065,735,CO,CO-CAPITAL-DISTRICT
Caqueta,401489,2020-06-08,25,20,2,CO,CO-CAQUETA
Caqueta,401489,2020-06-09,25,21,2,CO,CO-CAQUETA
Caqueta,401489,2020-06-10,25,21,2,CO,CO-CAQUETA
Caqueta,401489,2020-06-11,25,21,2,CO,CO-CAQUETA
Caqueta,401489,2020-06-12,25,21,2,CO,CO-CAQUETA
Caqueta,401489,2020-06-13,25,21,2,CO,CO-CAQUETA
Caqueta,401489,2020-06-14,25,21,2,CO,CO-CAQUETA
Caqueta,401489,2020-06-15,25,21,2,CO,CO-CAQUETA
Caqueta,401489,2020-06-16,25,21,2,CO,CO-CAQUETA
Caqueta,401489,2020-06-17,28,21,2,CO,CO-CAQUETA
Caqueta,401489,2020-06-18,28,21,2,CO,CO-CAQUETA
Caqueta,401489,2020-06-19,29,21,2,CO,CO-CAQUETA
Caqueta,401489,2020-06-20,29,22,2,CO,CO-CAQUETA
Caqueta,401489,2020-06-21,29,22,2,CO,CO-CAQUETA
Caqueta,401489,2020-06-22,30,22,2,CO,CO-CAQUETA
Caqueta,401489,2020-06-23,30,22,2,CO,CO-CAQUETA
Caqueta,401489,2020-06-24,29,22,2,CO,CO-CAQUETA
Caqueta,401489,2020-06-25,29,22,2,CO,CO-CAQUETA
Caqueta,401489,2020-06-26,26,22,2,CO,CO-CAQUETA
Caqueta,401489,2020-06-27,26,22,2,CO,CO-CAQUETA
Caqueta,401489,2020-06-28,31,22,2,CO,CO-CAQUETA
Caqueta,401489,2020-06-29,35,22,2,CO,CO-CAQUETA
Caqueta,401489,2020-06-30,35,22,2,CO,CO-CAQUETA
Caqueta,401489,2020-07-01,35,22,2,CO,CO-CAQUETA
Caqueta,401489,2020-07-02,39,22,2,CO,CO-CAQUETA
Caqueta,401489,2020-07-03,39,22,2,CO,CO-CAQUETA
Casanare,420504,2020-06-08,36,29,0,CO,CO-CASANARE
Casanare,420504,2020-06-09,36,31,0,CO,CO-CASANARE
Casanare,420504,2020-06-10,36,31,0,CO,CO-CASANARE
Casanare,420504,2020-06-11,36,31,0,CO,CO-CASANARE
Casanare,420504,2020-06-12,36,32,0,CO,CO-CASANARE
Casanare,420504,2020-06-13,37,33,0,CO,CO-CASANARE
Casanare,420504,2020-06-14,37,33,0,CO,CO-CASANARE
Casanare,420504,2020-06-15,38,33,0,CO,CO-CASANARE
Casanare,420504,2020-06-16,38,33,0,CO,CO-CASANARE
Casanare,420504,2020-06-17,38,33,0,CO,CO-CASANARE
Casanare,420504,2020-06-18,38,33,0,CO,CO-CASANARE
Casanare,420504,2020-06-19,41,33,0,CO,CO-CASANARE
Casanare,420504,2020-06-20,51,33,0,CO,CO-CASANARE
Casanare,420504,2020-06-21,52,33,0,CO,CO-CASANARE
Casanare,420504,2020-06-22,55,34,0,CO,CO-CASANARE
Casanare,420504,2020-06-23,57,35,0,CO,CO-CASANARE
Casanare,420504,2020-06-24,58,35,0,CO,CO-CASANARE
Casanare,420504,2020-06-25,61,35,0,CO,CO-CASANARE
Casanare,420504,2020-06-26,64,35,0,CO,CO-CASANARE
Casanare,420504,2020-06-27,64,35,0,CO,CO-CASANARE
Casanare,420504,2020-06-28,65,36,0,CO,CO-CASANARE
Casanare,420504,2020-06-29,66,36,0,CO,CO-CASANARE
Casanare,420504,2020-06-30,66,45,0,CO,CO-CASANARE
Casanare,420504,2020-07-01,66,45,0,CO,CO-CASANARE
Casanare,420504,2020-07-02,67,47,0,CO,CO-CASANARE
Casanare,420504,2020-07-03,67,47,0,CO,CO-CASANARE
Cauca,1464488,2020-06-08,155,62,6,CO,CO-CAUCA
Cauca,1464488,2020-06-09,158,63,6,CO,CO-CAUCA
Cauca,1464488,2020-06-10,160,63,7,CO,CO-CAUCA
Cauca,1464488,2020-06-11,163,66,7,CO,CO-CAUCA
Cauca,1464488,2020-06-12,166,69,8,CO,CO-CAUCA
Cauca,1464488,2020-06-13,169,71,8,CO,CO-CAUCA
Cauca,1464488,2020-06-14,178,73,8,CO,CO-CAUCA
Cauca,1464488,2020-06-15,186,73,8,CO,CO-CAUCA
Cauca,1464488,2020-06-16,189,73,8,CO,CO-CAUCA
Cauca,1464488,2020-06-17,197,74,9,CO,CO-CAUCA
Cauca,1464488,2020-06-18,197,74,9,CO,CO-CAUCA
Cauca,1464488,2020-06-19,215,79,9,CO,CO-CAUCA
Cauca,1464488,2020-06-20,232,82,9,CO,CO-CAUCA
Cauca,1464488,2020-06-21,245,95,10,CO,CO-CAUCA
Cauca,1464488,2020-06-22,252,103,10,CO,CO-CAUCA
Cauca,1464488,2020-06-23,258,107,10,CO,CO-CAUCA
Cauca,1464488,2020-06-24,273,115,13,CO,CO-CAUCA
Cauca,1464488,2020-06-25,293,119,13,CO,CO-CAUCA
Cauca,1464488,2020-06-26,310,134,13,CO,CO-CAUCA
Cauca,1464488,2020-06-27,321,134,13,CO,CO-CAUCA
Cauca,1464488,2020-06-28,331,139,14,CO,CO-CAUCA
Cauca,1464488,2020-06-29,352,148,14,CO,CO-CAUCA
Cauca,1464488,2020-06-30,359,147,15,CO,CO-CAUCA
Cauca,1464488,2020-07-01,359,147,15,CO,CO-CAUCA
Cauca,1464488,2020-07-02,405,161,18,CO,CO-CAUCA
Cauca,1464488,2020-07-03,405,161,18,CO,CO-CAUCA
Cesar,1200574,2020-06-08,428,70,12,CO,CO-CESAR
Cesar,1200574,2020-06-09,449,71,12,CO,CO-CESAR
Cesar,1200574,2020-06-10,470,71,12,CO,CO-CESAR
Cesar,1200574,2020-06-11,496,71,12,CO,CO-CESAR
Cesar,1200574,2020-06-12,499,71,14,CO,CO-CESAR
Cesar,1200574,2020-06-13,504,72,14,CO,CO-CESAR
Cesar,1200574,2020-06-14,528,73,14,CO,CO-CESAR
Cesar,1200574,2020-06-15,542,83,16,CO,CO-CESAR
Cesar,1200574,2020-06-16,554,86,17,CO,CO-CESAR
Cesar,1200574,2020-06-17,560,89,17,CO,CO-CESAR
Cesar,1200574,2020-06-18,560,89,17,CO,CO-CESAR
Cesar,1200574,2020-06-19,612,107,17,CO,CO-CESAR
Cesar,1200574,2020-06-20,627,114,19,CO,CO-CESAR
Cesar,1200574,2020-06-21,693,119,19,CO,CO-CESAR
Cesar,1200574,2020-06-22,702,152,22,CO,CO-CESAR
Cesar,1200574,2020-06-23,730,188,22,CO,CO-CESAR
Cesar,1200574,2020-06-24,733,225,22,CO,CO-CESAR
Cesar,1200574,2020-06-25,784,281,22,CO,CO-CESAR
Cesar,1200574,2020-06-26,791,309,22,CO,CO-CESAR
Cesar,1200574,2020-06-27,813,315,22,CO,CO-CESAR
Cesar,1200574,2020-06-28,884,366,22,CO,CO-CESAR
Cesar,1200574,2020-06-29,946,376,23,CO,CO-CESAR
Cesar,1200574,2020-06-30,994,410,23,CO,CO-CESAR
Cesar,1200574,2020-07-01,994,410,23,CO,CO-CESAR
Cesar,1200574,2020-07-02,1071,475,27,CO,CO-CESAR
Cesar,1200574,2020-07-03,1071,475,27,CO,CO-CESAR
Choco,534826,2020-06-08,412,73,11,CO,CO-CHOCO
Choco,534826,2020-06-09,472,91,12,CO,CO-CHOCO
Choco,534826,2020-06-10,488,92,12,CO,CO-CHOCO
Choco,534826,2020-06-11,556,95,12,CO,CO-CHOCO
Choco,534826,2020-06-12,576,110,16,CO,CO-CHOCO
Choco,534826,2020-06-13,582,125,16,CO,CO-CHOCO
Choco,534826,2020-06-14,680,137,18,CO,CO-CHOCO
Choco,534826,2020-06-15,694,139,21,CO,CO-CHOCO
Choco,534826,2020-06-16,715,139,21,CO,CO-CHOCO
Choco,534826,2020-06-17,823,173,22,CO,CO-CHOCO
Choco,534826,2020-06-18,823,173,22,CO,CO-CHOCO
Choco,534826,2020-06-19,921,176,27,CO,CO-CHOCO
Choco,534826,2020-06-20,952,197,27,CO,CO-CHOCO
Choco,534826,2020-06-21,971,214,30,CO,CO-CHOCO
Choco,534826,2020-06-22,982,234,32,CO,CO-CHOCO
Choco,534826,2020-06-23,1010,251,32,CO,CO-CHOCO
Choco,534826,2020-06-24,1030,271,33,CO,CO-CHOCO
Choco,534826,2020-06-25,1148,305,33,CO,CO-CHOCO
Choco,534826,2020-06-26,1234,333,36,CO,CO-CHOCO
Choco,534826,2020-06-27,1321,365,36,CO,CO-CHOCO
Choco,534826,2020-06-28,1391,399,39,CO,CO-CHOCO
Choco,534826,2020-06-29,1421,412,42,CO,CO-CHOCO
Choco,534826,2020-06-30,1452,470,45,CO,CO-CHOCO
Choco,534826,2020-07-01,1452,470,45,CO,CO-CHOCO
Choco,534826,2020-07-02,1682,586,49,CO,CO-CHOCO
Choco,534826,2020-07-03,1682,586,49,CO,CO-CHOCO
Cordoba,1784783,2020-06-08,221,66,10,CO,CO-CORDOBA
Cordoba,1784783,2020-06-09,226,66,11,CO,CO-CORDOBA
Cordoba,1784783,2020-06-10,231,68,13,CO,CO-CORDOBA
Cordoba,1784783,2020-06-11,235,68,13,CO,CO-CORDOBA
Cordoba,1784783,2020-06-12,243,70,13,CO,CO-CORDOBA
Cordoba,1784783,2020-06-13,248,71,13,CO,CO-CORDOBA
Cordoba,1784783,2020-06-14,253,78,13,CO,CO-CORDOBA
Cordoba,1784783,2020-06-15,277,79,13,CO,CO-CORDOBA
Cordoba,1784783,2020-06-16,279,81,16,CO,CO-CORDOBA
Cordoba,1784783,2020-06-17,303,84,17,CO,CO-CORDOBA
Cordoba,1784783,2020-06-18,303,84,17,CO,CO-CORDOBA
Cordoba,1784783,2020-06-19,379,98,21,CO,CO-CORDOBA
Cordoba,1784783,2020-06-20,407,100,21,CO,CO-CORDOBA
Cordoba,1784783,2020-06-21,423,104,23,CO,CO-CORDOBA
Cordoba,1784783,2020-06-22,441,108,27,CO,CO-CORDOBA
Cordoba,1784783,2020-06-23,458,115,28,CO,CO-CORDOBA
Cordoba,1784783,2020-06-24,467,119,30,CO,CO-CORDOBA
Cordoba,1784783,2020-06-25,485,136,31,CO,CO-CORDOBA
Cordoba,1784783,2020-06-26,525,150,34,CO,CO-CORDOBA
Cordoba,1784783,2020-06-27,548,176,37,CO,CO-CORDOBA
Cordoba,1784783,2020-06-28,581,179,37,CO,CO-CORDOBA
Cordoba,1784783,2020-06-29,642,200,40,CO,CO-CORDOBA
Cordoba,1784783,2020-06-30,744,212,46,CO,CO-CORDOBA
Cordoba,1784783,2020-07-01,744,212,46,CO,CO-CORDOBA
Cordoba,1784783,2020-07-02,801,241,59,CO,CO-CORDOBA
Cordoba,1784783,2020-07-03,801,241,59,CO,CO-CORDOBA
Cundinamarca,2919060,2020-06-08,1291,383,34,CO,CO-CUNDINAMARCA
Cundinamarca,2919060,2020-06-09,1403,407,38,CO,CO-CUNDINAMARCA
Cundinamarca,2919060,2020-06-10,1454,411,40,CO,CO-CUNDINAMARCA
Cundinamarca,2919060,2020-06-11,1491,434,40,CO,CO-CUNDINAMARCA
Cundinamarca,2919060,2020-06-12,1585,452,41,CO,CO-CUNDINAMARCA
Cundinamarca,2919060,2020-06-13,1644,494,41,CO,CO-CUNDINAMARCA
Cundinamarca,2919060,2020-06-14,1732,525,44,CO,CO-CUNDINAMARCA
Cundinamarca,2919060,2020-06-15,1759,551,45,CO,CO-CUNDINAMARCA
Cundinamarca,2919060,2020-06-16,1789,555,46,CO,CO-CUNDINAMARCA
Cundinamarca,2919060,2020-06-17,1835,561,46,CO,CO-CUNDINAMARCA
Cundinamarca,2919060,2020-06-18,1835,561,46,CO,CO-CUNDINAMARCA
Cundinamarca,2919060,2020-06-19,1939,681,47,CO,CO-CUNDINAMARCA
Cundinamarca,2919060,2020-06-20,2003,744,47,CO,CO-CUNDINAMARCA
Cundinamarca,2919060,2020-06-21,2053,848,49,CO,CO-CUNDINAMARCA
Cundinamarca,2919060,2020-06-22,2088,915,50,CO,CO-CUNDINAMARCA
Cundinamarca,2919060,2020-06-23,2128,994,51,CO,CO-CUNDINAMARCA
Cundinamarca,2919060,2020-06-24,2222,1070,52,CO,CO-CUNDINAMARCA
Cundinamarca,2919060,2020-06-25,2282,1115,52,CO,CO-CUNDINAMARCA
Cundinamarca,2919060,2020-06-26,2384,1190,53,CO,CO-CUNDINAMARCA
Cundinamarca,2919060,2020-06-27,2489,1240,59,CO,CO-CUNDINAMARCA
Cundinamarca,2919060,2020-06-28,2549,1287,60,CO,CO-CUNDINAMARCA
Cundinamarca,2919060,2020-06-29,2633,1352,61,CO,CO-CUNDINAMARCA
Cundinamarca,2919060,2020-06-30,2687,1399,61,CO,CO-CUNDINAMARCA
Cundinamarca,2919060,2020-07-01,2687,1399,61,CO,CO-CUNDINAMARCA
Cundinamarca,2919060,2020-07-02,2975,1516,66,CO,CO-CUNDINAMARCA
Cundinamarca,2919060,2020-07-03,2975,1516,66,CO,CO-CUNDINAMARCA
Guainia,48114,2020-06-08,6,0,0,CO,CO-GUAINIA
Guainia,48114,2020-06-09,6,0,0,CO,CO-GUAINIA
Guainia,48114,2020-06-10,6,0,0,CO,CO-GUAINIA
Guainia,48114,2020-06-11,7,0,1,CO,CO-GUAINIA
Guainia,48114,2020-06-12,7,0,1,CO,CO-GUAINIA
Guainia,48114,2020-06-13,7,0,1,CO,CO-GUAINIA
Guainia,48114,2020-06-14,7,0,1,CO,CO-GUAINIA
Guainia,48114,2020-06-15,7,0,1,CO,CO-GUAINIA
Guainia,48114,2020-06-16,7,0,1,CO,CO-GUAINIA
Guainia,48114,2020-06-17,7,2,1,CO,CO-GUAINIA
Guainia,48114,2020-06-18,7,2,1,CO,CO-GUAINIA
Guainia,48114,2020-06-19,7,2,1,CO,CO-GUAINIA
Guainia,48114,2020-06-20,7,2,1,CO,CO-GUAINIA
Guainia,48114,2020-06-21,7,2,1,CO,CO-GUAINIA
Guainia,48114,2020-06-22,14,2,1,CO,CO-GUAINIA
Guainia,48114,2020-06-23,14,2,1,CO,CO-GUAINIA
Guainia,48114,2020-06-24,14,2,1,CO,CO-GUAINIA
Guainia,48114,2020-06-25,14,2,1,CO,CO-GUAINIA
Guainia,48114,2020-06-26,14,2,1,CO,CO-GUAINIA
Guainia,48114,2020-06-27,14,2,1,CO,CO-GUAINIA
Guainia,48114,2020-06-28,14,2,1,CO,CO-GUAINIA
Guainia,48114,2020-06-29,14,2,1,CO,CO-GUAINIA
Guainia,48114,2020-06-30,15,2,1,CO,CO-GUAINIA
Guainia,48114,2020-07-01,15,2,1,CO,CO-GUAINIA
Guainia,48114,2020-07-02,14,2,1,CO,CO-GUAINIA
Guainia,48114,2020-07-03,14,2,1,CO,CO-GUAINIA
Guaviare,82767,2020-06-08,1,0,0,CO,CO-GUAVIARE
Guaviare,82767,2020-06-09,1,0,0,CO,CO-GUAVIARE
Guaviare,82767,2020-06-10,2,0,0,CO,CO-GUAVIARE
Guaviare,82767,2020-06-11,2,0,0,CO,CO-GUAVIARE
Guaviare,82767,2020-06-12,2,0,0,CO,CO-GUAVIARE
Guaviare,82767,2020-06-13,2,0,0,CO,CO-GUAVIARE
Guaviare,82767,2020-06-14,2,0,0,CO,CO-GUAVIARE
Guaviare,82767,2020-06-15,3,0,0,CO,CO-GUAVIARE
Guaviare,82767,2020-06-16,5,0,0,CO,CO-GUAVIARE
Guaviare,82767,2020-06-17,6,0,0,CO,CO-GUAVIARE
Guaviare,82767,2020-06-18,6,0,0,CO,CO-GUAVIARE
Guaviare,82767,2020-06-19,7,0,0,CO,CO-GUAVIARE
Guaviare,82767,2020-06-20,9,0,0,CO,CO-GUAVIARE
Guaviare,82767,2020-06-21,10,0,0,CO,CO-GUAVIARE
Guaviare,82767,2020-06-22,10,0,0,CO,CO-GUAVIARE
Guaviare,82767,2020-06-23,10,0,0,CO,CO-GUAVIARE
Guaviare,82767,2020-06-24,10,0,0,CO,CO-GUAVIARE
Guaviare,82767,2020-06-25,10,1,0,CO,CO-GUAVIARE
Guaviare,82767,2020-06-26,10,1,0,CO,CO-GUAVIARE
Guaviare,82767,2020-06-27,37,3,0,CO,CO-GUAVIARE
Guaviare,82767,2020-06-28,37,3,0,CO,CO-GUAVIARE
Guaviare,82767,2020-06-29,37,6,0,CO,CO-GUAVIARE
Guaviare,82767,2020-06-30,37,6,0,CO,CO-GUAVIARE
Guaviare,82767,2020-07-01,37,6,0,CO,CO-GUAVIARE
Guaviare,82767,2020-07-02,39,7,0,CO,CO-GUAVIARE
Guaviare,82767,2020-07-03,39,7,0,CO,CO-GUAVIARE
Huila,1100386,2020-06-08,255,220,13,CO,CO-HUILA
Huila,1100386,2020-06-09,259,222,13,CO,CO-HUILA
Huila,1100386,2020-06-10,259,222,13,CO,CO-HUILA
Huila,1100386,2020-06-11,259,225,13,CO,CO-HUILA
Huila,1100386,2020-06-12,267,227,13,CO,CO-HUILA
Huila,1100386,2020-06-13,267,227,13,CO,CO-HUILA
Huila,1100386,2020-06-14,272,232,13,CO,CO-HUILA
Huila,1100386,2020-06-15,274,233,13,CO,CO-HUILA
Huila,1100386,2020-06-16,276,233,13,CO,CO-HUILA
Huila,1100386,2020-06-17,281,236,13,CO,CO-HUILA
Huila,1100386,2020-06-18,281,236,13,CO,CO-HUILA
Huila,1100386,2020-06-19,286,236,13,CO,CO-HUILA
Huila,1100386,2020-06-20,289,236,13,CO,CO-HUILA
Huila,1100386,2020-06-21,294,237,13,CO,CO-HUILA
Huila,1100386,2020-06-22,307,237,13,CO,CO-HUILA
Huila,1100386,2020-06-23,310,239,13,CO,CO-HUILA
Huila,1100386,2020-06-24,314,240,13,CO,CO-HUILA
Huila,1100386,2020-06-25,315,241,13,CO,CO-HUILA
Huila,1100386,2020-06-26,317,241,13,CO,CO-HUILA
Huila,1100386,2020-06-27,321,243,13,CO,CO-HUILA
Huila,1100386,2020-06-28,322,243,14,CO,CO-HUILA
Huila,1100386,2020-06-29,325,244,14,CO,CO-HUILA
Huila,1100386,2020-06-30,332,246,14,CO,CO-HUILA
Huila,1100386,2020-07-01,332,246,14,CO,CO-HUILA
Huila,1100386,2020-07-02,340,252,14,CO,CO-HUILA
Huila,1100386,2020-07-03,340,252,14,CO,CO-HUILA
La Guajira,880560,2020-06-08,108,44,6,CO,CO-LA-GUAJIRA
La Guajira,880560,2020-06-09,109,44,6,CO,CO-LA-GUAJIRA
La Guajira,880560,2020-06-10,113,44,6,CO,CO-LA-GUAJIRA
La Guajira,880560,2020-06-11,113,44,8,CO,CO-LA-GUAJIRA
La Guajira,880560,2020-06-12,115,46,8,CO,CO-LA-GUAJIRA
La Guajira,880560,2020-06-13,115,47,8,CO,CO-LA-GUAJIRA
La Guajira,880560,2020-06-14,121,48,8,CO,CO-LA-GUAJIRA
La Guajira,880560,2020-06-15,129,50,8,CO,CO-LA-GUAJIRA
La Guajira,880560,2020-06-16,138,51,8,CO,CO-LA-GUAJIRA
La Guajira,880560,2020-06-17,148,51,8,CO,CO-LA-GUAJIRA
La Guajira,880560,2020-06-18,148,51,8,CO,CO-LA-GUAJIRA
La Guajira,880560,2020-06-19,161,51,8,CO,CO-LA-GUAJIRA
La Guajira,880560,2020-06-20,170,52,8,CO,CO-LA-GUAJIRA
La Guajira,880560,2020-06-21,185,57,8,CO,CO-LA-GUAJIRA
La Guajira,880560,2020-06-22,214,57,9,CO,CO-LA-GUAJIRA
La Guajira,880560,2020-06-23,223,57,11,CO,CO-LA-GUAJIRA
La Guajira,880560,2020-06-24,231,60,11,CO,CO-LA-GUAJIRA
La Guajira,880560,2020-06-25,251,61,12,CO,CO-LA-GUAJIRA
La Guajira,880560,2020-06-26,261,62,14,CO,CO-LA-GUAJIRA
La Guajira,880560,2020-06-27,273,65,14,CO,CO-LA-GUAJIRA
La Guajira,880560,2020-06-28,285,69,15,CO,CO-LA-GUAJIRA
La Guajira,880560,2020-06-29,359,78,15,CO,CO-LA-GUAJIRA
La Guajira,880560,2020-06-30,395,81,19,CO,CO-LA-GUAJIRA
La Guajira,880560,2020-07-01,395,81,19,CO,CO-LA-GUAJIRA
La Guajira,880560,2020-07-02,479,108,21,CO,CO-LA-GUAJIRA
La Guajira,880560,2020-07-03,479,108,21,CO,CO-LA-GUAJIRA
Magdalena,1341746,2020-06-08,753,372,48,CO,CO-MAGDALENA
Magdalena,1341746,2020-06-09,780,380,48,CO,CO-MAGDALENA
Magdalena,1341746,2020-06-10,799,381,49,CO,CO-MAGDALENA
Magdalena,1341746,2020-06-11,819,409,51,CO,CO-MAGDALENA
Magdalena,1341746,2020-06-12,833,414,55,CO,CO-MAGDALENA
Magdalena,1341746,2020-06-13,850,425,55,CO,CO-MAGDALENA
Magdalena,1341746,2020-06-14,920,433,57,CO,CO-MAGDALENA
Magdalena,1341746,2020-06-15,946,441,62,CO,CO-MAGDALENA
Magdalena,1341746,2020-06-16,973,445,65,CO,CO-MAGDALENA
Magdalena,1341746,2020-06-17,996,457,65,CO,CO-MAGDALENA
Magdalena,1341746,2020-06-18,996,457,65,CO,CO-MAGDALENA
Magdalena,1341746,2020-06-19,1121,515,69,CO,CO-MAGDALENA
Magdalena,1341746,2020-06-20,1150,528,77,CO,CO-MAGDALENA
Magdalena,1341746,2020-06-21,1199,549,81,CO,CO-MAGDALENA
Magdalena,1341746,2020-06-22,1277,568,86,CO,CO-MAGDALENA
Magdalena,1341746,2020-06-23,1298,582,88,CO,CO-MAGDALENA
Magdalena,1341746,2020-06-24,1325,591,91,CO,CO-MAGDALENA
Magdalena,1341746,2020-06-25,1390,621,91,CO,CO-MAGDALENA
Magdalena,1341746,2020-06-26,1488,646,100,CO,CO-MAGDALENA
Magdalena,1341746,2020-06-27,1545,658,104,CO,CO-MAGDALENA
Magdalena,1341746,2020-06-28,1624,678,107,CO,CO-MAGDALENA
Magdalena,1341746,2020-06-29,1752,729,111,CO,CO-MAGDALENA
Magdalena,1341746,2020-06-30,1774,747,116,CO,CO-MAGDALENA
Magdalena,1341746,2020-07-01,1774,747,116,CO,CO-MAGDALENA
Magdalena,1341746,2020-07-02,1903,789,134,CO,CO-MAGDALENA
Magdalena,1341746,2020-07-03,1903,789,134,CO,CO-MAGDALENA
Meta,1039722,2020-06-08,990,926,11,CO,CO-META
Meta,1039722,2020-06-09,991,927,11,CO,CO-META
Meta,1039722,2020-06-10,999,927,11,CO,CO-META
Meta,1039722,2020-06-11,1001,938,12,CO,CO-META
Meta,1039722,2020-06-12,1003,939,12,CO,CO-META
Meta,1039722,2020-06-13,1010,939,12,CO,CO-META
Meta,1039722,2020-06-14,1011,939,12,CO,CO-META
Meta,1039722,2020-06-15,1015,939,12,CO,CO-META
Meta,1039722,2020-06-16,1025,940,12,CO,CO-META
Meta,1039722,2020-06-17,1027,941,12,CO,CO-META
Meta,1039722,2020-06-18,1027,941,12,CO,CO-META
Meta,1039722,2020-06-19,1039,943,12,CO,CO-META
Meta,1039722,2020-06-20,1057,943,12,CO,CO-META
Meta,1039722,2020-06-21,1068,952,12,CO,CO-META
Meta,1039722,2020-06-22,1100,953,14,CO,CO-META
Meta,1039722,2020-06-23,1105,956,14,CO,CO-META
Meta,1039722,2020-06-24,1137,958,14,CO,CO-META
Meta,1039722,2020-06-25,1159,958,14,CO,CO-META
Meta,1039722,2020-06-26,1170,956,14,CO,CO-META
Meta,1039722,2020-06-27,1181,956,14,CO,CO-META
Meta,1039722,2020-06-28,1199,957,14,CO,CO-META
Meta,1039722,2020-06-29,1220,966,14,CO,CO-META
Meta,1039722,2020-06-30,1229,970,14,CO,CO-META
Meta,1039722,2020-07-01,1229,970,14,CO,CO-META
Meta,1039722,2020-07-02,1271,976,16,CO,CO-META
Meta,1039722,2020-07-03,1271,976,16,CO,CO-META
Narino,1630592,2020-06-08,1629,472,65,CO,CO-NARINO
Narino,1630592,2020-06-09,1700,585,66,CO,CO-NARINO
Narino,1630592,2020-06-10,1794,586,68,CO,CO-NARINO
Narino,1630592,2020-06-11,1989,616,70,CO,CO-NARINO
Narino,1630592,2020-06-12,2030,633,72,CO,CO-NARINO
Narino,1630592,2020-06-13,2057,672,75,CO,CO-NARINO
Narino,1630592,2020-06-14,2081,710,77,CO,CO-NARINO
Narino,1630592,2020-06-15,2150,723,78,CO,CO-NARINO
Narino,1630592,2020-06-16,2171,725,80,CO,CO-NARINO
Narino,1630592,2020-06-17,2205,743,81,CO,CO-NARINO
Narino,1630592,2020-06-18,2205,743,81,CO,CO-NARINO
Narino,1630592,2020-06-19,2376,797,87,CO,CO-NARINO
Narino,1630592,2020-06-20,2469,872,89,CO,CO-NARINO
Narino,1630592,2020-06-21,2495,931,91,CO,CO-NARINO
Narino,1630592,2020-06-22,2625,1134,93,CO,CO-NARINO
Narino,1630592,2020-06-23,2682,1201,95,CO,CO-NARINO
Narino,1630592,2020-06-24,2715,1296,99,CO,CO-NARINO
Narino,1630592,2020-06-25,2814,1376,101,CO,CO-NARINO
Narino,1630592,2020-06-26,2884,1501,105,CO,CO-NARINO
Narino,1630592,2020-06-27,2976,1605,108,CO,CO-NARINO
Narino,1630592,2020-06-28,3040,1631,110,CO,CO-NARINO
Narino,1630592,2020-06-29,3184,1754,111,CO,CO-NARINO
Narino,1630592,2020-06-30,3307,1907,112,CO,CO-NARINO
Narino,1630592,2020-07-01,3307,1907,112,CO,CO-NARINO
Narino,1630592,2020-07-02,3521,2102,119,CO,CO-NARINO
Narino,1630592,2020-07-03,3521,2102,119,CO,CO-NARINO
Norte de Santander,1491689,2020-06-08,138,104,14,CO,CO-NORTE-DE-SANTANDER
Norte de Santander,1491689,2020-06-09,145,106,14,CO,CO-NORTE-DE-SANTANDER
Norte de Santander,1491689,2020-06-10,148,106,14,CO,CO-NORTE-DE-SANTANDER
Norte de Santander,1491689,2020-06-11,148,107,14,CO,CO-NORTE-DE-SANTANDER
Norte de Santander,1491689,2020-06-12,148,107,14,CO,CO-NORTE-DE-SANTANDER
Norte de Santander,1491689,2020-06-13,148,108,14,CO,CO-NORTE-DE-SANTANDER
Norte de Santander,1491689,2020-06-14,156,110,14,CO,CO-NORTE-DE-SANTANDER
Norte de Santander,1491689,2020-06-15,160,110,14,CO,CO-NORTE-DE-SANTANDER
Norte de Santander,1491689,2020-06-16,162,110,15,CO,CO-NORTE-DE-SANTANDER
Norte de Santander,1491689,2020-06-17,165,110,15,CO,CO-NORTE-DE-SANTANDER
Norte de Santander,1491689,2020-06-18,165,110,15,CO,CO-NORTE-DE-SANTANDER
Norte de Santander,1491689,2020-06-19,183,115,15,CO,CO-NORTE-DE-SANTANDER
Norte de Santander,1491689,2020-06-20,200,116,15,CO,CO-NORTE-DE-SANTANDER
Norte de Santander,1491689,2020-06-21,223,117,15,CO,CO-NORTE-DE-SANTANDER
Norte de Santander,1491689,2020-06-22,244,117,16,CO,CO-NORTE-DE-SANTANDER
Norte de Santander,1491689,2020-06-23,248,118,17,CO,CO-NORTE-DE-SANTANDER
Norte de Santander,1491689,2020-06-24,256,118,17,CO,CO-NORTE-DE-SANTANDER
Norte de Santander,1491689,2020-06-25,271,124,19,CO,CO-NORTE-DE-SANTANDER
Norte de Santander,1491689,2020-06-26,278,146,19,CO,CO-NORTE-DE-SANTANDER
Norte de Santander,1491689,2020-06-27,288,147,20,CO,CO-NORTE-DE-SANTANDER
Norte de Santander,1491689,2020-06-28,305,151,20,CO,CO-NORTE-DE-SANTANDER
Norte de Santander,1491689,2020-06-29,323,156,20,CO,CO-NORTE-DE-SANTANDER
Norte de Santander,1491689,2020-06-30,327,159,20,CO,CO-NORTE-DE-SANTANDER
Norte de Santander,1491689,2020-07-01,327,159,20,CO,CO-NORTE-DE-SANTANDER
Norte de Santander,1491689,2020-07-02,342,164,20,CO,CO-NORTE-DE-SANTANDER
Norte de Santander,1491689,2020-07-03,342,164,20,CO,CO-NORTE-DE-SANTANDER
Putumayo,348182,2020-06-08,11,3,2,CO,CO-PUTUMAYO
Putumayo,348182,2020-06-09,11,3,2,CO,CO-PUTUMAYO
Putumayo,348182,2020-06-10,11,3,2,CO,CO-PUTUMAYO
Putumayo,348182,2020-06-11,11,3,2,CO,CO-PUTUMAYO
Putumayo,348182,2020-06-12,12,3,2,CO,CO-PUTUMAYO
Putumayo,348182,2020-06-13,12,3,2,CO,CO-PUTUMAYO
Putumayo,348182,2020-06-14,13,4,2,CO,CO-PUTUMAYO
Putumayo,348182,2020-06-15,13,5,2,CO,CO-PUTUMAYO
Putumayo,348182,2020-06-16,13,5,3,CO,CO-PUTUMAYO
Putumayo,348182,2020-06-17,14,5,3,CO,CO-PUTUMAYO
Putumayo,348182,2020-06-18,14,5,3,CO,CO-PUTUMAYO
Putumayo,348182,2020-06-19,16,8,4,CO,CO-PUTUMAYO
Putumayo,348182,2020-06-20,15,8,4,CO,CO-PUTUMAYO
Putumayo,348182,2020-06-21,17,9,4,CO,CO-PUTUMAYO
Putumayo,348182,2020-06-22,17,9,4,CO,CO-PUTUMAYO
Putumayo,348182,2020-06-23,17,9,4,CO,CO-PUTUMAYO
Putumayo,348182,2020-06-24,19,9,4,CO,CO-PUTUMAYO
Putumayo,348182,2020-06-25,19,9,6,CO,CO-PUTUMAYO
Putumayo,348182,2020-06-26,19,9,6,CO,CO-PUTUMAYO
Putumayo,348182,2020-06-27,20,9,6,CO,CO-PUTUMAYO
Putumayo,348182,2020-06-28,20,9,6,CO,CO-PUTUMAYO
Putumayo,348182,2020-06-29,22,9,6,CO,CO-PUTUMAYO
Putumayo,348182,2020-06-30,26,9,6,CO,CO-PUTUMAYO
Putumayo,348182,2020-07-01,26,9,6,CO,CO-PUTUMAYO
Putumayo,348182,2020-07-02,28,9,6,CO,CO-PUTUMAYO
Putumayo,348182,2020-07-03,28,9,6,CO,CO-PUTUMAYO
Quindio,539904,2020-06-08,121,94,4,CO,CO-QUINDIO
Quindio,539904,2020-06-09,121,95,5,CO,CO-QUINDIO
Quindio,539904,2020-06-10,122,95,5,CO,CO-QUINDIO
Quindio,539904,2020-06-11,122,95,5,CO,CO-QUINDIO
Quindio,539904,2020-06-12,123,95,5,CO,CO-QUINDIO
Quindio,539904,2020-06-13,124,96,5,CO,CO-QUINDIO
Quindio,539904,2020-06-14,125,100,5,CO,CO-QUINDIO
Quindio,539904,2020-06-15,126,100,5,CO,CO-QUINDIO
Quindio,539904,2020-06-16,128,100,5,CO,CO-QUINDIO
Quindio,539904,2020-06-17,129,102,5,CO,CO-QUINDIO
Quindio,539904,2020-06-18,129,102,5,CO,CO-QUINDIO
Quindio,539904,2020-06-19,139,104,5,CO,CO-QUINDIO
Quindio,539904,2020-06-20,142,105,5,CO,CO-QUINDIO
Quindio,539904,2020-06-21,145,105,5,CO,CO-QUINDIO
Quindio,539904,2020-06-22,147,105,5,CO,CO-QUINDIO
Quindio,539904,2020-06-23,150,109,5,CO,CO-QUINDIO
Quindio,539904,2020-06-24,151,109,5,CO,CO-QUINDIO
Quindio,539904,2020-06-25,152,111,5,CO,CO-QUINDIO
Quindio,539904,2020-06-26,156,114,5,CO,CO-QUINDIO
Quindio,539904,2020-06-27,160,114,5,CO,CO-QUINDIO
Quindio,539904,2020-06-28,161,114,5,CO,CO-QUINDIO
Quindio,539904,2020-06-29,160,115,5,CO,CO-QUINDIO
Quindio,539904,2020-06-30,161,115,5,CO,CO-QUINDIO
Quindio,539904,2020-07-01,161,115,5,CO,CO-QUINDIO
Quindio,539904,2020-07-02,167,117,5,CO,CO-QUINDIO
Quindio,539904,2020-07-03,167,117,5,CO,CO-QUINDIO
Risaralda,943401,2020-06-08,278,231,10,CO,CO-RISARALDA
Risaralda,943401,2020-06-09,278,233,10,CO,CO-RISARALDA
Risaralda,943401,2020-06-10,286,233,10,CO,CO-RISARALDA
Risaralda,943401,2020-06-11,294,233,11,CO,CO-RISARALDA
Risaralda,943401,2020-06-12,302,233,11,CO,CO-RISARALDA
Risaralda,943401,2020-06-13,308,234,11,CO,CO-RISARALDA
Risaralda,943401,2020-06-14,315,234,11,CO,CO-RISARALDA
Risaralda,943401,2020-06-15,323,235,11,CO,CO-RISARALDA
Risaralda,943401,2020-06-16,323,235,11,CO,CO-RISARALDA
Risaralda,943401,2020-06-17,325,235,11,CO,CO-RISARALDA
Risaralda,943401,2020-06-18,325,235,11,CO,CO-RISARALDA
Risaralda,943401,2020-06-19,384,241,11,CO,CO-RISARALDA
Risaralda,943401,2020-06-20,397,244,11,CO,CO-RISARALDA
Risaralda,943401,2020-06-21,412,245,11,CO,CO-RISARALDA
Risaralda,943401,2020-06-22,421,251,11,CO,CO-RISARALDA
Risaralda,943401,2020-06-23,424,252,11,CO,CO-RISARALDA
Risaralda,943401,2020-06-24,436,252,11,CO,CO-RISARALDA
Risaralda,943401,2020-06-25,463,257,11,CO,CO-RISARALDA
Risaralda,943401,2020-06-26,473,261,11,CO,CO-RISARALDA
Risaralda,943401,2020-06-27,494,266,11,CO,CO-RISARALDA
Risaralda,943401,2020-06-28,502,275,12,CO,CO-RISARALDA
Risaralda,943401,2020-06-29,508,279,12,CO,CO-RISARALDA
Risaralda,943401,2020-06-30,511,275,12,CO,CO-RISARALDA
Risaralda,943401,2020-07-01,511,275,12,CO,CO-RISARALDA
Risaralda,943401,2020-07-02,546,284,13,CO,CO-RISARALDA
Risaralda,943401,2020-07-03,546,284,13,CO,CO-RISARALDA
San Andres y Providencia,61280,2020-06-08,17,15,0,CO,CO-SAN-ANDRES-Y-PROVIDENCIA
San Andres y Providencia,61280,2020-06-09,17,15,0,CO,CO-SAN-ANDRES-Y-PROVIDENCIA
San Andres y Providencia,61280,2020-06-10,17,15,0,CO,CO-SAN-ANDRES-Y-PROVIDENCIA
San Andres y Providencia,61280,2020-06-11,17,15,0,CO,CO-SAN-ANDRES-Y-PROVIDENCIA
San Andres y Providencia,61280,2020-06-12,17,15,0,CO,CO-SAN-ANDRES-Y-PROVIDENCIA
San Andres y Providencia,61280,2020-06-13,18,17,0,CO,CO-SAN-ANDRES-Y-PROVIDENCIA
San Andres y Providencia,61280,2020-06-14,18,17,0,CO,CO-SAN-ANDRES-Y-PROVIDENCIA
San Andres y Providencia,61280,2020-06-15,18,17,0,CO,CO-SAN-ANDRES-Y-PROVIDENCIA
San Andres y Providencia,61280,2020-06-16,19,17,0,CO,CO-SAN-ANDRES-Y-PROVIDENCIA
San Andres y Providencia,61280,2020-06-17,20,17,0,CO,CO-SAN-ANDRES-Y-PROVIDENCIA
San Andres y Providencia,61280,2020-06-18,20,17,0,CO,CO-SAN-ANDRES-Y-PROVIDENCIA
San Andres y Providencia,61280,2020-06-19,20,17,1,CO,CO-SAN-ANDRES-Y-PROVIDENCIA
San Andres y Providencia,61280,2020-06-20,23,17,1,CO,CO-SAN-ANDRES-Y-PROVIDENCIA
San Andres y Providencia,61280,2020-06-21,23,17,1,CO,CO-SAN-ANDRES-Y-PROVIDENCIA
San Andres y Providencia,61280,2020-06-22,23,17,1,CO,CO-SAN-ANDRES-Y-PROVIDENCIA
San Andres y Providencia,61280,2020-06-23,23,17,1,CO,CO-SAN-ANDRES-Y-PROVIDENCIA
San Andres y Providencia,61280,2020-06-24,23,17,1,CO,CO-SAN-ANDRES-Y-PROVIDENCIA
San Andres y Providencia,61280,2020-06-25,23,17,1,CO,CO-SAN-ANDRES-Y-PROVIDENCIA
San Andres y Providencia,61280,2020-06-26,23,17,1,CO,CO-SAN-ANDRES-Y-PROVIDENCIA
San Andres y Providencia,61280,2020-06-27,24,17,1,CO,CO-SAN-ANDRES-Y-PROVIDENCIA
San Andres y Providencia,61280,2020-06-28,24,17,1,CO,CO-SAN-ANDRES-Y-PROVIDENCIA
San Andres y Providencia,61280,2020-06-29,24,17,1,CO,CO-SAN-ANDRES-Y-PROVIDENCIA
San Andres y Providencia,61280,2020-06-30,24,17,1,CO,CO-SAN-ANDRES-Y-PROVIDENCIA
San Andres y Providencia,61280,2020-07-01,24,17,1,CO,CO-SAN-ANDRES-Y-PROVIDENCIA
San Andres y Providencia,61280,2020-07-02,23,18,1,CO,CO-SAN-ANDRES-Y-PROVIDENCIA
San Andres y Providencia,61280,2020-07-03,23,18,1,CO,CO-SAN-ANDRES-Y-PROVIDENCIA
Santander,2184837,2020-06-08,160,50,6,CO,CO-SANTANDER
Santander,2184837,2020-06-09,167,50,6,CO,CO-SANTANDER
Santander,2184837,2020-06-10,194,50,7,CO,CO-SANTANDER
Santander,2184837,2020-06-11,202,50,7,CO,CO-SANTANDER
Santander,2184837,2020-06-12,208,52,8,CO,CO-SANTANDER
Santander,2184837,2020-06-13,211,54,9,CO,CO-SANTANDER
Santander,2184837,2020-06-14,222,54,9,CO,CO-SANTANDER
Santander,2184837,2020-06-15,234,54,9,CO,CO-SANTANDER
Santander,2184837,2020-06-16,253,54,9,CO,CO-SANTANDER
Santander,2184837,2020-06-17,267,55,10,CO,CO-SANTANDER
Santander,2184837,2020-06-18,267,55,10,CO,CO-SANTANDER
Santander,2184837,2020-06-19,323,70,10,CO,CO-SANTANDER
Santander,2184837,2020-06-20,343,80,10,CO,CO-SANTANDER
Santander,2184837,2020-06-21,363,86,10,CO,CO-SANTANDER
Santander,2184837,2020-06-22,462,99,10,CO,CO-SANTANDER
Santander,2184837,2020-06-23,490,106,11,CO,CO-SANTANDER
Santander,2184837,2020-06-24,499,122,12,CO,CO-SANTANDER
Santander,2184837,2020-06-25,505,134,12,CO,CO-SANTANDER
Santander,2184837,2020-06-26,534,139,13,CO,CO-SANTANDER
Santander,2184837,2020-06-27,562,157,13,CO,CO-SANTANDER
Santander,2184837,2020-06-28,628,161,13,CO,CO-SANTANDER
Santander,2184837,2020-06-29,646,168,14,CO,CO-SANTANDER
Santander,2184837,2020-06-30,690,189,14,CO,CO-SANTANDER
Santander,2184837,2020-07-01,690,189,14,CO,CO-SANTANDER
Santander,2184837,2020-07-02,757,204,15,CO,CO-SANTANDER
Santander,2184837,2020-07-03,757,204,15,CO,CO-SANTANDER
Sucre,904863,2020-06-08,126,5,2,CO,CO-SUCRE
Sucre,904863,2020-06-09,131,5,2,CO,CO-SUCRE
Sucre,904863,2020-06-10,143,5,2,CO,CO-SUCRE
Sucre,904863,2020-06-11,166,5,3,CO,CO-SUCRE
Sucre,904863,2020-06-12,174,6,5,CO,CO-SUCRE
Sucre,904863,2020-06-13,196,6,5,CO,CO-SUCRE
Sucre,904863,2020-06-14,213,7,8,CO,CO-SUCRE
Sucre,904863,2020-06-15,239,8,9,CO,CO-SUCRE
Sucre,904863,2020-06-16,240,10,11,CO,CO-SUCRE
Sucre,904863,2020-06-17,272,16,12,CO,CO-SUCRE
Sucre,904863,2020-06-18,272,16,12,CO,CO-SUCRE
Sucre,904863,2020-06-19,404,34,12,CO,CO-SUCRE
Sucre,904863,2020-06-20,448,36,15,CO,CO-SUCRE
Sucre,904863,2020-06-21,497,43,17,CO,CO-SUCRE
Sucre,904863,2020-06-22,536,45,21,CO,CO-SUCRE
Sucre,904863,2020-06-23,588,47,22,CO,CO-SUCRE
Sucre,904863,2020-06-24,643,54,23,CO,CO-SUCRE
Sucre,904863,2020-06-25,733,55,25,CO,CO-SUCRE
Sucre,904863,2020-06-26,847,65,31,CO,CO-SUCRE
Sucre,904863,2020-06-27,895,78,41,CO,CO-SUCRE
Sucre,904863,2020-06-28,976,88,44,CO,CO-SUCRE
Sucre,904863,2020-06-29,1092,98,51,CO,CO-SUCRE
Sucre,904863,2020-06-30,1153,115,63,CO,CO-SUCRE
Sucre,904863,2020-07-01,1153,115,63,CO,CO-SUCRE
Sucre,904863,2020-07-02,1373,133,75,CO,CO-SUCRE
Sucre,904863,2020-07-03,1373,133,75,CO,CO-SUCRE
Tolima,1330187,2020-06-08,287,175,10,CO,CO-TOLIMA
Tolima,1330187,2020-06-09,293,200,12,CO,CO-TOLIMA
Tolima,1330187,2020-06-10,295,200,12,CO,CO-TOLIMA
Tolima,1330187,2020-06-11,298,204,13,CO,CO-TOLIMA
Tolima,1330187,2020-06-12,314,206,13,CO,CO-TOLIMA
Tolima,1330187,2020-06-13,343,207,13,CO,CO-TOLIMA
Tolima,1330187,2020-06-14,382,208,13,CO,CO-TOLIMA
Tolima,1330187,2020-06-15,385,208,15,CO,CO-TOLIMA
Tolima,1330187,2020-06-16,394,208,15,CO,CO-TOLIMA
Tolima,1330187,2020-06-17,407,222,17,CO,CO-TOLIMA
Tolima,1330187,2020-06-18,407,222,17,CO,CO-TOLIMA
Tolima,1330187,2020-06-19,506,234,17,CO,CO-TOLIMA
Tolima,1330187,2020-06-20,514,243,17,CO,CO-TOLIMA
Tolima,1330187,2020-06-21,528,250,17,CO,CO-TOLIMA
Tolima,1330187,2020-06-22,598,254,19,CO,CO-TOLIMA
Tolima,1330187,2020-06-23,675,258,19,CO,CO-TOLIMA
Tolima,1330187,2020-06-24,690,267,20,CO,CO-TOLIMA
Tolima,1330187,2020-06-25,728,278,20,CO,CO-TOLIMA
Tolima,1330187,2020-06-26,737,283,22,CO,CO-TOLIMA
Tolima,1330187,2020-06-27,741,292,22,CO,CO-TOLIMA
Tolima,1330187,2020-06-28,766,300,22,CO,CO-TOLIMA
Tolima,1330187,2020-06-29,823,308,22,CO,CO-TOLIMA
Tolima,1330187,2020-06-30,934,319,22,CO,CO-TOLIMA
Tolima,1330187,2020-07-01,934,319,22,CO,CO-TOLIMA
Tolima,1330187,2020-07-02,1021,340,22,CO,CO-TOLIMA
Tolima,1330187,2020-07-03,1021,340,22,CO,CO-TOLIMA
Valle del Cauca,4475886,2020-06-08,4424,1583,221,CO,CO-VALLE-DEL-CAUCA
Valle del Cauca,4475886,2020-06-09,4677,1727,223,CO,CO-VALLE-DEL-CAUCA
Valle del Cauca,4475886,2020-06-10,4820,1745,233,CO,CO-VALLE-DEL-CAUCA
Valle del Cauca,4475886,2020-06-11,4978,1802,239,CO,CO-VALLE-DEL-CAUCA
Valle del Cauca,4475886,2020-06-12,5258,1891,245,CO,CO-VALLE-DEL-CAUCA
Valle del Cauca,4475886,2020-06-13,5443,2032,250,CO,CO-VALLE-DEL-CAUCA
Valle del Cauca,4475886,2020-06-14,5633,2072,255,CO,CO-VALLE-DEL-CAUCA
Valle del Cauca,4475886,2020-06-15,5830,2097,258,CO,CO-VALLE-DEL-CAUCA
Valle del Cauca,4475886,2020-06-16,6077,2110,264,CO,CO-VALLE-DEL-CAUCA
Valle del Cauca,4475886,2020-06-17,6289,2161,274,CO,CO-VALLE-DEL-CAUCA
Valle del Cauca,4475886,2020-06-18,6289,2161,274,CO,CO-VALLE-DEL-CAUCA
Valle del Cauca,4475886,2020-06-19,6789,2452,293,CO,CO-VALLE-DEL-CAUCA
Valle del Cauca,4475886,2020-06-20,7032,2636,304,CO,CO-VALLE-DEL-CAUCA
Valle del Cauca,4475886,2020-06-21,7234,2770,313,CO,CO-VALLE-DEL-CAUCA
Valle del Cauca,4475886,2020-06-22,7525,3004,328,CO,CO-VALLE-DEL-CAUCA
Valle del Cauca,4475886,2020-06-23,7660,3156,336,CO,CO-VALLE-DEL-CAUCA
Valle del Cauca,4475886,2020-06-24,7914,3311,345,CO,CO-VALLE-DEL-CAUCA
Valle del Cauca,4475886,2020-06-25,8342,3463,355,CO,CO-VALLE-DEL-CAUCA
Valle del Cauca,4475886,2020-06-26,8689,3649,369,CO,CO-VALLE-DEL-CAUCA
Valle del Cauca,4475886,2020-06-27,8938,3806,384,CO,CO-VALLE-DEL-CAUCA
Valle del Cauca,4475886,2020-06-28,9277,3921,393,CO,CO-VALLE-DEL-CAUCA
Valle del Cauca,4475886,2020-06-29,9468,4286,403,CO,CO-VALLE-DEL-CAUCA
Valle del Cauca,4475886,2020-06-30,9628,4391,406,CO,CO-VALLE-DEL-CAUCA
Valle del Cauca,4475886,2020-07-01,9628,4391,406,CO,CO-VALLE-DEL-CAUCA
Valle del Cauca,4475886,2020-07-02,10508,4771,422,CO,CO-VALLE-DEL-CAUCA
Valle del Cauca,4475886,2020-07-03,10508,4771,422,CO,CO-VALLE-DEL-CAUCA
Vaupes,40797,2020-06-08,11,11,0,CO,CO-VAUPES
Vaupes,40797,2020-06-09,11,11,0,CO,CO-VAUPES
Vaupes,40797,2020-06-10,11,11,0,CO,CO-VAUPES
Vaupes,40797,2020-06-11,11,11,0,CO,CO-VAUPES
Vaupes,40797,2020-06-12,11,11,0,CO,CO-VAUPES
Vaupes,40797,2020-06-13,11,11,0,CO,CO-VAUPES
Vaupes,40797,2020-06-14,27,11,0,CO,CO-VAUPES
Vaupes,40797,2020-06-15,27,11,0,CO,CO-VAUPES
Vaupes,40797,2020-06-16,27,11,0,CO,CO-VAUPES
Vaupes,40797,2020-06-17,27,11,0,CO,CO-VAUPES
Vaupes,40797,2020-06-18,27,11,0,CO,CO-VAUPES
Vaupes,40797,2020-06-19,27,11,0,CO,CO-VAUPES
Vaupes,40797,2020-06-20,27,11,0,CO,CO-VAUPES
Vaupes,40797,2020-06-21,27,11,0,CO,CO-VAUPES
Vaupes,40797,2020-06-22,27,11,0,CO,CO-VAUPES
Vaupes,40797,2020-06-23,28,11,0,CO,CO-VAUPES
Vaupes,40797,2020-06-24,28,11,0,CO,CO-VAUPES
Vaupes,40797,2020-06-25,28,11,0,CO,CO-VAUPES
Vaupes,40797,2020-06-26,28,11,0,CO,CO-VAUPES
Vaupes,40797,2020-06-27,28,12,0,CO,CO-VAUPES
Vaupes,40797,2020-06-28,28,12,0,CO,CO-VAUPES
Vaupes,40797,2020-06-29,28,12,0,CO,CO-VAUPES
Vaupes,40797,2020-06-30,28,13,0,CO,CO-VAUPES
Vaupes,40797,2020-07-01,28,13,0,CO,CO-VAUPES
Vaupes,40797,2020-07-02,28,17,0,CO,CO-VAUPES
Vaupes,40797,2020-07-03,28,17,0,CO,CO-VAUPES
Vichada,107808,2020-06-08,1,0,0,CO,CO-VICHADA
Vichada,107808,2020-06-09,1,0,0,CO,CO-VICHADA
Vichada,107808,2020-06-10,1,0,0,CO,CO-VICHADA
Vichada,107808,2020-06-11,1,0,0,CO,CO-VICHADA
Vichada,107808,2020-06-12,1,0,0,CO,CO-VICHADA
Vichada,107808,2020-06-13,1,0,0,CO,CO-VICHADA
Vichada,107808,2020-06-14,1,1,0,CO,CO-VICHADA
Vichada,107808,2020-06-15,1,1,0,CO,CO-VICHADA
Vichada,107808,2020-06-16,1,1,0,CO,CO-VICHADA
Vichada,107808,2020-06-17,1,1,0,CO,CO-VICHADA
Vichada,107808,2020-06-18,1,1,0,CO,CO-VICHADA
Vichada,107808,2020-06-19,1,1,0,CO,CO-VICHADA
Vichada,107808,2020-06-20,1,1,0,CO,CO-VICHADA
Vichada,107808,2020-06-21,1,1,0,CO,CO-VICHADA
Vichada,107808,2020-06-22,1,1,0,CO,CO-VICHADA
Vichada,107808,2020-06-23,1,1,0,CO,CO-VICHADA
Vichada,107808,2020-06-24,1,1,0,CO,CO-VICHADA
Vichada,107808,2020-06-25,1,1,0,CO,CO-VICHADA
Vichada,107808,2020-06-26,1,1,0,CO,CO-VICHADA
Vichada,107808,2020-06-27,1,1,0,CO,CO-VICHADA
Vichada,107808,2020-06-28,1,1,0,CO,CO-VICHADA
Vichada,107808,2020-06-29,1,1,0,CO,CO-VICHADA
Vichada,107808,2020-06-30,1,1,0,CO,CO-VICHADA
Vichada,107808,2020-07-01,1,1,0,CO,CO-VICHADA
Vichada,107808,2020-07-02,1,1,0,CO,CO-VICHADA
Vichada,107808,2020-07-03,1,1,0,CO,CO-VICHADA
