state_name_en,population_number,reportDate,cases,recovered,deaths,countryCode,stateCode
Aguascalientes,1312544,2020-05-21,558,384,21,MX,MX-AGUASCALIENTES
Aguascalientes,1312544,2020-05-22,586,402,21,MX,MX-AGUASCALIENTES
Aguascalientes,1312544,2020-05-23,609,405,25,MX,MX-AGUASCALIENTES
Aguascalientes,1312544,2020-05-24,614,412,26,MX,MX-AGUASCALIENTES
Aguascalientes,1312544,2020-05-25,616,433,26,MX,MX-AGUASCALIENTES
Aguascalientes,1312544,2020-05-26,649,464,26,MX,MX-AGUASCALIENTES
Aguascalientes,1312544,2020-05-27,676,473,30,MX,MX-AGUASCALIENTES
Aguascalientes,1312544,2020-05-28,716,494,32,MX,MX-AGUASCALIENTES
Aguascalientes,1312544,2020-05-29,769,523,33,MX,MX-AGUASCALIENTES
Aguascalientes,1312544,2020-05-30,797,545,33,MX,MX-AGUASCALIENTES
Aguascalientes,1312544,2020-05-31,816,557,35,MX,MX-AGUASCALIENTES
Aguascalientes,1312544,2020-06-01,816,574,35,MX,MX-AGUASCALIENTES
Aguascalientes,1312544,2020-06-02,841,596,35,MX,MX-AGUASCALIENTES
Aguascalientes,1312544,2020-06-03,890,616,35,MX,MX-AGUASCALIENTES
Aguascalientes,1312544,2020-06-04,939,650,36,MX,MX-AGUASCALIENTES
Aguascalientes,1312544,2020-06-05,1035,683,38,MX,MX-AGUASCALIENTES
Aguascalientes,1312544,2020-06-06,1072,703,48,MX,MX-AGUASCALIENTES
Aguascalientes,1312544,2020-06-07,1104,723,51,MX,MX-AGUASCALIENTES
Aguascalientes,1312544,2020-06-08,1104,752,51,MX,MX-AGUASCALIENTES
Aguascalientes,1312544,2020-06-09,1160,792,53,MX,MX-AGUASCALIENTES
Aguascalientes,1312544,2020-06-10,1222,835,56,MX,MX-AGUASCALIENTES
Aguascalientes,1312544,2020-06-11,1251,864,59,MX,MX-AGUASCALIENTES
Aguascalientes,1312544,2020-06-12,1320,901,67,MX,MX-AGUASCALIENTES
Aguascalientes,1312544,2020-06-13,1401,936,69,MX,MX-AGUASCALIENTES
Aguascalientes,1312544,2020-06-14,1431,968,70,MX,MX-AGUASCALIENTES
Aguascalientes,1312544,2020-06-15,1431,1008,70,MX,MX-AGUASCALIENTES
Aguascalientes,1312544,2020-06-16,1467,1078,71,MX,MX-AGUASCALIENTES
Aguascalientes,1312544,2020-06-17,1561,1130,84,MX,MX-AGUASCALIENTES
Aguascalientes,1312544,2020-06-18,1619,1160,93,MX,MX-AGUASCALIENTES
Aguascalientes,1312544,2020-06-19,1684,1192,98,MX,MX-AGUASCALIENTES
Aguascalientes,1312544,2020-06-20,1757,1248,106,MX,MX-AGUASCALIENTES
Aguascalientes,1312544,2020-06-21,1819,1307,109,MX,MX-AGUASCALIENTES
Aguascalientes,1312544,2020-06-22,1876,1351,110,MX,MX-AGUASCALIENTES
Aguascalientes,1312544,2020-06-23,1906,1419,112,MX,MX-AGUASCALIENTES
Aguascalientes,1312544,2020-06-24,1960,1468,114,MX,MX-AGUASCALIENTES
Aguascalientes,1312544,2020-06-25,2035,1531,119,MX,MX-AGUASCALIENTES
Aguascalientes,1312544,2020-06-26,2071,1568,122,MX,MX-AGUASCALIENTES
Aguascalientes,1312544,2020-06-27,2131,1601,129,MX,MX-AGUASCALIENTES
Aguascalientes,1312544,2020-06-28,2161,1643,134,MX,MX-AGUASCALIENTES
Aguascalientes,1312544,2020-06-29,2219,1702,134,MX,MX-AGUASCALIENTES
Aguascalientes,1312544,2020-06-30,2257,1772,140,MX,MX-AGUASCALIENTES
Aguascalientes,1312544,2020-07-01,2340,1827,146,MX,MX-AGUASCALIENTES
Aguascalientes,1312544,2020-07-02,2363,1877,151,MX,MX-AGUASCALIENTES
Aguascalientes,1312544,2020-07-03,2399,1933,154,MX,MX-AGUASCALIENTES
Baja California,3315766,2020-05-21,3603,2536,606,MX,MX-BAJA-CALIFORNIA
Baja California,3315766,2020-05-22,3780,2603,637,MX,MX-BAJA-CALIFORNIA
Baja California,3315766,2020-05-23,3944,2741,648,MX,MX-BAJA-CALIFORNIA
Baja California,3315766,2020-05-24,4097,2826,653,MX,MX-BAJA-CALIFORNIA
Baja California,3315766,2020-05-25,4218,2906,696,MX,MX-BAJA-CALIFORNIA
Baja California,3315766,2020-05-26,4250,2992,705,MX,MX-BAJA-CALIFORNIA
Baja California,3315766,2020-05-27,4421,3077,740,MX,MX-BAJA-CALIFORNIA
Baja California,3315766,2020-05-28,4590,3185,773,MX,MX-BAJA-CALIFORNIA
Baja California,3315766,2020-05-29,4777,3249,808,MX,MX-BAJA-CALIFORNIA
Baja California,3315766,2020-05-30,4886,3391,821,MX,MX-BAJA-CALIFORNIA
Baja California,3315766,2020-05-31,5027,3463,864,MX,MX-BAJA-CALIFORNIA
Baja California,3315766,2020-06-01,5075,3568,865,MX,MX-BAJA-CALIFORNIA
Baja California,3315766,2020-06-02,5127,3701,871,MX,MX-BAJA-CALIFORNIA
Baja California,3315766,2020-06-03,5231,3830,879,MX,MX-BAJA-CALIFORNIA
Baja California,3315766,2020-06-04,5460,3905,1013,MX,MX-BAJA-CALIFORNIA
Baja California,3315766,2020-06-05,5604,3872,1137,MX,MX-BAJA-CALIFORNIA
Baja California,3315766,2020-06-06,5784,4006,1200,MX,MX-BAJA-CALIFORNIA
Baja California,3315766,2020-06-07,5976,4125,1230,MX,MX-BAJA-CALIFORNIA
Baja California,3315766,2020-06-08,6087,4230,1245,MX,MX-BAJA-CALIFORNIA
Baja California,3315766,2020-06-09,6138,4322,1257,MX,MX-BAJA-CALIFORNIA
Baja California,3315766,2020-06-10,6297,4425,1302,MX,MX-BAJA-CALIFORNIA
Baja California,3315766,2020-06-11,6436,4470,1387,MX,MX-BAJA-CALIFORNIA
Baja California,3315766,2020-06-12,6620,4577,1418,MX,MX-BAJA-CALIFORNIA
Baja California,3315766,2020-06-13,6766,4660,1439,MX,MX-BAJA-CALIFORNIA
Baja California,3315766,2020-06-14,6852,4710,1471,MX,MX-BAJA-CALIFORNIA
Baja California,3315766,2020-06-15,6895,4786,1510,MX,MX-BAJA-CALIFORNIA
Baja California,3315766,2020-06-16,7039,4921,1536,MX,MX-BAJA-CALIFORNIA
Baja California,3315766,2020-06-17,7120,4952,1594,MX,MX-BAJA-CALIFORNIA
Baja California,3315766,2020-06-18,7242,5043,1617,MX,MX-BAJA-CALIFORNIA
Baja California,3315766,2020-06-19,7403,5123,1638,MX,MX-BAJA-CALIFORNIA
Baja California,3315766,2020-06-20,7559,5210,1683,MX,MX-BAJA-CALIFORNIA
Baja California,3315766,2020-06-21,7711,5291,1734,MX,MX-BAJA-CALIFORNIA
Baja California,3315766,2020-06-22,7790,5396,1741,MX,MX-BAJA-CALIFORNIA
Baja California,3315766,2020-06-23,7898,5530,1768,MX,MX-BAJA-CALIFORNIA
Baja California,3315766,2020-06-24,8057,5640,1794,MX,MX-BAJA-CALIFORNIA
Baja California,3315766,2020-06-25,8164,5750,1813,MX,MX-BAJA-CALIFORNIA
Baja California,3315766,2020-06-26,8272,5858,1824,MX,MX-BAJA-CALIFORNIA
Baja California,3315766,2020-06-27,8487,6013,1854,MX,MX-BAJA-CALIFORNIA
Baja California,3315766,2020-06-28,8647,6144,1873,MX,MX-BAJA-CALIFORNIA
Baja California,3315766,2020-06-29,8722,6236,1883,MX,MX-BAJA-CALIFORNIA
Baja California,3315766,2020-06-30,8755,6362,1899,MX,MX-BAJA-CALIFORNIA
Baja California,3315766,2020-07-01,8923,6496,1931,MX,MX-BAJA-CALIFORNIA
Baja California,3315766,2020-07-02,9221,6677,1962,MX,MX-BAJA-CALIFORNIA
Baja California,3315766,2020-07-03,9423,6775,2007,MX,MX-BAJA-CALIFORNIA
Baja California Sur,712029,2020-05-21,476,397,28,MX,MX-BAJA-CALIFORNIA-SUR
Baja California Sur,712029,2020-05-22,502,406,29,MX,MX-BAJA-CALIFORNIA-SUR
Baja California Sur,712029,2020-05-23,504,412,31,MX,MX-BAJA-CALIFORNIA-SUR
Baja California Sur,712029,2020-05-24,521,416,31,MX,MX-BAJA-CALIFORNIA-SUR
Baja California Sur,712029,2020-05-25,533,426,31,MX,MX-BAJA-CALIFORNIA-SUR
Baja California Sur,712029,2020-05-26,541,430,32,MX,MX-BAJA-CALIFORNIA-SUR
Baja California Sur,712029,2020-05-27,549,440,32,MX,MX-BAJA-CALIFORNIA-SUR
Baja California Sur,712029,2020-05-28,557,453,32,MX,MX-BAJA-CALIFORNIA-SUR
Baja California Sur,712029,2020-05-29,568,465,33,MX,MX-BAJA-CALIFORNIA-SUR
Baja California Sur,712029,2020-05-30,594,474,34,MX,MX-BAJA-CALIFORNIA-SUR
Baja California Sur,712029,2020-05-31,606,482,35,MX,MX-BAJA-CALIFORNIA-SUR
Baja California Sur,712029,2020-06-01,631,497,35,MX,MX-BAJA-CALIFORNIA-SUR
Baja California Sur,712029,2020-06-02,643,515,35,MX,MX-BAJA-CALIFORNIA-SUR
Baja California Sur,712029,2020-06-03,660,529,35,MX,MX-BAJA-CALIFORNIA-SUR
Baja California Sur,712029,2020-06-04,698,547,35,MX,MX-BAJA-CALIFORNIA-SUR
Baja California Sur,712029,2020-06-05,714,556,38,MX,MX-BAJA-CALIFORNIA-SUR
Baja California Sur,712029,2020-06-06,735,569,41,MX,MX-BAJA-CALIFORNIA-SUR
Baja California Sur,712029,2020-06-07,754,584,43,MX,MX-BAJA-CALIFORNIA-SUR
Baja California Sur,712029,2020-06-08,765,604,43,MX,MX-BAJA-CALIFORNIA-SUR
Baja California Sur,712029,2020-06-09,786,616,45,MX,MX-BAJA-CALIFORNIA-SUR
Baja California Sur,712029,2020-06-10,812,633,47,MX,MX-BAJA-CALIFORNIA-SUR
Baja California Sur,712029,2020-06-11,869,649,47,MX,MX-BAJA-CALIFORNIA-SUR
Baja California Sur,712029,2020-06-12,918,665,48,MX,MX-BAJA-CALIFORNIA-SUR
Baja California Sur,712029,2020-06-13,923,684,48,MX,MX-BAJA-CALIFORNIA-SUR
Baja California Sur,712029,2020-06-14,961,699,49,MX,MX-BAJA-CALIFORNIA-SUR
Baja California Sur,712029,2020-06-15,992,708,50,MX,MX-BAJA-CALIFORNIA-SUR
Baja California Sur,712029,2020-06-16,1002,735,51,MX,MX-BAJA-CALIFORNIA-SUR
Baja California Sur,712029,2020-06-17,1040,766,56,MX,MX-BAJA-CALIFORNIA-SUR
Baja California Sur,712029,2020-06-18,1055,792,61,MX,MX-BAJA-CALIFORNIA-SUR
Baja California Sur,712029,2020-06-19,1122,817,63,MX,MX-BAJA-CALIFORNIA-SUR
Baja California Sur,712029,2020-06-20,1128,834,64,MX,MX-BAJA-CALIFORNIA-SUR
Baja California Sur,712029,2020-06-21,1188,870,64,MX,MX-BAJA-CALIFORNIA-SUR
Baja California Sur,712029,2020-06-22,1221,907,65,MX,MX-BAJA-CALIFORNIA-SUR
Baja California Sur,712029,2020-06-23,1254,948,65,MX,MX-BAJA-CALIFORNIA-SUR
Baja California Sur,712029,2020-06-24,1275,981,67,MX,MX-BAJA-CALIFORNIA-SUR
Baja California Sur,712029,2020-06-25,1287,1014,69,MX,MX-BAJA-CALIFORNIA-SUR
Baja California Sur,712029,2020-06-26,1324,1046,69,MX,MX-BAJA-CALIFORNIA-SUR
Baja California Sur,712029,2020-06-27,1384,1059,69,MX,MX-BAJA-CALIFORNIA-SUR
Baja California Sur,712029,2020-06-28,1389,1093,70,MX,MX-BAJA-CALIFORNIA-SUR
Baja California Sur,712029,2020-06-29,1437,1119,70,MX,MX-BAJA-CALIFORNIA-SUR
Baja California Sur,712029,2020-06-30,1487,1167,70,MX,MX-BAJA-CALIFORNIA-SUR
Baja California Sur,712029,2020-07-01,1529,1195,71,MX,MX-BAJA-CALIFORNIA-SUR
Baja California Sur,712029,2020-07-02,1578,1221,77,MX,MX-BAJA-CALIFORNIA-SUR
Baja California Sur,712029,2020-07-03,1631,1266,79,MX,MX-BAJA-CALIFORNIA-SUR
Campeche,899931,2020-05-21,328,205,48,MX,MX-CAMPECHE
Campeche,899931,2020-05-22,354,210,50,MX,MX-CAMPECHE
Campeche,899931,2020-05-23,378,228,50,MX,MX-CAMPECHE
Campeche,899931,2020-05-24,406,240,54,MX,MX-CAMPECHE
Campeche,899931,2020-05-25,429,262,54,MX,MX-CAMPECHE
Campeche,899931,2020-05-26,443,284,57,MX,MX-CAMPECHE
Campeche,899931,2020-05-27,452,298,66,MX,MX-CAMPECHE
Campeche,899931,2020-05-28,486,308,70,MX,MX-CAMPECHE
Campeche,899931,2020-05-29,522,321,76,MX,MX-CAMPECHE
Campeche,899931,2020-05-30,535,331,81,MX,MX-CAMPECHE
Campeche,899931,2020-05-31,563,352,83,MX,MX-CAMPECHE
Campeche,899931,2020-06-01,583,366,90,MX,MX-CAMPECHE
Campeche,899931,2020-06-02,608,381,91,MX,MX-CAMPECHE
Campeche,899931,2020-06-03,612,398,92,MX,MX-CAMPECHE
Campeche,899931,2020-06-04,635,422,94,MX,MX-CAMPECHE
Campeche,899931,2020-06-05,679,437,103,MX,MX-CAMPECHE
Campeche,899931,2020-06-06,688,464,103,MX,MX-CAMPECHE
Campeche,899931,2020-06-07,727,494,105,MX,MX-CAMPECHE
Campeche,899931,2020-06-08,757,518,105,MX,MX-CAMPECHE
Campeche,899931,2020-06-09,792,556,106,MX,MX-CAMPECHE
Campeche,899931,2020-06-10,814,565,111,MX,MX-CAMPECHE
Campeche,899931,2020-06-11,848,578,116,MX,MX-CAMPECHE
Campeche,899931,2020-06-12,904,593,122,MX,MX-CAMPECHE
Campeche,899931,2020-06-13,925,612,127,MX,MX-CAMPECHE
Campeche,899931,2020-06-14,963,634,133,MX,MX-CAMPECHE
Campeche,899931,2020-06-15,997,658,135,MX,MX-CAMPECHE
Campeche,899931,2020-06-16,1032,694,137,MX,MX-CAMPECHE
Campeche,899931,2020-06-17,1056,721,140,MX,MX-CAMPECHE
Campeche,899931,2020-06-18,1096,754,142,MX,MX-CAMPECHE
Campeche,899931,2020-06-19,1154,778,150,MX,MX-CAMPECHE
Campeche,899931,2020-06-20,1207,829,155,MX,MX-CAMPECHE
Campeche,899931,2020-06-21,1254,873,157,MX,MX-CAMPECHE
Campeche,899931,2020-06-22,1324,931,157,MX,MX-CAMPECHE
Campeche,899931,2020-06-23,1383,989,162,MX,MX-CAMPECHE
Campeche,899931,2020-06-24,1436,1032,166,MX,MX-CAMPECHE
Campeche,899931,2020-06-25,1503,1105,169,MX,MX-CAMPECHE
Campeche,899931,2020-06-26,1581,1159,175,MX,MX-CAMPECHE
Campeche,899931,2020-06-27,1654,1223,181,MX,MX-CAMPECHE
Campeche,899931,2020-06-28,1717,1304,188,MX,MX-CAMPECHE
Campeche,899931,2020-06-29,1810,1371,193,MX,MX-CAMPECHE
Campeche,899931,2020-06-30,1859,1452,196,MX,MX-CAMPECHE
Campeche,899931,2020-07-01,1916,1512,205,MX,MX-CAMPECHE
Campeche,899931,2020-07-02,1998,1560,216,MX,MX-CAMPECHE
Campeche,899931,2020-07-03,2092,1642,223,MX,MX-CAMPECHE
Chiapas,5217908,2020-05-21,808,420,53,MX,MX-CHIAPAS
Chiapas,5217908,2020-05-22,895,441,64,MX,MX-CHIAPAS
Chiapas,5217908,2020-05-23,971,485,67,MX,MX-CHIAPAS
Chiapas,5217908,2020-05-24,1050,543,68,MX,MX-CHIAPAS
Chiapas,5217908,2020-05-25,1164,605,69,MX,MX-CHIAPAS
Chiapas,5217908,2020-05-26,1224,659,72,MX,MX-CHIAPAS
Chiapas,5217908,2020-05-27,1289,708,84,MX,MX-CHIAPAS
Chiapas,5217908,2020-05-28,1402,766,101,MX,MX-CHIAPAS
Chiapas,5217908,2020-05-29,1471,812,114,MX,MX-CHIAPAS
Chiapas,5217908,2020-05-30,1566,878,125,MX,MX-CHIAPAS
Chiapas,5217908,2020-05-31,1711,955,131,MX,MX-CHIAPAS
Chiapas,5217908,2020-06-01,1869,1010,135,MX,MX-CHIAPAS
Chiapas,5217908,2020-06-02,1928,1128,136,MX,MX-CHIAPAS
Chiapas,5217908,2020-06-03,2013,1198,146,MX,MX-CHIAPAS
Chiapas,5217908,2020-06-04,2039,1283,162,MX,MX-CHIAPAS
Chiapas,5217908,2020-06-05,2158,1360,170,MX,MX-CHIAPAS
Chiapas,5217908,2020-06-06,2283,1449,176,MX,MX-CHIAPAS
Chiapas,5217908,2020-06-07,2487,1579,192,MX,MX-CHIAPAS
Chiapas,5217908,2020-06-08,2610,1675,198,MX,MX-CHIAPAS
Chiapas,5217908,2020-06-09,2613,1795,208,MX,MX-CHIAPAS
Chiapas,5217908,2020-06-10,2779,1906,221,MX,MX-CHIAPAS
Chiapas,5217908,2020-06-11,2868,1979,243,MX,MX-CHIAPAS
Chiapas,5217908,2020-06-12,2959,2082,254,MX,MX-CHIAPAS
Chiapas,5217908,2020-06-13,3099,2193,264,MX,MX-CHIAPAS
Chiapas,5217908,2020-06-14,3143,2273,289,MX,MX-CHIAPAS
Chiapas,5217908,2020-06-15,3241,2369,291,MX,MX-CHIAPAS
Chiapas,5217908,2020-06-16,3309,2479,300,MX,MX-CHIAPAS
Chiapas,5217908,2020-06-17,3402,2562,307,MX,MX-CHIAPAS
Chiapas,5217908,2020-06-18,3447,2625,321,MX,MX-CHIAPAS
Chiapas,5217908,2020-06-19,3550,2716,329,MX,MX-CHIAPAS
Chiapas,5217908,2020-06-20,3617,2804,357,MX,MX-CHIAPAS
Chiapas,5217908,2020-06-21,3670,2905,364,MX,MX-CHIAPAS
Chiapas,5217908,2020-06-22,3778,3011,374,MX,MX-CHIAPAS
Chiapas,5217908,2020-06-23,3850,3102,389,MX,MX-CHIAPAS
Chiapas,5217908,2020-06-24,3924,3166,401,MX,MX-CHIAPAS
Chiapas,5217908,2020-06-25,4034,3236,420,MX,MX-CHIAPAS
Chiapas,5217908,2020-06-26,4146,3306,435,MX,MX-CHIAPAS
Chiapas,5217908,2020-06-27,4224,3369,464,MX,MX-CHIAPAS
Chiapas,5217908,2020-06-28,4275,3436,490,MX,MX-CHIAPAS
Chiapas,5217908,2020-06-29,4339,3499,503,MX,MX-CHIAPAS
Chiapas,5217908,2020-06-30,4383,3571,519,MX,MX-CHIAPAS
Chiapas,5217908,2020-07-01,4489,3640,543,MX,MX-CHIAPAS
Chiapas,5217908,2020-07-02,4612,3681,557,MX,MX-CHIAPAS
Chiapas,5217908,2020-07-03,4649,3712,584,MX,MX-CHIAPAS
Chihuahua,3556574,2020-05-21,1014,693,208,MX,MX-CHIHUAHUA
Chihuahua,3556574,2020-05-22,1093,746,224,MX,MX-CHIHUAHUA
Chihuahua,3556574,2020-05-23,1121,760,245,MX,MX-CHIHUAHUA
Chihuahua,3556574,2020-05-24,1170,791,246,MX,MX-CHIHUAHUA
Chihuahua,3556574,2020-05-25,1186,823,249,MX,MX-CHIHUAHUA
Chihuahua,3556574,2020-05-26,1193,843,255,MX,MX-CHIHUAHUA
Chihuahua,3556574,2020-05-27,1278,896,272,MX,MX-CHIHUAHUA
Chihuahua,3556574,2020-05-28,1356,946,286,MX,MX-CHIHUAHUA
Chihuahua,3556574,2020-05-29,1400,974,293,MX,MX-CHIHUAHUA
Chihuahua,3556574,2020-05-30,1505,1035,305,MX,MX-CHIHUAHUA
Chihuahua,3556574,2020-05-31,1569,1095,314,MX,MX-CHIHUAHUA
Chihuahua,3556574,2020-06-01,1616,1139,318,MX,MX-CHIHUAHUA
Chihuahua,3556574,2020-06-02,1627,1177,328,MX,MX-CHIHUAHUA
Chihuahua,3556574,2020-06-03,1696,1239,340,MX,MX-CHIHUAHUA
Chihuahua,3556574,2020-06-04,1731,1275,358,MX,MX-CHIHUAHUA
Chihuahua,3556574,2020-06-05,1771,1304,372,MX,MX-CHIHUAHUA
Chihuahua,3556574,2020-06-06,1807,1341,376,MX,MX-CHIHUAHUA
Chihuahua,3556574,2020-06-07,1829,1365,383,MX,MX-CHIHUAHUA
Chihuahua,3556574,2020-06-08,1909,1399,385,MX,MX-CHIHUAHUA
Chihuahua,3556574,2020-06-09,1917,1424,386,MX,MX-CHIHUAHUA
Chihuahua,3556574,2020-06-10,1963,1447,403,MX,MX-CHIHUAHUA
Chihuahua,3556574,2020-06-11,2073,1546,416,MX,MX-CHIHUAHUA
Chihuahua,3556574,2020-06-12,2103,1583,430,MX,MX-CHIHUAHUA
Chihuahua,3556574,2020-06-13,2150,1620,449,MX,MX-CHIHUAHUA
Chihuahua,3556574,2020-06-14,2222,1691,455,MX,MX-CHIHUAHUA
Chihuahua,3556574,2020-06-15,2271,1720,458,MX,MX-CHIHUAHUA
Chihuahua,3556574,2020-06-16,2281,1739,466,MX,MX-CHIHUAHUA
Chihuahua,3556574,2020-06-17,2345,1755,492,MX,MX-CHIHUAHUA
Chihuahua,3556574,2020-06-18,2404,1777,503,MX,MX-CHIHUAHUA
Chihuahua,3556574,2020-06-19,2447,1778,526,MX,MX-CHIHUAHUA
Chihuahua,3556574,2020-06-20,2482,1811,537,MX,MX-CHIHUAHUA
Chihuahua,3556574,2020-06-21,2541,1852,553,MX,MX-CHIHUAHUA
Chihuahua,3556574,2020-06-22,2622,1883,557,MX,MX-CHIHUAHUA
Chihuahua,3556574,2020-06-23,2638,1912,563,MX,MX-CHIHUAHUA
Chihuahua,3556574,2020-06-24,2665,1946,577,MX,MX-CHIHUAHUA
Chihuahua,3556574,2020-06-25,2730,2008,591,MX,MX-CHIHUAHUA
Chihuahua,3556574,2020-06-26,2839,2080,610,MX,MX-CHIHUAHUA
Chihuahua,3556574,2020-06-27,2911,2140,616,MX,MX-CHIHUAHUA
Chihuahua,3556574,2020-06-28,2947,2160,626,MX,MX-CHIHUAHUA
Chihuahua,3556574,2020-06-29,2958,2198,627,MX,MX-CHIHUAHUA
Chihuahua,3556574,2020-06-30,3007,2272,635,MX,MX-CHIHUAHUA
Chihuahua,3556574,2020-07-01,3062,2315,640,MX,MX-CHIHUAHUA
Chihuahua,3556574,2020-07-02,3112,2341,648,MX,MX-CHIHUAHUA
Chihuahua,3556574,2020-07-03,3211,2405,653,MX,MX-CHIHUAHUA
Mexico City,8918653,2020-05-21,15844,11208,1618,MX,MX-CIUDAD-DE-MEXICO
Mexico City,8918653,2020-05-22,16758,11665,1754,MX,MX-CIUDAD-DE-MEXICO
Mexico City,8918653,2020-05-23,17690,12341,1854,MX,MX-CIUDAD-DE-MEXICO
Mexico City,8918653,2020-05-24,18912,13112,1899,MX,MX-CIUDAD-DE-MEXICO
Mexico City,8918653,2020-05-25,19682,13900,1963,MX,MX-CIUDAD-DE-MEXICO
Mexico City,8918653,2020-05-26,20235,14557,2024,MX,MX-CIUDAD-DE-MEXICO
Mexico City,8918653,2020-05-27,20999,15160,2166,MX,MX-CIUDAD-DE-MEXICO
Mexico City,8918653,2020-05-28,21826,15693,2313,MX,MX-CIUDAD-DE-MEXICO
Mexico City,8918653,2020-05-29,22698,16299,2427,MX,MX-CIUDAD-DE-MEXICO
Mexico City,8918653,2020-05-30,23623,17060,2536,MX,MX-CIUDAD-DE-MEXICO
Mexico City,8918653,2020-05-31,24265,17626,2621,MX,MX-CIUDAD-DE-MEXICO
Mexico City,8918653,2020-06-01,25018,18286,2658,MX,MX-CIUDAD-DE-MEXICO
Mexico City,8918653,2020-06-02,25787,19099,2713,MX,MX-CIUDAD-DE-MEXICO
Mexico City,8918653,2020-06-03,26509,19750,2850,MX,MX-CIUDAD-DE-MEXICO
Mexico City,8918653,2020-06-04,27326,20521,3214,MX,MX-CIUDAD-DE-MEXICO
Mexico City,8918653,2020-06-05,28389,20988,3456,MX,MX-CIUDAD-DE-MEXICO
Mexico City,8918653,2020-06-06,29580,21649,3631,MX,MX-CIUDAD-DE-MEXICO
Mexico City,8918653,2020-06-07,30223,22254,3696,MX,MX-CIUDAD-DE-MEXICO
Mexico City,8918653,2020-06-08,30831,22860,3729,MX,MX-CIUDAD-DE-MEXICO
Mexico City,8918653,2020-06-09,31493,23716,3804,MX,MX-CIUDAD-DE-MEXICO
Mexico City,8918653,2020-06-10,32256,24424,3941,MX,MX-CIUDAD-DE-MEXICO
Mexico City,8918653,2020-06-11,33173,25068,4106,MX,MX-CIUDAD-DE-MEXICO
Mexico City,8918653,2020-06-12,34077,25785,4266,MX,MX-CIUDAD-DE-MEXICO
Mexico City,8918653,2020-06-13,35272,26574,4401,MX,MX-CIUDAD-DE-MEXICO
Mexico City,8918653,2020-06-14,35954,27133,4503,MX,MX-CIUDAD-DE-MEXICO
Mexico City,8918653,2020-06-15,36879,27760,4553,MX,MX-CIUDAD-DE-MEXICO
Mexico City,8918653,2020-06-16,37503,28817,4664,MX,MX-CIUDAD-DE-MEXICO
Mexico City,8918653,2020-06-17,38117,29401,4821,MX,MX-CIUDAD-DE-MEXICO
Mexico City,8918653,2020-06-18,38871,29904,5042,MX,MX-CIUDAD-DE-MEXICO
Mexico City,8918653,2020-06-19,40021,30696,5184,MX,MX-CIUDAD-DE-MEXICO
Mexico City,8918653,2020-06-20,41007,31451,5314,MX,MX-CIUDAD-DE-MEXICO
Mexico City,8918653,2020-06-21,41777,32206,5378,MX,MX-CIUDAD-DE-MEXICO
Mexico City,8918653,2020-06-22,42479,32744,5451,MX,MX-CIUDAD-DE-MEXICO
Mexico City,8918653,2020-06-23,42903,33453,5515,MX,MX-CIUDAD-DE-MEXICO
Mexico City,8918653,2020-06-24,43596,34034,5656,MX,MX-CIUDAD-DE-MEXICO
Mexico City,8918653,2020-06-25,44243,34666,5938,MX,MX-CIUDAD-DE-MEXICO
Mexico City,8918653,2020-06-26,45125,35167,6116,MX,MX-CIUDAD-DE-MEXICO
Mexico City,8918653,2020-06-27,45977,35837,6245,MX,MX-CIUDAD-DE-MEXICO
Mexico City,8918653,2020-06-28,46610,36422,6324,MX,MX-CIUDAD-DE-MEXICO
Mexico City,8918653,2020-06-29,47047,36849,6360,MX,MX-CIUDAD-DE-MEXICO
Mexico City,8918653,2020-06-30,47437,37550,6456,MX,MX-CIUDAD-DE-MEXICO
Mexico City,8918653,2020-07-01,48014,38026,6560,MX,MX-CIUDAD-DE-MEXICO
Mexico City,8918653,2020-07-02,48568,38457,6642,MX,MX-CIUDAD-DE-MEXICO
Mexico City,8918653,2020-07-03,49573,39104,6750,MX,MX-CIUDAD-DE-MEXICO
Coahuila,2954915,2020-05-21,749,564,59,MX,MX-COAHUILA
Coahuila,2954915,2020-05-22,772,578,62,MX,MX-COAHUILA
Coahuila,2954915,2020-05-23,813,598,64,MX,MX-COAHUILA
Coahuila,2954915,2020-05-24,816,617,64,MX,MX-COAHUILA
Coahuila,2954915,2020-05-25,824,635,65,MX,MX-COAHUILA
Coahuila,2954915,2020-05-26,876,656,68,MX,MX-COAHUILA
Coahuila,2954915,2020-05-27,917,687,67,MX,MX-COAHUILA
Coahuila,2954915,2020-05-28,965,696,72,MX,MX-COAHUILA
Coahuila,2954915,2020-05-29,980,711,73,MX,MX-COAHUILA
Coahuila,2954915,2020-05-30,1015,740,75,MX,MX-COAHUILA
Coahuila,2954915,2020-05-31,1084,768,77,MX,MX-COAHUILA
Coahuila,2954915,2020-06-01,1084,797,81,MX,MX-COAHUILA
Coahuila,2954915,2020-06-02,1088,834,81,MX,MX-COAHUILA
Coahuila,2954915,2020-06-03,1169,860,81,MX,MX-COAHUILA
Coahuila,2954915,2020-06-04,1254,915,88,MX,MX-COAHUILA
Coahuila,2954915,2020-06-05,1307,959,88,MX,MX-COAHUILA
Coahuila,2954915,2020-06-06,1350,994,91,MX,MX-COAHUILA
Coahuila,2954915,2020-06-07,1420,1048,92,MX,MX-COAHUILA
Coahuila,2954915,2020-06-08,1513,1088,95,MX,MX-COAHUILA
Coahuila,2954915,2020-06-09,1560,1137,100,MX,MX-COAHUILA
Coahuila,2954915,2020-06-10,1612,1194,104,MX,MX-COAHUILA
Coahuila,2954915,2020-06-11,1658,1236,105,MX,MX-COAHUILA
Coahuila,2954915,2020-06-12,1846,1297,115,MX,MX-COAHUILA
Coahuila,2954915,2020-06-13,1884,1372,123,MX,MX-COAHUILA
Coahuila,2954915,2020-06-14,1909,1410,130,MX,MX-COAHUILA
Coahuila,2954915,2020-06-15,1969,1453,132,MX,MX-COAHUILA
Coahuila,2954915,2020-06-16,2053,1561,135,MX,MX-COAHUILA
Coahuila,2954915,2020-06-17,2288,1647,137,MX,MX-COAHUILA
Coahuila,2954915,2020-06-18,2371,1722,141,MX,MX-COAHUILA
Coahuila,2954915,2020-06-19,2499,1800,145,MX,MX-COAHUILA
Coahuila,2954915,2020-06-20,2626,1884,152,MX,MX-COAHUILA
Coahuila,2954915,2020-06-21,2750,1992,155,MX,MX-COAHUILA
Coahuila,2954915,2020-06-22,2869,2070,157,MX,MX-COAHUILA
Coahuila,2954915,2020-06-23,2912,2186,163,MX,MX-COAHUILA
Coahuila,2954915,2020-06-24,3123,2326,168,MX,MX-COAHUILA
Coahuila,2954915,2020-06-25,3225,2417,177,MX,MX-COAHUILA
Coahuila,2954915,2020-06-26,3479,2502,190,MX,MX-COAHUILA
Coahuila,2954915,2020-06-27,3688,2599,197,MX,MX-COAHUILA
Coahuila,2954915,2020-06-28,3791,2706,201,MX,MX-COAHUILA
Coahuila,2954915,2020-06-29,3999,2877,210,MX,MX-COAHUILA
Coahuila,2954915,2020-06-30,4270,3039,214,MX,MX-COAHUILA
Coahuila,2954915,2020-07-01,4573,3245,229,MX,MX-COAHUILA
Coahuila,2954915,2020-07-02,4883,3517,233,MX,MX-COAHUILA
Coahuila,2954915,2020-07-03,5213,3718,240,MX,MX-COAHUILA
Colima,711235,2020-05-21,83,39,10,MX,MX-COLIMA
Colima,711235,2020-05-22,91,40,12,MX,MX-COLIMA
Colima,711235,2020-05-23,97,44,14,MX,MX-COLIMA
Colima,711235,2020-05-24,100,47,14,MX,MX-COLIMA
Colima,711235,2020-05-25,112,50,14,MX,MX-COLIMA
Colima,711235,2020-05-26,115,52,18,MX,MX-COLIMA
Colima,711235,2020-05-27,118,61,19,MX,MX-COLIMA
Colima,711235,2020-05-28,128,65,21,MX,MX-COLIMA
Colima,711235,2020-05-29,135,68,21,MX,MX-COLIMA
Colima,711235,2020-05-30,136,72,21,MX,MX-COLIMA
Colima,711235,2020-05-31,141,80,21,MX,MX-COLIMA
Colima,711235,2020-06-01,151,86,21,MX,MX-COLIMA
Colima,711235,2020-06-02,154,95,21,MX,MX-COLIMA
Colima,711235,2020-06-03,158,94,26,MX,MX-COLIMA
Colima,711235,2020-06-04,170,105,27,MX,MX-COLIMA
Colima,711235,2020-06-05,180,108,29,MX,MX-COLIMA
Colima,711235,2020-06-06,196,117,29,MX,MX-COLIMA
Colima,711235,2020-06-07,205,122,30,MX,MX-COLIMA
Colima,711235,2020-06-08,214,126,31,MX,MX-COLIMA
Colima,711235,2020-06-09,217,132,32,MX,MX-COLIMA
Colima,711235,2020-06-10,224,134,33,MX,MX-COLIMA
Colima,711235,2020-06-11,240,137,34,MX,MX-COLIMA
Colima,711235,2020-06-12,252,147,36,MX,MX-COLIMA
Colima,711235,2020-06-13,264,151,36,MX,MX-COLIMA
Colima,711235,2020-06-14,276,158,39,MX,MX-COLIMA
Colima,711235,2020-06-15,291,169,39,MX,MX-COLIMA
Colima,711235,2020-06-16,298,186,40,MX,MX-COLIMA
Colima,711235,2020-06-17,307,195,41,MX,MX-COLIMA
Colima,711235,2020-06-18,324,202,42,MX,MX-COLIMA
Colima,711235,2020-06-19,339,208,42,MX,MX-COLIMA
Colima,711235,2020-06-20,353,219,43,MX,MX-COLIMA
Colima,711235,2020-06-21,363,229,43,MX,MX-COLIMA
Colima,711235,2020-06-22,385,241,44,MX,MX-COLIMA
Colima,711235,2020-06-23,400,255,47,MX,MX-COLIMA
Colima,711235,2020-06-24,428,268,52,MX,MX-COLIMA
Colima,711235,2020-06-25,439,271,57,MX,MX-COLIMA
Colima,711235,2020-06-26,459,282,58,MX,MX-COLIMA
Colima,711235,2020-06-27,484,295,62,MX,MX-COLIMA
Colima,711235,2020-06-28,502,309,63,MX,MX-COLIMA
Colima,711235,2020-06-29,529,325,65,MX,MX-COLIMA
Colima,711235,2020-06-30,542,343,69,MX,MX-COLIMA
Colima,711235,2020-07-01,551,361,71,MX,MX-COLIMA
Colima,711235,2020-07-02,578,368,73,MX,MX-COLIMA
Colima,711235,2020-07-03,603,386,78,MX,MX-COLIMA
Durango,1754754,2020-05-21,189,116,20,MX,MX-DURANGO
Durango,1754754,2020-05-22,194,125,23,MX,MX-DURANGO
Durango,1754754,2020-05-23,211,132,26,MX,MX-DURANGO
Durango,1754754,2020-05-24,217,139,26,MX,MX-DURANGO
Durango,1754754,2020-05-25,233,142,26,MX,MX-DURANGO
Durango,1754754,2020-05-26,246,150,26,MX,MX-DURANGO
Durango,1754754,2020-05-27,249,157,27,MX,MX-DURANGO
Durango,1754754,2020-05-28,279,162,32,MX,MX-DURANGO
Durango,1754754,2020-05-29,304,169,33,MX,MX-DURANGO
Durango,1754754,2020-05-30,322,179,34,MX,MX-DURANGO
Durango,1754754,2020-05-31,365,189,37,MX,MX-DURANGO
Durango,1754754,2020-06-01,384,196,37,MX,MX-DURANGO
Durango,1754754,2020-06-02,400,210,37,MX,MX-DURANGO
Durango,1754754,2020-06-03,410,221,42,MX,MX-DURANGO
Durango,1754754,2020-06-04,470,240,44,MX,MX-DURANGO
Durango,1754754,2020-06-05,498,250,47,MX,MX-DURANGO
Durango,1754754,2020-06-06,536,264,49,MX,MX-DURANGO
Durango,1754754,2020-06-07,567,283,53,MX,MX-DURANGO
Durango,1754754,2020-06-08,627,307,53,MX,MX-DURANGO
Durango,1754754,2020-06-09,659,328,53,MX,MX-DURANGO
Durango,1754754,2020-06-10,683,352,54,MX,MX-DURANGO
Durango,1754754,2020-06-11,724,380,56,MX,MX-DURANGO
Durango,1754754,2020-06-12,775,417,59,MX,MX-DURANGO
Durango,1754754,2020-06-13,856,447,65,MX,MX-DURANGO
Durango,1754754,2020-06-14,920,481,73,MX,MX-DURANGO
Durango,1754754,2020-06-15,971,514,73,MX,MX-DURANGO
Durango,1754754,2020-06-16,985,581,75,MX,MX-DURANGO
Durango,1754754,2020-06-17,1003,615,75,MX,MX-DURANGO
Durango,1754754,2020-06-18,1090,637,93,MX,MX-DURANGO
Durango,1754754,2020-06-19,1170,687,96,MX,MX-DURANGO
Durango,1754754,2020-06-20,1234,747,100,MX,MX-DURANGO
Durango,1754754,2020-06-21,1321,802,103,MX,MX-DURANGO
Durango,1754754,2020-06-22,1364,849,106,MX,MX-DURANGO
Durango,1754754,2020-06-23,1374,905,106,MX,MX-DURANGO
Durango,1754754,2020-06-24,1393,941,114,MX,MX-DURANGO
Durango,1754754,2020-06-25,1437,996,125,MX,MX-DURANGO
Durango,1754754,2020-06-26,1567,1047,132,MX,MX-DURANGO
Durango,1754754,2020-06-27,1653,1092,134,MX,MX-DURANGO
Durango,1754754,2020-06-28,1688,1135,136,MX,MX-DURANGO
Durango,1754754,2020-06-29,1736,1199,136,MX,MX-DURANGO
Durango,1754754,2020-06-30,1787,1251,139,MX,MX-DURANGO
Durango,1754754,2020-07-01,1899,1308,142,MX,MX-DURANGO
Durango,1754754,2020-07-02,2001,1394,147,MX,MX-DURANGO
Durango,1754754,2020-07-03,2080,1444,149,MX,MX-DURANGO
Guanajuato,5853677,2020-05-21,821,481,80,MX,MX-GUANAJUATO
Guanajuato,5853677,2020-05-22,897,517,84,MX,MX-GUANAJUATO
Guanajuato,5853677,2020-05-23,948,556,85,MX,MX-GUANAJUATO
Guanajuato,5853677,2020-05-24,1028,595,85,MX,MX-GUANAJUATO
Guanajuato,5853677,2020-05-25,1054,620,88,MX,MX-GUANAJUATO
Guanajuato,5853677,2020-05-26,1127,666,91,MX,MX-GUANAJUATO
Guanajuato,5853677,2020-05-27,1184,710,96,MX,MX-GUANAJUATO
Guanajuato,5853677,2020-05-28,1238,734,101,MX,MX-GUANAJUATO
Guanajuato,5853677,2020-05-29,1320,764,101,MX,MX-GUANAJUATO
Guanajuato,5853677,2020-05-30,1384,823,105,MX,MX-GUANAJUATO
Guanajuato,5853677,2020-05-31,1463,871,107,MX,MX-GUANAJUATO
Guanajuato,5853677,2020-06-01,1633,932,107,MX,MX-GUANAJUATO
Guanajuato,5853677,2020-06-02,1680,992,112,MX,MX-GUANAJUATO
Guanajuato,5853677,2020-06-03,1872,1052,116,MX,MX-GUANAJUATO
Guanajuato,5853677,2020-06-04,2009,1108,122,MX,MX-GUANAJUATO
Guanajuato,5853677,2020-06-05,2135,1134,125,MX,MX-GUANAJUATO
Guanajuato,5853677,2020-06-06,2278,1218,134,MX,MX-GUANAJUATO
Guanajuato,5853677,2020-06-07,2389,1313,136,MX,MX-GUANAJUATO
Guanajuato,5853677,2020-06-08,2500,1420,138,MX,MX-GUANAJUATO
Guanajuato,5853677,2020-06-09,2556,1556,141,MX,MX-GUANAJUATO
Guanajuato,5853677,2020-06-10,2718,1656,145,MX,MX-GUANAJUATO
Guanajuato,5853677,2020-06-11,2936,1778,159,MX,MX-GUANAJUATO
Guanajuato,5853677,2020-06-12,3053,1875,171,MX,MX-GUANAJUATO
Guanajuato,5853677,2020-06-13,3221,2022,178,MX,MX-GUANAJUATO
Guanajuato,5853677,2020-06-14,3367,2178,184,MX,MX-GUANAJUATO
Guanajuato,5853677,2020-06-15,3470,2325,189,MX,MX-GUANAJUATO
Guanajuato,5853677,2020-06-16,3540,2504,196,MX,MX-GUANAJUATO
Guanajuato,5853677,2020-06-17,3876,2644,204,MX,MX-GUANAJUATO
Guanajuato,5853677,2020-06-18,4061,2794,215,MX,MX-GUANAJUATO
Guanajuato,5853677,2020-06-19,4319,2938,221,MX,MX-GUANAJUATO
Guanajuato,5853677,2020-06-20,4563,3109,232,MX,MX-GUANAJUATO
Guanajuato,5853677,2020-06-21,4797,3305,247,MX,MX-GUANAJUATO
Guanajuato,5853677,2020-06-22,4931,3445,250,MX,MX-GUANAJUATO
Guanajuato,5853677,2020-06-23,5014,3624,257,MX,MX-GUANAJUATO
Guanajuato,5853677,2020-06-24,5449,3802,280,MX,MX-GUANAJUATO
Guanajuato,5853677,2020-06-25,5703,4021,282,MX,MX-GUANAJUATO
Guanajuato,5853677,2020-06-26,6126,4178,301,MX,MX-GUANAJUATO
Guanajuato,5853677,2020-06-27,6402,4405,327,MX,MX-GUANAJUATO
Guanajuato,5853677,2020-06-28,6611,4635,334,MX,MX-GUANAJUATO
Guanajuato,5853677,2020-06-29,6785,4959,342,MX,MX-GUANAJUATO
Guanajuato,5853677,2020-06-30,6995,5289,348,MX,MX-GUANAJUATO
Guanajuato,5853677,2020-07-01,7336,5567,357,MX,MX-GUANAJUATO
Guanajuato,5853677,2020-07-02,7744,5792,370,MX,MX-GUANAJUATO
Guanajuato,5853677,2020-07-03,8062,6014,390,MX,MX-GUANAJUATO
Guerrero,3533251,2020-05-21,927,572,136,MX,MX-GUERRERO
Guerrero,3533251,2020-05-22,984,599,147,MX,MX-GUERRERO
Guerrero,3533251,2020-05-23,1020,638,154,MX,MX-GUERRERO
Guerrero,3533251,2020-05-24,1086,689,163,MX,MX-GUERRERO
Guerrero,3533251,2020-05-25,1205,744,168,MX,MX-GUERRERO
Guerrero,3533251,2020-05-26,1301,795,174,MX,MX-GUERRERO
Guerrero,3533251,2020-05-27,1363,850,189,MX,MX-GUERRERO
Guerrero,3533251,2020-05-28,1421,902,210,MX,MX-GUERRERO
Guerrero,3533251,2020-05-29,1584,974,232,MX,MX-GUERRERO
Guerrero,3533251,2020-05-30,1643,1085,242,MX,MX-GUERRERO
Guerrero,3533251,2020-05-31,1827,1197,261,MX,MX-GUERRERO
Guerrero,3533251,2020-06-01,1893,1285,266,MX,MX-GUERRERO
Guerrero,3533251,2020-06-02,1951,1418,272,MX,MX-GUERRERO
Guerrero,3533251,2020-06-03,2052,1503,286,MX,MX-GUERRERO
Guerrero,3533251,2020-06-04,2134,1594,305,MX,MX-GUERRERO
Guerrero,3533251,2020-06-05,2158,1640,332,MX,MX-GUERRERO
Guerrero,3533251,2020-06-06,2325,1740,347,MX,MX-GUERRERO
Guerrero,3533251,2020-06-07,2415,1842,360,MX,MX-GUERRERO
Guerrero,3533251,2020-06-08,2551,1918,371,MX,MX-GUERRERO
Guerrero,3533251,2020-06-09,2561,1987,379,MX,MX-GUERRERO
Guerrero,3533251,2020-06-10,2668,2049,418,MX,MX-GUERRERO
Guerrero,3533251,2020-06-11,2887,2153,477,MX,MX-GUERRERO
Guerrero,3533251,2020-06-12,3018,2233,496,MX,MX-GUERRERO
Guerrero,3533251,2020-06-13,3160,2331,512,MX,MX-GUERRERO
Guerrero,3533251,2020-06-14,3259,2406,534,MX,MX-GUERRERO
Guerrero,3533251,2020-06-15,3344,2493,544,MX,MX-GUERRERO
Guerrero,3533251,2020-06-16,3496,2600,574,MX,MX-GUERRERO
Guerrero,3533251,2020-06-17,3633,2693,599,MX,MX-GUERRERO
Guerrero,3533251,2020-06-18,3782,2761,649,MX,MX-GUERRERO
Guerrero,3533251,2020-06-19,3902,2818,672,MX,MX-GUERRERO
Guerrero,3533251,2020-06-20,4029,2908,689,MX,MX-GUERRERO
Guerrero,3533251,2020-06-21,4179,3018,710,MX,MX-GUERRERO
Guerrero,3533251,2020-06-22,4288,3097,721,MX,MX-GUERRERO
Guerrero,3533251,2020-06-23,4423,3212,743,MX,MX-GUERRERO
Guerrero,3533251,2020-06-24,4611,3334,790,MX,MX-GUERRERO
Guerrero,3533251,2020-06-25,4768,3473,810,MX,MX-GUERRERO
Guerrero,3533251,2020-06-26,4828,3572,820,MX,MX-GUERRERO
Guerrero,3533251,2020-06-27,4933,3686,836,MX,MX-GUERRERO
Guerrero,3533251,2020-06-28,5052,3768,846,MX,MX-GUERRERO
Guerrero,3533251,2020-06-29,5183,3860,856,MX,MX-GUERRERO
Guerrero,3533251,2020-06-30,5311,3986,865,MX,MX-GUERRERO
Guerrero,3533251,2020-07-01,5413,4061,880,MX,MX-GUERRERO
Guerrero,3533251,2020-07-02,5571,4145,900,MX,MX-GUERRERO
Guerrero,3533251,2020-07-03,5652,4268,913,MX,MX-GUERRERO
Hidalgo,2858359,2020-05-21,1034,493,180,MX,MX-HIDALGO
Hidalgo,2858359,2020-05-22,1097,510,193,MX,MX-HIDALGO
Hidalgo,2858359,2020-05-23,1136,550,201,MX,MX-HIDALGO
Hidalgo,2858359,2020-05-24,1192,584,212,MX,MX-HIDALGO
Hidalgo,2858359,2020-05-25,1243,638,212,MX,MX-HIDALGO
Hidalgo,2858359,2020-05-26,1319,698,215,MX,MX-HIDALGO
Hidalgo,2858359,2020-05-27,1439,716,240,MX,MX-HIDALGO
Hidalgo,2858359,2020-05-28,1479,773,247,MX,MX-HIDALGO
Hidalgo,2858359,2020-05-29,1544,826,264,MX,MX-HIDALGO
Hidalgo,2858359,2020-05-30,1599,870,287,MX,MX-HIDALGO
Hidalgo,2858359,2020-05-31,1670,900,299,MX,MX-HIDALGO
Hidalgo,2858359,2020-06-01,1710,949,304,MX,MX-HIDALGO
Hidalgo,2858359,2020-06-02,1769,1026,318,MX,MX-HIDALGO
Hidalgo,2858359,2020-06-03,1898,1105,329,MX,MX-HIDALGO
Hidalgo,2858359,2020-06-04,2011,1163,365,MX,MX-HIDALGO
Hidalgo,2858359,2020-06-05,2077,1207,374,MX,MX-HIDALGO
Hidalgo,2858359,2020-06-06,2131,1276,386,MX,MX-HIDALGO
Hidalgo,2858359,2020-06-07,2196,1344,394,MX,MX-HIDALGO
Hidalgo,2858359,2020-06-08,2270,1393,402,MX,MX-HIDALGO
Hidalgo,2858359,2020-06-09,2291,1498,405,MX,MX-HIDALGO
Hidalgo,2858359,2020-06-10,2345,1549,413,MX,MX-HIDALGO
Hidalgo,2858359,2020-06-11,2460,1598,430,MX,MX-HIDALGO
Hidalgo,2858359,2020-06-12,2518,1651,433,MX,MX-HIDALGO
Hidalgo,2858359,2020-06-13,2616,1691,449,MX,MX-HIDALGO
Hidalgo,2858359,2020-06-14,2675,1748,456,MX,MX-HIDALGO
Hidalgo,2858359,2020-06-15,2739,1801,464,MX,MX-HIDALGO
Hidalgo,2858359,2020-06-16,2790,1861,472,MX,MX-HIDALGO
Hidalgo,2858359,2020-06-17,2860,1913,481,MX,MX-HIDALGO
Hidalgo,2858359,2020-06-18,2983,1981,497,MX,MX-HIDALGO
Hidalgo,2858359,2020-06-19,3040,2046,505,MX,MX-HIDALGO
Hidalgo,2858359,2020-06-20,3127,2117,522,MX,MX-HIDALGO
Hidalgo,2858359,2020-06-21,3183,2179,533,MX,MX-HIDALGO
Hidalgo,2858359,2020-06-22,3248,2239,551,MX,MX-HIDALGO
Hidalgo,2858359,2020-06-23,3300,2313,557,MX,MX-HIDALGO
Hidalgo,2858359,2020-06-24,3420,2381,567,MX,MX-HIDALGO
Hidalgo,2858359,2020-06-25,3482,2463,585,MX,MX-HIDALGO
Hidalgo,2858359,2020-06-26,3579,2514,600,MX,MX-HIDALGO
Hidalgo,2858359,2020-06-27,3647,2557,610,MX,MX-HIDALGO
Hidalgo,2858359,2020-06-28,3724,2612,624,MX,MX-HIDALGO
Hidalgo,2858359,2020-06-29,3762,2654,629,MX,MX-HIDALGO
Hidalgo,2858359,2020-06-30,3782,2726,643,MX,MX-HIDALGO
Hidalgo,2858359,2020-07-01,3866,2767,666,MX,MX-HIDALGO
Hidalgo,2858359,2020-07-02,3977,2836,679,MX,MX-HIDALGO
Hidalgo,2858359,2020-07-03,4079,2896,698,MX,MX-HIDALGO
Jalisco,7844830,2020-05-21,967,593,95,MX,MX-JALISCO
Jalisco,7844830,2020-05-22,1028,620,96,MX,MX-JALISCO
Jalisco,7844830,2020-05-23,1095,637,102,MX,MX-JALISCO
Jalisco,7844830,2020-05-24,1132,670,102,MX,MX-JALISCO
Jalisco,7844830,2020-05-25,1180,703,107,MX,MX-JALISCO
Jalisco,7844830,2020-05-26,1238,742,116,MX,MX-JALISCO
Jalisco,7844830,2020-05-27,1295,770,125,MX,MX-JALISCO
Jalisco,7844830,2020-05-28,1355,819,128,MX,MX-JALISCO
Jalisco,7844830,2020-05-29,1432,859,133,MX,MX-JALISCO
Jalisco,7844830,2020-05-30,1524,900,136,MX,MX-JALISCO
Jalisco,7844830,2020-05-31,1660,932,139,MX,MX-JALISCO
Jalisco,7844830,2020-06-01,1760,992,143,MX,MX-JALISCO
Jalisco,7844830,2020-06-02,1802,1049,151,MX,MX-JALISCO
Jalisco,7844830,2020-06-03,2025,1116,167,MX,MX-JALISCO
Jalisco,7844830,2020-06-04,2136,1163,183,MX,MX-JALISCO
Jalisco,7844830,2020-06-05,2289,1230,192,MX,MX-JALISCO
Jalisco,7844830,2020-06-06,2447,1294,213,MX,MX-JALISCO
Jalisco,7844830,2020-06-07,2653,1367,229,MX,MX-JALISCO
Jalisco,7844830,2020-06-08,2820,1478,241,MX,MX-JALISCO
Jalisco,7844830,2020-06-09,2988,1629,257,MX,MX-JALISCO
Jalisco,7844830,2020-06-10,3218,1742,272,MX,MX-JALISCO
Jalisco,7844830,2020-06-11,3309,1865,284,MX,MX-JALISCO
Jalisco,7844830,2020-06-12,3511,1993,310,MX,MX-JALISCO
Jalisco,7844830,2020-06-13,3704,2150,319,MX,MX-JALISCO
Jalisco,7844830,2020-06-14,3880,2288,327,MX,MX-JALISCO
Jalisco,7844830,2020-06-15,4044,2420,335,MX,MX-JALISCO
Jalisco,7844830,2020-06-16,4139,2675,348,MX,MX-JALISCO
Jalisco,7844830,2020-06-17,4289,2846,363,MX,MX-JALISCO
Jalisco,7844830,2020-06-18,4495,2971,404,MX,MX-JALISCO
Jalisco,7844830,2020-06-19,4656,3105,426,MX,MX-JALISCO
Jalisco,7844830,2020-06-20,4791,3273,432,MX,MX-JALISCO
Jalisco,7844830,2020-06-21,4922,3429,441,MX,MX-JALISCO
Jalisco,7844830,2020-06-22,5090,3621,461,MX,MX-JALISCO
Jalisco,7844830,2020-06-23,5217,3826,472,MX,MX-JALISCO
Jalisco,7844830,2020-06-24,5528,4032,492,MX,MX-JALISCO
Jalisco,7844830,2020-06-25,5715,4190,528,MX,MX-JALISCO
Jalisco,7844830,2020-06-26,5875,4329,563,MX,MX-JALISCO
Jalisco,7844830,2020-06-27,6054,4435,603,MX,MX-JALISCO
Jalisco,7844830,2020-06-28,6190,4564,620,MX,MX-JALISCO
Jalisco,7844830,2020-06-29,6386,4723,636,MX,MX-JALISCO
Jalisco,7844830,2020-06-30,6497,4893,662,MX,MX-JALISCO
Jalisco,7844830,2020-07-01,6684,5038,692,MX,MX-JALISCO
Jalisco,7844830,2020-07-02,6873,5188,729,MX,MX-JALISCO
Jalisco,7844830,2020-07-03,7030,5332,762,MX,MX-JALISCO
México,16187608,2020-05-21,9346,7365,563,MX,MX-MEXICO
México,16187608,2020-05-22,9661,7663,622,MX,MX-MEXICO
México,16187608,2020-05-23,10160,7914,809,MX,MX-MEXICO
México,16187608,2020-05-24,10606,8289,842,MX,MX-MEXICO
México,16187608,2020-05-25,11057,8730,846,MX,MX-MEXICO
México,16187608,2020-05-26,11523,9229,872,MX,MX-MEXICO
México,16187608,2020-05-27,12366,9674,943,MX,MX-MEXICO
México,16187608,2020-05-28,13140,10032,1002,MX,MX-MEXICO
México,16187608,2020-05-29,13679,10431,1046,MX,MX-MEXICO
México,16187608,2020-05-30,14063,10905,1087,MX,MX-MEXICO
México,16187608,2020-05-31,14334,11213,1148,MX,MX-MEXICO
México,16187608,2020-06-01,14862,11631,1159,MX,MX-MEXICO
México,16187608,2020-06-02,15210,12121,1168,MX,MX-MEXICO
México,16187608,2020-06-03,15720,12585,1205,MX,MX-MEXICO
México,16187608,2020-06-04,16320,13000,1305,MX,MX-MEXICO
México,16187608,2020-06-05,17158,13259,1475,MX,MX-MEXICO
México,16187608,2020-06-06,17815,13842,1531,MX,MX-MEXICO
México,16187608,2020-06-07,18175,14260,1548,MX,MX-MEXICO
México,16187608,2020-06-08,18552,14656,1563,MX,MX-MEXICO
México,16187608,2020-06-09,18993,15219,1621,MX,MX-MEXICO
México,16187608,2020-06-10,19692,15767,1651,MX,MX-MEXICO
México,16187608,2020-06-11,20723,16371,1761,MX,MX-MEXICO
México,16187608,2020-06-12,21631,16957,1813,MX,MX-MEXICO
México,16187608,2020-06-13,22434,17614,1885,MX,MX-MEXICO
México,16187608,2020-06-14,22776,18152,1931,MX,MX-MEXICO
México,16187608,2020-06-15,23359,18704,1952,MX,MX-MEXICO
México,16187608,2020-06-16,23726,19436,2005,MX,MX-MEXICO
México,16187608,2020-06-17,24564,19974,2109,MX,MX-MEXICO
México,16187608,2020-06-18,25227,20457,2222,MX,MX-MEXICO
México,16187608,2020-06-19,26079,21081,2343,MX,MX-MEXICO
México,16187608,2020-06-20,26721,21714,2457,MX,MX-MEXICO
México,16187608,2020-06-21,27241,22445,2502,MX,MX-MEXICO
México,16187608,2020-06-22,28505,22990,3092,MX,MX-MEXICO
México,16187608,2020-06-23,29424,23609,3415,MX,MX-MEXICO
México,16187608,2020-06-24,30011,24153,3515,MX,MX-MEXICO
México,16187608,2020-06-25,31075,24807,3711,MX,MX-MEXICO
México,16187608,2020-06-26,32017,25340,3873,MX,MX-MEXICO
México,16187608,2020-06-27,32667,25895,4021,MX,MX-MEXICO
México,16187608,2020-06-28,33153,26352,4156,MX,MX-MEXICO
México,16187608,2020-06-29,33480,26803,4164,MX,MX-MEXICO
México,16187608,2020-06-30,33696,27457,4200,MX,MX-MEXICO
México,16187608,2020-07-01,34253,27900,4312,MX,MX-MEXICO
México,16187608,2020-07-02,34953,28296,4450,MX,MX-MEXICO
México,16187608,2020-07-03,35631,28901,4514,MX,MX-MEXICO
Michoacan,4584471,2020-05-21,1094,665,97,MX,MX-MICHOACAN
Michoacan,4584471,2020-05-22,1163,703,107,MX,MX-MICHOACAN
Michoacan,4584471,2020-05-23,1249,763,110,MX,MX-MICHOACAN
Michoacan,4584471,2020-05-24,1330,804,115,MX,MX-MICHOACAN
Michoacan,4584471,2020-05-25,1368,871,116,MX,MX-MICHOACAN
Michoacan,4584471,2020-05-26,1402,935,119,MX,MX-MICHOACAN
Michoacan,4584471,2020-05-27,1495,987,132,MX,MX-MICHOACAN
Michoacan,4584471,2020-05-28,1613,1051,143,MX,MX-MICHOACAN
Michoacan,4584471,2020-05-29,1710,1135,150,MX,MX-MICHOACAN
Michoacan,4584471,2020-05-30,1810,1226,153,MX,MX-MICHOACAN
Michoacan,4584471,2020-05-31,1869,1278,163,MX,MX-MICHOACAN
Michoacan,4584471,2020-06-01,1913,1325,165,MX,MX-MICHOACAN
Michoacan,4584471,2020-06-02,1950,1394,169,MX,MX-MICHOACAN
Michoacan,4584471,2020-06-03,2022,1455,175,MX,MX-MICHOACAN
Michoacan,4584471,2020-06-04,2121,1534,194,MX,MX-MICHOACAN
Michoacan,4584471,2020-06-05,2213,1596,206,MX,MX-MICHOACAN
Michoacan,4584471,2020-06-06,2311,1669,220,MX,MX-MICHOACAN
Michoacan,4584471,2020-06-07,2325,1718,223,MX,MX-MICHOACAN
Michoacan,4584471,2020-06-08,2480,1809,228,MX,MX-MICHOACAN
Michoacan,4584471,2020-06-09,2562,1922,235,MX,MX-MICHOACAN
Michoacan,4584471,2020-06-10,2854,2045,245,MX,MX-MICHOACAN
Michoacan,4584471,2020-06-11,2971,2143,257,MX,MX-MICHOACAN
Michoacan,4584471,2020-06-12,3176,2292,262,MX,MX-MICHOACAN
Michoacan,4584471,2020-06-13,3331,2403,268,MX,MX-MICHOACAN
Michoacan,4584471,2020-06-14,3409,2491,272,MX,MX-MICHOACAN
Michoacan,4584471,2020-06-15,3485,2585,277,MX,MX-MICHOACAN
Michoacan,4584471,2020-06-16,3602,2726,287,MX,MX-MICHOACAN
Michoacan,4584471,2020-06-17,3666,2831,307,MX,MX-MICHOACAN
Michoacan,4584471,2020-06-18,3984,2990,324,MX,MX-MICHOACAN
Michoacan,4584471,2020-06-19,4175,3107,341,MX,MX-MICHOACAN
Michoacan,4584471,2020-06-20,4283,3233,353,MX,MX-MICHOACAN
Michoacan,4584471,2020-06-21,4477,3392,361,MX,MX-MICHOACAN
Michoacan,4584471,2020-06-22,4496,3513,364,MX,MX-MICHOACAN
Michoacan,4584471,2020-06-23,4659,3641,376,MX,MX-MICHOACAN
Michoacan,4584471,2020-06-24,4785,3776,388,MX,MX-MICHOACAN
Michoacan,4584471,2020-06-25,5020,3923,401,MX,MX-MICHOACAN
Michoacan,4584471,2020-06-26,5291,4066,415,MX,MX-MICHOACAN
Michoacan,4584471,2020-06-27,5393,4238,420,MX,MX-MICHOACAN
Michoacan,4584471,2020-06-28,5478,4350,429,MX,MX-MICHOACAN
Michoacan,4584471,2020-06-29,5506,4486,431,MX,MX-MICHOACAN
Michoacan,4584471,2020-06-30,5568,4643,441,MX,MX-MICHOACAN
Michoacan,4584471,2020-07-01,5665,4746,450,MX,MX-MICHOACAN
Michoacan,4584471,2020-07-02,5810,4875,466,MX,MX-MICHOACAN
Michoacan,4584471,2020-07-03,5996,5059,479,MX,MX-MICHOACAN
Morelos,1903811,2020-05-21,1115,675,205,MX,MX-MORELOS
Morelos,1903811,2020-05-22,1164,704,210,MX,MX-MORELOS
Morelos,1903811,2020-05-23,1134,686,228,MX,MX-MORELOS
Morelos,1903811,2020-05-24,1171,712,238,MX,MX-MORELOS
Morelos,1903811,2020-05-25,1213,745,236,MX,MX-MORELOS
Morelos,1903811,2020-05-26,1232,779,239,MX,MX-MORELOS
Morelos,1903811,2020-05-27,1220,754,248,MX,MX-MORELOS
Morelos,1903811,2020-05-28,1264,776,250,MX,MX-MORELOS
Morelos,1903811,2020-05-29,1302,782,259,MX,MX-MORELOS
Morelos,1903811,2020-05-30,1333,815,262,MX,MX-MORELOS
Morelos,1903811,2020-05-31,1391,847,262,MX,MX-MORELOS
Morelos,1903811,2020-06-01,1391,881,265,MX,MX-MORELOS
Morelos,1903811,2020-06-02,1397,911,270,MX,MX-MORELOS
Morelos,1903811,2020-06-03,1438,943,273,MX,MX-MORELOS
Morelos,1903811,2020-06-04,1464,933,281,MX,MX-MORELOS
Morelos,1903811,2020-06-05,1491,958,288,MX,MX-MORELOS
Morelos,1903811,2020-06-06,1540,982,295,MX,MX-MORELOS
Morelos,1903811,2020-06-07,1574,1027,296,MX,MX-MORELOS
Morelos,1903811,2020-06-08,1608,1067,298,MX,MX-MORELOS
Morelos,1903811,2020-06-09,1610,1097,298,MX,MX-MORELOS
Morelos,1903811,2020-06-10,1643,1117,312,MX,MX-MORELOS
Morelos,1903811,2020-06-11,1715,1142,319,MX,MX-MORELOS
Morelos,1903811,2020-06-12,1758,1160,326,MX,MX-MORELOS
Morelos,1903811,2020-06-13,1808,1208,334,MX,MX-MORELOS
Morelos,1903811,2020-06-14,1841,1248,334,MX,MX-MORELOS
Morelos,1903811,2020-06-15,1875,1285,335,MX,MX-MORELOS
Morelos,1903811,2020-06-16,1893,1329,336,MX,MX-MORELOS
Morelos,1903811,2020-06-17,1925,1336,349,MX,MX-MORELOS
Morelos,1903811,2020-06-18,1980,1351,355,MX,MX-MORELOS
Morelos,1903811,2020-06-19,2030,1384,361,MX,MX-MORELOS
Morelos,1903811,2020-06-20,2069,1427,366,MX,MX-MORELOS
Morelos,1903811,2020-06-21,2104,1446,372,MX,MX-MORELOS
Morelos,1903811,2020-06-22,2291,1492,532,MX,MX-MORELOS
Morelos,1903811,2020-06-23,2420,1552,625,MX,MX-MORELOS
Morelos,1903811,2020-06-24,2495,1603,633,MX,MX-MORELOS
Morelos,1903811,2020-06-25,2633,1713,639,MX,MX-MORELOS
Morelos,1903811,2020-06-26,2683,1770,640,MX,MX-MORELOS
Morelos,1903811,2020-06-27,2734,1838,644,MX,MX-MORELOS
Morelos,1903811,2020-06-28,2815,1917,648,MX,MX-MORELOS
Morelos,1903811,2020-06-29,2829,1957,651,MX,MX-MORELOS
Morelos,1903811,2020-06-30,2850,2007,653,MX,MX-MORELOS
Morelos,1903811,2020-07-01,2898,2061,665,MX,MX-MORELOS
Morelos,1903811,2020-07-02,2984,2088,678,MX,MX-MORELOS
Morelos,1903811,2020-07-03,3032,2136,683,MX,MX-MORELOS
Nayarit,1181050,2020-05-21,349,207,37,MX,MX-NAYARIT
Nayarit,1181050,2020-05-22,362,212,38,MX,MX-NAYARIT
Nayarit,1181050,2020-05-23,381,223,40,MX,MX-NAYARIT
Nayarit,1181050,2020-05-24,404,239,41,MX,MX-NAYARIT
Nayarit,1181050,2020-05-25,421,257,42,MX,MX-NAYARIT
Nayarit,1181050,2020-05-26,439,275,42,MX,MX-NAYARIT
Nayarit,1181050,2020-05-27,457,288,45,MX,MX-NAYARIT
Nayarit,1181050,2020-05-28,476,299,46,MX,MX-NAYARIT
Nayarit,1181050,2020-05-29,503,310,49,MX,MX-NAYARIT
Nayarit,1181050,2020-05-30,524,327,51,MX,MX-NAYARIT
Nayarit,1181050,2020-05-31,552,349,52,MX,MX-NAYARIT
Nayarit,1181050,2020-06-01,580,367,53,MX,MX-NAYARIT
Nayarit,1181050,2020-06-02,620,380,59,MX,MX-NAYARIT
Nayarit,1181050,2020-06-03,638,392,68,MX,MX-NAYARIT
Nayarit,1181050,2020-06-04,654,400,75,MX,MX-NAYARIT
Nayarit,1181050,2020-06-05,695,412,78,MX,MX-NAYARIT
Nayarit,1181050,2020-06-06,722,430,81,MX,MX-NAYARIT
Nayarit,1181050,2020-06-07,752,454,85,MX,MX-NAYARIT
Nayarit,1181050,2020-06-08,786,482,86,MX,MX-NAYARIT
Nayarit,1181050,2020-06-09,814,518,87,MX,MX-NAYARIT
Nayarit,1181050,2020-06-10,838,543,90,MX,MX-NAYARIT
Nayarit,1181050,2020-06-11,870,557,96,MX,MX-NAYARIT
Nayarit,1181050,2020-06-12,907,580,101,MX,MX-NAYARIT
Nayarit,1181050,2020-06-13,951,597,108,MX,MX-NAYARIT
Nayarit,1181050,2020-06-14,985,620,110,MX,MX-NAYARIT
Nayarit,1181050,2020-06-15,1023,657,111,MX,MX-NAYARIT
Nayarit,1181050,2020-06-16,1039,690,113,MX,MX-NAYARIT
Nayarit,1181050,2020-06-17,1085,710,125,MX,MX-NAYARIT
Nayarit,1181050,2020-06-18,1131,736,126,MX,MX-NAYARIT
Nayarit,1181050,2020-06-19,1169,758,137,MX,MX-NAYARIT
Nayarit,1181050,2020-06-20,1216,786,140,MX,MX-NAYARIT
Nayarit,1181050,2020-06-21,1266,819,144,MX,MX-NAYARIT
Nayarit,1181050,2020-06-22,1332,837,151,MX,MX-NAYARIT
Nayarit,1181050,2020-06-23,1344,875,153,MX,MX-NAYARIT
Nayarit,1181050,2020-06-24,1380,912,160,MX,MX-NAYARIT
Nayarit,1181050,2020-06-25,1433,950,162,MX,MX-NAYARIT
Nayarit,1181050,2020-06-26,1487,981,168,MX,MX-NAYARIT
Nayarit,1181050,2020-06-27,1538,1009,177,MX,MX-NAYARIT
Nayarit,1181050,2020-06-28,1592,1034,183,MX,MX-NAYARIT
Nayarit,1181050,2020-06-29,1657,1071,185,MX,MX-NAYARIT
Nayarit,1181050,2020-06-30,1676,1123,195,MX,MX-NAYARIT
Nayarit,1181050,2020-07-01,1723,1161,201,MX,MX-NAYARIT
Nayarit,1181050,2020-07-02,1776,1192,208,MX,MX-NAYARIT
Nayarit,1181050,2020-07-03,1840,1228,209,MX,MX-NAYARIT
Nuevo León,5119504,2020-05-21,1016,617,56,MX,MX-NUEVO-LEON
Nuevo León,5119504,2020-05-22,1036,645,58,MX,MX-NUEVO-LEON
Nuevo León,5119504,2020-05-23,1089,688,62,MX,MX-NUEVO-LEON
Nuevo León,5119504,2020-05-24,1120,719,62,MX,MX-NUEVO-LEON
Nuevo León,5119504,2020-05-25,1149,756,62,MX,MX-NUEVO-LEON
Nuevo León,5119504,2020-05-26,1168,800,67,MX,MX-NUEVO-LEON
Nuevo León,5119504,2020-05-27,1222,843,71,MX,MX-NUEVO-LEON
Nuevo León,5119504,2020-05-28,1288,899,76,MX,MX-NUEVO-LEON
Nuevo León,5119504,2020-05-29,1324,934,80,MX,MX-NUEVO-LEON
Nuevo León,5119504,2020-05-30,1361,975,85,MX,MX-NUEVO-LEON
Nuevo León,5119504,2020-05-31,1372,997,87,MX,MX-NUEVO-LEON
Nuevo León,5119504,2020-06-01,1419,1029,88,MX,MX-NUEVO-LEON
Nuevo León,5119504,2020-06-02,1481,1076,96,MX,MX-NUEVO-LEON
Nuevo León,5119504,2020-06-03,1523,1122,99,MX,MX-NUEVO-LEON
Nuevo León,5119504,2020-06-04,1626,1147,103,MX,MX-NUEVO-LEON
Nuevo León,5119504,2020-06-05,1725,1180,105,MX,MX-NUEVO-LEON
Nuevo León,5119504,2020-06-06,1758,1221,109,MX,MX-NUEVO-LEON
Nuevo León,5119504,2020-06-07,1798,1280,126,MX,MX-NUEVO-LEON
Nuevo León,5119504,2020-06-08,1915,1329,130,MX,MX-NUEVO-LEON
Nuevo León,5119504,2020-06-09,1967,1412,130,MX,MX-NUEVO-LEON
Nuevo León,5119504,2020-06-10,2010,1478,131,MX,MX-NUEVO-LEON
Nuevo León,5119504,2020-06-11,2121,1537,136,MX,MX-NUEVO-LEON
Nuevo León,5119504,2020-06-12,2222,1565,152,MX,MX-NUEVO-LEON
Nuevo León,5119504,2020-06-13,2333,1616,156,MX,MX-NUEVO-LEON
Nuevo León,5119504,2020-06-14,2456,1661,165,MX,MX-NUEVO-LEON
Nuevo León,5119504,2020-06-15,2546,1719,165,MX,MX-NUEVO-LEON
Nuevo León,5119504,2020-06-16,2884,1822,180,MX,MX-NUEVO-LEON
Nuevo León,5119504,2020-06-17,2991,1887,188,MX,MX-NUEVO-LEON
Nuevo León,5119504,2020-06-18,3245,1996,196,MX,MX-NUEVO-LEON
Nuevo León,5119504,2020-06-19,3400,2093,215,MX,MX-NUEVO-LEON
Nuevo León,5119504,2020-06-20,3478,2225,228,MX,MX-NUEVO-LEON
Nuevo León,5119504,2020-06-21,3634,2346,235,MX,MX-NUEVO-LEON
Nuevo León,5119504,2020-06-22,3750,2474,239,MX,MX-NUEVO-LEON
Nuevo León,5119504,2020-06-23,3902,2758,247,MX,MX-NUEVO-LEON
Nuevo León,5119504,2020-06-24,4092,2938,254,MX,MX-NUEVO-LEON
Nuevo León,5119504,2020-06-25,4186,3119,267,MX,MX-NUEVO-LEON
Nuevo León,5119504,2020-06-26,4580,3315,277,MX,MX-NUEVO-LEON
Nuevo León,5119504,2020-06-27,4690,3478,294,MX,MX-NUEVO-LEON
Nuevo León,5119504,2020-06-28,4943,3651,298,MX,MX-NUEVO-LEON
Nuevo León,5119504,2020-06-29,5090,3800,298,MX,MX-NUEVO-LEON
Nuevo León,5119504,2020-06-30,5282,4043,309,MX,MX-NUEVO-LEON
Nuevo León,5119504,2020-07-01,5931,4353,332,MX,MX-NUEVO-LEON
Nuevo León,5119504,2020-07-02,6226,4546,344,MX,MX-NUEVO-LEON
Nuevo León,5119504,2020-07-03,6656,4791,361,MX,MX-NUEVO-LEON
Oaxaca,3967889,2020-05-21,743,331,84,MX,MX-OAXACA
Oaxaca,3967889,2020-05-22,808,360,89,MX,MX-OAXACA
Oaxaca,3967889,2020-05-23,902,404,93,MX,MX-OAXACA
Oaxaca,3967889,2020-05-24,964,437,93,MX,MX-OAXACA
Oaxaca,3967889,2020-05-25,1001,495,100,MX,MX-OAXACA
Oaxaca,3967889,2020-05-26,1070,562,106,MX,MX-OAXACA
Oaxaca,3967889,2020-05-27,1109,630,114,MX,MX-OAXACA
Oaxaca,3967889,2020-05-28,1144,680,121,MX,MX-OAXACA
Oaxaca,3967889,2020-05-29,1186,719,130,MX,MX-OAXACA
Oaxaca,3967889,2020-05-30,1251,778,141,MX,MX-OAXACA
Oaxaca,3967889,2020-05-31,1333,837,148,MX,MX-OAXACA
Oaxaca,3967889,2020-06-01,1416,879,152,MX,MX-OAXACA
Oaxaca,3967889,2020-06-02,1512,984,162,MX,MX-OAXACA
Oaxaca,3967889,2020-06-03,1623,1068,166,MX,MX-OAXACA
Oaxaca,3967889,2020-06-04,1771,1154,198,MX,MX-OAXACA
Oaxaca,3967889,2020-06-05,1883,1225,205,MX,MX-OAXACA
Oaxaca,3967889,2020-06-06,2000,1300,215,MX,MX-OAXACA
Oaxaca,3967889,2020-06-07,2092,1371,224,MX,MX-OAXACA
Oaxaca,3967889,2020-06-08,2210,1436,232,MX,MX-OAXACA
Oaxaca,3967889,2020-06-09,2323,1569,236,MX,MX-OAXACA
Oaxaca,3967889,2020-06-10,2392,1641,250,MX,MX-OAXACA
Oaxaca,3967889,2020-06-11,2452,1692,266,MX,MX-OAXACA
Oaxaca,3967889,2020-06-12,2537,1772,289,MX,MX-OAXACA
Oaxaca,3967889,2020-06-13,2798,1894,320,MX,MX-OAXACA
Oaxaca,3967889,2020-06-14,2938,2006,331,MX,MX-OAXACA
Oaxaca,3967889,2020-06-15,3078,2094,340,MX,MX-OAXACA
Oaxaca,3967889,2020-06-16,3194,2235,362,MX,MX-OAXACA
Oaxaca,3967889,2020-06-17,3318,2356,385,MX,MX-OAXACA
Oaxaca,3967889,2020-06-18,3450,2445,397,MX,MX-OAXACA
Oaxaca,3967889,2020-06-19,3566,2560,417,MX,MX-OAXACA
Oaxaca,3967889,2020-06-20,3771,2655,428,MX,MX-OAXACA
Oaxaca,3967889,2020-06-21,3906,2778,438,MX,MX-OAXACA
Oaxaca,3967889,2020-06-22,4049,2876,449,MX,MX-OAXACA
Oaxaca,3967889,2020-06-23,4140,3025,468,MX,MX-OAXACA
Oaxaca,3967889,2020-06-24,4224,3136,487,MX,MX-OAXACA
Oaxaca,3967889,2020-06-25,4426,3322,501,MX,MX-OAXACA
Oaxaca,3967889,2020-06-26,4549,3468,513,MX,MX-OAXACA
Oaxaca,3967889,2020-06-27,4825,3598,535,MX,MX-OAXACA
Oaxaca,3967889,2020-06-28,4949,3751,554,MX,MX-OAXACA
Oaxaca,3967889,2020-06-29,5081,3870,559,MX,MX-OAXACA
Oaxaca,3967889,2020-06-30,5175,3996,572,MX,MX-OAXACA
Oaxaca,3967889,2020-07-01,5347,4155,581,MX,MX-OAXACA
Oaxaca,3967889,2020-07-02,5409,4279,588,MX,MX-OAXACA
Oaxaca,3967889,2020-07-03,5671,4494,601,MX,MX-OAXACA
Puebla,6168883,2020-05-21,1702,1038,231,MX,MX-PUEBLA
Puebla,6168883,2020-05-22,1803,1096,244,MX,MX-PUEBLA
Puebla,6168883,2020-05-23,1859,1141,244,MX,MX-PUEBLA
Puebla,6168883,2020-05-24,2015,1212,251,MX,MX-PUEBLA
Puebla,6168883,2020-05-25,2082,1278,257,MX,MX-PUEBLA
Puebla,6168883,2020-05-26,2165,1373,260,MX,MX-PUEBLA
Puebla,6168883,2020-05-27,2320,1478,268,MX,MX-PUEBLA
Puebla,6168883,2020-05-28,2458,1542,307,MX,MX-PUEBLA
Puebla,6168883,2020-05-29,2662,1637,335,MX,MX-PUEBLA
Puebla,6168883,2020-05-30,2843,1746,346,MX,MX-PUEBLA
Puebla,6168883,2020-05-31,2918,1827,349,MX,MX-PUEBLA
Puebla,6168883,2020-06-01,3046,1944,350,MX,MX-PUEBLA
Puebla,6168883,2020-06-02,3117,2073,359,MX,MX-PUEBLA
Puebla,6168883,2020-06-03,3239,2144,392,MX,MX-PUEBLA
Puebla,6168883,2020-06-04,3446,2280,433,MX,MX-PUEBLA
Puebla,6168883,2020-06-05,3611,2384,463,MX,MX-PUEBLA
Puebla,6168883,2020-06-06,3804,2474,525,MX,MX-PUEBLA
Puebla,6168883,2020-06-07,4014,2624,553,MX,MX-PUEBLA
Puebla,6168883,2020-06-08,4236,2763,564,MX,MX-PUEBLA
Puebla,6168883,2020-06-09,4369,2902,613,MX,MX-PUEBLA
Puebla,6168883,2020-06-10,4497,3010,652,MX,MX-PUEBLA
Puebla,6168883,2020-06-11,4742,3158,667,MX,MX-PUEBLA
Puebla,6168883,2020-06-12,4988,3315,693,MX,MX-PUEBLA
Puebla,6168883,2020-06-13,5166,3431,717,MX,MX-PUEBLA
Puebla,6168883,2020-06-14,5388,3550,728,MX,MX-PUEBLA
Puebla,6168883,2020-06-15,5585,3664,733,MX,MX-PUEBLA
Puebla,6168883,2020-06-16,5672,3910,735,MX,MX-PUEBLA
Puebla,6168883,2020-06-17,5901,4040,779,MX,MX-PUEBLA
Puebla,6168883,2020-06-18,6284,4208,825,MX,MX-PUEBLA
Puebla,6168883,2020-06-19,6590,4371,879,MX,MX-PUEBLA
Puebla,6168883,2020-06-20,7049,4604,916,MX,MX-PUEBLA
Puebla,6168883,2020-06-21,7336,4810,930,MX,MX-PUEBLA
Puebla,6168883,2020-06-22,7643,4982,941,MX,MX-PUEBLA
Puebla,6168883,2020-06-23,7870,5223,966,MX,MX-PUEBLA
Puebla,6168883,2020-06-24,8427,5462,992,MX,MX-PUEBLA
Puebla,6168883,2020-06-25,8742,5877,1024,MX,MX-PUEBLA
Puebla,6168883,2020-06-26,9014,6071,1101,MX,MX-PUEBLA
Puebla,6168883,2020-06-27,9301,6372,1155,MX,MX-PUEBLA
Puebla,6168883,2020-06-28,9522,6630,1181,MX,MX-PUEBLA
Puebla,6168883,2020-06-29,9934,6895,1213,MX,MX-PUEBLA
Puebla,6168883,2020-06-30,10227,7354,1241,MX,MX-PUEBLA
Puebla,6168883,2020-07-01,10530,7649,1274,MX,MX-PUEBLA
Puebla,6168883,2020-07-02,10719,7933,1338,MX,MX-PUEBLA
Puebla,6168883,2020-07-03,11161,8336,1406,MX,MX-PUEBLA
Querétaro,2038372,2020-05-21,544,213,58,MX,MX-QUERETARO
Querétaro,2038372,2020-05-22,592,247,61,MX,MX-QUERETARO
Querétaro,2038372,2020-05-23,633,273,69,MX,MX-QUERETARO
Querétaro,2038372,2020-05-24,669,298,69,MX,MX-QUERETARO
Querétaro,2038372,2020-05-25,688,332,75,MX,MX-QUERETARO
Querétaro,2038372,2020-05-26,710,371,78,MX,MX-QUERETARO
Querétaro,2038372,2020-05-27,742,402,84,MX,MX-QUERETARO
Querétaro,2038372,2020-05-28,786,429,89,MX,MX-QUERETARO
Querétaro,2038372,2020-05-29,812,453,95,MX,MX-QUERETARO
Querétaro,2038372,2020-05-30,833,494,100,MX,MX-QUERETARO
Querétaro,2038372,2020-05-31,875,546,104,MX,MX-QUERETARO
Querétaro,2038372,2020-06-01,917,570,105,MX,MX-QUERETARO
Querétaro,2038372,2020-06-02,933,595,108,MX,MX-QUERETARO
Querétaro,2038372,2020-06-03,960,625,114,MX,MX-QUERETARO
Querétaro,2038372,2020-06-04,1017,660,124,MX,MX-QUERETARO
Querétaro,2038372,2020-06-05,1050,698,127,MX,MX-QUERETARO
Querétaro,2038372,2020-06-06,1106,724,139,MX,MX-QUERETARO
Querétaro,2038372,2020-06-07,1159,747,145,MX,MX-QUERETARO
Querétaro,2038372,2020-06-08,1179,777,148,MX,MX-QUERETARO
Querétaro,2038372,2020-06-09,1218,816,158,MX,MX-QUERETARO
Querétaro,2038372,2020-06-10,1257,833,168,MX,MX-QUERETARO
Querétaro,2038372,2020-06-11,1307,855,170,MX,MX-QUERETARO
Querétaro,2038372,2020-06-12,1346,879,174,MX,MX-QUERETARO
Querétaro,2038372,2020-06-13,1375,911,182,MX,MX-QUERETARO
Querétaro,2038372,2020-06-14,1404,946,188,MX,MX-QUERETARO
Querétaro,2038372,2020-06-15,1459,968,195,MX,MX-QUERETARO
Querétaro,2038372,2020-06-16,1490,1019,203,MX,MX-QUERETARO
Querétaro,2038372,2020-06-17,1533,1067,212,MX,MX-QUERETARO
Querétaro,2038372,2020-06-18,1574,1100,215,MX,MX-QUERETARO
Querétaro,2038372,2020-06-19,1614,1110,221,MX,MX-QUERETARO
Querétaro,2038372,2020-06-20,1643,1147,223,MX,MX-QUERETARO
Querétaro,2038372,2020-06-21,1691,1190,225,MX,MX-QUERETARO
Querétaro,2038372,2020-06-22,1713,1219,227,MX,MX-QUERETARO
Querétaro,2038372,2020-06-23,1743,1242,238,MX,MX-QUERETARO
Querétaro,2038372,2020-06-24,1764,1264,250,MX,MX-QUERETARO
Querétaro,2038372,2020-06-25,1803,1289,254,MX,MX-QUERETARO
Querétaro,2038372,2020-06-26,1830,1326,257,MX,MX-QUERETARO
Querétaro,2038372,2020-06-27,1867,1367,260,MX,MX-QUERETARO
Querétaro,2038372,2020-06-28,1865,1375,266,MX,MX-QUERETARO
Querétaro,2038372,2020-06-29,1893,1405,270,MX,MX-QUERETARO
Querétaro,2038372,2020-06-30,1935,1436,278,MX,MX-QUERETARO
Querétaro,2038372,2020-07-01,1963,1455,283,MX,MX-QUERETARO
Querétaro,2038372,2020-07-02,2012,1472,293,MX,MX-QUERETARO
Querétaro,2038372,2020-07-03,2052,1501,296,MX,MX-QUERETARO
Quintana Roo,1501562,2020-05-21,1392,923,271,MX,MX-QUINTANA-ROO
Quintana Roo,1501562,2020-05-22,1450,949,280,MX,MX-QUINTANA-ROO
Quintana Roo,1501562,2020-05-23,1530,1027,283,MX,MX-QUINTANA-ROO
Quintana Roo,1501562,2020-05-24,1580,1066,288,MX,MX-QUINTANA-ROO
Quintana Roo,1501562,2020-05-25,1609,1100,291,MX,MX-QUINTANA-ROO
Quintana Roo,1501562,2020-05-26,1641,1113,294,MX,MX-QUINTANA-ROO
Quintana Roo,1501562,2020-05-27,1683,1131,304,MX,MX-QUINTANA-ROO
Quintana Roo,1501562,2020-05-28,1729,1152,323,MX,MX-QUINTANA-ROO
Quintana Roo,1501562,2020-05-29,1776,1164,337,MX,MX-QUINTANA-ROO
Quintana Roo,1501562,2020-05-30,1815,1193,341,MX,MX-QUINTANA-ROO
Quintana Roo,1501562,2020-05-31,1850,1218,347,MX,MX-QUINTANA-ROO
Quintana Roo,1501562,2020-06-01,1882,1241,352,MX,MX-QUINTANA-ROO
Quintana Roo,1501562,2020-06-02,1926,1287,355,MX,MX-QUINTANA-ROO
Quintana Roo,1501562,2020-06-03,1956,1325,363,MX,MX-QUINTANA-ROO
Quintana Roo,1501562,2020-06-04,2010,1349,393,MX,MX-QUINTANA-ROO
Quintana Roo,1501562,2020-06-05,2072,1370,401,MX,MX-QUINTANA-ROO
Quintana Roo,1501562,2020-06-06,2116,1392,411,MX,MX-QUINTANA-ROO
Quintana Roo,1501562,2020-06-07,2161,1420,418,MX,MX-QUINTANA-ROO
Quintana Roo,1501562,2020-06-08,2179,1458,418,MX,MX-QUINTANA-ROO
Quintana Roo,1501562,2020-06-09,2197,1504,422,MX,MX-QUINTANA-ROO
Quintana Roo,1501562,2020-06-10,2235,1508,442,MX,MX-QUINTANA-ROO
Quintana Roo,1501562,2020-06-11,2283,1551,448,MX,MX-QUINTANA-ROO
Quintana Roo,1501562,2020-06-12,2329,1584,456,MX,MX-QUINTANA-ROO
Quintana Roo,1501562,2020-06-13,2384,1622,459,MX,MX-QUINTANA-ROO
Quintana Roo,1501562,2020-06-14,2443,1660,464,MX,MX-QUINTANA-ROO
Quintana Roo,1501562,2020-06-15,2505,1694,467,MX,MX-QUINTANA-ROO
Quintana Roo,1501562,2020-06-16,2512,1738,474,MX,MX-QUINTANA-ROO
Quintana Roo,1501562,2020-06-17,2562,1763,487,MX,MX-QUINTANA-ROO
Quintana Roo,1501562,2020-06-18,2659,1781,498,MX,MX-QUINTANA-ROO
Quintana Roo,1501562,2020-06-19,2736,1811,500,MX,MX-QUINTANA-ROO
Quintana Roo,1501562,2020-06-20,2795,1846,507,MX,MX-QUINTANA-ROO
Quintana Roo,1501562,2020-06-21,2855,1890,510,MX,MX-QUINTANA-ROO
Quintana Roo,1501562,2020-06-22,2946,1944,514,MX,MX-QUINTANA-ROO
Quintana Roo,1501562,2020-06-23,2970,2005,517,MX,MX-QUINTANA-ROO
Quintana Roo,1501562,2020-06-24,3011,2045,523,MX,MX-QUINTANA-ROO
Quintana Roo,1501562,2020-06-25,3143,2094,534,MX,MX-QUINTANA-ROO
Quintana Roo,1501562,2020-06-26,3233,2150,543,MX,MX-QUINTANA-ROO
Quintana Roo,1501562,2020-06-27,3303,2198,551,MX,MX-QUINTANA-ROO
Quintana Roo,1501562,2020-06-28,3399,2252,556,MX,MX-QUINTANA-ROO
Quintana Roo,1501562,2020-06-29,3437,2298,562,MX,MX-QUINTANA-ROO
Quintana Roo,1501562,2020-06-30,3539,2369,565,MX,MX-QUINTANA-ROO
Quintana Roo,1501562,2020-07-01,3619,2432,575,MX,MX-QUINTANA-ROO
Quintana Roo,1501562,2020-07-02,3783,2472,595,MX,MX-QUINTANA-ROO
Quintana Roo,1501562,2020-07-03,3947,2539,605,MX,MX-QUINTANA-ROO
San Luis Potosí,2717820,2020-05-21,524,310,24,MX,MX-SAN-LUIS-POTOSI
San Luis Potosí,2717820,2020-05-22,558,339,25,MX,MX-SAN-LUIS-POTOSI
San Luis Potosí,2717820,2020-05-23,595,371,26,MX,MX-SAN-LUIS-POTOSI
San Luis Potosí,2717820,2020-05-24,640,399,26,MX,MX-SAN-LUIS-POTOSI
San Luis Potosí,2717820,2020-05-25,692,422,36,MX,MX-SAN-LUIS-POTOSI
San Luis Potosí,2717820,2020-05-26,692,438,40,MX,MX-SAN-LUIS-POTOSI
San Luis Potosí,2717820,2020-05-27,734,455,41,MX,MX-SAN-LUIS-POTOSI
San Luis Potosí,2717820,2020-05-28,786,474,46,MX,MX-SAN-LUIS-POTOSI
San Luis Potosí,2717820,2020-05-29,815,506,49,MX,MX-SAN-LUIS-POTOSI
San Luis Potosí,2717820,2020-05-30,850,538,49,MX,MX-SAN-LUIS-POTOSI
San Luis Potosí,2717820,2020-05-31,882,557,50,MX,MX-SAN-LUIS-POTOSI
San Luis Potosí,2717820,2020-06-01,931,582,51,MX,MX-SAN-LUIS-POTOSI
San Luis Potosí,2717820,2020-06-02,957,612,54,MX,MX-SAN-LUIS-POTOSI
San Luis Potosí,2717820,2020-06-03,984,644,57,MX,MX-SAN-LUIS-POTOSI
San Luis Potosí,2717820,2020-06-04,1026,689,57,MX,MX-SAN-LUIS-POTOSI
San Luis Potosí,2717820,2020-06-05,1086,720,60,MX,MX-SAN-LUIS-POTOSI
San Luis Potosí,2717820,2020-06-06,1124,762,62,MX,MX-SAN-LUIS-POTOSI
San Luis Potosí,2717820,2020-06-07,1192,810,65,MX,MX-SAN-LUIS-POTOSI
San Luis Potosí,2717820,2020-06-08,1230,851,65,MX,MX-SAN-LUIS-POTOSI
San Luis Potosí,2717820,2020-06-09,1301,886,69,MX,MX-SAN-LUIS-POTOSI
San Luis Potosí,2717820,2020-06-10,1375,917,79,MX,MX-SAN-LUIS-POTOSI
San Luis Potosí,2717820,2020-06-11,1424,960,83,MX,MX-SAN-LUIS-POTOSI
San Luis Potosí,2717820,2020-06-12,1524,990,84,MX,MX-SAN-LUIS-POTOSI
San Luis Potosí,2717820,2020-06-13,1570,1045,86,MX,MX-SAN-LUIS-POTOSI
San Luis Potosí,2717820,2020-06-14,1650,1087,89,MX,MX-SAN-LUIS-POTOSI
San Luis Potosí,2717820,2020-06-15,1706,1134,90,MX,MX-SAN-LUIS-POTOSI
San Luis Potosí,2717820,2020-06-16,1709,1202,91,MX,MX-SAN-LUIS-POTOSI
San Luis Potosí,2717820,2020-06-17,1840,1257,92,MX,MX-SAN-LUIS-POTOSI
San Luis Potosí,2717820,2020-06-18,1922,1339,98,MX,MX-SAN-LUIS-POTOSI
San Luis Potosí,2717820,2020-06-19,2023,1404,101,MX,MX-SAN-LUIS-POTOSI
San Luis Potosí,2717820,2020-06-20,2063,1485,102,MX,MX-SAN-LUIS-POTOSI
San Luis Potosí,2717820,2020-06-21,2164,1560,101,MX,MX-SAN-LUIS-POTOSI
San Luis Potosí,2717820,2020-06-22,2231,1633,101,MX,MX-SAN-LUIS-POTOSI
San Luis Potosí,2717820,2020-06-23,2392,1714,107,MX,MX-SAN-LUIS-POTOSI
San Luis Potosí,2717820,2020-06-24,2455,1818,114,MX,MX-SAN-LUIS-POTOSI
San Luis Potosí,2717820,2020-06-25,2508,1877,118,MX,MX-SAN-LUIS-POTOSI
San Luis Potosí,2717820,2020-06-26,2511,1933,123,MX,MX-SAN-LUIS-POTOSI
San Luis Potosí,2717820,2020-06-27,2618,1991,132,MX,MX-SAN-LUIS-POTOSI
San Luis Potosí,2717820,2020-06-28,2847,2064,142,MX,MX-SAN-LUIS-POTOSI
San Luis Potosí,2717820,2020-06-29,2980,2144,144,MX,MX-SAN-LUIS-POTOSI
San Luis Potosí,2717820,2020-06-30,3018,2227,148,MX,MX-SAN-LUIS-POTOSI
San Luis Potosí,2717820,2020-07-01,3113,2310,154,MX,MX-SAN-LUIS-POTOSI
San Luis Potosí,2717820,2020-07-02,3216,2369,157,MX,MX-SAN-LUIS-POTOSI
San Luis Potosí,2717820,2020-07-03,3324,2449,161,MX,MX-SAN-LUIS-POTOSI
Sinaloa,2966321,2020-05-21,2161,1476,326,MX,MX-SINALOA
Sinaloa,2966321,2020-05-22,2243,1525,354,MX,MX-SINALOA
Sinaloa,2966321,2020-05-23,2328,1584,366,MX,MX-SINALOA
Sinaloa,2966321,2020-05-24,2438,1642,380,MX,MX-SINALOA
Sinaloa,2966321,2020-05-25,2587,1740,390,MX,MX-SINALOA
Sinaloa,2966321,2020-05-26,2794,1831,406,MX,MX-SINALOA
Sinaloa,2966321,2020-05-27,2813,1895,427,MX,MX-SINALOA
Sinaloa,2966321,2020-05-28,2903,1967,431,MX,MX-SINALOA
Sinaloa,2966321,2020-05-29,3014,2045,448,MX,MX-SINALOA
Sinaloa,2966321,2020-05-30,3125,2193,460,MX,MX-SINALOA
Sinaloa,2966321,2020-05-31,3261,2283,488,MX,MX-SINALOA
Sinaloa,2966321,2020-06-01,3421,2369,501,MX,MX-SINALOA
Sinaloa,2966321,2020-06-02,3580,2465,522,MX,MX-SINALOA
Sinaloa,2966321,2020-06-03,3699,2560,548,MX,MX-SINALOA
Sinaloa,2966321,2020-06-04,3903,2687,624,MX,MX-SINALOA
Sinaloa,2966321,2020-06-05,4036,2795,646,MX,MX-SINALOA
Sinaloa,2966321,2020-06-06,4237,2936,673,MX,MX-SINALOA
Sinaloa,2966321,2020-06-07,4405,3079,684,MX,MX-SINALOA
Sinaloa,2966321,2020-06-08,4551,3211,708,MX,MX-SINALOA
Sinaloa,2966321,2020-06-09,4762,3376,732,MX,MX-SINALOA
Sinaloa,2966321,2020-06-10,4866,3479,774,MX,MX-SINALOA
Sinaloa,2966321,2020-06-11,5062,3599,800,MX,MX-SINALOA
Sinaloa,2966321,2020-06-12,5191,3697,835,MX,MX-SINALOA
Sinaloa,2966321,2020-06-13,5314,3822,852,MX,MX-SINALOA
Sinaloa,2966321,2020-06-14,5366,3936,867,MX,MX-SINALOA
Sinaloa,2966321,2020-06-15,5635,4106,879,MX,MX-SINALOA
Sinaloa,2966321,2020-06-16,5854,4307,907,MX,MX-SINALOA
Sinaloa,2966321,2020-06-17,5945,4413,933,MX,MX-SINALOA
Sinaloa,2966321,2020-06-18,6019,4537,953,MX,MX-SINALOA
Sinaloa,2966321,2020-06-19,6154,4693,967,MX,MX-SINALOA
Sinaloa,2966321,2020-06-20,6328,4909,990,MX,MX-SINALOA
Sinaloa,2966321,2020-06-21,6478,5128,1005,MX,MX-SINALOA
Sinaloa,2966321,2020-06-22,6683,5288,1020,MX,MX-SINALOA
Sinaloa,2966321,2020-06-23,6771,5451,1032,MX,MX-SINALOA
Sinaloa,2966321,2020-06-24,7315,5668,1098,MX,MX-SINALOA
Sinaloa,2966321,2020-06-25,7473,5860,1126,MX,MX-SINALOA
Sinaloa,2966321,2020-06-26,7569,5967,1147,MX,MX-SINALOA
Sinaloa,2966321,2020-06-27,7763,6139,1169,MX,MX-SINALOA
Sinaloa,2966321,2020-06-28,7801,6144,1218,MX,MX-SINALOA
Sinaloa,2966321,2020-06-29,7895,6255,1236,MX,MX-SINALOA
Sinaloa,2966321,2020-06-30,8111,6484,1257,MX,MX-SINALOA
Sinaloa,2966321,2020-07-01,8296,6584,1298,MX,MX-SINALOA
Sinaloa,2966321,2020-07-02,8456,6680,1331,MX,MX-SINALOA
Sinaloa,2966321,2020-07-03,8613,6829,1356,MX,MX-SINALOA
Sonora,2850330,2020-05-21,1020,712,49,MX,MX-SONORA
Sonora,2850330,2020-05-22,1124,774,53,MX,MX-SONORA
Sonora,2850330,2020-05-23,1194,825,56,MX,MX-SONORA
Sonora,2850330,2020-05-24,1264,879,63,MX,MX-SONORA
Sonora,2850330,2020-05-25,1440,956,69,MX,MX-SONORA
Sonora,2850330,2020-05-26,1451,1019,72,MX,MX-SONORA
Sonora,2850330,2020-05-27,1576,1087,84,MX,MX-SONORA
Sonora,2850330,2020-05-28,1613,1156,88,MX,MX-SONORA
Sonora,2850330,2020-05-29,1650,1216,91,MX,MX-SONORA
Sonora,2850330,2020-05-30,1803,1317,102,MX,MX-SONORA
Sonora,2850330,2020-05-31,1865,1409,109,MX,MX-SONORA
Sonora,2850330,2020-06-01,2091,1539,111,MX,MX-SONORA
Sonora,2850330,2020-06-02,2142,1640,116,MX,MX-SONORA
Sonora,2850330,2020-06-03,2334,1741,132,MX,MX-SONORA
Sonora,2850330,2020-06-04,2467,1875,142,MX,MX-SONORA
Sonora,2850330,2020-06-05,2676,2013,156,MX,MX-SONORA
Sonora,2850330,2020-06-06,2727,2120,165,MX,MX-SONORA
Sonora,2850330,2020-06-07,2865,2246,176,MX,MX-SONORA
Sonora,2850330,2020-06-08,2984,2378,177,MX,MX-SONORA
Sonora,2850330,2020-06-09,3049,2514,180,MX,MX-SONORA
Sonora,2850330,2020-06-10,3310,2682,203,MX,MX-SONORA
Sonora,2850330,2020-06-11,3376,2821,216,MX,MX-SONORA
Sonora,2850330,2020-06-12,3548,2986,230,MX,MX-SONORA
Sonora,2850330,2020-06-13,3715,3132,244,MX,MX-SONORA
Sonora,2850330,2020-06-14,3837,3337,256,MX,MX-SONORA
Sonora,2850330,2020-06-15,3983,3464,273,MX,MX-SONORA
Sonora,2850330,2020-06-16,4097,3638,282,MX,MX-SONORA
Sonora,2850330,2020-06-17,4134,3711,306,MX,MX-SONORA
Sonora,2850330,2020-06-18,4192,3782,312,MX,MX-SONORA
Sonora,2850330,2020-06-19,4530,3974,331,MX,MX-SONORA
Sonora,2850330,2020-06-20,4779,4197,356,MX,MX-SONORA
Sonora,2850330,2020-06-21,4958,4371,365,MX,MX-SONORA
Sonora,2850330,2020-06-22,5098,4520,372,MX,MX-SONORA
Sonora,2850330,2020-06-23,5520,4824,388,MX,MX-SONORA
Sonora,2850330,2020-06-24,6188,5108,484,MX,MX-SONORA
Sonora,2850330,2020-06-25,6303,5237,554,MX,MX-SONORA
Sonora,2850330,2020-06-26,6491,5448,572,MX,MX-SONORA
Sonora,2850330,2020-06-27,6677,5607,596,MX,MX-SONORA
Sonora,2850330,2020-06-28,6943,5763,648,MX,MX-SONORA
Sonora,2850330,2020-06-29,7064,5901,664,MX,MX-SONORA
Sonora,2850330,2020-06-30,7407,6125,689,MX,MX-SONORA
Sonora,2850330,2020-07-01,7587,6309,708,MX,MX-SONORA
Sonora,2850330,2020-07-02,7876,6548,737,MX,MX-SONORA
Sonora,2850330,2020-07-03,8337,6941,773,MX,MX-SONORA
Tabasco,2395272,2020-05-21,2716,1695,346,MX,MX-TABASCO
Tabasco,2395272,2020-05-22,2824,1796,361,MX,MX-TABASCO
Tabasco,2395272,2020-05-23,2930,1909,371,MX,MX-TABASCO
Tabasco,2395272,2020-05-24,3044,1996,387,MX,MX-TABASCO
Tabasco,2395272,2020-05-25,3148,2114,393,MX,MX-TABASCO
Tabasco,2395272,2020-05-26,3236,2214,416,MX,MX-TABASCO
Tabasco,2395272,2020-05-27,3360,2308,424,MX,MX-TABASCO
Tabasco,2395272,2020-05-28,3484,2394,436,MX,MX-TABASCO
Tabasco,2395272,2020-05-29,3672,2491,470,MX,MX-TABASCO
Tabasco,2395272,2020-05-30,3872,2639,485,MX,MX-TABASCO
Tabasco,2395272,2020-05-31,4009,2731,508,MX,MX-TABASCO
Tabasco,2395272,2020-06-01,4142,2820,520,MX,MX-TABASCO
Tabasco,2395272,2020-06-02,4323,2937,533,MX,MX-TABASCO
Tabasco,2395272,2020-06-03,4609,3060,562,MX,MX-TABASCO
Tabasco,2395272,2020-06-04,4807,3258,592,MX,MX-TABASCO
Tabasco,2395272,2020-06-05,4997,3384,610,MX,MX-TABASCO
Tabasco,2395272,2020-06-06,5068,3518,626,MX,MX-TABASCO
Tabasco,2395272,2020-06-07,5293,3660,640,MX,MX-TABASCO
Tabasco,2395272,2020-06-08,5474,3793,650,MX,MX-TABASCO
Tabasco,2395272,2020-06-09,5667,4004,665,MX,MX-TABASCO
Tabasco,2395272,2020-06-10,5750,4112,685,MX,MX-TABASCO
Tabasco,2395272,2020-06-11,5949,4240,693,MX,MX-TABASCO
Tabasco,2395272,2020-06-12,6093,4362,711,MX,MX-TABASCO
Tabasco,2395272,2020-06-13,6284,4548,716,MX,MX-TABASCO
Tabasco,2395272,2020-06-14,6479,4702,727,MX,MX-TABASCO
Tabasco,2395272,2020-06-15,6682,4817,736,MX,MX-TABASCO
Tabasco,2395272,2020-06-16,6908,5139,747,MX,MX-TABASCO
Tabasco,2395272,2020-06-17,7107,5260,758,MX,MX-TABASCO
Tabasco,2395272,2020-06-18,7330,5405,774,MX,MX-TABASCO
Tabasco,2395272,2020-06-19,7593,5559,815,MX,MX-TABASCO
Tabasco,2395272,2020-06-20,7817,5841,841,MX,MX-TABASCO
Tabasco,2395272,2020-06-21,8130,6103,859,MX,MX-TABASCO
Tabasco,2395272,2020-06-22,8389,6263,897,MX,MX-TABASCO
Tabasco,2395272,2020-06-23,8715,6531,909,MX,MX-TABASCO
Tabasco,2395272,2020-06-24,8956,6732,925,MX,MX-TABASCO
Tabasco,2395272,2020-06-25,9219,7026,958,MX,MX-TABASCO
Tabasco,2395272,2020-06-26,9486,7259,970,MX,MX-TABASCO
Tabasco,2395272,2020-06-27,9752,7540,990,MX,MX-TABASCO
Tabasco,2395272,2020-06-28,9988,7758,998,MX,MX-TABASCO
Tabasco,2395272,2020-06-29,10221,7924,1016,MX,MX-TABASCO
Tabasco,2395272,2020-06-30,10463,8254,1032,MX,MX-TABASCO
Tabasco,2395272,2020-07-01,10673,8528,1048,MX,MX-TABASCO
Tabasco,2395272,2020-07-02,10921,8700,1078,MX,MX-TABASCO
Tabasco,2395272,2020-07-03,11165,8960,1097,MX,MX-TABASCO
Tamaulipas,3441698,2020-05-21,1077,765,74,MX,MX-TAMAULIPAS
Tamaulipas,3441698,2020-05-22,1105,791,76,MX,MX-TAMAULIPAS
Tamaulipas,3441698,2020-05-23,1126,807,80,MX,MX-TAMAULIPAS
Tamaulipas,3441698,2020-05-24,1183,834,82,MX,MX-TAMAULIPAS
Tamaulipas,3441698,2020-05-25,1212,867,83,MX,MX-TAMAULIPAS
Tamaulipas,3441698,2020-05-26,1289,905,86,MX,MX-TAMAULIPAS
Tamaulipas,3441698,2020-05-27,1300,937,89,MX,MX-TAMAULIPAS
Tamaulipas,3441698,2020-05-28,1360,968,95,MX,MX-TAMAULIPAS
Tamaulipas,3441698,2020-05-29,1441,1020,97,MX,MX-TAMAULIPAS
Tamaulipas,3441698,2020-05-30,1504,1081,102,MX,MX-TAMAULIPAS
Tamaulipas,3441698,2020-05-31,1554,1116,107,MX,MX-TAMAULIPAS
Tamaulipas,3441698,2020-06-01,1557,1146,108,MX,MX-TAMAULIPAS
Tamaulipas,3441698,2020-06-02,1646,1214,109,MX,MX-TAMAULIPAS
Tamaulipas,3441698,2020-06-03,1730,1276,116,MX,MX-TAMAULIPAS
Tamaulipas,3441698,2020-06-04,1793,1335,126,MX,MX-TAMAULIPAS
Tamaulipas,3441698,2020-06-05,1848,1396,129,MX,MX-TAMAULIPAS
Tamaulipas,3441698,2020-06-06,1952,1449,140,MX,MX-TAMAULIPAS
Tamaulipas,3441698,2020-06-07,2077,1526,148,MX,MX-TAMAULIPAS
Tamaulipas,3441698,2020-06-08,2179,1588,156,MX,MX-TAMAULIPAS
Tamaulipas,3441698,2020-06-09,2305,1704,158,MX,MX-TAMAULIPAS
Tamaulipas,3441698,2020-06-10,2395,1771,166,MX,MX-TAMAULIPAS
Tamaulipas,3441698,2020-06-11,2506,1865,174,MX,MX-TAMAULIPAS
Tamaulipas,3441698,2020-06-12,2582,1939,180,MX,MX-TAMAULIPAS
Tamaulipas,3441698,2020-06-13,2811,2047,188,MX,MX-TAMAULIPAS
Tamaulipas,3441698,2020-06-14,2968,2148,199,MX,MX-TAMAULIPAS
Tamaulipas,3441698,2020-06-15,3076,2222,201,MX,MX-TAMAULIPAS
Tamaulipas,3441698,2020-06-16,3114,2336,207,MX,MX-TAMAULIPAS
Tamaulipas,3441698,2020-06-17,3385,2422,218,MX,MX-TAMAULIPAS
Tamaulipas,3441698,2020-06-18,3520,2483,232,MX,MX-TAMAULIPAS
Tamaulipas,3441698,2020-06-19,3733,2560,243,MX,MX-TAMAULIPAS
Tamaulipas,3441698,2020-06-20,3843,2658,261,MX,MX-TAMAULIPAS
Tamaulipas,3441698,2020-06-21,3960,2754,270,MX,MX-TAMAULIPAS
Tamaulipas,3441698,2020-06-22,4114,2844,275,MX,MX-TAMAULIPAS
Tamaulipas,3441698,2020-06-23,4348,3073,278,MX,MX-TAMAULIPAS
Tamaulipas,3441698,2020-06-24,4524,3221,288,MX,MX-TAMAULIPAS
Tamaulipas,3441698,2020-06-25,4825,3402,303,MX,MX-TAMAULIPAS
Tamaulipas,3441698,2020-06-26,5074,3542,315,MX,MX-TAMAULIPAS
Tamaulipas,3441698,2020-06-27,5214,3785,324,MX,MX-TAMAULIPAS
Tamaulipas,3441698,2020-06-28,5379,3952,335,MX,MX-TAMAULIPAS
Tamaulipas,3441698,2020-06-29,5712,4141,346,MX,MX-TAMAULIPAS
Tamaulipas,3441698,2020-06-30,5819,4371,359,MX,MX-TAMAULIPAS
Tamaulipas,3441698,2020-07-01,5918,4610,363,MX,MX-TAMAULIPAS
Tamaulipas,3441698,2020-07-02,6041,4813,373,MX,MX-TAMAULIPAS
Tamaulipas,3441698,2020-07-03,6553,5103,399,MX,MX-TAMAULIPAS
Tlaxcala,1272847,2020-05-21,650,335,109,MX,MX-TLAXCALA
Tlaxcala,1272847,2020-05-22,677,363,117,MX,MX-TLAXCALA
Tlaxcala,1272847,2020-05-23,691,393,119,MX,MX-TLAXCALA
Tlaxcala,1272847,2020-05-24,749,413,121,MX,MX-TLAXCALA
Tlaxcala,1272847,2020-05-25,782,450,122,MX,MX-TLAXCALA
Tlaxcala,1272847,2020-05-26,827,478,134,MX,MX-TLAXCALA
Tlaxcala,1272847,2020-05-27,858,506,134,MX,MX-TLAXCALA
Tlaxcala,1272847,2020-05-28,944,534,135,MX,MX-TLAXCALA
Tlaxcala,1272847,2020-05-29,947,569,137,MX,MX-TLAXCALA
Tlaxcala,1272847,2020-05-30,974,593,147,MX,MX-TLAXCALA
Tlaxcala,1272847,2020-05-31,1001,623,148,MX,MX-TLAXCALA
Tlaxcala,1272847,2020-06-01,1042,661,148,MX,MX-TLAXCALA
Tlaxcala,1272847,2020-06-02,1064,704,150,MX,MX-TLAXCALA
Tlaxcala,1272847,2020-06-03,1115,754,151,MX,MX-TLAXCALA
Tlaxcala,1272847,2020-06-04,1151,806,155,MX,MX-TLAXCALA
Tlaxcala,1272847,2020-06-05,1206,818,170,MX,MX-TLAXCALA
Tlaxcala,1272847,2020-06-06,1257,854,183,MX,MX-TLAXCALA
Tlaxcala,1272847,2020-06-07,1317,888,186,MX,MX-TLAXCALA
Tlaxcala,1272847,2020-06-08,1336,917,187,MX,MX-TLAXCALA
Tlaxcala,1272847,2020-06-09,1413,965,192,MX,MX-TLAXCALA
Tlaxcala,1272847,2020-06-10,1449,995,197,MX,MX-TLAXCALA
Tlaxcala,1272847,2020-06-11,1492,1032,204,MX,MX-TLAXCALA
Tlaxcala,1272847,2020-06-12,1554,1062,215,MX,MX-TLAXCALA
Tlaxcala,1272847,2020-06-13,1624,1105,222,MX,MX-TLAXCALA
Tlaxcala,1272847,2020-06-14,1692,1142,222,MX,MX-TLAXCALA
Tlaxcala,1272847,2020-06-15,1702,1182,228,MX,MX-TLAXCALA
Tlaxcala,1272847,2020-06-16,1751,1251,233,MX,MX-TLAXCALA
Tlaxcala,1272847,2020-06-17,1791,1292,240,MX,MX-TLAXCALA
Tlaxcala,1272847,2020-06-18,1849,1357,243,MX,MX-TLAXCALA
Tlaxcala,1272847,2020-06-19,1878,1390,247,MX,MX-TLAXCALA
Tlaxcala,1272847,2020-06-20,1936,1424,255,MX,MX-TLAXCALA
Tlaxcala,1272847,2020-06-21,2000,1472,258,MX,MX-TLAXCALA
Tlaxcala,1272847,2020-06-22,2058,1519,259,MX,MX-TLAXCALA
Tlaxcala,1272847,2020-06-23,2067,1546,273,MX,MX-TLAXCALA
Tlaxcala,1272847,2020-06-24,2134,1580,274,MX,MX-TLAXCALA
Tlaxcala,1272847,2020-06-25,2177,1658,281,MX,MX-TLAXCALA
Tlaxcala,1272847,2020-06-26,2265,1701,283,MX,MX-TLAXCALA
Tlaxcala,1272847,2020-06-27,2303,1724,293,MX,MX-TLAXCALA
Tlaxcala,1272847,2020-06-28,2317,1753,305,MX,MX-TLAXCALA
Tlaxcala,1272847,2020-06-29,2369,1791,307,MX,MX-TLAXCALA
Tlaxcala,1272847,2020-06-30,2439,1856,314,MX,MX-TLAXCALA
Tlaxcala,1272847,2020-07-01,2503,1876,335,MX,MX-TLAXCALA
Tlaxcala,1272847,2020-07-02,2541,1917,353,MX,MX-TLAXCALA
Tlaxcala,1272847,2020-07-03,2591,1949,367,MX,MX-TLAXCALA
Veracruz,8112505,2020-05-21,2288,1460,274,MX,MX-VERACRUZ
Veracruz,8112505,2020-05-22,2430,1548,292,MX,MX-VERACRUZ
Veracruz,8112505,2020-05-23,2601,1638,331,MX,MX-VERACRUZ
Veracruz,8112505,2020-05-24,2689,1746,341,MX,MX-VERACRUZ
Veracruz,8112505,2020-05-25,2769,1857,365,MX,MX-VERACRUZ
Veracruz,8112505,2020-05-26,2944,1972,372,MX,MX-VERACRUZ
Veracruz,8112505,2020-05-27,3258,2113,416,MX,MX-VERACRUZ
Veracruz,8112505,2020-05-28,3374,2230,430,MX,MX-VERACRUZ
Veracruz,8112505,2020-05-29,3470,2314,460,MX,MX-VERACRUZ
Veracruz,8112505,2020-05-30,3562,2438,495,MX,MX-VERACRUZ
Veracruz,8112505,2020-05-31,3624,2535,506,MX,MX-VERACRUZ
Veracruz,8112505,2020-06-01,3716,2656,518,MX,MX-VERACRUZ
Veracruz,8112505,2020-06-02,4008,2837,537,MX,MX-VERACRUZ
Veracruz,8112505,2020-06-03,4311,3000,581,MX,MX-VERACRUZ
Veracruz,8112505,2020-06-04,4367,3085,649,MX,MX-VERACRUZ
Veracruz,8112505,2020-06-05,4586,3176,682,MX,MX-VERACRUZ
Veracruz,8112505,2020-06-06,4871,3372,721,MX,MX-VERACRUZ
Veracruz,8112505,2020-06-07,5007,3515,748,MX,MX-VERACRUZ
Veracruz,8112505,2020-06-08,5136,3659,750,MX,MX-VERACRUZ
Veracruz,8112505,2020-06-09,5283,3846,774,MX,MX-VERACRUZ
Veracruz,8112505,2020-06-10,5529,4002,815,MX,MX-VERACRUZ
Veracruz,8112505,2020-06-11,5751,4125,870,MX,MX-VERACRUZ
Veracruz,8112505,2020-06-12,5913,4245,911,MX,MX-VERACRUZ
Veracruz,8112505,2020-06-13,6133,4372,937,MX,MX-VERACRUZ
Veracruz,8112505,2020-06-14,6245,4506,973,MX,MX-VERACRUZ
Veracruz,8112505,2020-06-15,6550,4663,1011,MX,MX-VERACRUZ
Veracruz,8112505,2020-06-16,6754,4849,1039,MX,MX-VERACRUZ
Veracruz,8112505,2020-06-17,6973,4961,1091,MX,MX-VERACRUZ
Veracruz,8112505,2020-06-18,7235,5109,1123,MX,MX-VERACRUZ
Veracruz,8112505,2020-06-19,7400,5248,1160,MX,MX-VERACRUZ
Veracruz,8112505,2020-06-20,7588,5419,1196,MX,MX-VERACRUZ
Veracruz,8112505,2020-06-21,7780,5585,1220,MX,MX-VERACRUZ
Veracruz,8112505,2020-06-22,8129,5733,1248,MX,MX-VERACRUZ
Veracruz,8112505,2020-06-23,8420,5960,1267,MX,MX-VERACRUZ
Veracruz,8112505,2020-06-24,8662,6108,1335,MX,MX-VERACRUZ
Veracruz,8112505,2020-06-25,8840,6312,1373,MX,MX-VERACRUZ
Veracruz,8112505,2020-06-26,9161,6468,1395,MX,MX-VERACRUZ
Veracruz,8112505,2020-06-27,9520,6712,1428,MX,MX-VERACRUZ
Veracruz,8112505,2020-06-28,9696,6933,1455,MX,MX-VERACRUZ
Veracruz,8112505,2020-06-29,9812,7115,1474,MX,MX-VERACRUZ
Veracruz,8112505,2020-06-30,9973,7362,1522,MX,MX-VERACRUZ
Veracruz,8112505,2020-07-01,10173,7555,1547,MX,MX-VERACRUZ
Veracruz,8112505,2020-07-02,10518,7729,1595,MX,MX-VERACRUZ
Veracruz,8112505,2020-07-03,10671,7934,1635,MX,MX-VERACRUZ
Yucatán,2097175,2020-05-21,1244,797,97,MX,MX-YUCATAN
Yucatán,2097175,2020-05-22,1323,835,100,MX,MX-YUCATAN
Yucatán,2097175,2020-05-23,1365,872,109,MX,MX-YUCATAN
Yucatán,2097175,2020-05-24,1419,910,110,MX,MX-YUCATAN
Yucatán,2097175,2020-05-25,1487,963,116,MX,MX-YUCATAN
Yucatán,2097175,2020-05-26,1522,1009,123,MX,MX-YUCATAN
Yucatán,2097175,2020-05-27,1567,1047,128,MX,MX-YUCATAN
Yucatán,2097175,2020-05-28,1602,1081,132,MX,MX-YUCATAN
Yucatán,2097175,2020-05-29,1661,1119,139,MX,MX-YUCATAN
Yucatán,2097175,2020-05-30,1696,1177,142,MX,MX-YUCATAN
Yucatán,2097175,2020-05-31,1771,1226,146,MX,MX-YUCATAN
Yucatán,2097175,2020-06-01,1823,1263,155,MX,MX-YUCATAN
Yucatán,2097175,2020-06-02,1863,1312,164,MX,MX-YUCATAN
Yucatán,2097175,2020-06-03,1919,1335,173,MX,MX-YUCATAN
Yucatán,2097175,2020-06-04,1961,1381,193,MX,MX-YUCATAN
Yucatán,2097175,2020-06-05,2012,1427,202,MX,MX-YUCATAN
Yucatán,2097175,2020-06-06,2059,1479,207,MX,MX-YUCATAN
Yucatán,2097175,2020-06-07,2100,1524,208,MX,MX-YUCATAN
Yucatán,2097175,2020-06-08,2130,1590,208,MX,MX-YUCATAN
Yucatán,2097175,2020-06-09,2150,1637,211,MX,MX-YUCATAN
Yucatán,2097175,2020-06-10,2195,1681,219,MX,MX-YUCATAN
Yucatán,2097175,2020-06-11,2285,1715,225,MX,MX-YUCATAN
Yucatán,2097175,2020-06-12,2340,1742,232,MX,MX-YUCATAN
Yucatán,2097175,2020-06-13,2423,1787,240,MX,MX-YUCATAN
Yucatán,2097175,2020-06-14,2487,1822,246,MX,MX-YUCATAN
Yucatán,2097175,2020-06-15,2526,1852,248,MX,MX-YUCATAN
Yucatán,2097175,2020-06-16,2581,1910,256,MX,MX-YUCATAN
Yucatán,2097175,2020-06-17,2686,1939,275,MX,MX-YUCATAN
Yucatán,2097175,2020-06-18,2772,1958,301,MX,MX-YUCATAN
Yucatán,2097175,2020-06-19,2867,2009,305,MX,MX-YUCATAN
Yucatán,2097175,2020-06-20,2984,2042,318,MX,MX-YUCATAN
Yucatán,2097175,2020-06-21,3077,2107,323,MX,MX-YUCATAN
Yucatán,2097175,2020-06-22,3158,2154,327,MX,MX-YUCATAN
Yucatán,2097175,2020-06-23,3239,2238,331,MX,MX-YUCATAN
Yucatán,2097175,2020-06-24,3409,2308,339,MX,MX-YUCATAN
Yucatán,2097175,2020-06-25,3529,2388,355,MX,MX-YUCATAN
Yucatán,2097175,2020-06-26,3670,2444,368,MX,MX-YUCATAN
Yucatán,2097175,2020-06-27,3803,2506,377,MX,MX-YUCATAN
Yucatán,2097175,2020-06-28,3986,2571,391,MX,MX-YUCATAN
Yucatán,2097175,2020-06-29,4138,2649,393,MX,MX-YUCATAN
Yucatán,2097175,2020-06-30,4223,2759,398,MX,MX-YUCATAN
Yucatán,2097175,2020-07-01,4394,2870,414,MX,MX-YUCATAN
Yucatán,2097175,2020-07-02,4509,2930,443,MX,MX-YUCATAN
Yucatán,2097175,2020-07-03,4601,3063,466,MX,MX-YUCATAN
Zacatecas,1579209,2020-05-21,212,134,27,MX,MX-ZACATECAS
Zacatecas,1579209,2020-05-22,213,140,27,MX,MX-ZACATECAS
Zacatecas,1579209,2020-05-23,223,146,27,MX,MX-ZACATECAS
Zacatecas,1579209,2020-05-24,230,148,27,MX,MX-ZACATECAS
Zacatecas,1579209,2020-05-25,236,159,27,MX,MX-ZACATECAS
Zacatecas,1579209,2020-05-26,243,161,28,MX,MX-ZACATECAS
Zacatecas,1579209,2020-05-27,251,170,29,MX,MX-ZACATECAS
Zacatecas,1579209,2020-05-28,261,174,29,MX,MX-ZACATECAS
Zacatecas,1579209,2020-05-29,272,182,31,MX,MX-ZACATECAS
Zacatecas,1579209,2020-05-30,279,185,32,MX,MX-ZACATECAS
Zacatecas,1579209,2020-05-31,284,188,33,MX,MX-ZACATECAS
Zacatecas,1579209,2020-06-01,292,192,34,MX,MX-ZACATECAS
Zacatecas,1579209,2020-06-02,301,202,35,MX,MX-ZACATECAS
Zacatecas,1579209,2020-06-03,311,209,38,MX,MX-ZACATECAS
Zacatecas,1579209,2020-06-04,322,216,39,MX,MX-ZACATECAS
Zacatecas,1579209,2020-06-05,341,219,41,MX,MX-ZACATECAS
Zacatecas,1579209,2020-06-06,347,233,43,MX,MX-ZACATECAS
Zacatecas,1579209,2020-06-07,368,238,44,MX,MX-ZACATECAS
Zacatecas,1579209,2020-06-08,380,243,44,MX,MX-ZACATECAS
Zacatecas,1579209,2020-06-09,388,254,46,MX,MX-ZACATECAS
Zacatecas,1579209,2020-06-10,403,256,50,MX,MX-ZACATECAS
Zacatecas,1579209,2020-06-11,423,266,53,MX,MX-ZACATECAS
Zacatecas,1579209,2020-06-12,461,272,55,MX,MX-ZACATECAS
Zacatecas,1579209,2020-06-13,501,279,55,MX,MX-ZACATECAS
Zacatecas,1579209,2020-06-14,514,287,57,MX,MX-ZACATECAS
Zacatecas,1579209,2020-06-15,528,304,57,MX,MX-ZACATECAS
Zacatecas,1579209,2020-06-16,550,324,58,MX,MX-ZACATECAS
Zacatecas,1579209,2020-06-17,560,335,62,MX,MX-ZACATECAS
Zacatecas,1579209,2020-06-18,580,347,66,MX,MX-ZACATECAS
Zacatecas,1579209,2020-06-19,612,366,69,MX,MX-ZACATECAS
Zacatecas,1579209,2020-06-20,642,382,71,MX,MX-ZACATECAS
Zacatecas,1579209,2020-06-21,670,400,72,MX,MX-ZACATECAS
Zacatecas,1579209,2020-06-22,695,429,72,MX,MX-ZACATECAS
Zacatecas,1579209,2020-06-23,706,442,75,MX,MX-ZACATECAS
Zacatecas,1579209,2020-06-24,713,463,80,MX,MX-ZACATECAS
Zacatecas,1579209,2020-06-25,747,492,80,MX,MX-ZACATECAS
Zacatecas,1579209,2020-06-26,769,505,85,MX,MX-ZACATECAS
Zacatecas,1579209,2020-06-27,795,519,86,MX,MX-ZACATECAS
Zacatecas,1579209,2020-06-28,825,540,89,MX,MX-ZACATECAS
Zacatecas,1579209,2020-06-29,842,570,91,MX,MX-ZACATECAS
Zacatecas,1579209,2020-06-30,887,608,93,MX,MX-ZACATECAS
Zacatecas,1579209,2020-07-01,908,626,96,MX,MX-ZACATECAS
Zacatecas,1579209,2020-07-02,941,633,99,MX,MX-ZACATECAS
Zacatecas,1579209,2020-07-03,973,649,101,MX,MX-ZACATECAS
