state_name_en,population_number,reportDate,cases,recovered,deaths,countryCode,stateCode
Antofagasta,607534,2020-05-21,1778,0,17,CL,CL-ANTOFAGASTA
Antofagasta,607534,2020-05-22,1841,0,17,CL,CL-ANTOFAGASTA
Antofagasta,607534,2020-05-23,1897,0,21,CL,CL-ANTOFAGASTA
Antofagasta,607534,2020-05-24,1947,0,21,CL,CL-ANTOFAGASTA
Antofagasta,607534,2020-05-25,2015,0,21,CL,CL-ANTOFAGASTA
Antofagasta,607534,2020-05-26,2063,0,23,CL,CL-ANTOFAGASTA
Antofagasta,607534,2020-05-27,2137,0,25,CL,CL-ANTOFAGASTA
Antofagasta,607534,2020-05-28,2248,0,28,CL,CL-ANTOFAGASTA
Antofagasta,607534,2020-05-29,2318,0,28,CL,CL-ANTOFAGASTA
Antofagasta,607534,2020-05-30,2429,0,29,CL,CL-ANTOFAGASTA
Antofagasta,607534,2020-05-31,2510,0,31,CL,CL-ANTOFAGASTA
Antofagasta,607534,2020-06-01,2585,0,32,CL,CL-ANTOFAGASTA
Antofagasta,607534,2020-06-02,2649,0,0,CL,CL-ANTOFAGASTA
Antofagasta,607534,2020-06-03,2716,0,0,CL,CL-ANTOFAGASTA
Antofagasta,607534,2020-06-04,2862,0,38,CL,CL-ANTOFAGASTA
Antofagasta,607534,2020-06-05,2924,0,42,CL,CL-ANTOFAGASTA
Antofagasta,607534,2020-06-06,3033,0,47,CL,CL-ANTOFAGASTA
Antofagasta,607534,2020-06-07,3154,0,47,CL,CL-ANTOFAGASTA
Antofagasta,607534,2020-06-08,3245,0,45,CL,CL-ANTOFAGASTA
Antofagasta,607534,2020-06-09,3402,0,45,CL,CL-ANTOFAGASTA
Antofagasta,607534,2020-06-10,3559,0,56,CL,CL-ANTOFAGASTA
Antofagasta,607534,2020-06-11,3753,0,57,CL,CL-ANTOFAGASTA
Antofagasta,607534,2020-06-12,3885,0,65,CL,CL-ANTOFAGASTA
Antofagasta,607534,2020-06-13,4038,0,67,CL,CL-ANTOFAGASTA
Antofagasta,607534,2020-06-14,4038,0,67,CL,CL-ANTOFAGASTA
Antofagasta,607534,2020-06-15,4556,0,72,CL,CL-ANTOFAGASTA
Antofagasta,607534,2020-06-16,4643,0,72,CL,CL-ANTOFAGASTA
Araucanía,957224,2020-05-21,1715,0,44,CL,CL-ARAUCANIA
Araucanía,957224,2020-05-22,1737,0,45,CL,CL-ARAUCANIA
Araucanía,957224,2020-05-23,1774,0,45,CL,CL-ARAUCANIA
Araucanía,957224,2020-05-24,1808,0,45,CL,CL-ARAUCANIA
Araucanía,957224,2020-05-25,1857,0,45,CL,CL-ARAUCANIA
Araucanía,957224,2020-05-26,1883,0,45,CL,CL-ARAUCANIA
Araucanía,957224,2020-05-27,1916,0,45,CL,CL-ARAUCANIA
Araucanía,957224,2020-05-28,1954,0,45,CL,CL-ARAUCANIA
Araucanía,957224,2020-05-29,1989,0,47,CL,CL-ARAUCANIA
Araucanía,957224,2020-05-30,2060,0,47,CL,CL-ARAUCANIA
Araucanía,957224,2020-05-31,2071,0,47,CL,CL-ARAUCANIA
Araucanía,957224,2020-06-01,2111,0,47,CL,CL-ARAUCANIA
Araucanía,957224,2020-06-02,2141,0,0,CL,CL-ARAUCANIA
Araucanía,957224,2020-06-03,2173,0,0,CL,CL-ARAUCANIA
Araucanía,957224,2020-06-04,2182,0,47,CL,CL-ARAUCANIA
Araucanía,957224,2020-06-05,2288,0,48,CL,CL-ARAUCANIA
Araucanía,957224,2020-06-06,2321,0,49,CL,CL-ARAUCANIA
Araucanía,957224,2020-06-07,2377,0,50,CL,CL-ARAUCANIA
Araucanía,957224,2020-06-08,2410,0,32,CL,CL-ARAUCANIA
Araucanía,957224,2020-06-09,2445,0,32,CL,CL-ARAUCANIA
Araucanía,957224,2020-06-10,2448,0,33,CL,CL-ARAUCANIA
Araucanía,957224,2020-06-11,2535,0,34,CL,CL-ARAUCANIA
Araucanía,957224,2020-06-12,2579,0,35,CL,CL-ARAUCANIA
Araucanía,957224,2020-06-13,2645,0,36,CL,CL-ARAUCANIA
Araucanía,957224,2020-06-14,2645,0,36,CL,CL-ARAUCANIA
Araucanía,957224,2020-06-15,2728,0,36,CL,CL-ARAUCANIA
Araucanía,957224,2020-06-16,2775,0,36,CL,CL-ARAUCANIA
Arica y Parinacota,226068,2020-05-21,453,0,7,CL,CL-ARICA-Y-PARINACOTA
Arica y Parinacota,226068,2020-05-22,471,0,7,CL,CL-ARICA-Y-PARINACOTA
Arica y Parinacota,226068,2020-05-23,482,0,7,CL,CL-ARICA-Y-PARINACOTA
Arica y Parinacota,226068,2020-05-24,498,0,7,CL,CL-ARICA-Y-PARINACOTA
Arica y Parinacota,226068,2020-05-25,513,0,7,CL,CL-ARICA-Y-PARINACOTA
Arica y Parinacota,226068,2020-05-26,522,0,7,CL,CL-ARICA-Y-PARINACOTA
Arica y Parinacota,226068,2020-05-27,541,0,7,CL,CL-ARICA-Y-PARINACOTA
Arica y Parinacota,226068,2020-05-28,562,0,7,CL,CL-ARICA-Y-PARINACOTA
Arica y Parinacota,226068,2020-05-29,582,0,7,CL,CL-ARICA-Y-PARINACOTA
Arica y Parinacota,226068,2020-05-30,588,0,7,CL,CL-ARICA-Y-PARINACOTA
Arica y Parinacota,226068,2020-05-31,619,0,7,CL,CL-ARICA-Y-PARINACOTA
Arica y Parinacota,226068,2020-06-01,636,0,8,CL,CL-ARICA-Y-PARINACOTA
Arica y Parinacota,226068,2020-06-02,654,0,0,CL,CL-ARICA-Y-PARINACOTA
Arica y Parinacota,226068,2020-06-03,701,0,0,CL,CL-ARICA-Y-PARINACOTA
Arica y Parinacota,226068,2020-06-04,736,0,8,CL,CL-ARICA-Y-PARINACOTA
Arica y Parinacota,226068,2020-06-05,782,0,9,CL,CL-ARICA-Y-PARINACOTA
Arica y Parinacota,226068,2020-06-06,819,0,9,CL,CL-ARICA-Y-PARINACOTA
Arica y Parinacota,226068,2020-06-07,850,0,10,CL,CL-ARICA-Y-PARINACOTA
Arica y Parinacota,226068,2020-06-08,874,0,8,CL,CL-ARICA-Y-PARINACOTA
Arica y Parinacota,226068,2020-06-09,914,0,8,CL,CL-ARICA-Y-PARINACOTA
Arica y Parinacota,226068,2020-06-10,930,0,10,CL,CL-ARICA-Y-PARINACOTA
Arica y Parinacota,226068,2020-06-11,967,0,10,CL,CL-ARICA-Y-PARINACOTA
Arica y Parinacota,226068,2020-06-12,1011,0,10,CL,CL-ARICA-Y-PARINACOTA
Arica y Parinacota,226068,2020-06-13,1062,0,10,CL,CL-ARICA-Y-PARINACOTA
Arica y Parinacota,226068,2020-06-14,1062,0,10,CL,CL-ARICA-Y-PARINACOTA
Arica y Parinacota,226068,2020-06-15,1139,0,11,CL,CL-ARICA-Y-PARINACOTA
Arica y Parinacota,226068,2020-06-16,1156,0,11,CL,CL-ARICA-Y-PARINACOTA
Atacama,286168,2020-05-21,168,0,0,CL,CL-ATACAMA
Atacama,286168,2020-05-22,175,0,0,CL,CL-ATACAMA
Atacama,286168,2020-05-23,182,0,0,CL,CL-ATACAMA
Atacama,286168,2020-05-24,182,0,0,CL,CL-ATACAMA
Atacama,286168,2020-05-25,185,0,0,CL,CL-ATACAMA
Atacama,286168,2020-05-26,188,0,0,CL,CL-ATACAMA
Atacama,286168,2020-05-27,197,0,0,CL,CL-ATACAMA
Atacama,286168,2020-05-28,202,0,0,CL,CL-ATACAMA
Atacama,286168,2020-05-29,207,0,0,CL,CL-ATACAMA
Atacama,286168,2020-05-30,215,0,0,CL,CL-ATACAMA
Atacama,286168,2020-05-31,218,0,0,CL,CL-ATACAMA
Atacama,286168,2020-06-01,232,0,0,CL,CL-ATACAMA
Atacama,286168,2020-06-02,236,0,0,CL,CL-ATACAMA
Atacama,286168,2020-06-03,242,0,0,CL,CL-ATACAMA
Atacama,286168,2020-06-04,258,0,0,CL,CL-ATACAMA
Atacama,286168,2020-06-05,269,0,0,CL,CL-ATACAMA
Atacama,286168,2020-06-06,281,0,0,CL,CL-ATACAMA
Atacama,286168,2020-06-07,306,0,0,CL,CL-ATACAMA
Atacama,286168,2020-06-08,339,0,0,CL,CL-ATACAMA
Atacama,286168,2020-06-09,348,0,0,CL,CL-ATACAMA
Atacama,286168,2020-06-10,365,0,0,CL,CL-ATACAMA
Atacama,286168,2020-06-11,389,0,0,CL,CL-ATACAMA
Atacama,286168,2020-06-12,413,0,0,CL,CL-ATACAMA
Atacama,286168,2020-06-13,436,0,0,CL,CL-ATACAMA
Atacama,286168,2020-06-14,436,0,0,CL,CL-ATACAMA
Atacama,286168,2020-06-15,484,0,0,CL,CL-ATACAMA
Atacama,286168,2020-06-16,502,0,0,CL,CL-ATACAMA
Aysén,103158,2020-05-21,8,0,0,CL,CL-AYSEN
Aysén,103158,2020-05-22,8,0,0,CL,CL-AYSEN
Aysén,103158,2020-05-23,8,0,0,CL,CL-AYSEN
Aysén,103158,2020-05-24,8,0,0,CL,CL-AYSEN
Aysén,103158,2020-05-25,10,0,0,CL,CL-AYSEN
Aysén,103158,2020-05-26,12,0,0,CL,CL-AYSEN
Aysén,103158,2020-05-27,12,0,0,CL,CL-AYSEN
Aysén,103158,2020-05-28,14,0,0,CL,CL-AYSEN
Aysén,103158,2020-05-29,16,0,0,CL,CL-AYSEN
Aysén,103158,2020-05-30,16,0,0,CL,CL-AYSEN
Aysén,103158,2020-05-31,17,0,0,CL,CL-AYSEN
Aysén,103158,2020-06-01,17,0,0,CL,CL-AYSEN
Aysén,103158,2020-06-02,18,0,0,CL,CL-AYSEN
Aysén,103158,2020-06-03,18,0,0,CL,CL-AYSEN
Aysén,103158,2020-06-04,19,0,0,CL,CL-AYSEN
Aysén,103158,2020-06-05,19,0,0,CL,CL-AYSEN
Aysén,103158,2020-06-06,19,0,0,CL,CL-AYSEN
Aysén,103158,2020-06-07,20,0,0,CL,CL-AYSEN
Aysén,103158,2020-06-08,21,0,0,CL,CL-AYSEN
Aysén,103158,2020-06-09,21,0,0,CL,CL-AYSEN
Aysén,103158,2020-06-10,21,0,0,CL,CL-AYSEN
Aysén,103158,2020-06-11,22,0,0,CL,CL-AYSEN
Aysén,103158,2020-06-12,22,0,0,CL,CL-AYSEN
Aysén,103158,2020-06-13,24,0,0,CL,CL-AYSEN
Aysén,103158,2020-06-14,24,0,0,CL,CL-AYSEN
Aysén,103158,2020-06-15,26,0,0,CL,CL-AYSEN
Aysén,103158,2020-06-16,26,0,0,CL,CL-AYSEN
Biobío,1556805,2020-05-21,1263,0,9,CL,CL-BIOBIO
Biobío,1556805,2020-05-22,1311,0,10,CL,CL-BIOBIO
Biobío,1556805,2020-05-23,1354,0,10,CL,CL-BIOBIO
Biobío,1556805,2020-05-24,1414,0,10,CL,CL-BIOBIO
Biobío,1556805,2020-05-25,1458,0,10,CL,CL-BIOBIO
Biobío,1556805,2020-05-26,1502,0,10,CL,CL-BIOBIO
Biobío,1556805,2020-05-27,1565,0,10,CL,CL-BIOBIO
Biobío,1556805,2020-05-28,1677,0,10,CL,CL-BIOBIO
Biobío,1556805,2020-05-29,1778,0,11,CL,CL-BIOBIO
Biobío,1556805,2020-05-30,1888,0,11,CL,CL-BIOBIO
Biobío,1556805,2020-05-31,1979,0,11,CL,CL-BIOBIO
Biobío,1556805,2020-06-01,2070,0,11,CL,CL-BIOBIO
Biobío,1556805,2020-06-02,2082,0,0,CL,CL-BIOBIO
Biobío,1556805,2020-06-03,2215,0,0,CL,CL-BIOBIO
Biobío,1556805,2020-06-04,2301,0,13,CL,CL-BIOBIO
Biobío,1556805,2020-06-05,2379,0,13,CL,CL-BIOBIO
Biobío,1556805,2020-06-06,2490,0,13,CL,CL-BIOBIO
Biobío,1556805,2020-06-07,2595,0,13,CL,CL-BIOBIO
Biobío,1556805,2020-06-08,2651,0,11,CL,CL-BIOBIO
Biobío,1556805,2020-06-09,2694,0,11,CL,CL-BIOBIO
Biobío,1556805,2020-06-10,2846,0,11,CL,CL-BIOBIO
Biobío,1556805,2020-06-11,2974,0,12,CL,CL-BIOBIO
Biobío,1556805,2020-06-12,3103,0,14,CL,CL-BIOBIO
Biobío,1556805,2020-06-13,3269,0,16,CL,CL-BIOBIO
Biobío,1556805,2020-06-14,3269,0,16,CL,CL-BIOBIO
Biobío,1556805,2020-06-15,3460,0,19,CL,CL-BIOBIO
Biobío,1556805,2020-06-16,3515,0,19,CL,CL-BIOBIO
Coquimbo,757586,2020-05-21,268,0,2,CL,CL-COQUIMBO
Coquimbo,757586,2020-05-22,281,0,2,CL,CL-COQUIMBO
Coquimbo,757586,2020-05-23,294,0,2,CL,CL-COQUIMBO
Coquimbo,757586,2020-05-24,323,0,2,CL,CL-COQUIMBO
Coquimbo,757586,2020-05-25,338,0,2,CL,CL-COQUIMBO
Coquimbo,757586,2020-05-26,384,0,2,CL,CL-COQUIMBO
Coquimbo,757586,2020-05-27,455,0,2,CL,CL-COQUIMBO
Coquimbo,757586,2020-05-28,482,0,2,CL,CL-COQUIMBO
Coquimbo,757586,2020-05-29,537,0,2,CL,CL-COQUIMBO
Coquimbo,757586,2020-05-30,597,0,2,CL,CL-COQUIMBO
Coquimbo,757586,2020-05-31,628,0,2,CL,CL-COQUIMBO
Coquimbo,757586,2020-06-01,668,0,2,CL,CL-COQUIMBO
Coquimbo,757586,2020-06-02,687,0,0,CL,CL-COQUIMBO
Coquimbo,757586,2020-06-03,718,0,0,CL,CL-COQUIMBO
Coquimbo,757586,2020-06-04,772,0,4,CL,CL-COQUIMBO
Coquimbo,757586,2020-06-05,832,0,5,CL,CL-COQUIMBO
Coquimbo,757586,2020-06-06,898,0,5,CL,CL-COQUIMBO
Coquimbo,757586,2020-06-07,990,0,5,CL,CL-COQUIMBO
Coquimbo,757586,2020-06-08,1123,0,5,CL,CL-COQUIMBO
Coquimbo,757586,2020-06-09,1175,0,5,CL,CL-COQUIMBO
Coquimbo,757586,2020-06-10,1256,0,6,CL,CL-COQUIMBO
Coquimbo,757586,2020-06-11,1345,0,7,CL,CL-COQUIMBO
Coquimbo,757586,2020-06-12,1438,0,7,CL,CL-COQUIMBO
Coquimbo,757586,2020-06-13,1512,0,8,CL,CL-COQUIMBO
Coquimbo,757586,2020-06-14,1512,0,8,CL,CL-COQUIMBO
Coquimbo,757586,2020-06-15,1676,0,10,CL,CL-COQUIMBO
Coquimbo,757586,2020-06-16,1720,0,10,CL,CL-COQUIMBO
Los Lagos,828708,2020-05-21,693,0,13,CL,CL-LOS-LAGOS
Los Lagos,828708,2020-05-22,717,0,13,CL,CL-LOS-LAGOS
Los Lagos,828708,2020-05-23,727,0,13,CL,CL-LOS-LAGOS
Los Lagos,828708,2020-05-24,736,0,13,CL,CL-LOS-LAGOS
Los Lagos,828708,2020-05-25,763,0,13,CL,CL-LOS-LAGOS
Los Lagos,828708,2020-05-26,781,0,13,CL,CL-LOS-LAGOS
Los Lagos,828708,2020-05-27,791,0,13,CL,CL-LOS-LAGOS
Los Lagos,828708,2020-05-28,814,0,13,CL,CL-LOS-LAGOS
Los Lagos,828708,2020-05-29,822,0,13,CL,CL-LOS-LAGOS
Los Lagos,828708,2020-05-30,860,0,13,CL,CL-LOS-LAGOS
Los Lagos,828708,2020-05-31,863,0,13,CL,CL-LOS-LAGOS
Los Lagos,828708,2020-06-01,863,0,13,CL,CL-LOS-LAGOS
Los Lagos,828708,2020-06-02,894,0,0,CL,CL-LOS-LAGOS
Los Lagos,828708,2020-06-03,913,0,0,CL,CL-LOS-LAGOS
Los Lagos,828708,2020-06-04,926,0,13,CL,CL-LOS-LAGOS
Los Lagos,828708,2020-06-05,968,0,13,CL,CL-LOS-LAGOS
Los Lagos,828708,2020-06-06,985,0,13,CL,CL-LOS-LAGOS
Los Lagos,828708,2020-06-07,1003,0,13,CL,CL-LOS-LAGOS
Los Lagos,828708,2020-06-08,1010,0,12,CL,CL-LOS-LAGOS
Los Lagos,828708,2020-06-09,1028,0,12,CL,CL-LOS-LAGOS
Los Lagos,828708,2020-06-10,1041,0,12,CL,CL-LOS-LAGOS
Los Lagos,828708,2020-06-11,1062,0,12,CL,CL-LOS-LAGOS
Los Lagos,828708,2020-06-12,1083,0,12,CL,CL-LOS-LAGOS
Los Lagos,828708,2020-06-13,1108,0,13,CL,CL-LOS-LAGOS
Los Lagos,828708,2020-06-14,1108,0,13,CL,CL-LOS-LAGOS
Los Lagos,828708,2020-06-15,1168,0,13,CL,CL-LOS-LAGOS
Los Lagos,828708,2020-06-16,1178,0,13,CL,CL-LOS-LAGOS
Los Rios,384837,2020-05-21,258,0,6,CL,CL-LOS-RIOS
Los Rios,384837,2020-05-22,262,0,6,CL,CL-LOS-RIOS
Los Rios,384837,2020-05-23,274,0,6,CL,CL-LOS-RIOS
Los Rios,384837,2020-05-24,290,0,6,CL,CL-LOS-RIOS
Los Rios,384837,2020-05-25,297,0,6,CL,CL-LOS-RIOS
Los Rios,384837,2020-05-26,304,0,6,CL,CL-LOS-RIOS
Los Rios,384837,2020-05-27,309,0,6,CL,CL-LOS-RIOS
Los Rios,384837,2020-05-28,318,0,6,CL,CL-LOS-RIOS
Los Rios,384837,2020-05-29,330,0,6,CL,CL-LOS-RIOS
Los Rios,384837,2020-05-30,345,0,6,CL,CL-LOS-RIOS
Los Rios,384837,2020-05-31,356,0,6,CL,CL-LOS-RIOS
Los Rios,384837,2020-06-01,363,0,7,CL,CL-LOS-RIOS
Los Rios,384837,2020-06-02,368,0,0,CL,CL-LOS-RIOS
Los Rios,384837,2020-06-03,372,0,0,CL,CL-LOS-RIOS
Los Rios,384837,2020-06-04,379,0,8,CL,CL-LOS-RIOS
Los Rios,384837,2020-06-05,390,0,8,CL,CL-LOS-RIOS
Los Rios,384837,2020-06-06,400,0,8,CL,CL-LOS-RIOS
Los Rios,384837,2020-06-07,417,0,8,CL,CL-LOS-RIOS
Los Rios,384837,2020-06-08,425,0,8,CL,CL-LOS-RIOS
Los Rios,384837,2020-06-09,446,0,8,CL,CL-LOS-RIOS
Los Rios,384837,2020-06-10,452,0,8,CL,CL-LOS-RIOS
Los Rios,384837,2020-06-11,462,0,8,CL,CL-LOS-RIOS
Los Rios,384837,2020-06-12,479,0,9,CL,CL-LOS-RIOS
Los Rios,384837,2020-06-13,487,0,9,CL,CL-LOS-RIOS
Los Rios,384837,2020-06-14,487,0,9,CL,CL-LOS-RIOS
Los Rios,384837,2020-06-15,529,0,9,CL,CL-LOS-RIOS
Los Rios,384837,2020-06-16,533,0,9,CL,CL-LOS-RIOS
Magallanes,166533,2020-05-21,987,0,18,CL,CL-MAGALLANES
Magallanes,166533,2020-05-22,992,0,18,CL,CL-MAGALLANES
Magallanes,166533,2020-05-23,997,0,18,CL,CL-MAGALLANES
Magallanes,166533,2020-05-24,1010,0,18,CL,CL-MAGALLANES
Magallanes,166533,2020-05-25,1016,0,18,CL,CL-MAGALLANES
Magallanes,166533,2020-05-26,1031,0,18,CL,CL-MAGALLANES
Magallanes,166533,2020-05-27,1037,0,18,CL,CL-MAGALLANES
Magallanes,166533,2020-05-28,1040,0,18,CL,CL-MAGALLANES
Magallanes,166533,2020-05-29,1047,0,19,CL,CL-MAGALLANES
Magallanes,166533,2020-05-30,1054,0,19,CL,CL-MAGALLANES
Magallanes,166533,2020-05-31,1056,0,19,CL,CL-MAGALLANES
Magallanes,166533,2020-06-01,1056,0,19,CL,CL-MAGALLANES
Magallanes,166533,2020-06-02,1060,0,0,CL,CL-MAGALLANES
Magallanes,166533,2020-06-03,1063,0,0,CL,CL-MAGALLANES
Magallanes,166533,2020-06-04,1069,0,19,CL,CL-MAGALLANES
Magallanes,166533,2020-06-05,1072,0,19,CL,CL-MAGALLANES
Magallanes,166533,2020-06-06,1081,0,19,CL,CL-MAGALLANES
Magallanes,166533,2020-06-07,1082,0,19,CL,CL-MAGALLANES
Magallanes,166533,2020-06-08,1088,0,15,CL,CL-MAGALLANES
Magallanes,166533,2020-06-09,1088,0,15,CL,CL-MAGALLANES
Magallanes,166533,2020-06-10,1089,0,15,CL,CL-MAGALLANES
Magallanes,166533,2020-06-11,1102,0,15,CL,CL-MAGALLANES
Magallanes,166533,2020-06-12,1107,0,15,CL,CL-MAGALLANES
Magallanes,166533,2020-06-13,1123,0,15,CL,CL-MAGALLANES
Magallanes,166533,2020-06-14,1123,0,15,CL,CL-MAGALLANES
Magallanes,166533,2020-06-15,1185,0,15,CL,CL-MAGALLANES
Magallanes,166533,2020-06-16,1210,0,15,CL,CL-MAGALLANES
Maule,1044950,2020-05-21,731,0,15,CL,CL-MAULE
Maule,1044950,2020-05-22,782,0,15,CL,CL-MAULE
Maule,1044950,2020-05-23,823,0,15,CL,CL-MAULE
Maule,1044950,2020-05-24,892,0,15,CL,CL-MAULE
Maule,1044950,2020-05-25,953,0,15,CL,CL-MAULE
Maule,1044950,2020-05-26,1013,0,15,CL,CL-MAULE
Maule,1044950,2020-05-27,1066,0,15,CL,CL-MAULE
Maule,1044950,2020-05-28,1120,0,15,CL,CL-MAULE
Maule,1044950,2020-05-29,1180,0,15,CL,CL-MAULE
Maule,1044950,2020-05-30,1256,0,15,CL,CL-MAULE
Maule,1044950,2020-05-31,1297,0,15,CL,CL-MAULE
Maule,1044950,2020-06-01,1341,0,17,CL,CL-MAULE
Maule,1044950,2020-06-02,1381,0,0,CL,CL-MAULE
Maule,1044950,2020-06-03,1595,0,0,CL,CL-MAULE
Maule,1044950,2020-06-04,1732,0,21,CL,CL-MAULE
Maule,1044950,2020-06-05,1834,0,24,CL,CL-MAULE
Maule,1044950,2020-06-06,1969,0,24,CL,CL-MAULE
Maule,1044950,2020-06-07,2109,0,24,CL,CL-MAULE
Maule,1044950,2020-06-08,2176,0,18,CL,CL-MAULE
Maule,1044950,2020-06-09,2289,0,18,CL,CL-MAULE
Maule,1044950,2020-06-10,2440,0,18,CL,CL-MAULE
Maule,1044950,2020-06-11,2560,0,19,CL,CL-MAULE
Maule,1044950,2020-06-12,2691,0,19,CL,CL-MAULE
Maule,1044950,2020-06-13,2844,0,20,CL,CL-MAULE
Maule,1044950,2020-06-14,2844,0,20,CL,CL-MAULE
Maule,1044950,2020-06-15,3091,0,23,CL,CL-MAULE
Maule,1044950,2020-06-16,3189,0,23,CL,CL-MAULE
Metropolitana de Santiago,7112808,2020-05-21,44641,0,388,CL,CL-METROPOLITANA
Metropolitana de Santiago,7112808,2020-05-22,48350,0,423,CL,CL-METROPOLITANA
Metropolitana de Santiago,7112808,2020-05-23,51399,0,455,CL,CL-METROPOLITANA
Metropolitana de Santiago,7112808,2020-05-24,54544,0,494,CL,CL-METROPOLITANA
Metropolitana de Santiago,7112808,2020-05-25,58930,0,529,CL,CL-METROPOLITANA
Metropolitana de Santiago,7112808,2020-05-26,62285,0,567,CL,CL-METROPOLITANA
Metropolitana de Santiago,7112808,2020-05-27,66011,0,595,CL,CL-METROPOLITANA
Metropolitana de Santiago,7112808,2020-05-28,69915,0,638,CL,CL-METROPOLITANA
Metropolitana de Santiago,7112808,2020-05-29,72910,0,685,CL,CL-METROPOLITANA
Metropolitana de Santiago,7112808,2020-05-30,76251,0,728,CL,CL-METROPOLITANA
Metropolitana de Santiago,7112808,2020-05-31,80504,0,775,CL,CL-METROPOLITANA
Metropolitana de Santiago,7112808,2020-06-01,85239,0,824,CL,CL-METROPOLITANA
Metropolitana de Santiago,7112808,2020-06-02,88194,0,0,CL,CL-METROPOLITANA
Metropolitana de Santiago,7112808,2020-06-03,92191,0,0,CL,CL-METROPOLITANA
Metropolitana de Santiago,7112808,2020-06-04,95890,0,1034,CL,CL-METROPOLITANA
Metropolitana de Santiago,7112808,2020-06-05,99066,0,1105,CL,CL-METROPOLITANA
Metropolitana de Santiago,7112808,2020-06-06,103194,0,1184,CL,CL-METROPOLITANA
Metropolitana de Santiago,7112808,2020-06-07,108462,0,1273,CL,CL-METROPOLITANA
Metropolitana de Santiago,7112808,2020-06-08,112136,0,1950,CL,CL-METROPOLITANA
Metropolitana de Santiago,7112808,2020-06-09,115126,0,1968,CL,CL-METROPOLITANA
Metropolitana de Santiago,7112808,2020-06-10,119746,0,2115,CL,CL-METROPOLITANA
Metropolitana de Santiago,7112808,2020-06-11,124135,0,2273,CL,CL-METROPOLITANA
Metropolitana de Santiago,7112808,2020-06-12,129694,0,2468,CL,CL-METROPOLITANA
Metropolitana de Santiago,7112808,2020-06-13,134751,0,2681,CL,CL-METROPOLITANA
Metropolitana de Santiago,7112808,2020-06-14,134751,0,2681,CL,CL-METROPOLITANA
Metropolitana de Santiago,7112808,2020-06-15,144280,0,2913,CL,CL-METROPOLITANA
Metropolitana de Santiago,7112808,2020-06-16,148302,0,2934,CL,CL-METROPOLITANA
Ñuble,480609,2020-05-21,1020,0,21,CL,CL-NUBLE
Ñuble,480609,2020-05-22,1025,0,21,CL,CL-NUBLE
Ñuble,480609,2020-05-23,1077,0,21,CL,CL-NUBLE
Ñuble,480609,2020-05-24,1102,0,21,CL,CL-NUBLE
Ñuble,480609,2020-05-25,1139,0,22,CL,CL-NUBLE
Ñuble,480609,2020-05-26,1147,0,22,CL,CL-NUBLE
Ñuble,480609,2020-05-27,1174,0,22,CL,CL-NUBLE
Ñuble,480609,2020-05-28,1205,0,22,CL,CL-NUBLE
Ñuble,480609,2020-05-29,1242,0,22,CL,CL-NUBLE
Ñuble,480609,2020-05-30,1256,0,23,CL,CL-NUBLE
Ñuble,480609,2020-05-31,1257,0,23,CL,CL-NUBLE
Ñuble,480609,2020-06-01,1290,0,23,CL,CL-NUBLE
Ñuble,480609,2020-06-02,1290,0,0,CL,CL-NUBLE
Ñuble,480609,2020-06-03,1329,0,0,CL,CL-NUBLE
Ñuble,480609,2020-06-04,1372,0,24,CL,CL-NUBLE
Ñuble,480609,2020-06-05,1429,0,24,CL,CL-NUBLE
Ñuble,480609,2020-06-06,1470,0,24,CL,CL-NUBLE
Ñuble,480609,2020-06-07,1490,0,25,CL,CL-NUBLE
Ñuble,480609,2020-06-08,1552,0,18,CL,CL-NUBLE
Ñuble,480609,2020-06-09,1584,0,18,CL,CL-NUBLE
Ñuble,480609,2020-06-10,1616,0,20,CL,CL-NUBLE
Ñuble,480609,2020-06-11,1673,0,20,CL,CL-NUBLE
Ñuble,480609,2020-06-12,1718,0,20,CL,CL-NUBLE
Ñuble,480609,2020-06-13,1737,0,22,CL,CL-NUBLE
Ñuble,480609,2020-06-14,1737,0,22,CL,CL-NUBLE
Ñuble,480609,2020-06-15,1832,0,22,CL,CL-NUBLE
Ñuble,480609,2020-06-16,1852,0,22,CL,CL-NUBLE
O'Higgins,914555,2020-05-21,465,0,7,CL,CL-OHIGGINS
O'Higgins,914555,2020-05-22,492,0,8,CL,CL-OHIGGINS
O'Higgins,914555,2020-05-23,518,0,11,CL,CL-OHIGGINS
O'Higgins,914555,2020-05-24,554,0,11,CL,CL-OHIGGINS
O'Higgins,914555,2020-05-25,588,0,13,CL,CL-OHIGGINS
O'Higgins,914555,2020-05-26,654,0,13,CL,CL-OHIGGINS
O'Higgins,914555,2020-05-27,691,0,14,CL,CL-OHIGGINS
O'Higgins,914555,2020-05-28,705,0,14,CL,CL-OHIGGINS
O'Higgins,914555,2020-05-29,745,0,14,CL,CL-OHIGGINS
O'Higgins,914555,2020-05-30,756,0,16,CL,CL-OHIGGINS
O'Higgins,914555,2020-05-31,785,0,18,CL,CL-OHIGGINS
O'Higgins,914555,2020-06-01,813,0,18,CL,CL-OHIGGINS
O'Higgins,914555,2020-06-02,843,0,0,CL,CL-OHIGGINS
O'Higgins,914555,2020-06-03,931,0,0,CL,CL-OHIGGINS
O'Higgins,914555,2020-06-04,967,0,21,CL,CL-OHIGGINS
O'Higgins,914555,2020-06-05,1016,0,22,CL,CL-OHIGGINS
O'Higgins,914555,2020-06-06,1111,0,25,CL,CL-OHIGGINS
O'Higgins,914555,2020-06-07,1183,0,25,CL,CL-OHIGGINS
O'Higgins,914555,2020-06-08,1255,0,22,CL,CL-OHIGGINS
O'Higgins,914555,2020-06-09,1317,0,23,CL,CL-OHIGGINS
O'Higgins,914555,2020-06-10,1442,0,26,CL,CL-OHIGGINS
O'Higgins,914555,2020-06-11,1552,0,28,CL,CL-OHIGGINS
O'Higgins,914555,2020-06-12,1629,0,30,CL,CL-OHIGGINS
O'Higgins,914555,2020-06-13,1788,0,32,CL,CL-OHIGGINS
O'Higgins,914555,2020-06-14,1788,0,32,CL,CL-OHIGGINS
O'Higgins,914555,2020-06-15,2012,0,35,CL,CL-OHIGGINS
O'Higgins,914555,2020-06-16,2221,0,35,CL,CL-OHIGGINS
Tarapaca,0,2020-05-21,1246,0,4,CL,CL-TARAPACA
Tarapaca,0,2020-05-22,1393,0,5,CL,CL-TARAPACA
Tarapaca,0,2020-05-23,1471,0,5,CL,CL-TARAPACA
Tarapaca,0,2020-05-24,1564,0,7,CL,CL-TARAPACA
Tarapaca,0,2020-05-25,1630,0,7,CL,CL-TARAPACA
Tarapaca,0,2020-05-26,1737,0,8,CL,CL-TARAPACA
Tarapaca,0,2020-05-27,1811,0,11,CL,CL-TARAPACA
Tarapaca,0,2020-05-28,1957,0,12,CL,CL-TARAPACA
Tarapaca,0,2020-05-29,2093,0,14,CL,CL-TARAPACA
Tarapaca,0,2020-05-30,2250,0,18,CL,CL-TARAPACA
Tarapaca,0,2020-05-31,2361,0,21,CL,CL-TARAPACA
Tarapaca,0,2020-06-01,2526,0,22,CL,CL-TARAPACA
Tarapaca,0,2020-06-02,2594,0,0,CL,CL-TARAPACA
Tarapaca,0,2020-06-03,2682,0,0,CL,CL-TARAPACA
Tarapaca,0,2020-06-04,2810,0,28,CL,CL-TARAPACA
Tarapaca,0,2020-06-05,2965,0,28,CL,CL-TARAPACA
Tarapaca,0,2020-06-06,3094,0,30,CL,CL-TARAPACA
Tarapaca,0,2020-06-07,3250,0,32,CL,CL-TARAPACA
Tarapaca,0,2020-06-08,3392,0,35,CL,CL-TARAPACA
Tarapaca,0,2020-06-09,3491,0,35,CL,CL-TARAPACA
Tarapaca,0,2020-06-10,3591,0,46,CL,CL-TARAPACA
Tarapaca,0,2020-06-11,3696,0,46,CL,CL-TARAPACA
Tarapaca,0,2020-06-12,3823,0,48,CL,CL-TARAPACA
Tarapaca,0,2020-06-13,4004,0,52,CL,CL-TARAPACA
Tarapaca,0,2020-06-14,4004,0,52,CL,CL-TARAPACA
Tarapaca,0,2020-06-15,4258,0,58,CL,CL-TARAPACA
Tarapaca,0,2020-06-16,4365,0,58,CL,CL-TARAPACA
Valparaíso,1815902,2020-05-21,1887,0,38,CL,CL-VALPARAISO
Valparaíso,1815902,2020-05-22,2020,0,40,CL,CL-VALPARAISO
Valparaíso,1815902,2020-05-23,2116,0,44,CL,CL-VALPARAISO
Valparaíso,1815902,2020-05-24,2230,0,48,CL,CL-VALPARAISO
Valparaíso,1815902,2020-05-25,2305,0,53,CL,CL-VALPARAISO
Valparaíso,1815902,2020-05-26,2455,0,57,CL,CL-VALPARAISO
Valparaíso,1815902,2020-05-27,2576,0,58,CL,CL-VALPARAISO
Valparaíso,1815902,2020-05-28,2730,0,60,CL,CL-VALPARAISO
Valparaíso,1815902,2020-05-29,2842,0,61,CL,CL-VALPARAISO
Valparaíso,1815902,2020-05-30,3037,0,63,CL,CL-VALPARAISO
Valparaíso,1815902,2020-05-31,3167,0,66,CL,CL-VALPARAISO
Valparaíso,1815902,2020-06-01,3348,0,70,CL,CL-VALPARAISO
Valparaíso,1815902,2020-06-02,3595,0,0,CL,CL-VALPARAISO
Valparaíso,1815902,2020-06-03,3769,0,0,CL,CL-VALPARAISO
Valparaíso,1815902,2020-06-04,4017,0,78,CL,CL-VALPARAISO
Valparaíso,1815902,2020-06-05,4266,0,88,CL,CL-VALPARAISO
Valparaíso,1815902,2020-06-06,4580,0,91,CL,CL-VALPARAISO
Valparaíso,1815902,2020-06-07,4862,0,93,CL,CL-VALPARAISO
Valparaíso,1815902,2020-06-08,5149,0,85,CL,CL-VALPARAISO
Valparaíso,1815902,2020-06-09,5391,0,85,CL,CL-VALPARAISO
Valparaíso,1815902,2020-06-10,5614,0,99,CL,CL-VALPARAISO
Valparaíso,1815902,2020-06-11,5865,0,107,CL,CL-VALPARAISO
Valparaíso,1815902,2020-06-12,6171,0,118,CL,CL-VALPARAISO
Valparaíso,1815902,2020-06-13,6527,0,120,CL,CL-VALPARAISO
Valparaíso,1815902,2020-06-14,6527,0,120,CL,CL-VALPARAISO
Valparaíso,1815902,2020-06-15,7012,0,126,CL,CL-VALPARAISO
Valparaíso,1815902,2020-06-16,7262,0,126,CL,CL-VALPARAISO
other,0,2020-05-21,0,23992,0,CL,CL-XX
other,0,2020-05-22,0,25342,0,CL,CL-XX
other,0,2020-05-23,0,26546,0,CL,CL-XX
other,0,2020-05-24,0,28148,0,CL,CL-XX
other,0,2020-05-25,0,29302,0,CL,CL-XX
other,0,2020-05-26,0,30915,0,CL,CL-XX
other,0,2020-05-27,0,33540,0,CL,CL-XX
other,0,2020-05-28,0,36115,0,CL,CL-XX
other,0,2020-05-29,0,38598,0,CL,CL-XX
other,0,2020-05-30,0,40431,0,CL,CL-XX
other,0,2020-05-31,0,42727,0,CL,CL-XX
other,0,2020-06-01,0,44946,0,CL,CL-XX
other,0,2020-06-02,0,21325,1188,CL,CL-XX
other,0,2020-06-03,0,21605,1275,CL,CL-XX
other,0,2020-06-04,0,21305,0,CL,CL-XX
other,0,2020-06-05,0,99358,0,CL,CL-XX
other,0,2020-06-06,0,103817,0,CL,CL-XX
other,0,2020-06-07,0,108150,0,CL,CL-XX
other,0,2020-06-08,0,112248,0,CL,CL-XX
other,0,2020-06-09,0,117361,0,CL,CL-XX
other,0,2020-06-10,0,121780,0,CL,CL-XX
other,0,2020-06-11,0,126444,0,CL,CL-XX
other,0,2020-06-12,0,131358,0,CL,CL-XX
other,0,2020-06-13,0,137296,0,CL,CL-XX
other,0,2020-06-14,0,137296,0,CL,CL-XX
other,0,2020-06-15,0,148792,0,CL,CL-XX
other,0,2020-06-16,0,156232,0,CL,CL-XX
