state_name_en,population_number,reportDate,cases,recovered,deaths,countryCode,stateCode
Blekinge,159606,2020-06-08,297,0,5,SE,SE-BLEKINGE
Blekinge,159606,2020-06-09,307,0,7,SE,SE-BLEKINGE
Blekinge,159606,2020-06-10,311,0,7,SE,SE-BLEKINGE
Blekinge,159606,2020-06-11,319,0,7,SE,SE-BLEKINGE
Blekinge,159606,2020-06-12,343,0,7,SE,SE-BLEKINGE
Blekinge,159606,2020-06-13,357,0,7,SE,SE-BLEKINGE
Blekinge,159606,2020-06-14,369,0,7,SE,SE-BLEKINGE
Blekinge,159606,2020-06-15,379,0,8,SE,SE-BLEKINGE
Blekinge,159606,2020-06-16,382,0,9,SE,SE-BLEKINGE
Blekinge,159606,2020-06-17,389,0,8,SE,SE-BLEKINGE
Blekinge,159606,2020-06-18,402,0,9,SE,SE-BLEKINGE
Blekinge,159606,2020-06-19,402,0,9,SE,SE-BLEKINGE
Blekinge,159606,2020-06-20,402,0,9,SE,SE-BLEKINGE
Blekinge,159606,2020-06-21,402,0,9,SE,SE-BLEKINGE
Blekinge,159606,2020-06-22,414,0,10,SE,SE-BLEKINGE
Blekinge,159606,2020-06-23,417,0,11,SE,SE-BLEKINGE
Blekinge,159606,2020-06-24,425,0,12,SE,SE-BLEKINGE
Blekinge,159606,2020-06-25,430,0,12,SE,SE-BLEKINGE
Blekinge,159606,2020-06-26,436,0,12,SE,SE-BLEKINGE
Blekinge,159606,2020-06-27,436,0,12,SE,SE-BLEKINGE
Blekinge,159606,2020-06-28,436,0,12,SE,SE-BLEKINGE
Blekinge,159606,2020-06-29,444,0,12,SE,SE-BLEKINGE
Blekinge,159606,2020-06-30,444,0,12,SE,SE-BLEKINGE
Blekinge,159606,2020-07-01,447,0,13,SE,SE-BLEKINGE
Blekinge,159606,2020-07-02,449,0,14,SE,SE-BLEKINGE
Blekinge,159606,2020-07-03,452,0,14,SE,SE-BLEKINGE
Blekinge,159606,2020-07-04,452,0,14,SE,SE-BLEKINGE
Blekinge,159606,2020-07-05,452,0,14,SE,SE-BLEKINGE
Blekinge,159606,2020-07-06,460,0,14,SE,SE-BLEKINGE
Blekinge,159606,2020-07-07,462,0,14,SE,SE-BLEKINGE
Blekinge,159606,2020-07-08,465,0,14,SE,SE-BLEKINGE
Blekinge,159606,2020-07-09,468,0,14,SE,SE-BLEKINGE
Blekinge,159606,2020-07-10,470,0,14,SE,SE-BLEKINGE
Blekinge,159606,2020-07-11,470,0,14,SE,SE-BLEKINGE
Blekinge,159606,2020-07-12,470,0,14,SE,SE-BLEKINGE
Blekinge,159606,2020-07-13,471,0,14,SE,SE-BLEKINGE
Blekinge,159606,2020-07-14,473,0,14,SE,SE-BLEKINGE
Blekinge,159606,2020-07-15,475,0,14,SE,SE-BLEKINGE
Blekinge,159606,2020-07-16,476,0,14,SE,SE-BLEKINGE
Blekinge,159606,2020-07-17,478,0,14,SE,SE-BLEKINGE
Blekinge,159606,2020-07-18,478,0,14,SE,SE-BLEKINGE
Blekinge,159606,2020-07-19,478,0,14,SE,SE-BLEKINGE
Blekinge,159606,2020-07-20,479,0,14,SE,SE-BLEKINGE
Blekinge,159606,2020-07-21,479,0,14,SE,SE-BLEKINGE
Blekinge,159606,2020-07-22,479,0,14,SE,SE-BLEKINGE
Blekinge,159606,2020-07-23,480,0,14,SE,SE-BLEKINGE
Blekinge,159606,2020-07-24,480,0,14,SE,SE-BLEKINGE
Blekinge,159606,2020-07-25,480,0,14,SE,SE-BLEKINGE
Blekinge,159606,2020-07-26,480,0,14,SE,SE-BLEKINGE
Blekinge,159606,2020-07-27,482,0,14,SE,SE-BLEKINGE
Dalarna,287966,2020-06-08,1315,0,147,SE,SE-DALARNA
Dalarna,287966,2020-06-09,1329,0,147,SE,SE-DALARNA
Dalarna,287966,2020-06-10,1345,0,150,SE,SE-DALARNA
Dalarna,287966,2020-06-11,1363,0,150,SE,SE-DALARNA
Dalarna,287966,2020-06-12,1372,0,151,SE,SE-DALARNA
Dalarna,287966,2020-06-13,1375,0,151,SE,SE-DALARNA
Dalarna,287966,2020-06-14,1385,0,151,SE,SE-DALARNA
Dalarna,287966,2020-06-15,1395,0,151,SE,SE-DALARNA
Dalarna,287966,2020-06-16,1398,0,151,SE,SE-DALARNA
Dalarna,287966,2020-06-17,1405,0,153,SE,SE-DALARNA
Dalarna,287966,2020-06-18,1410,0,153,SE,SE-DALARNA
Dalarna,287966,2020-06-19,1410,0,153,SE,SE-DALARNA
Dalarna,287966,2020-06-20,1410,0,153,SE,SE-DALARNA
Dalarna,287966,2020-06-21,1410,0,153,SE,SE-DALARNA
Dalarna,287966,2020-06-22,1457,0,156,SE,SE-DALARNA
Dalarna,287966,2020-06-23,1466,0,156,SE,SE-DALARNA
Dalarna,287966,2020-06-24,1495,0,157,SE,SE-DALARNA
Dalarna,287966,2020-06-25,1518,0,157,SE,SE-DALARNA
Dalarna,287966,2020-06-26,1555,0,157,SE,SE-DALARNA
Dalarna,287966,2020-06-27,1555,0,157,SE,SE-DALARNA
Dalarna,287966,2020-06-28,1555,0,157,SE,SE-DALARNA
Dalarna,287966,2020-06-29,1623,0,157,SE,SE-DALARNA
Dalarna,287966,2020-06-30,1626,0,157,SE,SE-DALARNA
Dalarna,287966,2020-07-01,1653,0,157,SE,SE-DALARNA
Dalarna,287966,2020-07-02,1681,0,157,SE,SE-DALARNA
Dalarna,287966,2020-07-03,1739,0,157,SE,SE-DALARNA
Dalarna,287966,2020-07-04,1739,0,157,SE,SE-DALARNA
Dalarna,287966,2020-07-05,1739,0,157,SE,SE-DALARNA
Dalarna,287966,2020-07-06,1801,0,157,SE,SE-DALARNA
Dalarna,287966,2020-07-07,1804,0,157,SE,SE-DALARNA
Dalarna,287966,2020-07-08,1817,0,159,SE,SE-DALARNA
Dalarna,287966,2020-07-09,1835,0,159,SE,SE-DALARNA
Dalarna,287966,2020-07-10,1848,0,160,SE,SE-DALARNA
Dalarna,287966,2020-07-11,1848,0,160,SE,SE-DALARNA
Dalarna,287966,2020-07-12,1848,0,160,SE,SE-DALARNA
Dalarna,287966,2020-07-13,1859,0,160,SE,SE-DALARNA
Dalarna,287966,2020-07-14,1877,0,160,SE,SE-DALARNA
Dalarna,287966,2020-07-15,1884,0,163,SE,SE-DALARNA
Dalarna,287966,2020-07-16,1888,0,163,SE,SE-DALARNA
Dalarna,287966,2020-07-17,1897,0,165,SE,SE-DALARNA
Dalarna,287966,2020-07-18,1897,0,165,SE,SE-DALARNA
Dalarna,287966,2020-07-19,1897,0,165,SE,SE-DALARNA
Dalarna,287966,2020-07-20,1915,0,165,SE,SE-DALARNA
Dalarna,287966,2020-07-21,1916,0,165,SE,SE-DALARNA
Dalarna,287966,2020-07-22,1928,0,165,SE,SE-DALARNA
Dalarna,287966,2020-07-23,1931,0,169,SE,SE-DALARNA
Dalarna,287966,2020-07-24,1936,0,171,SE,SE-DALARNA
Dalarna,287966,2020-07-25,1936,0,171,SE,SE-DALARNA
Dalarna,287966,2020-07-26,1936,0,171,SE,SE-DALARNA
Dalarna,287966,2020-07-27,1944,0,171,SE,SE-DALARNA
Gavleborg,287382,2020-06-08,1516,0,113,SE,SE-GAVLEBORG
Gavleborg,287382,2020-06-09,1542,0,115,SE,SE-GAVLEBORG
Gavleborg,287382,2020-06-10,1587,0,118,SE,SE-GAVLEBORG
Gavleborg,287382,2020-06-11,1637,0,118,SE,SE-GAVLEBORG
Gavleborg,287382,2020-06-12,1696,0,118,SE,SE-GAVLEBORG
Gavleborg,287382,2020-06-13,1737,0,118,SE,SE-GAVLEBORG
Gavleborg,287382,2020-06-14,1763,0,118,SE,SE-GAVLEBORG
Gavleborg,287382,2020-06-15,1794,0,118,SE,SE-GAVLEBORG
Gavleborg,287382,2020-06-16,1835,0,119,SE,SE-GAVLEBORG
Gavleborg,287382,2020-06-17,1895,0,120,SE,SE-GAVLEBORG
Gavleborg,287382,2020-06-18,1933,0,121,SE,SE-GAVLEBORG
Gavleborg,287382,2020-06-19,1933,0,121,SE,SE-GAVLEBORG
Gavleborg,287382,2020-06-20,1933,0,121,SE,SE-GAVLEBORG
Gavleborg,287382,2020-06-21,1933,0,121,SE,SE-GAVLEBORG
Gavleborg,287382,2020-06-22,2007,0,122,SE,SE-GAVLEBORG
Gavleborg,287382,2020-06-23,2064,0,122,SE,SE-GAVLEBORG
Gavleborg,287382,2020-06-24,2107,0,123,SE,SE-GAVLEBORG
Gavleborg,287382,2020-06-25,2148,0,126,SE,SE-GAVLEBORG
Gavleborg,287382,2020-06-26,2174,0,127,SE,SE-GAVLEBORG
Gavleborg,287382,2020-06-27,2174,0,127,SE,SE-GAVLEBORG
Gavleborg,287382,2020-06-28,2174,0,127,SE,SE-GAVLEBORG
Gavleborg,287382,2020-06-29,2226,0,131,SE,SE-GAVLEBORG
Gavleborg,287382,2020-06-30,2264,0,131,SE,SE-GAVLEBORG
Gavleborg,287382,2020-07-01,2467,0,131,SE,SE-GAVLEBORG
Gavleborg,287382,2020-07-02,2531,0,133,SE,SE-GAVLEBORG
Gavleborg,287382,2020-07-03,2559,0,133,SE,SE-GAVLEBORG
Gavleborg,287382,2020-07-04,2559,0,133,SE,SE-GAVLEBORG
Gavleborg,287382,2020-07-05,2559,0,133,SE,SE-GAVLEBORG
Gavleborg,287382,2020-07-06,2691,0,135,SE,SE-GAVLEBORG
Gavleborg,287382,2020-07-07,2721,0,135,SE,SE-GAVLEBORG
Gavleborg,287382,2020-07-08,2726,0,139,SE,SE-GAVLEBORG
Gavleborg,287382,2020-07-09,2791,0,140,SE,SE-GAVLEBORG
Gavleborg,287382,2020-07-10,2815,0,140,SE,SE-GAVLEBORG
Gavleborg,287382,2020-07-11,2815,0,140,SE,SE-GAVLEBORG
Gavleborg,287382,2020-07-12,2815,0,140,SE,SE-GAVLEBORG
Gavleborg,287382,2020-07-13,2962,0,144,SE,SE-GAVLEBORG
Gavleborg,287382,2020-07-14,2981,0,144,SE,SE-GAVLEBORG
Gavleborg,287382,2020-07-15,2989,0,147,SE,SE-GAVLEBORG
Gavleborg,287382,2020-07-16,3011,0,149,SE,SE-GAVLEBORG
Gavleborg,287382,2020-07-17,3022,0,152,SE,SE-GAVLEBORG
Gavleborg,287382,2020-07-18,3022,0,152,SE,SE-GAVLEBORG
Gavleborg,287382,2020-07-19,3022,0,152,SE,SE-GAVLEBORG
Gavleborg,287382,2020-07-20,3053,0,152,SE,SE-GAVLEBORG
Gavleborg,287382,2020-07-21,3058,0,152,SE,SE-GAVLEBORG
Gavleborg,287382,2020-07-22,3078,0,154,SE,SE-GAVLEBORG
Gavleborg,287382,2020-07-23,3083,0,155,SE,SE-GAVLEBORG
Gavleborg,287382,2020-07-24,3108,0,159,SE,SE-GAVLEBORG
Gavleborg,287382,2020-07-25,3108,0,159,SE,SE-GAVLEBORG
Gavleborg,287382,2020-07-26,3108,0,159,SE,SE-GAVLEBORG
Gavleborg,287382,2020-07-27,3119,0,160,SE,SE-GAVLEBORG
Gotland,59686,2020-06-08,90,0,6,SE,SE-GOTLAND
Gotland,59686,2020-06-09,91,0,6,SE,SE-GOTLAND
Gotland,59686,2020-06-10,97,0,6,SE,SE-GOTLAND
Gotland,59686,2020-06-11,99,0,6,SE,SE-GOTLAND
Gotland,59686,2020-06-12,106,0,6,SE,SE-GOTLAND
Gotland,59686,2020-06-13,109,0,6,SE,SE-GOTLAND
Gotland,59686,2020-06-14,109,0,6,SE,SE-GOTLAND
Gotland,59686,2020-06-15,109,0,6,SE,SE-GOTLAND
Gotland,59686,2020-06-16,114,0,6,SE,SE-GOTLAND
Gotland,59686,2020-06-17,118,0,6,SE,SE-GOTLAND
Gotland,59686,2020-06-18,122,0,6,SE,SE-GOTLAND
Gotland,59686,2020-06-19,122,0,6,SE,SE-GOTLAND
Gotland,59686,2020-06-20,122,0,6,SE,SE-GOTLAND
Gotland,59686,2020-06-21,122,0,6,SE,SE-GOTLAND
Gotland,59686,2020-06-22,131,0,6,SE,SE-GOTLAND
Gotland,59686,2020-06-23,137,0,6,SE,SE-GOTLAND
Gotland,59686,2020-06-24,144,0,7,SE,SE-GOTLAND
Gotland,59686,2020-06-25,147,0,7,SE,SE-GOTLAND
Gotland,59686,2020-06-26,147,0,7,SE,SE-GOTLAND
Gotland,59686,2020-06-27,147,0,7,SE,SE-GOTLAND
Gotland,59686,2020-06-28,147,0,7,SE,SE-GOTLAND
Gotland,59686,2020-06-29,154,0,7,SE,SE-GOTLAND
Gotland,59686,2020-06-30,160,0,7,SE,SE-GOTLAND
Gotland,59686,2020-07-01,162,0,6,SE,SE-GOTLAND
Gotland,59686,2020-07-02,162,0,6,SE,SE-GOTLAND
Gotland,59686,2020-07-03,162,0,6,SE,SE-GOTLAND
Gotland,59686,2020-07-04,162,0,6,SE,SE-GOTLAND
Gotland,59686,2020-07-05,162,0,6,SE,SE-GOTLAND
Gotland,59686,2020-07-06,165,0,6,SE,SE-GOTLAND
Gotland,59686,2020-07-07,174,0,6,SE,SE-GOTLAND
Gotland,59686,2020-07-08,174,0,6,SE,SE-GOTLAND
Gotland,59686,2020-07-09,177,0,6,SE,SE-GOTLAND
Gotland,59686,2020-07-10,181,0,6,SE,SE-GOTLAND
Gotland,59686,2020-07-11,181,0,6,SE,SE-GOTLAND
Gotland,59686,2020-07-12,181,0,6,SE,SE-GOTLAND
Gotland,59686,2020-07-13,182,0,6,SE,SE-GOTLAND
Gotland,59686,2020-07-14,186,0,6,SE,SE-GOTLAND
Gotland,59686,2020-07-15,189,0,6,SE,SE-GOTLAND
Gotland,59686,2020-07-16,189,0,6,SE,SE-GOTLAND
Gotland,59686,2020-07-17,196,0,6,SE,SE-GOTLAND
Gotland,59686,2020-07-18,196,0,6,SE,SE-GOTLAND
Gotland,59686,2020-07-19,196,0,6,SE,SE-GOTLAND
Gotland,59686,2020-07-20,206,0,6,SE,SE-GOTLAND
Gotland,59686,2020-07-21,206,0,6,SE,SE-GOTLAND
Gotland,59686,2020-07-22,212,0,6,SE,SE-GOTLAND
Gotland,59686,2020-07-23,217,0,6,SE,SE-GOTLAND
Gotland,59686,2020-07-24,219,0,6,SE,SE-GOTLAND
Gotland,59686,2020-07-25,219,0,6,SE,SE-GOTLAND
Gotland,59686,2020-07-26,219,0,6,SE,SE-GOTLAND
Gotland,59686,2020-07-27,230,0,6,SE,SE-GOTLAND
Halland,333848,2020-06-08,920,0,57,SE,SE-HALLAND
Halland,333848,2020-06-09,937,0,57,SE,SE-HALLAND
Halland,333848,2020-06-10,963,0,60,SE,SE-HALLAND
Halland,333848,2020-06-11,994,0,60,SE,SE-HALLAND
Halland,333848,2020-06-12,1020,0,60,SE,SE-HALLAND
Halland,333848,2020-06-13,1049,0,60,SE,SE-HALLAND
Halland,333848,2020-06-14,1060,0,60,SE,SE-HALLAND
Halland,333848,2020-06-15,1066,0,60,SE,SE-HALLAND
Halland,333848,2020-06-16,1084,0,60,SE,SE-HALLAND
Halland,333848,2020-06-17,1131,0,62,SE,SE-HALLAND
Halland,333848,2020-06-18,1154,0,62,SE,SE-HALLAND
Halland,333848,2020-06-19,1154,0,62,SE,SE-HALLAND
Halland,333848,2020-06-20,1154,0,62,SE,SE-HALLAND
Halland,333848,2020-06-21,1154,0,62,SE,SE-HALLAND
Halland,333848,2020-06-22,1190,0,63,SE,SE-HALLAND
Halland,333848,2020-06-23,1201,0,63,SE,SE-HALLAND
Halland,333848,2020-06-24,1271,0,66,SE,SE-HALLAND
Halland,333848,2020-06-25,1303,0,66,SE,SE-HALLAND
Halland,333848,2020-06-26,1331,0,71,SE,SE-HALLAND
Halland,333848,2020-06-27,1331,0,71,SE,SE-HALLAND
Halland,333848,2020-06-28,1331,0,71,SE,SE-HALLAND
Halland,333848,2020-06-29,1442,0,71,SE,SE-HALLAND
Halland,333848,2020-06-30,1483,0,71,SE,SE-HALLAND
Halland,333848,2020-07-01,1536,0,72,SE,SE-HALLAND
Halland,333848,2020-07-02,1538,0,72,SE,SE-HALLAND
Halland,333848,2020-07-03,1574,0,72,SE,SE-HALLAND
Halland,333848,2020-07-04,1574,0,72,SE,SE-HALLAND
Halland,333848,2020-07-05,1574,0,72,SE,SE-HALLAND
Halland,333848,2020-07-06,1592,0,72,SE,SE-HALLAND
Halland,333848,2020-07-07,1592,0,72,SE,SE-HALLAND
Halland,333848,2020-07-08,1620,0,75,SE,SE-HALLAND
Halland,333848,2020-07-09,1627,0,75,SE,SE-HALLAND
Halland,333848,2020-07-10,1639,0,75,SE,SE-HALLAND
Halland,333848,2020-07-11,1639,0,75,SE,SE-HALLAND
Halland,333848,2020-07-12,1639,0,75,SE,SE-HALLAND
Halland,333848,2020-07-13,1648,0,75,SE,SE-HALLAND
Halland,333848,2020-07-14,1652,0,76,SE,SE-HALLAND
Halland,333848,2020-07-15,1657,0,77,SE,SE-HALLAND
Halland,333848,2020-07-16,1665,0,77,SE,SE-HALLAND
Halland,333848,2020-07-17,1671,0,78,SE,SE-HALLAND
Halland,333848,2020-07-18,1671,0,78,SE,SE-HALLAND
Halland,333848,2020-07-19,1671,0,78,SE,SE-HALLAND
Halland,333848,2020-07-20,1683,0,78,SE,SE-HALLAND
Halland,333848,2020-07-21,1692,0,78,SE,SE-HALLAND
Halland,333848,2020-07-22,1698,0,78,SE,SE-HALLAND
Halland,333848,2020-07-23,1702,0,78,SE,SE-HALLAND
Halland,333848,2020-07-24,1706,0,78,SE,SE-HALLAND
Halland,333848,2020-07-25,1706,0,78,SE,SE-HALLAND
Halland,333848,2020-07-26,1706,0,78,SE,SE-HALLAND
Halland,333848,2020-07-27,1713,0,78,SE,SE-HALLAND
Jamtland Harjedalen,130810,2020-06-08,809,0,34,SE,SE-JAMTLAND-HARJEDALEN
Jamtland Harjedalen,130810,2020-06-09,817,0,34,SE,SE-JAMTLAND-HARJEDALEN
Jamtland Harjedalen,130810,2020-06-10,839,0,34,SE,SE-JAMTLAND-HARJEDALEN
Jamtland Harjedalen,130810,2020-06-11,847,0,34,SE,SE-JAMTLAND-HARJEDALEN
Jamtland Harjedalen,130810,2020-06-12,862,0,39,SE,SE-JAMTLAND-HARJEDALEN
Jamtland Harjedalen,130810,2020-06-13,868,0,39,SE,SE-JAMTLAND-HARJEDALEN
Jamtland Harjedalen,130810,2020-06-14,884,0,39,SE,SE-JAMTLAND-HARJEDALEN
Jamtland Harjedalen,130810,2020-06-15,884,0,39,SE,SE-JAMTLAND-HARJEDALEN
Jamtland Harjedalen,130810,2020-06-16,920,0,40,SE,SE-JAMTLAND-HARJEDALEN
Jamtland Harjedalen,130810,2020-06-17,941,0,40,SE,SE-JAMTLAND-HARJEDALEN
Jamtland Harjedalen,130810,2020-06-18,951,0,43,SE,SE-JAMTLAND-HARJEDALEN
Jamtland Harjedalen,130810,2020-06-19,951,0,43,SE,SE-JAMTLAND-HARJEDALEN
Jamtland Harjedalen,130810,2020-06-20,951,0,43,SE,SE-JAMTLAND-HARJEDALEN
Jamtland Harjedalen,130810,2020-06-21,951,0,43,SE,SE-JAMTLAND-HARJEDALEN
Jamtland Harjedalen,130810,2020-06-22,977,0,44,SE,SE-JAMTLAND-HARJEDALEN
Jamtland Harjedalen,130810,2020-06-23,983,0,44,SE,SE-JAMTLAND-HARJEDALEN
Jamtland Harjedalen,130810,2020-06-24,993,0,44,SE,SE-JAMTLAND-HARJEDALEN
Jamtland Harjedalen,130810,2020-06-25,1004,0,44,SE,SE-JAMTLAND-HARJEDALEN
Jamtland Harjedalen,130810,2020-06-26,1008,0,48,SE,SE-JAMTLAND-HARJEDALEN
Jamtland Harjedalen,130810,2020-06-27,1008,0,48,SE,SE-JAMTLAND-HARJEDALEN
Jamtland Harjedalen,130810,2020-06-28,1008,0,48,SE,SE-JAMTLAND-HARJEDALEN
Jamtland Harjedalen,130810,2020-06-29,1032,0,48,SE,SE-JAMTLAND-HARJEDALEN
Jamtland Harjedalen,130810,2020-06-30,1033,0,48,SE,SE-JAMTLAND-HARJEDALEN
Jamtland Harjedalen,130810,2020-07-01,1038,0,54,SE,SE-JAMTLAND-HARJEDALEN
Jamtland Harjedalen,130810,2020-07-02,1039,0,54,SE,SE-JAMTLAND-HARJEDALEN
Jamtland Harjedalen,130810,2020-07-03,1059,0,54,SE,SE-JAMTLAND-HARJEDALEN
Jamtland Harjedalen,130810,2020-07-04,1059,0,54,SE,SE-JAMTLAND-HARJEDALEN
Jamtland Harjedalen,130810,2020-07-05,1059,0,54,SE,SE-JAMTLAND-HARJEDALEN
Jamtland Harjedalen,130810,2020-07-06,1063,0,54,SE,SE-JAMTLAND-HARJEDALEN
Jamtland Harjedalen,130810,2020-07-07,1064,0,54,SE,SE-JAMTLAND-HARJEDALEN
Jamtland Harjedalen,130810,2020-07-08,1068,0,54,SE,SE-JAMTLAND-HARJEDALEN
Jamtland Harjedalen,130810,2020-07-09,1071,0,54,SE,SE-JAMTLAND-HARJEDALEN
Jamtland Harjedalen,130810,2020-07-10,1080,0,54,SE,SE-JAMTLAND-HARJEDALEN
Jamtland Harjedalen,130810,2020-07-11,1080,0,54,SE,SE-JAMTLAND-HARJEDALEN
Jamtland Harjedalen,130810,2020-07-12,1080,0,54,SE,SE-JAMTLAND-HARJEDALEN
Jamtland Harjedalen,130810,2020-07-13,1086,0,54,SE,SE-JAMTLAND-HARJEDALEN
Jamtland Harjedalen,130810,2020-07-14,1091,0,54,SE,SE-JAMTLAND-HARJEDALEN
Jamtland Harjedalen,130810,2020-07-15,1093,0,54,SE,SE-JAMTLAND-HARJEDALEN
Jamtland Harjedalen,130810,2020-07-16,1097,0,54,SE,SE-JAMTLAND-HARJEDALEN
Jamtland Harjedalen,130810,2020-07-17,1100,0,59,SE,SE-JAMTLAND-HARJEDALEN
Jamtland Harjedalen,130810,2020-07-18,1100,0,59,SE,SE-JAMTLAND-HARJEDALEN
Jamtland Harjedalen,130810,2020-07-19,1100,0,59,SE,SE-JAMTLAND-HARJEDALEN
Jamtland Harjedalen,130810,2020-07-20,1106,0,59,SE,SE-JAMTLAND-HARJEDALEN
Jamtland Harjedalen,130810,2020-07-21,1109,0,59,SE,SE-JAMTLAND-HARJEDALEN
Jamtland Harjedalen,130810,2020-07-22,1112,0,59,SE,SE-JAMTLAND-HARJEDALEN
Jamtland Harjedalen,130810,2020-07-23,1113,0,59,SE,SE-JAMTLAND-HARJEDALEN
Jamtland Harjedalen,130810,2020-07-24,1113,0,59,SE,SE-JAMTLAND-HARJEDALEN
Jamtland Harjedalen,130810,2020-07-25,1113,0,59,SE,SE-JAMTLAND-HARJEDALEN
Jamtland Harjedalen,130810,2020-07-26,1113,0,59,SE,SE-JAMTLAND-HARJEDALEN
Jamtland Harjedalen,130810,2020-07-27,1124,0,59,SE,SE-JAMTLAND-HARJEDALEN
Jonkoping,363599,2020-06-08,1751,0,146,SE,SE-JONKOPING
Jonkoping,363599,2020-06-09,1792,0,148,SE,SE-JONKOPING
Jonkoping,363599,2020-06-10,1857,0,149,SE,SE-JONKOPING
Jonkoping,363599,2020-06-11,2009,0,150,SE,SE-JONKOPING
Jonkoping,363599,2020-06-12,2137,0,152,SE,SE-JONKOPING
Jonkoping,363599,2020-06-13,2268,0,152,SE,SE-JONKOPING
Jonkoping,363599,2020-06-14,2291,0,152,SE,SE-JONKOPING
Jonkoping,363599,2020-06-15,2394,0,153,SE,SE-JONKOPING
Jonkoping,363599,2020-06-16,2426,0,153,SE,SE-JONKOPING
Jonkoping,363599,2020-06-17,2573,0,155,SE,SE-JONKOPING
Jonkoping,363599,2020-06-18,2771,0,155,SE,SE-JONKOPING
Jonkoping,363599,2020-06-19,2771,0,155,SE,SE-JONKOPING
Jonkoping,363599,2020-06-20,2771,0,155,SE,SE-JONKOPING
Jonkoping,363599,2020-06-21,2771,0,155,SE,SE-JONKOPING
Jonkoping,363599,2020-06-22,3176,0,162,SE,SE-JONKOPING
Jonkoping,363599,2020-06-23,3189,0,164,SE,SE-JONKOPING
Jonkoping,363599,2020-06-24,3358,0,166,SE,SE-JONKOPING
Jonkoping,363599,2020-06-25,3533,0,166,SE,SE-JONKOPING
Jonkoping,363599,2020-06-26,3685,0,167,SE,SE-JONKOPING
Jonkoping,363599,2020-06-27,3685,0,167,SE,SE-JONKOPING
Jonkoping,363599,2020-06-28,3685,0,167,SE,SE-JONKOPING
Jonkoping,363599,2020-06-29,3963,0,169,SE,SE-JONKOPING
Jonkoping,363599,2020-06-30,3977,0,169,SE,SE-JONKOPING
Jonkoping,363599,2020-07-01,4035,0,169,SE,SE-JONKOPING
Jonkoping,363599,2020-07-02,4102,0,169,SE,SE-JONKOPING
Jonkoping,363599,2020-07-03,4201,0,169,SE,SE-JONKOPING
Jonkoping,363599,2020-07-04,4201,0,169,SE,SE-JONKOPING
Jonkoping,363599,2020-07-05,4201,0,169,SE,SE-JONKOPING
Jonkoping,363599,2020-07-06,4302,0,172,SE,SE-JONKOPING
Jonkoping,363599,2020-07-07,4305,0,173,SE,SE-JONKOPING
Jonkoping,363599,2020-07-08,4351,0,175,SE,SE-JONKOPING
Jonkoping,363599,2020-07-09,4396,0,176,SE,SE-JONKOPING
Jonkoping,363599,2020-07-10,4422,0,176,SE,SE-JONKOPING
Jonkoping,363599,2020-07-11,4422,0,176,SE,SE-JONKOPING
Jonkoping,363599,2020-07-12,4422,0,176,SE,SE-JONKOPING
Jonkoping,363599,2020-07-13,4479,0,176,SE,SE-JONKOPING
Jonkoping,363599,2020-07-14,4482,0,177,SE,SE-JONKOPING
Jonkoping,363599,2020-07-15,4505,0,177,SE,SE-JONKOPING
Jonkoping,363599,2020-07-16,4535,0,177,SE,SE-JONKOPING
Jonkoping,363599,2020-07-17,4544,0,178,SE,SE-JONKOPING
Jonkoping,363599,2020-07-18,4544,0,178,SE,SE-JONKOPING
Jonkoping,363599,2020-07-19,4544,0,178,SE,SE-JONKOPING
Jonkoping,363599,2020-07-20,4584,0,178,SE,SE-JONKOPING
Jonkoping,363599,2020-07-21,4586,0,178,SE,SE-JONKOPING
Jonkoping,363599,2020-07-22,4605,0,179,SE,SE-JONKOPING
Jonkoping,363599,2020-07-23,4623,0,179,SE,SE-JONKOPING
Jonkoping,363599,2020-07-24,4630,0,179,SE,SE-JONKOPING
Jonkoping,363599,2020-07-25,4630,0,179,SE,SE-JONKOPING
Jonkoping,363599,2020-07-26,4630,0,179,SE,SE-JONKOPING
Jonkoping,363599,2020-07-27,4644,0,179,SE,SE-JONKOPING
Kalmar,245446,2020-06-08,408,0,39,SE,SE-KALMAR
Kalmar,245446,2020-06-09,421,0,41,SE,SE-KALMAR
Kalmar,245446,2020-06-10,440,0,41,SE,SE-KALMAR
Kalmar,245446,2020-06-11,447,0,41,SE,SE-KALMAR
Kalmar,245446,2020-06-12,457,0,41,SE,SE-KALMAR
Kalmar,245446,2020-06-13,469,0,41,SE,SE-KALMAR
Kalmar,245446,2020-06-14,476,0,41,SE,SE-KALMAR
Kalmar,245446,2020-06-15,479,0,41,SE,SE-KALMAR
Kalmar,245446,2020-06-16,495,0,42,SE,SE-KALMAR
Kalmar,245446,2020-06-17,504,0,42,SE,SE-KALMAR
Kalmar,245446,2020-06-18,514,0,42,SE,SE-KALMAR
Kalmar,245446,2020-06-19,514,0,42,SE,SE-KALMAR
Kalmar,245446,2020-06-20,514,0,42,SE,SE-KALMAR
Kalmar,245446,2020-06-21,514,0,42,SE,SE-KALMAR
Kalmar,245446,2020-06-22,542,0,47,SE,SE-KALMAR
Kalmar,245446,2020-06-23,563,0,47,SE,SE-KALMAR
Kalmar,245446,2020-06-24,568,0,49,SE,SE-KALMAR
Kalmar,245446,2020-06-25,581,0,49,SE,SE-KALMAR
Kalmar,245446,2020-06-26,594,0,50,SE,SE-KALMAR
Kalmar,245446,2020-06-27,594,0,50,SE,SE-KALMAR
Kalmar,245446,2020-06-28,594,0,50,SE,SE-KALMAR
Kalmar,245446,2020-06-29,614,0,51,SE,SE-KALMAR
Kalmar,245446,2020-06-30,626,0,54,SE,SE-KALMAR
Kalmar,245446,2020-07-01,645,0,55,SE,SE-KALMAR
Kalmar,245446,2020-07-02,674,0,57,SE,SE-KALMAR
Kalmar,245446,2020-07-03,691,0,57,SE,SE-KALMAR
Kalmar,245446,2020-07-04,691,0,57,SE,SE-KALMAR
Kalmar,245446,2020-07-05,691,0,57,SE,SE-KALMAR
Kalmar,245446,2020-07-06,701,0,58,SE,SE-KALMAR
Kalmar,245446,2020-07-07,707,0,58,SE,SE-KALMAR
Kalmar,245446,2020-07-08,721,0,58,SE,SE-KALMAR
Kalmar,245446,2020-07-09,724,0,58,SE,SE-KALMAR
Kalmar,245446,2020-07-10,727,0,58,SE,SE-KALMAR
Kalmar,245446,2020-07-11,727,0,58,SE,SE-KALMAR
Kalmar,245446,2020-07-12,727,0,58,SE,SE-KALMAR
Kalmar,245446,2020-07-13,733,0,58,SE,SE-KALMAR
Kalmar,245446,2020-07-14,733,0,58,SE,SE-KALMAR
Kalmar,245446,2020-07-15,734,0,58,SE,SE-KALMAR
Kalmar,245446,2020-07-16,740,0,61,SE,SE-KALMAR
Kalmar,245446,2020-07-17,743,0,61,SE,SE-KALMAR
Kalmar,245446,2020-07-18,743,0,61,SE,SE-KALMAR
Kalmar,245446,2020-07-19,743,0,61,SE,SE-KALMAR
Kalmar,245446,2020-07-20,748,0,61,SE,SE-KALMAR
Kalmar,245446,2020-07-21,753,0,62,SE,SE-KALMAR
Kalmar,245446,2020-07-22,758,0,62,SE,SE-KALMAR
Kalmar,245446,2020-07-23,760,0,62,SE,SE-KALMAR
Kalmar,245446,2020-07-24,761,0,62,SE,SE-KALMAR
Kalmar,245446,2020-07-25,761,0,62,SE,SE-KALMAR
Kalmar,245446,2020-07-26,761,0,62,SE,SE-KALMAR
Kalmar,245446,2020-07-27,764,0,62,SE,SE-KALMAR
Kronoberg,201469,2020-06-08,930,0,79,SE,SE-KRONOBERG
Kronoberg,201469,2020-06-09,935,0,82,SE,SE-KRONOBERG
Kronoberg,201469,2020-06-10,950,0,83,SE,SE-KRONOBERG
Kronoberg,201469,2020-06-11,961,0,84,SE,SE-KRONOBERG
Kronoberg,201469,2020-06-12,975,0,84,SE,SE-KRONOBERG
Kronoberg,201469,2020-06-13,987,0,84,SE,SE-KRONOBERG
Kronoberg,201469,2020-06-14,1002,0,84,SE,SE-KRONOBERG
Kronoberg,201469,2020-06-15,1004,0,85,SE,SE-KRONOBERG
Kronoberg,201469,2020-06-16,1005,0,86,SE,SE-KRONOBERG
Kronoberg,201469,2020-06-17,1017,0,86,SE,SE-KRONOBERG
Kronoberg,201469,2020-06-18,1021,0,86,SE,SE-KRONOBERG
Kronoberg,201469,2020-06-19,1021,0,86,SE,SE-KRONOBERG
Kronoberg,201469,2020-06-20,1021,0,86,SE,SE-KRONOBERG
Kronoberg,201469,2020-06-21,1021,0,86,SE,SE-KRONOBERG
Kronoberg,201469,2020-06-22,1033,0,87,SE,SE-KRONOBERG
Kronoberg,201469,2020-06-23,1038,0,89,SE,SE-KRONOBERG
Kronoberg,201469,2020-06-24,1044,0,91,SE,SE-KRONOBERG
Kronoberg,201469,2020-06-25,1046,0,92,SE,SE-KRONOBERG
Kronoberg,201469,2020-06-26,1052,0,94,SE,SE-KRONOBERG
Kronoberg,201469,2020-06-27,1052,0,94,SE,SE-KRONOBERG
Kronoberg,201469,2020-06-28,1052,0,94,SE,SE-KRONOBERG
Kronoberg,201469,2020-06-29,1063,0,94,SE,SE-KRONOBERG
Kronoberg,201469,2020-06-30,1063,0,94,SE,SE-KRONOBERG
Kronoberg,201469,2020-07-01,1066,0,96,SE,SE-KRONOBERG
Kronoberg,201469,2020-07-02,1068,0,96,SE,SE-KRONOBERG
Kronoberg,201469,2020-07-03,1072,0,97,SE,SE-KRONOBERG
Kronoberg,201469,2020-07-04,1072,0,97,SE,SE-KRONOBERG
Kronoberg,201469,2020-07-05,1072,0,97,SE,SE-KRONOBERG
Kronoberg,201469,2020-07-06,1073,0,98,SE,SE-KRONOBERG
Kronoberg,201469,2020-07-07,1075,0,100,SE,SE-KRONOBERG
Kronoberg,201469,2020-07-08,1074,0,100,SE,SE-KRONOBERG
Kronoberg,201469,2020-07-09,1079,0,100,SE,SE-KRONOBERG
Kronoberg,201469,2020-07-10,1082,0,100,SE,SE-KRONOBERG
Kronoberg,201469,2020-07-11,1082,0,100,SE,SE-KRONOBERG
Kronoberg,201469,2020-07-12,1082,0,100,SE,SE-KRONOBERG
Kronoberg,201469,2020-07-13,1092,0,101,SE,SE-KRONOBERG
Kronoberg,201469,2020-07-14,1093,0,101,SE,SE-KRONOBERG
Kronoberg,201469,2020-07-15,1098,0,101,SE,SE-KRONOBERG
Kronoberg,201469,2020-07-16,1102,0,101,SE,SE-KRONOBERG
Kronoberg,201469,2020-07-17,1104,0,102,SE,SE-KRONOBERG
Kronoberg,201469,2020-07-18,1104,0,102,SE,SE-KRONOBERG
Kronoberg,201469,2020-07-19,1104,0,102,SE,SE-KRONOBERG
Kronoberg,201469,2020-07-20,1119,0,102,SE,SE-KRONOBERG
Kronoberg,201469,2020-07-21,1119,0,102,SE,SE-KRONOBERG
Kronoberg,201469,2020-07-22,1121,0,102,SE,SE-KRONOBERG
Kronoberg,201469,2020-07-23,1127,0,102,SE,SE-KRONOBERG
Kronoberg,201469,2020-07-24,1135,0,102,SE,SE-KRONOBERG
Kronoberg,201469,2020-07-25,1135,0,102,SE,SE-KRONOBERG
Kronoberg,201469,2020-07-26,1135,0,102,SE,SE-KRONOBERG
Kronoberg,201469,2020-07-27,1138,0,103,SE,SE-KRONOBERG
Norrbotten,250093,2020-06-08,503,0,48,SE,SE-NORRBOTTEN
Norrbotten,250093,2020-06-09,533,0,50,SE,SE-NORRBOTTEN
Norrbotten,250093,2020-06-10,537,0,53,SE,SE-NORRBOTTEN
Norrbotten,250093,2020-06-11,556,0,53,SE,SE-NORRBOTTEN
Norrbotten,250093,2020-06-12,570,0,56,SE,SE-NORRBOTTEN
Norrbotten,250093,2020-06-13,608,0,56,SE,SE-NORRBOTTEN
Norrbotten,250093,2020-06-14,608,0,56,SE,SE-NORRBOTTEN
Norrbotten,250093,2020-06-15,685,0,56,SE,SE-NORRBOTTEN
Norrbotten,250093,2020-06-16,731,0,56,SE,SE-NORRBOTTEN
Norrbotten,250093,2020-06-17,787,0,59,SE,SE-NORRBOTTEN
Norrbotten,250093,2020-06-18,853,0,60,SE,SE-NORRBOTTEN
Norrbotten,250093,2020-06-19,853,0,60,SE,SE-NORRBOTTEN
Norrbotten,250093,2020-06-20,853,0,60,SE,SE-NORRBOTTEN
Norrbotten,250093,2020-06-21,853,0,60,SE,SE-NORRBOTTEN
Norrbotten,250093,2020-06-22,919,0,60,SE,SE-NORRBOTTEN
Norrbotten,250093,2020-06-23,1012,0,60,SE,SE-NORRBOTTEN
Norrbotten,250093,2020-06-24,1093,0,60,SE,SE-NORRBOTTEN
Norrbotten,250093,2020-06-25,1136,0,60,SE,SE-NORRBOTTEN
Norrbotten,250093,2020-06-26,1145,0,60,SE,SE-NORRBOTTEN
Norrbotten,250093,2020-06-27,1145,0,60,SE,SE-NORRBOTTEN
Norrbotten,250093,2020-06-28,1145,0,60,SE,SE-NORRBOTTEN
Norrbotten,250093,2020-06-29,1233,0,60,SE,SE-NORRBOTTEN
Norrbotten,250093,2020-06-30,1284,0,66,SE,SE-NORRBOTTEN
Norrbotten,250093,2020-07-01,1326,0,67,SE,SE-NORRBOTTEN
Norrbotten,250093,2020-07-02,1344,0,67,SE,SE-NORRBOTTEN
Norrbotten,250093,2020-07-03,1358,0,67,SE,SE-NORRBOTTEN
Norrbotten,250093,2020-07-04,1358,0,67,SE,SE-NORRBOTTEN
Norrbotten,250093,2020-07-05,1358,0,67,SE,SE-NORRBOTTEN
Norrbotten,250093,2020-07-06,1390,0,67,SE,SE-NORRBOTTEN
Norrbotten,250093,2020-07-07,1428,0,67,SE,SE-NORRBOTTEN
Norrbotten,250093,2020-07-08,1444,0,69,SE,SE-NORRBOTTEN
Norrbotten,250093,2020-07-09,1452,0,70,SE,SE-NORRBOTTEN
Norrbotten,250093,2020-07-10,1472,0,70,SE,SE-NORRBOTTEN
Norrbotten,250093,2020-07-11,1472,0,70,SE,SE-NORRBOTTEN
Norrbotten,250093,2020-07-12,1472,0,70,SE,SE-NORRBOTTEN
Norrbotten,250093,2020-07-13,1491,0,70,SE,SE-NORRBOTTEN
Norrbotten,250093,2020-07-14,1494,0,70,SE,SE-NORRBOTTEN
Norrbotten,250093,2020-07-15,1507,0,70,SE,SE-NORRBOTTEN
Norrbotten,250093,2020-07-16,1515,0,70,SE,SE-NORRBOTTEN
Norrbotten,250093,2020-07-17,1526,0,70,SE,SE-NORRBOTTEN
Norrbotten,250093,2020-07-18,1526,0,70,SE,SE-NORRBOTTEN
Norrbotten,250093,2020-07-19,1526,0,70,SE,SE-NORRBOTTEN
Norrbotten,250093,2020-07-20,1536,0,76,SE,SE-NORRBOTTEN
Norrbotten,250093,2020-07-21,1544,0,76,SE,SE-NORRBOTTEN
Norrbotten,250093,2020-07-22,1551,0,77,SE,SE-NORRBOTTEN
Norrbotten,250093,2020-07-23,1556,0,78,SE,SE-NORRBOTTEN
Norrbotten,250093,2020-07-24,1564,0,81,SE,SE-NORRBOTTEN
Norrbotten,250093,2020-07-25,1564,0,81,SE,SE-NORRBOTTEN
Norrbotten,250093,2020-07-26,1564,0,81,SE,SE-NORRBOTTEN
Norrbotten,250093,2020-07-27,1575,0,81,SE,SE-NORRBOTTEN
Orebro,304805,2020-06-08,1975,0,141,SE,SE-OREBRO
Orebro,304805,2020-06-09,1983,0,141,SE,SE-OREBRO
Orebro,304805,2020-06-10,2016,0,142,SE,SE-OREBRO
Orebro,304805,2020-06-11,2036,0,143,SE,SE-OREBRO
Orebro,304805,2020-06-12,2077,0,143,SE,SE-OREBRO
Orebro,304805,2020-06-13,2096,0,146,SE,SE-OREBRO
Orebro,304805,2020-06-14,2099,0,146,SE,SE-OREBRO
Orebro,304805,2020-06-15,2107,0,150,SE,SE-OREBRO
Orebro,304805,2020-06-16,2151,0,150,SE,SE-OREBRO
Orebro,304805,2020-06-17,2176,0,153,SE,SE-OREBRO
Orebro,304805,2020-06-18,2183,0,157,SE,SE-OREBRO
Orebro,304805,2020-06-19,2183,0,157,SE,SE-OREBRO
Orebro,304805,2020-06-20,2183,0,157,SE,SE-OREBRO
Orebro,304805,2020-06-21,2183,0,157,SE,SE-OREBRO
Orebro,304805,2020-06-22,2214,0,158,SE,SE-OREBRO
Orebro,304805,2020-06-23,2236,0,159,SE,SE-OREBRO
Orebro,304805,2020-06-24,2253,0,159,SE,SE-OREBRO
Orebro,304805,2020-06-25,2279,0,161,SE,SE-OREBRO
Orebro,304805,2020-06-26,2293,0,161,SE,SE-OREBRO
Orebro,304805,2020-06-27,2293,0,161,SE,SE-OREBRO
Orebro,304805,2020-06-28,2293,0,161,SE,SE-OREBRO
Orebro,304805,2020-06-29,2316,0,161,SE,SE-OREBRO
Orebro,304805,2020-06-30,2319,0,162,SE,SE-OREBRO
Orebro,304805,2020-07-01,2333,0,163,SE,SE-OREBRO
Orebro,304805,2020-07-02,2363,0,164,SE,SE-OREBRO
Orebro,304805,2020-07-03,2385,0,164,SE,SE-OREBRO
Orebro,304805,2020-07-04,2385,0,164,SE,SE-OREBRO
Orebro,304805,2020-07-05,2385,0,164,SE,SE-OREBRO
Orebro,304805,2020-07-06,2421,0,164,SE,SE-OREBRO
Orebro,304805,2020-07-07,2443,0,165,SE,SE-OREBRO
Orebro,304805,2020-07-08,2446,0,166,SE,SE-OREBRO
Orebro,304805,2020-07-09,2461,0,166,SE,SE-OREBRO
Orebro,304805,2020-07-10,2469,0,167,SE,SE-OREBRO
Orebro,304805,2020-07-11,2469,0,167,SE,SE-OREBRO
Orebro,304805,2020-07-12,2469,0,167,SE,SE-OREBRO
Orebro,304805,2020-07-13,2482,0,167,SE,SE-OREBRO
Orebro,304805,2020-07-14,2491,0,168,SE,SE-OREBRO
Orebro,304805,2020-07-15,2480,0,168,SE,SE-OREBRO
Orebro,304805,2020-07-16,2447,0,170,SE,SE-OREBRO
Orebro,304805,2020-07-17,2452,0,170,SE,SE-OREBRO
Orebro,304805,2020-07-18,2452,0,170,SE,SE-OREBRO
Orebro,304805,2020-07-19,2452,0,170,SE,SE-OREBRO
Orebro,304805,2020-07-20,2456,0,171,SE,SE-OREBRO
Orebro,304805,2020-07-21,2458,0,171,SE,SE-OREBRO
Orebro,304805,2020-07-22,2460,0,171,SE,SE-OREBRO
Orebro,304805,2020-07-23,2463,0,171,SE,SE-OREBRO
Orebro,304805,2020-07-24,2470,0,171,SE,SE-OREBRO
Orebro,304805,2020-07-25,2470,0,171,SE,SE-OREBRO
Orebro,304805,2020-07-26,2470,0,171,SE,SE-OREBRO
Orebro,304805,2020-07-27,2478,0,171,SE,SE-OREBRO
Ostergotland,465495,2020-06-08,2260,0,198,SE,SE-OSTERGOTLAND
Ostergotland,465495,2020-06-09,2287,0,198,SE,SE-OSTERGOTLAND
Ostergotland,465495,2020-06-10,2324,0,201,SE,SE-OSTERGOTLAND
Ostergotland,465495,2020-06-11,2363,0,201,SE,SE-OSTERGOTLAND
Ostergotland,465495,2020-06-12,2418,0,209,SE,SE-OSTERGOTLAND
Ostergotland,465495,2020-06-13,2503,0,209,SE,SE-OSTERGOTLAND
Ostergotland,465495,2020-06-14,2515,0,209,SE,SE-OSTERGOTLAND
Ostergotland,465495,2020-06-15,2557,0,209,SE,SE-OSTERGOTLAND
Ostergotland,465495,2020-06-16,2588,0,209,SE,SE-OSTERGOTLAND
Ostergotland,465495,2020-06-17,2614,0,215,SE,SE-OSTERGOTLAND
Ostergotland,465495,2020-06-18,2662,0,215,SE,SE-OSTERGOTLAND
Ostergotland,465495,2020-06-19,2662,0,215,SE,SE-OSTERGOTLAND
Ostergotland,465495,2020-06-20,2662,0,215,SE,SE-OSTERGOTLAND
Ostergotland,465495,2020-06-21,2662,0,215,SE,SE-OSTERGOTLAND
Ostergotland,465495,2020-06-22,2749,0,219,SE,SE-OSTERGOTLAND
Ostergotland,465495,2020-06-23,2896,0,220,SE,SE-OSTERGOTLAND
Ostergotland,465495,2020-06-24,2969,0,220,SE,SE-OSTERGOTLAND
Ostergotland,465495,2020-06-25,3011,0,220,SE,SE-OSTERGOTLAND
Ostergotland,465495,2020-06-26,3062,0,224,SE,SE-OSTERGOTLAND
Ostergotland,465495,2020-06-27,3062,0,224,SE,SE-OSTERGOTLAND
Ostergotland,465495,2020-06-28,3062,0,224,SE,SE-OSTERGOTLAND
Ostergotland,465495,2020-06-29,3174,0,224,SE,SE-OSTERGOTLAND
Ostergotland,465495,2020-06-30,3212,0,224,SE,SE-OSTERGOTLAND
Ostergotland,465495,2020-07-01,3217,0,224,SE,SE-OSTERGOTLAND
Ostergotland,465495,2020-07-02,3278,0,224,SE,SE-OSTERGOTLAND
Ostergotland,465495,2020-07-03,3306,0,224,SE,SE-OSTERGOTLAND
Ostergotland,465495,2020-07-04,3306,0,224,SE,SE-OSTERGOTLAND
Ostergotland,465495,2020-07-05,3306,0,224,SE,SE-OSTERGOTLAND
Ostergotland,465495,2020-07-06,3353,0,224,SE,SE-OSTERGOTLAND
Ostergotland,465495,2020-07-07,3358,0,224,SE,SE-OSTERGOTLAND
Ostergotland,465495,2020-07-08,3369,0,224,SE,SE-OSTERGOTLAND
Ostergotland,465495,2020-07-09,3383,0,224,SE,SE-OSTERGOTLAND
Ostergotland,465495,2020-07-10,3393,0,224,SE,SE-OSTERGOTLAND
Ostergotland,465495,2020-07-11,3393,0,224,SE,SE-OSTERGOTLAND
Ostergotland,465495,2020-07-12,3393,0,224,SE,SE-OSTERGOTLAND
Ostergotland,465495,2020-07-13,3411,0,224,SE,SE-OSTERGOTLAND
Ostergotland,465495,2020-07-14,3418,0,224,SE,SE-OSTERGOTLAND
Ostergotland,465495,2020-07-15,3426,0,224,SE,SE-OSTERGOTLAND
Ostergotland,465495,2020-07-16,3438,0,238,SE,SE-OSTERGOTLAND
Ostergotland,465495,2020-07-17,3447,0,239,SE,SE-OSTERGOTLAND
Ostergotland,465495,2020-07-18,3447,0,239,SE,SE-OSTERGOTLAND
Ostergotland,465495,2020-07-19,3447,0,239,SE,SE-OSTERGOTLAND
Ostergotland,465495,2020-07-20,3464,0,239,SE,SE-OSTERGOTLAND
Ostergotland,465495,2020-07-21,3469,0,239,SE,SE-OSTERGOTLAND
Ostergotland,465495,2020-07-22,3474,0,239,SE,SE-OSTERGOTLAND
Ostergotland,465495,2020-07-23,3475,0,239,SE,SE-OSTERGOTLAND
Ostergotland,465495,2020-07-24,3479,0,239,SE,SE-OSTERGOTLAND
Ostergotland,465495,2020-07-25,3479,0,239,SE,SE-OSTERGOTLAND
Ostergotland,465495,2020-07-26,3479,0,239,SE,SE-OSTERGOTLAND
Ostergotland,465495,2020-07-27,3488,0,239,SE,SE-OSTERGOTLAND
Skane,1377827,2020-06-08,1995,0,200,SE,SE-SKANE
Skane,1377827,2020-06-09,2028,0,202,SE,SE-SKANE
Skane,1377827,2020-06-10,2088,0,205,SE,SE-SKANE
Skane,1377827,2020-06-11,2144,0,205,SE,SE-SKANE
Skane,1377827,2020-06-12,2198,0,205,SE,SE-SKANE
Skane,1377827,2020-06-13,2254,0,218,SE,SE-SKANE
Skane,1377827,2020-06-14,2270,0,218,SE,SE-SKANE
Skane,1377827,2020-06-15,2300,0,218,SE,SE-SKANE
Skane,1377827,2020-06-16,2336,0,223,SE,SE-SKANE
Skane,1377827,2020-06-17,2437,0,224,SE,SE-SKANE
Skane,1377827,2020-06-18,2532,0,224,SE,SE-SKANE
Skane,1377827,2020-06-19,2532,0,224,SE,SE-SKANE
Skane,1377827,2020-06-20,2532,0,224,SE,SE-SKANE
Skane,1377827,2020-06-21,2532,0,224,SE,SE-SKANE
Skane,1377827,2020-06-22,2707,0,224,SE,SE-SKANE
Skane,1377827,2020-06-23,2742,0,225,SE,SE-SKANE
Skane,1377827,2020-06-24,2809,0,235,SE,SE-SKANE
Skane,1377827,2020-06-25,2897,0,236,SE,SE-SKANE
Skane,1377827,2020-06-26,2952,0,236,SE,SE-SKANE
Skane,1377827,2020-06-27,2952,0,236,SE,SE-SKANE
Skane,1377827,2020-06-28,2952,0,236,SE,SE-SKANE
Skane,1377827,2020-06-29,3020,0,244,SE,SE-SKANE
Skane,1377827,2020-06-30,3051,0,245,SE,SE-SKANE
Skane,1377827,2020-07-01,3072,0,246,SE,SE-SKANE
Skane,1377827,2020-07-02,3095,0,246,SE,SE-SKANE
Skane,1377827,2020-07-03,3121,0,250,SE,SE-SKANE
Skane,1377827,2020-07-04,3121,0,250,SE,SE-SKANE
Skane,1377827,2020-07-05,3121,0,250,SE,SE-SKANE
Skane,1377827,2020-07-06,3153,0,250,SE,SE-SKANE
Skane,1377827,2020-07-07,3173,0,252,SE,SE-SKANE
Skane,1377827,2020-07-08,3186,0,252,SE,SE-SKANE
Skane,1377827,2020-07-09,3210,0,252,SE,SE-SKANE
Skane,1377827,2020-07-10,3245,0,255,SE,SE-SKANE
Skane,1377827,2020-07-11,3245,0,255,SE,SE-SKANE
Skane,1377827,2020-07-12,3245,0,255,SE,SE-SKANE
Skane,1377827,2020-07-13,3278,0,255,SE,SE-SKANE
Skane,1377827,2020-07-14,3301,0,256,SE,SE-SKANE
Skane,1377827,2020-07-15,3330,0,258,SE,SE-SKANE
Skane,1377827,2020-07-16,3357,0,258,SE,SE-SKANE
Skane,1377827,2020-07-17,3391,0,258,SE,SE-SKANE
Skane,1377827,2020-07-18,3391,0,258,SE,SE-SKANE
Skane,1377827,2020-07-19,3391,0,258,SE,SE-SKANE
Skane,1377827,2020-07-20,3429,0,260,SE,SE-SKANE
Skane,1377827,2020-07-21,3464,0,260,SE,SE-SKANE
Skane,1377827,2020-07-22,3492,0,261,SE,SE-SKANE
Skane,1377827,2020-07-23,3520,0,261,SE,SE-SKANE
Skane,1377827,2020-07-24,3535,0,261,SE,SE-SKANE
Skane,1377827,2020-07-25,3535,0,261,SE,SE-SKANE
Skane,1377827,2020-07-26,3535,0,261,SE,SE-SKANE
Skane,1377827,2020-07-27,3568,0,262,SE,SE-SKANE
Sormland,297540,2020-06-08,1669,0,230,SE,SE-SORMLAND
Sormland,297540,2020-06-09,1673,0,230,SE,SE-SORMLAND
Sormland,297540,2020-06-10,1675,0,233,SE,SE-SORMLAND
Sormland,297540,2020-06-11,1682,0,233,SE,SE-SORMLAND
Sormland,297540,2020-06-12,1688,0,233,SE,SE-SORMLAND
Sormland,297540,2020-06-13,1710,0,233,SE,SE-SORMLAND
Sormland,297540,2020-06-14,1715,0,233,SE,SE-SORMLAND
Sormland,297540,2020-06-15,1780,0,233,SE,SE-SORMLAND
Sormland,297540,2020-06-16,1789,0,236,SE,SE-SORMLAND
Sormland,297540,2020-06-17,1792,0,236,SE,SE-SORMLAND
Sormland,297540,2020-06-18,1815,0,236,SE,SE-SORMLAND
Sormland,297540,2020-06-19,1815,0,236,SE,SE-SORMLAND
Sormland,297540,2020-06-20,1815,0,236,SE,SE-SORMLAND
Sormland,297540,2020-06-21,1815,0,236,SE,SE-SORMLAND
Sormland,297540,2020-06-22,1884,0,237,SE,SE-SORMLAND
Sormland,297540,2020-06-23,1952,0,238,SE,SE-SORMLAND
Sormland,297540,2020-06-24,1968,0,238,SE,SE-SORMLAND
Sormland,297540,2020-06-25,2008,0,238,SE,SE-SORMLAND
Sormland,297540,2020-06-26,2016,0,238,SE,SE-SORMLAND
Sormland,297540,2020-06-27,2016,0,238,SE,SE-SORMLAND
Sormland,297540,2020-06-28,2016,0,238,SE,SE-SORMLAND
Sormland,297540,2020-06-29,2074,0,242,SE,SE-SORMLAND
Sormland,297540,2020-06-30,2080,0,243,SE,SE-SORMLAND
Sormland,297540,2020-07-01,2123,0,244,SE,SE-SORMLAND
Sormland,297540,2020-07-02,2214,0,244,SE,SE-SORMLAND
Sormland,297540,2020-07-03,2235,0,244,SE,SE-SORMLAND
Sormland,297540,2020-07-04,2235,0,244,SE,SE-SORMLAND
Sormland,297540,2020-07-05,2235,0,244,SE,SE-SORMLAND
Sormland,297540,2020-07-06,2243,0,244,SE,SE-SORMLAND
Sormland,297540,2020-07-07,2264,0,244,SE,SE-SORMLAND
Sormland,297540,2020-07-08,2266,0,246,SE,SE-SORMLAND
Sormland,297540,2020-07-09,2282,0,246,SE,SE-SORMLAND
Sormland,297540,2020-07-10,2294,0,247,SE,SE-SORMLAND
Sormland,297540,2020-07-11,2294,0,247,SE,SE-SORMLAND
Sormland,297540,2020-07-12,2294,0,247,SE,SE-SORMLAND
Sormland,297540,2020-07-13,2312,0,247,SE,SE-SORMLAND
Sormland,297540,2020-07-14,2316,0,247,SE,SE-SORMLAND
Sormland,297540,2020-07-15,2336,0,248,SE,SE-SORMLAND
Sormland,297540,2020-07-16,2340,0,248,SE,SE-SORMLAND
Sormland,297540,2020-07-17,2341,0,248,SE,SE-SORMLAND
Sormland,297540,2020-07-18,2341,0,248,SE,SE-SORMLAND
Sormland,297540,2020-07-19,2341,0,248,SE,SE-SORMLAND
Sormland,297540,2020-07-20,2361,0,248,SE,SE-SORMLAND
Sormland,297540,2020-07-21,2363,0,253,SE,SE-SORMLAND
Sormland,297540,2020-07-22,2379,0,253,SE,SE-SORMLAND
Sormland,297540,2020-07-23,2379,0,253,SE,SE-SORMLAND
Sormland,297540,2020-07-24,2379,0,254,SE,SE-SORMLAND
Sormland,297540,2020-07-25,2379,0,254,SE,SE-SORMLAND
Sormland,297540,2020-07-26,2379,0,254,SE,SE-SORMLAND
Sormland,297540,2020-07-27,2381,0,254,SE,SE-SORMLAND
Stockholm,2377081,2020-06-08,14803,0,2157,SE,SE-STOCKHOLM
Stockholm,2377081,2020-06-09,14971,0,2159,SE,SE-STOCKHOLM
Stockholm,2377081,2020-06-10,15173,0,2178,SE,SE-STOCKHOLM
Stockholm,2377081,2020-06-11,15425,0,2184,SE,SE-STOCKHOLM
Stockholm,2377081,2020-06-12,15673,0,2185,SE,SE-STOCKHOLM
Stockholm,2377081,2020-06-13,15844,0,2186,SE,SE-STOCKHOLM
Stockholm,2377081,2020-06-14,15971,0,2186,SE,SE-STOCKHOLM
Stockholm,2377081,2020-06-15,16107,0,2187,SE,SE-STOCKHOLM
Stockholm,2377081,2020-06-16,16275,0,2211,SE,SE-STOCKHOLM
Stockholm,2377081,2020-06-17,16492,0,2251,SE,SE-STOCKHOLM
Stockholm,2377081,2020-06-18,16878,0,2252,SE,SE-STOCKHOLM
Stockholm,2377081,2020-06-19,16878,0,2252,SE,SE-STOCKHOLM
Stockholm,2377081,2020-06-20,16878,0,2252,SE,SE-STOCKHOLM
Stockholm,2377081,2020-06-21,16878,0,2252,SE,SE-STOCKHOLM
Stockholm,2377081,2020-06-22,17285,0,2272,SE,SE-STOCKHOLM
Stockholm,2377081,2020-06-23,18334,0,2276,SE,SE-STOCKHOLM
Stockholm,2377081,2020-06-24,18595,0,2285,SE,SE-STOCKHOLM
Stockholm,2377081,2020-06-25,18852,0,2297,SE,SE-STOCKHOLM
Stockholm,2377081,2020-06-26,19164,0,2298,SE,SE-STOCKHOLM
Stockholm,2377081,2020-06-27,19164,0,2298,SE,SE-STOCKHOLM
Stockholm,2377081,2020-06-28,19164,0,2298,SE,SE-STOCKHOLM
Stockholm,2377081,2020-06-29,19892,0,2298,SE,SE-STOCKHOLM
Stockholm,2377081,2020-06-30,20171,0,2302,SE,SE-STOCKHOLM
Stockholm,2377081,2020-07-01,20547,0,2303,SE,SE-STOCKHOLM
Stockholm,2377081,2020-07-02,20759,0,2337,SE,SE-STOCKHOLM
Stockholm,2377081,2020-07-03,20933,0,2337,SE,SE-STOCKHOLM
Stockholm,2377081,2020-07-04,20933,0,2337,SE,SE-STOCKHOLM
Stockholm,2377081,2020-07-05,20933,0,2337,SE,SE-STOCKHOLM
Stockholm,2377081,2020-07-06,21444,0,2337,SE,SE-STOCKHOLM
Stockholm,2377081,2020-07-07,21490,0,2344,SE,SE-STOCKHOLM
Stockholm,2377081,2020-07-08,21629,0,2344,SE,SE-STOCKHOLM
Stockholm,2377081,2020-07-09,21705,0,2353,SE,SE-STOCKHOLM
Stockholm,2377081,2020-07-10,21907,0,2362,SE,SE-STOCKHOLM
Stockholm,2377081,2020-07-11,21907,0,2362,SE,SE-STOCKHOLM
Stockholm,2377081,2020-07-12,21907,0,2362,SE,SE-STOCKHOLM
Stockholm,2377081,2020-07-13,22142,0,2366,SE,SE-STOCKHOLM
Stockholm,2377081,2020-07-14,22171,0,2366,SE,SE-STOCKHOLM
Stockholm,2377081,2020-07-15,22382,0,2372,SE,SE-STOCKHOLM
Stockholm,2377081,2020-07-16,22467,0,2372,SE,SE-STOCKHOLM
Stockholm,2377081,2020-07-17,22600,0,2373,SE,SE-STOCKHOLM
Stockholm,2377081,2020-07-18,22600,0,2373,SE,SE-STOCKHOLM
Stockholm,2377081,2020-07-19,22600,0,2373,SE,SE-STOCKHOLM
Stockholm,2377081,2020-07-20,22760,0,2377,SE,SE-STOCKHOLM
Stockholm,2377081,2020-07-21,22780,0,2377,SE,SE-STOCKHOLM
Stockholm,2377081,2020-07-22,22880,0,2377,SE,SE-STOCKHOLM
Stockholm,2377081,2020-07-23,22943,0,2380,SE,SE-STOCKHOLM
Stockholm,2377081,2020-07-24,22997,0,2384,SE,SE-STOCKHOLM
Stockholm,2377081,2020-07-25,22997,0,2384,SE,SE-STOCKHOLM
Stockholm,2377081,2020-07-26,22997,0,2384,SE,SE-STOCKHOLM
Stockholm,2377081,2020-07-27,23101,0,2384,SE,SE-STOCKHOLM
Uppsala,383713,2020-06-08,2244,0,184,SE,SE-UPPSALA
Uppsala,383713,2020-06-09,2262,0,185,SE,SE-UPPSALA
Uppsala,383713,2020-06-10,2302,0,191,SE,SE-UPPSALA
Uppsala,383713,2020-06-11,2340,0,191,SE,SE-UPPSALA
Uppsala,383713,2020-06-12,2400,0,192,SE,SE-UPPSALA
Uppsala,383713,2020-06-13,2446,0,192,SE,SE-UPPSALA
Uppsala,383713,2020-06-14,2450,0,192,SE,SE-UPPSALA
Uppsala,383713,2020-06-15,2483,0,195,SE,SE-UPPSALA
Uppsala,383713,2020-06-16,2499,0,202,SE,SE-UPPSALA
Uppsala,383713,2020-06-17,2555,0,205,SE,SE-UPPSALA
Uppsala,383713,2020-06-18,2617,0,205,SE,SE-UPPSALA
Uppsala,383713,2020-06-19,2617,0,205,SE,SE-UPPSALA
Uppsala,383713,2020-06-20,2617,0,205,SE,SE-UPPSALA
Uppsala,383713,2020-06-21,2617,0,205,SE,SE-UPPSALA
Uppsala,383713,2020-06-22,2798,0,205,SE,SE-UPPSALA
Uppsala,383713,2020-06-23,2825,0,217,SE,SE-UPPSALA
Uppsala,383713,2020-06-24,2928,0,219,SE,SE-UPPSALA
Uppsala,383713,2020-06-25,3017,0,219,SE,SE-UPPSALA
Uppsala,383713,2020-06-26,3082,0,219,SE,SE-UPPSALA
Uppsala,383713,2020-06-27,3082,0,219,SE,SE-UPPSALA
Uppsala,383713,2020-06-28,3082,0,219,SE,SE-UPPSALA
Uppsala,383713,2020-06-29,3204,0,226,SE,SE-UPPSALA
Uppsala,383713,2020-06-30,3236,0,226,SE,SE-UPPSALA
Uppsala,383713,2020-07-01,3299,0,226,SE,SE-UPPSALA
Uppsala,383713,2020-07-02,3330,0,226,SE,SE-UPPSALA
Uppsala,383713,2020-07-03,3354,0,226,SE,SE-UPPSALA
Uppsala,383713,2020-07-04,3354,0,226,SE,SE-UPPSALA
Uppsala,383713,2020-07-05,3354,0,226,SE,SE-UPPSALA
Uppsala,383713,2020-07-06,3390,0,232,SE,SE-UPPSALA
Uppsala,383713,2020-07-07,3398,0,232,SE,SE-UPPSALA
Uppsala,383713,2020-07-08,3408,0,232,SE,SE-UPPSALA
Uppsala,383713,2020-07-09,3424,0,234,SE,SE-UPPSALA
Uppsala,383713,2020-07-10,3430,0,234,SE,SE-UPPSALA
Uppsala,383713,2020-07-11,3430,0,234,SE,SE-UPPSALA
Uppsala,383713,2020-07-12,3430,0,234,SE,SE-UPPSALA
Uppsala,383713,2020-07-13,3450,0,234,SE,SE-UPPSALA
Uppsala,383713,2020-07-14,3452,0,238,SE,SE-UPPSALA
Uppsala,383713,2020-07-15,3472,0,238,SE,SE-UPPSALA
Uppsala,383713,2020-07-16,3490,0,238,SE,SE-UPPSALA
Uppsala,383713,2020-07-17,3501,0,238,SE,SE-UPPSALA
Uppsala,383713,2020-07-18,3501,0,238,SE,SE-UPPSALA
Uppsala,383713,2020-07-19,3501,0,238,SE,SE-UPPSALA
Uppsala,383713,2020-07-20,3511,0,239,SE,SE-UPPSALA
Uppsala,383713,2020-07-21,3512,0,239,SE,SE-UPPSALA
Uppsala,383713,2020-07-22,3518,0,239,SE,SE-UPPSALA
Uppsala,383713,2020-07-23,3525,0,239,SE,SE-UPPSALA
Uppsala,383713,2020-07-24,3528,0,239,SE,SE-UPPSALA
Uppsala,383713,2020-07-25,3528,0,239,SE,SE-UPPSALA
Uppsala,383713,2020-07-26,3528,0,239,SE,SE-UPPSALA
Uppsala,383713,2020-07-27,3534,0,239,SE,SE-UPPSALA
Varmland,282414,2020-06-08,641,0,41,SE,SE-VARMLAND
Varmland,282414,2020-06-09,662,0,44,SE,SE-VARMLAND
Varmland,282414,2020-06-10,678,0,44,SE,SE-VARMLAND
Varmland,282414,2020-06-11,708,0,48,SE,SE-VARMLAND
Varmland,282414,2020-06-12,723,0,49,SE,SE-VARMLAND
Varmland,282414,2020-06-13,745,0,49,SE,SE-VARMLAND
Varmland,282414,2020-06-14,752,0,49,SE,SE-VARMLAND
Varmland,282414,2020-06-15,757,0,53,SE,SE-VARMLAND
Varmland,282414,2020-06-16,776,0,56,SE,SE-VARMLAND
Varmland,282414,2020-06-17,793,0,58,SE,SE-VARMLAND
Varmland,282414,2020-06-18,800,0,58,SE,SE-VARMLAND
Varmland,282414,2020-06-19,800,0,58,SE,SE-VARMLAND
Varmland,282414,2020-06-20,800,0,58,SE,SE-VARMLAND
Varmland,282414,2020-06-21,800,0,58,SE,SE-VARMLAND
Varmland,282414,2020-06-22,842,0,61,SE,SE-VARMLAND
Varmland,282414,2020-06-23,848,0,63,SE,SE-VARMLAND
Varmland,282414,2020-06-24,863,0,64,SE,SE-VARMLAND
Varmland,282414,2020-06-25,897,0,66,SE,SE-VARMLAND
Varmland,282414,2020-06-26,912,0,66,SE,SE-VARMLAND
Varmland,282414,2020-06-27,912,0,66,SE,SE-VARMLAND
Varmland,282414,2020-06-28,912,0,66,SE,SE-VARMLAND
Varmland,282414,2020-06-29,940,0,66,SE,SE-VARMLAND
Varmland,282414,2020-06-30,951,0,68,SE,SE-VARMLAND
Varmland,282414,2020-07-01,954,0,69,SE,SE-VARMLAND
Varmland,282414,2020-07-02,961,0,69,SE,SE-VARMLAND
Varmland,282414,2020-07-03,975,0,69,SE,SE-VARMLAND
Varmland,282414,2020-07-04,975,0,69,SE,SE-VARMLAND
Varmland,282414,2020-07-05,975,0,69,SE,SE-VARMLAND
Varmland,282414,2020-07-06,984,0,69,SE,SE-VARMLAND
Varmland,282414,2020-07-07,986,0,69,SE,SE-VARMLAND
Varmland,282414,2020-07-08,991,0,69,SE,SE-VARMLAND
Varmland,282414,2020-07-09,995,0,70,SE,SE-VARMLAND
Varmland,282414,2020-07-10,1000,0,70,SE,SE-VARMLAND
Varmland,282414,2020-07-11,1000,0,70,SE,SE-VARMLAND
Varmland,282414,2020-07-12,1000,0,70,SE,SE-VARMLAND
Varmland,282414,2020-07-13,1001,0,71,SE,SE-VARMLAND
Varmland,282414,2020-07-14,1003,0,72,SE,SE-VARMLAND
Varmland,282414,2020-07-15,1003,0,71,SE,SE-VARMLAND
Varmland,282414,2020-07-16,1006,0,71,SE,SE-VARMLAND
Varmland,282414,2020-07-17,1007,0,71,SE,SE-VARMLAND
Varmland,282414,2020-07-18,1007,0,71,SE,SE-VARMLAND
Varmland,282414,2020-07-19,1007,0,71,SE,SE-VARMLAND
Varmland,282414,2020-07-20,1009,0,72,SE,SE-VARMLAND
Varmland,282414,2020-07-21,1010,0,72,SE,SE-VARMLAND
Varmland,282414,2020-07-22,1011,0,73,SE,SE-VARMLAND
Varmland,282414,2020-07-23,1015,0,73,SE,SE-VARMLAND
Varmland,282414,2020-07-24,1017,0,73,SE,SE-VARMLAND
Varmland,282414,2020-07-25,1017,0,73,SE,SE-VARMLAND
Varmland,282414,2020-07-26,1017,0,73,SE,SE-VARMLAND
Varmland,282414,2020-07-27,1023,0,73,SE,SE-VARMLAND
Vasterbotten,271736,2020-06-08,535,0,29,SE,SE-VASTERBOTTEN
Vasterbotten,271736,2020-06-09,539,0,29,SE,SE-VASTERBOTTEN
Vasterbotten,271736,2020-06-10,548,0,29,SE,SE-VASTERBOTTEN
Vasterbotten,271736,2020-06-11,555,0,29,SE,SE-VASTERBOTTEN
Vasterbotten,271736,2020-06-12,563,0,30,SE,SE-VASTERBOTTEN
Vasterbotten,271736,2020-06-13,568,0,30,SE,SE-VASTERBOTTEN
Vasterbotten,271736,2020-06-14,574,0,30,SE,SE-VASTERBOTTEN
Vasterbotten,271736,2020-06-15,575,0,30,SE,SE-VASTERBOTTEN
Vasterbotten,271736,2020-06-16,577,0,30,SE,SE-VASTERBOTTEN
Vasterbotten,271736,2020-06-17,588,0,30,SE,SE-VASTERBOTTEN
Vasterbotten,271736,2020-06-18,599,0,30,SE,SE-VASTERBOTTEN
Vasterbotten,271736,2020-06-19,599,0,30,SE,SE-VASTERBOTTEN
Vasterbotten,271736,2020-06-20,599,0,30,SE,SE-VASTERBOTTEN
Vasterbotten,271736,2020-06-21,599,0,30,SE,SE-VASTERBOTTEN
Vasterbotten,271736,2020-06-22,631,0,30,SE,SE-VASTERBOTTEN
Vasterbotten,271736,2020-06-23,634,0,31,SE,SE-VASTERBOTTEN
Vasterbotten,271736,2020-06-24,653,0,31,SE,SE-VASTERBOTTEN
Vasterbotten,271736,2020-06-25,664,0,31,SE,SE-VASTERBOTTEN
Vasterbotten,271736,2020-06-26,678,0,31,SE,SE-VASTERBOTTEN
Vasterbotten,271736,2020-06-27,678,0,31,SE,SE-VASTERBOTTEN
Vasterbotten,271736,2020-06-28,678,0,31,SE,SE-VASTERBOTTEN
Vasterbotten,271736,2020-06-29,694,0,31,SE,SE-VASTERBOTTEN
Vasterbotten,271736,2020-06-30,699,0,31,SE,SE-VASTERBOTTEN
Vasterbotten,271736,2020-07-01,708,0,31,SE,SE-VASTERBOTTEN
Vasterbotten,271736,2020-07-02,722,0,31,SE,SE-VASTERBOTTEN
Vasterbotten,271736,2020-07-03,727,0,31,SE,SE-VASTERBOTTEN
Vasterbotten,271736,2020-07-04,727,0,31,SE,SE-VASTERBOTTEN
Vasterbotten,271736,2020-07-05,727,0,31,SE,SE-VASTERBOTTEN
Vasterbotten,271736,2020-07-06,741,0,31,SE,SE-VASTERBOTTEN
Vasterbotten,271736,2020-07-07,741,0,31,SE,SE-VASTERBOTTEN
Vasterbotten,271736,2020-07-08,749,0,31,SE,SE-VASTERBOTTEN
Vasterbotten,271736,2020-07-09,751,0,31,SE,SE-VASTERBOTTEN
Vasterbotten,271736,2020-07-10,752,0,31,SE,SE-VASTERBOTTEN
Vasterbotten,271736,2020-07-11,752,0,31,SE,SE-VASTERBOTTEN
Vasterbotten,271736,2020-07-12,752,0,31,SE,SE-VASTERBOTTEN
Vasterbotten,271736,2020-07-13,760,0,31,SE,SE-VASTERBOTTEN
Vasterbotten,271736,2020-07-14,760,0,31,SE,SE-VASTERBOTTEN
Vasterbotten,271736,2020-07-15,784,0,31,SE,SE-VASTERBOTTEN
Vasterbotten,271736,2020-07-16,805,0,31,SE,SE-VASTERBOTTEN
Vasterbotten,271736,2020-07-17,830,0,31,SE,SE-VASTERBOTTEN
Vasterbotten,271736,2020-07-18,830,0,31,SE,SE-VASTERBOTTEN
Vasterbotten,271736,2020-07-19,830,0,31,SE,SE-VASTERBOTTEN
Vasterbotten,271736,2020-07-20,883,0,31,SE,SE-VASTERBOTTEN
Vasterbotten,271736,2020-07-21,883,0,31,SE,SE-VASTERBOTTEN
Vasterbotten,271736,2020-07-22,888,0,31,SE,SE-VASTERBOTTEN
Vasterbotten,271736,2020-07-23,888,0,31,SE,SE-VASTERBOTTEN
Vasterbotten,271736,2020-07-24,891,0,31,SE,SE-VASTERBOTTEN
Vasterbotten,271736,2020-07-25,891,0,31,SE,SE-VASTERBOTTEN
Vasterbotten,271736,2020-07-26,891,0,31,SE,SE-VASTERBOTTEN
Vasterbotten,271736,2020-07-27,895,0,31,SE,SE-VASTERBOTTEN
Vasternorrland,245347,2020-06-08,887,0,90,SE,SE-VASTERNORRLAND
Vasternorrland,245347,2020-06-09,905,0,90,SE,SE-VASTERNORRLAND
Vasternorrland,245347,2020-06-10,929,0,92,SE,SE-VASTERNORRLAND
Vasternorrland,245347,2020-06-11,942,0,94,SE,SE-VASTERNORRLAND
Vasternorrland,245347,2020-06-12,971,0,95,SE,SE-VASTERNORRLAND
Vasternorrland,245347,2020-06-13,989,0,98,SE,SE-VASTERNORRLAND
Vasternorrland,245347,2020-06-14,994,0,98,SE,SE-VASTERNORRLAND
Vasternorrland,245347,2020-06-15,1035,0,98,SE,SE-VASTERNORRLAND
Vasternorrland,245347,2020-06-16,1039,0,99,SE,SE-VASTERNORRLAND
Vasternorrland,245347,2020-06-17,1067,0,102,SE,SE-VASTERNORRLAND
Vasternorrland,245347,2020-06-18,1094,0,102,SE,SE-VASTERNORRLAND
Vasternorrland,245347,2020-06-19,1094,0,102,SE,SE-VASTERNORRLAND
Vasternorrland,245347,2020-06-20,1094,0,102,SE,SE-VASTERNORRLAND
Vasternorrland,245347,2020-06-21,1094,0,102,SE,SE-VASTERNORRLAND
Vasternorrland,245347,2020-06-22,1166,0,103,SE,SE-VASTERNORRLAND
Vasternorrland,245347,2020-06-23,1197,0,109,SE,SE-VASTERNORRLAND
Vasternorrland,245347,2020-06-24,1214,0,109,SE,SE-VASTERNORRLAND
Vasternorrland,245347,2020-06-25,1263,0,109,SE,SE-VASTERNORRLAND
Vasternorrland,245347,2020-06-26,1283,0,111,SE,SE-VASTERNORRLAND
Vasternorrland,245347,2020-06-27,1283,0,111,SE,SE-VASTERNORRLAND
Vasternorrland,245347,2020-06-28,1283,0,111,SE,SE-VASTERNORRLAND
Vasternorrland,245347,2020-06-29,1338,0,112,SE,SE-VASTERNORRLAND
Vasternorrland,245347,2020-06-30,1360,0,113,SE,SE-VASTERNORRLAND
Vasternorrland,245347,2020-07-01,1382,0,117,SE,SE-VASTERNORRLAND
Vasternorrland,245347,2020-07-02,1403,0,117,SE,SE-VASTERNORRLAND
Vasternorrland,245347,2020-07-03,1428,0,117,SE,SE-VASTERNORRLAND
Vasternorrland,245347,2020-07-04,1428,0,117,SE,SE-VASTERNORRLAND
Vasternorrland,245347,2020-07-05,1428,0,117,SE,SE-VASTERNORRLAND
Vasternorrland,245347,2020-07-06,1476,0,117,SE,SE-VASTERNORRLAND
Vasternorrland,245347,2020-07-07,1503,0,117,SE,SE-VASTERNORRLAND
Vasternorrland,245347,2020-07-08,1515,0,118,SE,SE-VASTERNORRLAND
Vasternorrland,245347,2020-07-09,1537,0,119,SE,SE-VASTERNORRLAND
Vasternorrland,245347,2020-07-10,1545,0,119,SE,SE-VASTERNORRLAND
Vasternorrland,245347,2020-07-11,1545,0,119,SE,SE-VASTERNORRLAND
Vasternorrland,245347,2020-07-12,1545,0,119,SE,SE-VASTERNORRLAND
Vasternorrland,245347,2020-07-13,1603,0,119,SE,SE-VASTERNORRLAND
Vasternorrland,245347,2020-07-14,1614,0,119,SE,SE-VASTERNORRLAND
Vasternorrland,245347,2020-07-15,1628,0,122,SE,SE-VASTERNORRLAND
Vasternorrland,245347,2020-07-16,1636,0,122,SE,SE-VASTERNORRLAND
Vasternorrland,245347,2020-07-17,1643,0,122,SE,SE-VASTERNORRLAND
Vasternorrland,245347,2020-07-18,1643,0,122,SE,SE-VASTERNORRLAND
Vasternorrland,245347,2020-07-19,1643,0,122,SE,SE-VASTERNORRLAND
Vasternorrland,245347,2020-07-20,1693,0,125,SE,SE-VASTERNORRLAND
Vasternorrland,245347,2020-07-21,1694,0,126,SE,SE-VASTERNORRLAND
Vasternorrland,245347,2020-07-22,1710,0,128,SE,SE-VASTERNORRLAND
Vasternorrland,245347,2020-07-23,1716,0,128,SE,SE-VASTERNORRLAND
Vasternorrland,245347,2020-07-24,1723,0,128,SE,SE-VASTERNORRLAND
Vasternorrland,245347,2020-07-25,1723,0,128,SE,SE-VASTERNORRLAND
Vasternorrland,245347,2020-07-26,1723,0,128,SE,SE-VASTERNORRLAND
Vasternorrland,245347,2020-07-27,1744,0,128,SE,SE-VASTERNORRLAND
Vastmanland,275845,2020-06-08,1457,0,148,SE,SE-VASTMANLAND
Vastmanland,275845,2020-06-09,1527,0,148,SE,SE-VASTMANLAND
Vastmanland,275845,2020-06-10,1547,0,148,SE,SE-VASTMANLAND
Vastmanland,275845,2020-06-11,1606,0,151,SE,SE-VASTMANLAND
Vastmanland,275845,2020-06-12,1683,0,152,SE,SE-VASTMANLAND
Vastmanland,275845,2020-06-13,1718,0,152,SE,SE-VASTMANLAND
Vastmanland,275845,2020-06-14,1718,0,152,SE,SE-VASTMANLAND
Vastmanland,275845,2020-06-15,1750,0,152,SE,SE-VASTMANLAND
Vastmanland,275845,2020-06-16,1820,0,152,SE,SE-VASTMANLAND
Vastmanland,275845,2020-06-17,1833,0,157,SE,SE-VASTMANLAND
Vastmanland,275845,2020-06-18,1904,0,158,SE,SE-VASTMANLAND
Vastmanland,275845,2020-06-19,1904,0,158,SE,SE-VASTMANLAND
Vastmanland,275845,2020-06-20,1904,0,158,SE,SE-VASTMANLAND
Vastmanland,275845,2020-06-21,1904,0,158,SE,SE-VASTMANLAND
Vastmanland,275845,2020-06-22,1957,0,158,SE,SE-VASTMANLAND
Vastmanland,275845,2020-06-23,2038,0,160,SE,SE-VASTMANLAND
Vastmanland,275845,2020-06-24,2064,0,161,SE,SE-VASTMANLAND
Vastmanland,275845,2020-06-25,2143,0,161,SE,SE-VASTMANLAND
Vastmanland,275845,2020-06-26,2184,0,161,SE,SE-VASTMANLAND
Vastmanland,275845,2020-06-27,2184,0,161,SE,SE-VASTMANLAND
Vastmanland,275845,2020-06-28,2184,0,161,SE,SE-VASTMANLAND
Vastmanland,275845,2020-06-29,2215,0,161,SE,SE-VASTMANLAND
Vastmanland,275845,2020-06-30,2239,0,165,SE,SE-VASTMANLAND
Vastmanland,275845,2020-07-01,2274,0,166,SE,SE-VASTMANLAND
Vastmanland,275845,2020-07-02,2298,0,166,SE,SE-VASTMANLAND
Vastmanland,275845,2020-07-03,2329,0,170,SE,SE-VASTMANLAND
Vastmanland,275845,2020-07-04,2329,0,170,SE,SE-VASTMANLAND
Vastmanland,275845,2020-07-05,2329,0,170,SE,SE-VASTMANLAND
Vastmanland,275845,2020-07-06,2408,0,170,SE,SE-VASTMANLAND
Vastmanland,275845,2020-07-07,2425,0,170,SE,SE-VASTMANLAND
Vastmanland,275845,2020-07-08,2436,0,170,SE,SE-VASTMANLAND
Vastmanland,275845,2020-07-09,2458,0,172,SE,SE-VASTMANLAND
Vastmanland,275845,2020-07-10,2477,0,175,SE,SE-VASTMANLAND
Vastmanland,275845,2020-07-11,2477,0,175,SE,SE-VASTMANLAND
Vastmanland,275845,2020-07-12,2477,0,175,SE,SE-VASTMANLAND
Vastmanland,275845,2020-07-13,2511,0,175,SE,SE-VASTMANLAND
Vastmanland,275845,2020-07-14,2519,0,175,SE,SE-VASTMANLAND
Vastmanland,275845,2020-07-15,2537,0,175,SE,SE-VASTMANLAND
Vastmanland,275845,2020-07-16,2547,0,175,SE,SE-VASTMANLAND
Vastmanland,275845,2020-07-17,2556,0,175,SE,SE-VASTMANLAND
Vastmanland,275845,2020-07-18,2556,0,175,SE,SE-VASTMANLAND
Vastmanland,275845,2020-07-19,2556,0,175,SE,SE-VASTMANLAND
Vastmanland,275845,2020-07-20,2569,0,177,SE,SE-VASTMANLAND
Vastmanland,275845,2020-07-21,2571,0,177,SE,SE-VASTMANLAND
Vastmanland,275845,2020-07-22,2579,0,177,SE,SE-VASTMANLAND
Vastmanland,275845,2020-07-23,2589,0,177,SE,SE-VASTMANLAND
Vastmanland,275845,2020-07-24,2594,0,178,SE,SE-VASTMANLAND
Vastmanland,275845,2020-07-25,2594,0,178,SE,SE-VASTMANLAND
Vastmanland,275845,2020-07-26,2594,0,178,SE,SE-VASTMANLAND
Vastmanland,275845,2020-07-27,2600,0,178,SE,SE-VASTMANLAND
Vastra Gotaland,1725881,2020-06-08,8128,0,602,SE,SE-VASTRA-GOTALAND
Vastra Gotaland,1725881,2020-06-09,8383,0,604,SE,SE-VASTRA-GOTALAND
Vastra Gotaland,1725881,2020-06-10,8608,0,631,SE,SE-VASTRA-GOTALAND
Vastra Gotaland,1725881,2020-06-11,9255,0,632,SE,SE-VASTRA-GOTALAND
Vastra Gotaland,1725881,2020-06-12,9752,0,647,SE,SE-VASTRA-GOTALAND
Vastra Gotaland,1725881,2020-06-13,10231,0,647,SE,SE-VASTRA-GOTALAND
Vastra Gotaland,1725881,2020-06-14,10609,0,647,SE,SE-VASTRA-GOTALAND
Vastra Gotaland,1725881,2020-06-15,10743,0,649,SE,SE-VASTRA-GOTALAND
Vastra Gotaland,1725881,2020-06-16,11083,0,649,SE,SE-VASTRA-GOTALAND
Vastra Gotaland,1725881,2020-06-17,11455,0,679,SE,SE-VASTRA-GOTALAND
Vastra Gotaland,1725881,2020-06-18,11828,0,679,SE,SE-VASTRA-GOTALAND
Vastra Gotaland,1725881,2020-06-19,11828,0,679,SE,SE-VASTRA-GOTALAND
Vastra Gotaland,1725881,2020-06-20,11828,0,679,SE,SE-VASTRA-GOTALAND
Vastra Gotaland,1725881,2020-06-21,11828,0,679,SE,SE-VASTRA-GOTALAND
Vastra Gotaland,1725881,2020-06-22,12853,0,698,SE,SE-VASTRA-GOTALAND
Vastra Gotaland,1725881,2020-06-23,13065,0,701,SE,SE-VASTRA-GOTALAND
Vastra Gotaland,1725881,2020-06-24,13510,0,713,SE,SE-VASTRA-GOTALAND
Vastra Gotaland,1725881,2020-06-25,14013,0,713,SE,SE-VASTRA-GOTALAND
Vastra Gotaland,1725881,2020-06-26,14384,0,742,SE,SE-VASTRA-GOTALAND
Vastra Gotaland,1725881,2020-06-27,14384,0,742,SE,SE-VASTRA-GOTALAND
Vastra Gotaland,1725881,2020-06-28,14384,0,742,SE,SE-VASTRA-GOTALAND
Vastra Gotaland,1725881,2020-06-29,15006,0,745,SE,SE-VASTRA-GOTALAND
Vastra Gotaland,1725881,2020-06-30,15173,0,745,SE,SE-VASTRA-GOTALAND
Vastra Gotaland,1725881,2020-07-01,15408,0,761,SE,SE-VASTRA-GOTALAND
Vastra Gotaland,1725881,2020-07-02,15628,0,762,SE,SE-VASTRA-GOTALAND
Vastra Gotaland,1725881,2020-07-03,15759,0,762,SE,SE-VASTRA-GOTALAND
Vastra Gotaland,1725881,2020-07-04,15759,0,762,SE,SE-VASTRA-GOTALAND
Vastra Gotaland,1725881,2020-07-05,15759,0,762,SE,SE-VASTRA-GOTALAND
Vastra Gotaland,1725881,2020-07-06,16210,0,762,SE,SE-VASTRA-GOTALAND
Vastra Gotaland,1725881,2020-07-07,16231,0,763,SE,SE-VASTRA-GOTALAND
Vastra Gotaland,1725881,2020-07-08,16403,0,781,SE,SE-VASTRA-GOTALAND
Vastra Gotaland,1725881,2020-07-09,16507,0,781,SE,SE-VASTRA-GOTALAND
Vastra Gotaland,1725881,2020-07-10,16650,0,789,SE,SE-VASTRA-GOTALAND
Vastra Gotaland,1725881,2020-07-11,16650,0,789,SE,SE-VASTRA-GOTALAND
Vastra Gotaland,1725881,2020-07-12,16650,0,789,SE,SE-VASTRA-GOTALAND
Vastra Gotaland,1725881,2020-07-13,16873,0,789,SE,SE-VASTRA-GOTALAND
Vastra Gotaland,1725881,2020-07-14,16894,0,789,SE,SE-VASTRA-GOTALAND
Vastra Gotaland,1725881,2020-07-15,16983,0,798,SE,SE-VASTRA-GOTALAND
Vastra Gotaland,1725881,2020-07-16,17126,0,798,SE,SE-VASTRA-GOTALAND
Vastra Gotaland,1725881,2020-07-17,17232,0,809,SE,SE-VASTRA-GOTALAND
Vastra Gotaland,1725881,2020-07-18,17232,0,809,SE,SE-VASTRA-GOTALAND
Vastra Gotaland,1725881,2020-07-19,17232,0,809,SE,SE-VASTRA-GOTALAND
Vastra Gotaland,1725881,2020-07-20,17484,0,809,SE,SE-VASTRA-GOTALAND
Vastra Gotaland,1725881,2020-07-21,17500,0,809,SE,SE-VASTRA-GOTALAND
Vastra Gotaland,1725881,2020-07-22,17571,0,822,SE,SE-VASTRA-GOTALAND
Vastra Gotaland,1725881,2020-07-23,17658,0,822,SE,SE-VASTRA-GOTALAND
Vastra Gotaland,1725881,2020-07-24,17732,0,828,SE,SE-VASTRA-GOTALAND
Vastra Gotaland,1725881,2020-07-25,17732,0,828,SE,SE-VASTRA-GOTALAND
Vastra Gotaland,1725881,2020-07-26,17732,0,828,SE,SE-VASTRA-GOTALAND
Vastra Gotaland,1725881,2020-07-27,17850,0,828,SE,SE-VASTRA-GOTALAND
