stateCode,reportDate,source,cases,deaths,population_number,population_density
DE-BW,2020-03-10,ZON/Berliner Morgenpost (via github.com/jgehrcke/covid-19-germany-gae),237,0,10880000,304
DE-BY,2020-03-10,ZON/Berliner Morgenpost (via github.com/jgehrcke/covid-19-germany-gae),314,0,12844000,182
DE-BE,2020-03-10,ZON/Berliner Morgenpost (via github.com/jgehrcke/covid-19-germany-gae),48,0,3520000,3948
DE-BB,2020-03-10,ZON/Berliner Morgenpost (via github.com/jgehrcke/covid-19-germany-gae),9,0,2485000,84
DE-HB,2020-03-10,ZON/Berliner Morgenpost (via github.com/jgehrcke/covid-19-germany-gae),4,0,671000,1599
DE-HH,2020-03-10,ZON/Berliner Morgenpost (via github.com/jgehrcke/covid-19-germany-gae),29,0,1787000,2366
DE-HE,2020-03-10,ZON/Berliner Morgenpost (via github.com/jgehrcke/covid-19-germany-gae),35,0,6176000,293
DE-MV,2020-03-10,ZON/Berliner Morgenpost (via github.com/jgehrcke/covid-19-germany-gae),13,0,1612000,69
DE-NI,2020-03-10,ZON/Berliner Morgenpost (via github.com/jgehrcke/covid-19-germany-gae),49,0,7927000,167
DE-NW,2020-03-10,ZON/Berliner Morgenpost (via github.com/jgehrcke/covid-19-germany-gae),484,0,17866000,524
DE-RP,2020-03-10,ZON/Berliner Morgenpost (via github.com/jgehrcke/covid-19-germany-gae),25,0,4053000,204
DE-SL,2020-03-10,ZON/Berliner Morgenpost (via github.com/jgehrcke/covid-19-germany-gae),7,0,996000,388
DE-SN,2020-03-10,ZON/Berliner Morgenpost (via github.com/jgehrcke/covid-19-germany-gae),22,0,4085000,221
DE-ST,2020-03-10,ZON/Berliner Morgenpost (via github.com/jgehrcke/covid-19-germany-gae),7,0,2245000,110
DE-SH,2020-03-10,ZON/Berliner Morgenpost (via github.com/jgehrcke/covid-19-germany-gae),9,0,2859000,181
DE-TH,2020-03-10,ZON/Berliner Morgenpost (via github.com/jgehrcke/covid-19-germany-gae),4,0,2171000,134
DE-BW,2020-03-11,ZON/Berliner Morgenpost (via github.com/jgehrcke/covid-19-germany-gae),277,0,10880000,304
DE-BY,2020-03-11,ZON/Berliner Morgenpost (via github.com/jgehrcke/covid-19-germany-gae),366,0,12844000,182
DE-BE,2020-03-11,ZON/Berliner Morgenpost (via github.com/jgehrcke/covid-19-germany-gae),90,0,3520000,3948
DE-BB,2020-03-11,ZON/Berliner Morgenpost (via github.com/jgehrcke/covid-19-germany-gae),24,0,2485000,84
DE-HB,2020-03-11,ZON/Berliner Morgenpost (via github.com/jgehrcke/covid-19-germany-gae),21,0,671000,1599
DE-HH,2020-03-11,ZON/Berliner Morgenpost (via github.com/jgehrcke/covid-19-germany-gae),48,0,1787000,2366
DE-HE,2020-03-11,ZON/Berliner Morgenpost (via github.com/jgehrcke/covid-19-germany-gae),48,0,6176000,293
DE-MV,2020-03-11,ZON/Berliner Morgenpost (via github.com/jgehrcke/covid-19-germany-gae),17,0,1612000,69
DE-NI,2020-03-11,ZON/Berliner Morgenpost (via github.com/jgehrcke/covid-19-germany-gae),75,0,7927000,167
DE-NW,2020-03-11,ZON/Berliner Morgenpost (via github.com/jgehrcke/covid-19-germany-gae),484,0,17866000,524
DE-RP,2020-03-11,ZON/Berliner Morgenpost (via github.com/jgehrcke/covid-19-germany-gae),25,0,4053000,204
DE-SL,2020-03-11,ZON/Berliner Morgenpost (via github.com/jgehrcke/covid-19-germany-gae),14,0,996000,388
DE-SN,2020-03-11,ZON/Berliner Morgenpost (via github.com/jgehrcke/covid-19-germany-gae),26,0,4085000,221
DE-ST,2020-03-11,ZON/Berliner Morgenpost (via github.com/jgehrcke/covid-19-germany-gae),15,0,2245000,110
DE-SH,2020-03-11,ZON/Berliner Morgenpost (via github.com/jgehrcke/covid-19-germany-gae),27,0,2859000,181
DE-TH,2020-03-11,ZON/Berliner Morgenpost (via github.com/jgehrcke/covid-19-germany-gae),10,0,2171000,134
DE-BW,2020-03-12,ZON/Berliner Morgenpost (via github.com/jgehrcke/covid-19-germany-gae),454,0,10880000,304
DE-BY,2020-03-12,ZON/Berliner Morgenpost (via github.com/jgehrcke/covid-19-germany-gae),500,0,12844000,182
DE-BE,2020-03-12,ZON/Berliner Morgenpost (via github.com/jgehrcke/covid-19-germany-gae),137,0,3520000,3948
DE-BB,2020-03-12,ZON/Berliner Morgenpost (via github.com/jgehrcke/covid-19-germany-gae),30,0,2485000,84
DE-HB,2020-03-12,ZON/Berliner Morgenpost (via github.com/jgehrcke/covid-19-germany-gae),38,0,671000,1599
DE-HH,2020-03-12,ZON/Berliner Morgenpost (via github.com/jgehrcke/covid-19-germany-gae),88,0,1787000,2366
DE-HE,2020-03-12,ZON/Berliner Morgenpost (via github.com/jgehrcke/covid-19-germany-gae),99,0,6176000,293
DE-MV,2020-03-12,ZON/Berliner Morgenpost (via github.com/jgehrcke/covid-19-germany-gae),23,0,1612000,69
DE-NI,2020-03-12,ZON/Berliner Morgenpost (via github.com/jgehrcke/covid-19-germany-gae),129,0,7927000,167
DE-NW,2020-03-12,ZON/Berliner Morgenpost (via github.com/jgehrcke/covid-19-germany-gae),688,0,17866000,524
DE-RP,2020-03-12,ZON/Berliner Morgenpost (via github.com/jgehrcke/covid-19-germany-gae),52,0,4053000,204
DE-SL,2020-03-12,ZON/Berliner Morgenpost (via github.com/jgehrcke/covid-19-germany-gae),14,0,996000,388
DE-SN,2020-03-12,ZON/Berliner Morgenpost (via github.com/jgehrcke/covid-19-germany-gae),45,0,4085000,221
DE-ST,2020-03-12,ZON/Berliner Morgenpost (via github.com/jgehrcke/covid-19-germany-gae),27,0,2245000,110
DE-SH,2020-03-12,ZON/Berliner Morgenpost (via github.com/jgehrcke/covid-19-germany-gae),31,0,2859000,181
DE-TH,2020-03-12,ZON/Berliner Morgenpost (via github.com/jgehrcke/covid-19-germany-gae),14,0,2171000,134
DE-BW,2020-03-13,ZON/Berliner Morgenpost (via github.com/jgehrcke/covid-19-germany-gae),454,0,10880000,304
DE-BY,2020-03-13,ZON/Berliner Morgenpost (via github.com/jgehrcke/covid-19-germany-gae),558,0,12844000,182
DE-BE,2020-03-13,ZON/Berliner Morgenpost (via github.com/jgehrcke/covid-19-germany-gae),174,0,3520000,3948
DE-BB,2020-03-13,ZON/Berliner Morgenpost (via github.com/jgehrcke/covid-19-germany-gae),44,0,2485000,84
DE-HB,2020-03-13,ZON/Berliner Morgenpost (via github.com/jgehrcke/covid-19-germany-gae),42,0,671000,1599
DE-HH,2020-03-13,ZON/Berliner Morgenpost (via github.com/jgehrcke/covid-19-germany-gae),99,0,1787000,2366
DE-HE,2020-03-13,ZON/Berliner Morgenpost (via github.com/jgehrcke/covid-19-germany-gae),148,0,6176000,293
DE-MV,2020-03-13,ZON/Berliner Morgenpost (via github.com/jgehrcke/covid-19-germany-gae),33,0,1612000,69
DE-NI,2020-03-13,ZON/Berliner Morgenpost (via github.com/jgehrcke/covid-19-germany-gae),230,0,7927000,167
DE-NW,2020-03-13,ZON/Berliner Morgenpost (via github.com/jgehrcke/covid-19-germany-gae),936,0,17866000,524
DE-RP,2020-03-13,ZON/Berliner Morgenpost (via github.com/jgehrcke/covid-19-germany-gae),102,0,4053000,204
DE-SL,2020-03-13,ZON/Berliner Morgenpost (via github.com/jgehrcke/covid-19-germany-gae),40,0,996000,388
DE-SN,2020-03-13,ZON/Berliner Morgenpost (via github.com/jgehrcke/covid-19-germany-gae),83,0,4085000,221
DE-ST,2020-03-13,ZON/Berliner Morgenpost (via github.com/jgehrcke/covid-19-germany-gae),42,0,2245000,110
DE-SH,2020-03-13,ZON/Berliner Morgenpost (via github.com/jgehrcke/covid-19-germany-gae),48,0,2859000,181
DE-TH,2020-03-13,ZON/Berliner Morgenpost (via github.com/jgehrcke/covid-19-germany-gae),29,0,2171000,134
DE-BW,2020-03-14,ZON/Berliner Morgenpost (via github.com/jgehrcke/covid-19-germany-gae),569,0,10880000,304
DE-BY,2020-03-14,ZON/Berliner Morgenpost (via github.com/jgehrcke/covid-19-germany-gae),681,0,12844000,182
DE-BE,2020-03-14,ZON/Berliner Morgenpost (via github.com/jgehrcke/covid-19-germany-gae),216,0,3520000,3948
DE-BB,2020-03-14,ZON/Berliner Morgenpost (via github.com/jgehrcke/covid-19-germany-gae),61,0,2485000,84
DE-HB,2020-03-14,ZON/Berliner Morgenpost (via github.com/jgehrcke/covid-19-germany-gae),50,0,671000,1599
DE-HH,2020-03-14,ZON/Berliner Morgenpost (via github.com/jgehrcke/covid-19-germany-gae),158,0,1787000,2366
DE-HE,2020-03-14,ZON/Berliner Morgenpost (via github.com/jgehrcke/covid-19-germany-gae),203,0,6176000,293
DE-MV,2020-03-14,ZON/Berliner Morgenpost (via github.com/jgehrcke/covid-19-germany-gae),45,0,1612000,69
DE-NI,2020-03-14,ZON/Berliner Morgenpost (via github.com/jgehrcke/covid-19-germany-gae),253,0,7927000,167
DE-NW,2020-03-14,ZON/Berliner Morgenpost (via github.com/jgehrcke/covid-19-germany-gae),1154,0,17866000,524
DE-RP,2020-03-14,ZON/Berliner Morgenpost (via github.com/jgehrcke/covid-19-germany-gae),121,0,4053000,204
DE-SL,2020-03-14,ZON/Berliner Morgenpost (via github.com/jgehrcke/covid-19-germany-gae),40,0,996000,388
DE-SN,2020-03-14,ZON/Berliner Morgenpost (via github.com/jgehrcke/covid-19-germany-gae),93,0,4085000,221
DE-ST,2020-03-14,ZON/Berliner Morgenpost (via github.com/jgehrcke/covid-19-germany-gae),45,0,2245000,110
DE-SH,2020-03-14,ZON/Berliner Morgenpost (via github.com/jgehrcke/covid-19-germany-gae),60,0,2859000,181
DE-TH,2020-03-14,ZON/Berliner Morgenpost (via github.com/jgehrcke/covid-19-germany-gae),46,0,2171000,134
DE-BW,2020-03-15,ZON/Berliner Morgenpost (via github.com/jgehrcke/covid-19-germany-gae),827,0,10880000,304
DE-BY,2020-03-15,ZON/Berliner Morgenpost (via github.com/jgehrcke/covid-19-germany-gae),886,0,12844000,182
DE-BE,2020-03-15,ZON/Berliner Morgenpost (via github.com/jgehrcke/covid-19-germany-gae),265,0,3520000,3948
DE-BB,2020-03-15,ZON/Berliner Morgenpost (via github.com/jgehrcke/covid-19-germany-gae),84,0,2485000,84
DE-HB,2020-03-15,ZON/Berliner Morgenpost (via github.com/jgehrcke/covid-19-germany-gae),53,0,671000,1599
DE-HH,2020-03-15,ZON/Berliner Morgenpost (via github.com/jgehrcke/covid-19-germany-gae),162,0,1787000,2366
DE-HE,2020-03-15,ZON/Berliner Morgenpost (via github.com/jgehrcke/covid-19-germany-gae),286,0,6176000,293
DE-MV,2020-03-15,ZON/Berliner Morgenpost (via github.com/jgehrcke/covid-19-germany-gae),50,0,1612000,69
DE-NI,2020-03-15,ZON/Berliner Morgenpost (via github.com/jgehrcke/covid-19-germany-gae),287,0,7927000,167
DE-NW,2020-03-15,ZON/Berliner Morgenpost (via github.com/jgehrcke/covid-19-germany-gae),1407,0,17866000,524
DE-RP,2020-03-15,ZON/Berliner Morgenpost (via github.com/jgehrcke/covid-19-germany-gae),168,0,4053000,204
DE-SL,2020-03-15,ZON/Berliner Morgenpost (via github.com/jgehrcke/covid-19-germany-gae),32,0,996000,388
DE-SN,2020-03-15,ZON/Berliner Morgenpost (via github.com/jgehrcke/covid-19-germany-gae),130,0,4085000,221
DE-ST,2020-03-15,ZON/Berliner Morgenpost (via github.com/jgehrcke/covid-19-germany-gae),47,0,2245000,110
DE-SH,2020-03-15,ZON/Berliner Morgenpost (via github.com/jgehrcke/covid-19-germany-gae),103,0,2859000,181
DE-TH,2020-03-15,ZON/Berliner Morgenpost (via github.com/jgehrcke/covid-19-germany-gae),51,0,2171000,134
DE-BW,2020-03-16,ZON/Berliner Morgenpost (via github.com/jgehrcke/covid-19-germany-gae),1105,0,10880000,304
DE-BY,2020-03-16,ZON/Berliner Morgenpost (via github.com/jgehrcke/covid-19-germany-gae),1067,0,12844000,182
DE-BE,2020-03-16,ZON/Berliner Morgenpost (via github.com/jgehrcke/covid-19-germany-gae),300,0,3520000,3948
DE-BB,2020-03-16,ZON/Berliner Morgenpost (via github.com/jgehrcke/covid-19-germany-gae),94,0,2485000,84
DE-HB,2020-03-16,ZON/Berliner Morgenpost (via github.com/jgehrcke/covid-19-germany-gae),56,0,671000,1599
DE-HH,2020-03-16,ZON/Berliner Morgenpost (via github.com/jgehrcke/covid-19-germany-gae),260,0,1787000,2366
DE-HE,2020-03-16,ZON/Berliner Morgenpost (via github.com/jgehrcke/covid-19-germany-gae),342,0,6176000,293
DE-MV,2020-03-16,ZON/Berliner Morgenpost (via github.com/jgehrcke/covid-19-germany-gae),51,0,1612000,69
DE-NI,2020-03-16,ZON/Berliner Morgenpost (via github.com/jgehrcke/covid-19-germany-gae),391,0,7927000,167
DE-NW,2020-03-16,ZON/Berliner Morgenpost (via github.com/jgehrcke/covid-19-germany-gae),1541,0,17866000,524
DE-RP,2020-03-16,ZON/Berliner Morgenpost (via github.com/jgehrcke/covid-19-germany-gae),325,0,4053000,204
DE-SL,2020-03-16,ZON/Berliner Morgenpost (via github.com/jgehrcke/covid-19-germany-gae),85,0,996000,388
DE-SN,2020-03-16,ZON/Berliner Morgenpost (via github.com/jgehrcke/covid-19-germany-gae),140,0,4085000,221
DE-ST,2020-03-16,ZON/Berliner Morgenpost (via github.com/jgehrcke/covid-19-germany-gae),77,0,2245000,110
DE-SH,2020-03-16,ZON/Berliner Morgenpost (via github.com/jgehrcke/covid-19-germany-gae),123,0,2859000,181
DE-TH,2020-03-16,ZON/Berliner Morgenpost (via github.com/jgehrcke/covid-19-germany-gae),55,0,2171000,134
DE-BW,2020-03-17,ZON/Berliner Morgenpost (via github.com/jgehrcke/covid-19-germany-gae),1641,6,10880000,304
DE-BY,2020-03-17,ZON/Berliner Morgenpost (via github.com/jgehrcke/covid-19-germany-gae),1352,5,12844000,182
DE-BE,2020-03-17,ZON/Berliner Morgenpost (via github.com/jgehrcke/covid-19-germany-gae),383,0,3520000,3948
DE-BB,2020-03-17,ZON/Berliner Morgenpost (via github.com/jgehrcke/covid-19-germany-gae),114,0,2485000,84
DE-HB,2020-03-17,ZON/Berliner Morgenpost (via github.com/jgehrcke/covid-19-germany-gae),66,0,671000,1599
DE-HH,2020-03-17,ZON/Berliner Morgenpost (via github.com/jgehrcke/covid-19-germany-gae),312,0,1787000,2366
DE-HE,2020-03-17,ZON/Berliner Morgenpost (via github.com/jgehrcke/covid-19-germany-gae),381,0,6176000,293
DE-MV,2020-03-17,ZON/Berliner Morgenpost (via github.com/jgehrcke/covid-19-germany-gae),69,0,1612000,69
DE-NI,2020-03-17,ZON/Berliner Morgenpost (via github.com/jgehrcke/covid-19-germany-gae),563,0,7927000,167
DE-NW,2020-03-17,ZON/Berliner Morgenpost (via github.com/jgehrcke/covid-19-germany-gae),3375,12,17866000,524
DE-RP,2020-03-17,ZON/Berliner Morgenpost (via github.com/jgehrcke/covid-19-germany-gae),435,0,4053000,204
DE-SL,2020-03-17,ZON/Berliner Morgenpost (via github.com/jgehrcke/covid-19-germany-gae),101,0,996000,388
DE-SN,2020-03-17,ZON/Berliner Morgenpost (via github.com/jgehrcke/covid-19-germany-gae),247,0,4085000,221
DE-ST,2020-03-17,ZON/Berliner Morgenpost (via github.com/jgehrcke/covid-19-germany-gae),93,0,2245000,110
DE-SH,2020-03-17,ZON/Berliner Morgenpost (via github.com/jgehrcke/covid-19-germany-gae),145,1,2859000,181
DE-TH,2020-03-17,ZON/Berliner Morgenpost (via github.com/jgehrcke/covid-19-germany-gae),71,0,2171000,134
DE-BW,2020-03-18,ZON/Berliner Morgenpost (via github.com/jgehrcke/covid-19-germany-gae),2184,8,10880000,304
DE-BY,2020-03-18,ZON/Berliner Morgenpost (via github.com/jgehrcke/covid-19-germany-gae),1798,7,12844000,182
DE-BE,2020-03-18,ZON/Berliner Morgenpost (via github.com/jgehrcke/covid-19-germany-gae),519,0,3520000,3948
DE-BB,2020-03-18,ZON/Berliner Morgenpost (via github.com/jgehrcke/covid-19-germany-gae),171,1,2485000,84
DE-HB,2020-03-18,ZON/Berliner Morgenpost (via github.com/jgehrcke/covid-19-germany-gae),66,3,671000,1599
DE-HH,2020-03-18,ZON/Berliner Morgenpost (via github.com/jgehrcke/covid-19-germany-gae),414,1,1787000,2366
DE-HE,2020-03-18,ZON/Berliner Morgenpost (via github.com/jgehrcke/covid-19-germany-gae),547,1,6176000,293
DE-MV,2020-03-18,ZON/Berliner Morgenpost (via github.com/jgehrcke/covid-19-germany-gae),100,0,1612000,69
DE-NI,2020-03-18,ZON/Berliner Morgenpost (via github.com/jgehrcke/covid-19-germany-gae),740,1,7927000,167
DE-NW,2020-03-18,ZON/Berliner Morgenpost (via github.com/jgehrcke/covid-19-germany-gae),4268,13,17866000,524
DE-RP,2020-03-18,ZON/Berliner Morgenpost (via github.com/jgehrcke/covid-19-germany-gae),603,0,4053000,204
DE-SL,2020-03-18,ZON/Berliner Morgenpost (via github.com/jgehrcke/covid-19-germany-gae),101,0,996000,388
DE-SN,2020-03-18,ZON/Berliner Morgenpost (via github.com/jgehrcke/covid-19-germany-gae),296,0,4085000,221
DE-ST,2020-03-18,ZON/Berliner Morgenpost (via github.com/jgehrcke/covid-19-germany-gae),133,0,2245000,110
DE-SH,2020-03-18,ZON/Berliner Morgenpost (via github.com/jgehrcke/covid-19-germany-gae),196,1,2859000,181
DE-TH,2020-03-18,ZON/Berliner Morgenpost (via github.com/jgehrcke/covid-19-germany-gae),87,0,2171000,134
DE-BW,2020-03-19,ZON/Berliner Morgenpost (via github.com/jgehrcke/covid-19-germany-gae),2748,11,10880000,304
DE-BY,2020-03-19,ZON/Berliner Morgenpost (via github.com/jgehrcke/covid-19-germany-gae),2282,13,12844000,182
DE-BE,2020-03-19,ZON/Berliner Morgenpost (via github.com/jgehrcke/covid-19-germany-gae),688,0,3520000,3948
DE-BB,2020-03-19,ZON/Berliner Morgenpost (via github.com/jgehrcke/covid-19-germany-gae),204,0,2485000,84
DE-HB,2020-03-19,ZON/Berliner Morgenpost (via github.com/jgehrcke/covid-19-germany-gae),119,0,671000,1599
DE-HH,2020-03-19,ZON/Berliner Morgenpost (via github.com/jgehrcke/covid-19-germany-gae),506,1,1787000,2366
DE-HE,2020-03-19,ZON/Berliner Morgenpost (via github.com/jgehrcke/covid-19-germany-gae),740,1,6176000,293
DE-MV,2020-03-19,ZON/Berliner Morgenpost (via github.com/jgehrcke/covid-19-germany-gae),133,0,1612000,69
DE-NI,2020-03-19,ZON/Berliner Morgenpost (via github.com/jgehrcke/covid-19-germany-gae),981,0,7927000,167
DE-NW,2020-03-19,ZON/Berliner Morgenpost (via github.com/jgehrcke/covid-19-germany-gae),4971,17,17866000,524
DE-RP,2020-03-19,ZON/Berliner Morgenpost (via github.com/jgehrcke/covid-19-germany-gae),749,0,4053000,204
DE-SL,2020-03-19,ZON/Berliner Morgenpost (via github.com/jgehrcke/covid-19-germany-gae),217,0,996000,388
DE-SN,2020-03-19,ZON/Berliner Morgenpost (via github.com/jgehrcke/covid-19-germany-gae),389,0,4085000,221
DE-ST,2020-03-19,ZON/Berliner Morgenpost (via github.com/jgehrcke/covid-19-germany-gae),152,0,2245000,110
DE-SH,2020-03-19,ZON/Berliner Morgenpost (via github.com/jgehrcke/covid-19-germany-gae),253,0,2859000,181
DE-TH,2020-03-19,ZON/Berliner Morgenpost (via github.com/jgehrcke/covid-19-germany-gae),108,0,2171000,134
DE-BW,2020-03-20,ZON/Berliner Morgenpost (via github.com/jgehrcke/covid-19-germany-gae),3665,17,10880000,304
DE-BY,2020-03-20,ZON/Berliner Morgenpost (via github.com/jgehrcke/covid-19-germany-gae),3107,20,12844000,182
DE-BE,2020-03-20,ZON/Berliner Morgenpost (via github.com/jgehrcke/covid-19-germany-gae),868,1,3520000,3948
DE-BB,2020-03-20,ZON/Berliner Morgenpost (via github.com/jgehrcke/covid-19-germany-gae),265,0,2485000,84
DE-HB,2020-03-20,ZON/Berliner Morgenpost (via github.com/jgehrcke/covid-19-germany-gae),127,0,671000,1599
DE-HH,2020-03-20,ZON/Berliner Morgenpost (via github.com/jgehrcke/covid-19-germany-gae),664,1,1787000,2366
DE-HE,2020-03-20,ZON/Berliner Morgenpost (via github.com/jgehrcke/covid-19-germany-gae),962,2,6176000,293
DE-MV,2020-03-20,ZON/Berliner Morgenpost (via github.com/jgehrcke/covid-19-germany-gae),167,0,1612000,69
DE-NI,2020-03-20,ZON/Berliner Morgenpost (via github.com/jgehrcke/covid-19-germany-gae),1262,0,7927000,167
DE-NW,2020-03-20,ZON/Berliner Morgenpost (via github.com/jgehrcke/covid-19-germany-gae),6257,20,17866000,524
DE-RP,2020-03-20,ZON/Berliner Morgenpost (via github.com/jgehrcke/covid-19-germany-gae),890,1,4053000,204
DE-SL,2020-03-20,ZON/Berliner Morgenpost (via github.com/jgehrcke/covid-19-germany-gae),217,0,996000,388
DE-SN,2020-03-20,ZON/Berliner Morgenpost (via github.com/jgehrcke/covid-19-germany-gae),562,1,4085000,221
DE-ST,2020-03-20,ZON/Berliner Morgenpost (via github.com/jgehrcke/covid-19-germany-gae),217,0,2245000,110
DE-SH,2020-03-20,ZON/Berliner Morgenpost (via github.com/jgehrcke/covid-19-germany-gae),321,1,2859000,181
DE-TH,2020-03-20,ZON/Berliner Morgenpost (via github.com/jgehrcke/covid-19-germany-gae),161,0,2171000,134
DE-BW,2020-03-21,ZON/Berliner Morgenpost (via github.com/jgehrcke/covid-19-germany-gae),3818,23,10880000,304
DE-BY,2020-03-21,ZON/Berliner Morgenpost (via github.com/jgehrcke/covid-19-germany-gae),3695,21,12844000,182
DE-BE,2020-03-21,ZON/Berliner Morgenpost (via github.com/jgehrcke/covid-19-germany-gae),1025,1,3520000,3948
DE-BB,2020-03-21,ZON/Berliner Morgenpost (via github.com/jgehrcke/covid-19-germany-gae),315,1,2485000,84
DE-HB,2020-03-21,ZON/Berliner Morgenpost (via github.com/jgehrcke/covid-19-germany-gae),168,0,671000,1599
DE-HH,2020-03-21,ZON/Berliner Morgenpost (via github.com/jgehrcke/covid-19-germany-gae),768,1,1787000,2366
DE-HE,2020-03-21,ZON/Berliner Morgenpost (via github.com/jgehrcke/covid-19-germany-gae),1166,2,6176000,293
DE-MV,2020-03-21,ZON/Berliner Morgenpost (via github.com/jgehrcke/covid-19-germany-gae),182,0,1612000,69
DE-NI,2020-03-21,ZON/Berliner Morgenpost (via github.com/jgehrcke/covid-19-germany-gae),1452,4,7927000,167
DE-NW,2020-03-21,ZON/Berliner Morgenpost (via github.com/jgehrcke/covid-19-germany-gae),6740,24,17866000,524
DE-RP,2020-03-21,ZON/Berliner Morgenpost (via github.com/jgehrcke/covid-19-germany-gae),1062,2,4053000,204
DE-SL,2020-03-21,ZON/Berliner Morgenpost (via github.com/jgehrcke/covid-19-germany-gae),217,0,996000,388
DE-SN,2020-03-21,ZON/Berliner Morgenpost (via github.com/jgehrcke/covid-19-germany-gae),650,1,4085000,221
DE-ST,2020-03-21,ZON/Berliner Morgenpost (via github.com/jgehrcke/covid-19-germany-gae),253,0,2245000,110
DE-SH,2020-03-21,ZON/Berliner Morgenpost (via github.com/jgehrcke/covid-19-germany-gae),383,1,2859000,181
DE-TH,2020-03-21,ZON/Berliner Morgenpost (via github.com/jgehrcke/covid-19-germany-gae),207,0,2171000,134
DE-BW,2020-03-22,ZON/Berliner Morgenpost (via github.com/jgehrcke/covid-19-germany-gae),3818,23,10880000,304
DE-BY,2020-03-22,ZON/Berliner Morgenpost (via github.com/jgehrcke/covid-19-germany-gae),4457,22,12844000,182
DE-BE,2020-03-22,ZON/Berliner Morgenpost (via github.com/jgehrcke/covid-19-germany-gae),1071,1,3520000,3948
DE-BB,2020-03-22,ZON/Berliner Morgenpost (via github.com/jgehrcke/covid-19-germany-gae),353,1,2485000,84
DE-HB,2020-03-22,ZON/Berliner Morgenpost (via github.com/jgehrcke/covid-19-germany-gae),168,0,671000,1599
DE-HH,2020-03-22,ZON/Berliner Morgenpost (via github.com/jgehrcke/covid-19-germany-gae),887,1,1787000,2366
DE-HE,2020-03-22,ZON/Berliner Morgenpost (via github.com/jgehrcke/covid-19-germany-gae),1267,3,6176000,293
DE-MV,2020-03-22,ZON/Berliner Morgenpost (via github.com/jgehrcke/covid-19-germany-gae),182,0,1612000,69
DE-NI,2020-03-22,ZON/Berliner Morgenpost (via github.com/jgehrcke/covid-19-germany-gae),1586,4,7927000,167
DE-NW,2020-03-22,ZON/Berliner Morgenpost (via github.com/jgehrcke/covid-19-germany-gae),7361,32,17866000,524
DE-RP,2020-03-22,ZON/Berliner Morgenpost (via github.com/jgehrcke/covid-19-germany-gae),1149,2,4053000,204
DE-SL,2020-03-22,ZON/Berliner Morgenpost (via github.com/jgehrcke/covid-19-germany-gae),301,1,996000,388
DE-SN,2020-03-22,ZON/Berliner Morgenpost (via github.com/jgehrcke/covid-19-germany-gae),731,1,4085000,221
DE-ST,2020-03-22,ZON/Berliner Morgenpost (via github.com/jgehrcke/covid-19-germany-gae),269,0,2245000,110
DE-SH,2020-03-22,ZON/Berliner Morgenpost (via github.com/jgehrcke/covid-19-germany-gae),436,1,2859000,181
DE-TH,2020-03-22,ZON/Berliner Morgenpost (via github.com/jgehrcke/covid-19-germany-gae),237,0,2171000,134
DE-BW,2020-03-23,ZON/Berliner Morgenpost (via github.com/jgehrcke/covid-19-germany-gae),5333,31,10880000,304
DE-BY,2020-03-23,ZON/Berliner Morgenpost (via github.com/jgehrcke/covid-19-germany-gae),5719,27,12844000,182
DE-BE,2020-03-23,ZON/Berliner Morgenpost (via github.com/jgehrcke/covid-19-germany-gae),1219,2,3520000,3948
DE-BB,2020-03-23,ZON/Berliner Morgenpost (via github.com/jgehrcke/covid-19-germany-gae),385,1,2485000,84
DE-HB,2020-03-23,ZON/Berliner Morgenpost (via github.com/jgehrcke/covid-19-germany-gae),175,0,671000,1599
DE-HH,2020-03-23,ZON/Berliner Morgenpost (via github.com/jgehrcke/covid-19-germany-gae),989,1,1787000,2366
DE-HE,2020-03-23,ZON/Berliner Morgenpost (via github.com/jgehrcke/covid-19-germany-gae),1352,3,6176000,293
DE-MV,2020-03-23,ZON/Berliner Morgenpost (via github.com/jgehrcke/covid-19-germany-gae),201,0,1612000,69
DE-NI,2020-03-23,ZON/Berliner Morgenpost (via github.com/jgehrcke/covid-19-germany-gae),1779,6,7927000,167
DE-NW,2020-03-23,ZON/Berliner Morgenpost (via github.com/jgehrcke/covid-19-germany-gae),8224,40,17866000,524
DE-RP,2020-03-23,ZON/Berliner Morgenpost (via github.com/jgehrcke/covid-19-germany-gae),1285,4,4053000,204
DE-SL,2020-03-23,ZON/Berliner Morgenpost (via github.com/jgehrcke/covid-19-germany-gae),383,1,996000,388
DE-SN,2020-03-23,ZON/Berliner Morgenpost (via github.com/jgehrcke/covid-19-germany-gae),865,3,4085000,221
DE-ST,2020-03-23,ZON/Berliner Morgenpost (via github.com/jgehrcke/covid-19-germany-gae),303,1,2245000,110
DE-SH,2020-03-23,ZON/Berliner Morgenpost (via github.com/jgehrcke/covid-19-germany-gae),467,1,2859000,181
DE-TH,2020-03-23,ZON/Berliner Morgenpost (via github.com/jgehrcke/covid-19-germany-gae),263,1,2171000,134
DE-BW,2020-03-24,ZON/Berliner Morgenpost (via github.com/jgehrcke/covid-19-germany-gae),6476,32,10880000,304
DE-BY,2020-03-24,ZON/Berliner Morgenpost (via github.com/jgehrcke/covid-19-germany-gae),6666,32,12844000,182
DE-BE,2020-03-24,ZON/Berliner Morgenpost (via github.com/jgehrcke/covid-19-germany-gae),1425,3,3520000,3948
DE-BB,2020-03-24,ZON/Berliner Morgenpost (via github.com/jgehrcke/covid-19-germany-gae),466,1,2485000,84
DE-HB,2020-03-24,ZON/Berliner Morgenpost (via github.com/jgehrcke/covid-19-germany-gae),186,0,671000,1599
DE-HH,2020-03-24,ZON/Berliner Morgenpost (via github.com/jgehrcke/covid-19-germany-gae),1237,1,1787000,2366
DE-HE,2020-03-24,ZON/Berliner Morgenpost (via github.com/jgehrcke/covid-19-germany-gae),1682,4,6176000,293
DE-MV,2020-03-24,ZON/Berliner Morgenpost (via github.com/jgehrcke/covid-19-germany-gae),219,0,1612000,69
DE-NI,2020-03-24,ZON/Berliner Morgenpost (via github.com/jgehrcke/covid-19-germany-gae),2110,6,7927000,167
DE-NW,2020-03-24,ZON/Berliner Morgenpost (via github.com/jgehrcke/covid-19-germany-gae),8981,53,17866000,524
DE-RP,2020-03-24,ZON/Berliner Morgenpost (via github.com/jgehrcke/covid-19-germany-gae),1640,6,4053000,204
DE-SL,2020-03-24,ZON/Berliner Morgenpost (via github.com/jgehrcke/covid-19-germany-gae),402,1,996000,388
DE-SN,2020-03-24,ZON/Berliner Morgenpost (via github.com/jgehrcke/covid-19-germany-gae),1036,1,4085000,221
DE-ST,2020-03-24,ZON/Berliner Morgenpost (via github.com/jgehrcke/covid-19-germany-gae),365,1,2245000,110
DE-SH,2020-03-24,ZON/Berliner Morgenpost (via github.com/jgehrcke/covid-19-germany-gae),552,2,2859000,181
DE-TH,2020-03-24,ZON/Berliner Morgenpost (via github.com/jgehrcke/covid-19-germany-gae),413,1,2171000,134
DE-BW,2020-03-25,ZON/Berliner Morgenpost (via github.com/jgehrcke/covid-19-germany-gae),7285,42,10880000,304
DE-BY,2020-03-25,ZON/Berliner Morgenpost (via github.com/jgehrcke/covid-19-germany-gae),7921,38,12844000,182
DE-BE,2020-03-25,ZON/Berliner Morgenpost (via github.com/jgehrcke/covid-19-germany-gae),1425,3,3520000,3948
DE-BB,2020-03-25,ZON/Berliner Morgenpost (via github.com/jgehrcke/covid-19-germany-gae),516,1,2485000,84
DE-HB,2020-03-25,ZON/Berliner Morgenpost (via github.com/jgehrcke/covid-19-germany-gae),203,0,671000,1599
DE-HH,2020-03-25,ZON/Berliner Morgenpost (via github.com/jgehrcke/covid-19-germany-gae),1450,1,1787000,2366
DE-HE,2020-03-25,ZON/Berliner Morgenpost (via github.com/jgehrcke/covid-19-germany-gae),1941,7,6176000,293
DE-MV,2020-03-25,ZON/Berliner Morgenpost (via github.com/jgehrcke/covid-19-germany-gae),227,0,1612000,69
DE-NI,2020-03-25,ZON/Berliner Morgenpost (via github.com/jgehrcke/covid-19-germany-gae),2373,8,7927000,167
DE-NW,2020-03-25,ZON/Berliner Morgenpost (via github.com/jgehrcke/covid-19-germany-gae),9734,66,17866000,524
DE-RP,2020-03-25,ZON/Berliner Morgenpost (via github.com/jgehrcke/covid-19-germany-gae),1814,5,4053000,204
DE-SL,2020-03-25,ZON/Berliner Morgenpost (via github.com/jgehrcke/covid-19-germany-gae),437,3,996000,388
DE-SN,2020-03-25,ZON/Berliner Morgenpost (via github.com/jgehrcke/covid-19-germany-gae),1128,3,4085000,221
DE-ST,2020-03-25,ZON/Berliner Morgenpost (via github.com/jgehrcke/covid-19-germany-gae),418,1,2245000,110
DE-SH,2020-03-25,ZON/Berliner Morgenpost (via github.com/jgehrcke/covid-19-germany-gae),611,2,2859000,181
DE-TH,2020-03-25,ZON/Berliner Morgenpost (via github.com/jgehrcke/covid-19-germany-gae),466,1,2171000,134
DE-BW,2020-03-26,ZON/Berliner Morgenpost (via github.com/jgehrcke/covid-19-germany-gae),8580,83,10880000,304
DE-BY,2020-03-26,ZON/Berliner Morgenpost (via github.com/jgehrcke/covid-19-germany-gae),9487,51,12844000,182
DE-BE,2020-03-26,ZON/Berliner Morgenpost (via github.com/jgehrcke/covid-19-germany-gae),1937,8,3520000,3948
DE-BB,2020-03-26,ZON/Berliner Morgenpost (via github.com/jgehrcke/covid-19-germany-gae),569,1,2485000,84
DE-HB,2020-03-26,ZON/Berliner Morgenpost (via github.com/jgehrcke/covid-19-germany-gae),213,1,671000,1599
DE-HH,2020-03-26,ZON/Berliner Morgenpost (via github.com/jgehrcke/covid-19-germany-gae),1614,2,1787000,2366
DE-HE,2020-03-26,ZON/Berliner Morgenpost (via github.com/jgehrcke/covid-19-germany-gae),2195,7,6176000,293
DE-MV,2020-03-26,ZON/Berliner Morgenpost (via github.com/jgehrcke/covid-19-germany-gae),246,0,1612000,69
DE-NI,2020-03-26,ZON/Berliner Morgenpost (via github.com/jgehrcke/covid-19-germany-gae),2715,10,7927000,167
DE-NW,2020-03-26,ZON/Berliner Morgenpost (via github.com/jgehrcke/covid-19-germany-gae),10737,74,17866000,524
DE-RP,2020-03-26,ZON/Berliner Morgenpost (via github.com/jgehrcke/covid-19-germany-gae),2063,8,4053000,204
DE-SL,2020-03-26,ZON/Berliner Morgenpost (via github.com/jgehrcke/covid-19-germany-gae),466,3,996000,388
DE-SN,2020-03-26,ZON/Berliner Morgenpost (via github.com/jgehrcke/covid-19-germany-gae),1360,5,4085000,221
DE-ST,2020-03-26,ZON/Berliner Morgenpost (via github.com/jgehrcke/covid-19-germany-gae),493,2,2245000,110
DE-SH,2020-03-26,ZON/Berliner Morgenpost (via github.com/jgehrcke/covid-19-germany-gae),705,3,2859000,181
DE-TH,2020-03-26,ZON/Berliner Morgenpost (via github.com/jgehrcke/covid-19-germany-gae),558,3,2171000,134
DE-BW,2020-03-27,ZON/Berliner Morgenpost (via github.com/jgehrcke/covid-19-germany-gae),10272,104,10880000,304
DE-BY,2020-03-27,ZON/Berliner Morgenpost (via github.com/jgehrcke/covid-19-germany-gae),11220,72,12844000,182
DE-BE,2020-03-27,ZON/Berliner Morgenpost (via github.com/jgehrcke/covid-19-germany-gae),2152,8,3520000,3948
DE-BB,2020-03-27,ZON/Berliner Morgenpost (via github.com/jgehrcke/covid-19-germany-gae),680,3,2485000,84
DE-HB,2020-03-27,ZON/Berliner Morgenpost (via github.com/jgehrcke/covid-19-germany-gae),264,2,671000,1599
DE-HH,2020-03-27,ZON/Berliner Morgenpost (via github.com/jgehrcke/covid-19-germany-gae),1759,2,1787000,2366
DE-HE,2020-03-27,ZON/Berliner Morgenpost (via github.com/jgehrcke/covid-19-germany-gae),2470,10,6176000,293
DE-MV,2020-03-27,ZON/Berliner Morgenpost (via github.com/jgehrcke/covid-19-germany-gae),299,0,1612000,69
DE-NI,2020-03-27,ZON/Berliner Morgenpost (via github.com/jgehrcke/covid-19-germany-gae),3303,19,7927000,167
DE-NW,2020-03-27,ZON/Berliner Morgenpost (via github.com/jgehrcke/covid-19-germany-gae),12002,94,17866000,524
DE-RP,2020-03-27,ZON/Berliner Morgenpost (via github.com/jgehrcke/covid-19-germany-gae),2280,12,4053000,204
DE-SL,2020-03-27,ZON/Berliner Morgenpost (via github.com/jgehrcke/covid-19-germany-gae),614,6,996000,388
DE-SN,2020-03-27,ZON/Berliner Morgenpost (via github.com/jgehrcke/covid-19-germany-gae),1507,9,4085000,221
DE-ST,2020-03-27,ZON/Berliner Morgenpost (via github.com/jgehrcke/covid-19-germany-gae),554,2,2245000,110
DE-SH,2020-03-27,ZON/Berliner Morgenpost (via github.com/jgehrcke/covid-19-germany-gae),862,4,2859000,181
DE-TH,2020-03-27,ZON/Berliner Morgenpost (via github.com/jgehrcke/covid-19-germany-gae),633,4,2171000,134
DE-BW,2020-03-28,ZON/Berliner Morgenpost (via github.com/jgehrcke/covid-19-germany-gae),11510,115,10880000,304
DE-BY,2020-03-28,ZON/Berliner Morgenpost (via github.com/jgehrcke/covid-19-germany-gae),12737,106,12844000,182
DE-BE,2020-03-28,ZON/Berliner Morgenpost (via github.com/jgehrcke/covid-19-germany-gae),2337,9,3520000,3948
DE-BB,2020-03-28,ZON/Berliner Morgenpost (via github.com/jgehrcke/covid-19-germany-gae),766,4,2485000,84
DE-HB,2020-03-28,ZON/Berliner Morgenpost (via github.com/jgehrcke/covid-19-germany-gae),278,2,671000,1599
DE-HH,2020-03-28,ZON/Berliner Morgenpost (via github.com/jgehrcke/covid-19-germany-gae),1935,4,1787000,2366
DE-HE,2020-03-28,ZON/Berliner Morgenpost (via github.com/jgehrcke/covid-19-germany-gae),2844,13,6176000,293
DE-MV,2020-03-28,ZON/Berliner Morgenpost (via github.com/jgehrcke/covid-19-germany-gae),348,1,1612000,69
DE-NI,2020-03-28,ZON/Berliner Morgenpost (via github.com/jgehrcke/covid-19-germany-gae),3630,23,7927000,167
DE-NW,2020-03-28,ZON/Berliner Morgenpost (via github.com/jgehrcke/covid-19-germany-gae),13013,107,17866000,524
DE-RP,2020-03-28,ZON/Berliner Morgenpost (via github.com/jgehrcke/covid-19-germany-gae),2499,13,4053000,204
DE-SL,2020-03-28,ZON/Berliner Morgenpost (via github.com/jgehrcke/covid-19-germany-gae),669,6,996000,388
DE-SN,2020-03-28,ZON/Berliner Morgenpost (via github.com/jgehrcke/covid-19-germany-gae),1719,9,4085000,221
DE-ST,2020-03-28,ZON/Berliner Morgenpost (via github.com/jgehrcke/covid-19-germany-gae),604,2,2245000,110
DE-SH,2020-03-28,ZON/Berliner Morgenpost (via github.com/jgehrcke/covid-19-germany-gae),925,4,2859000,181
DE-TH,2020-03-28,ZON/Berliner Morgenpost (via github.com/jgehrcke/covid-19-germany-gae),703,5,2171000,134
DE-BW,2020-03-29,ZON/Berliner Morgenpost (via github.com/jgehrcke/covid-19-germany-gae),12485,138,10880000,304
DE-BY,2020-03-29,ZON/Berliner Morgenpost (via github.com/jgehrcke/covid-19-germany-gae),14021,125,12844000,182
DE-BE,2020-03-29,ZON/Berliner Morgenpost (via github.com/jgehrcke/covid-19-germany-gae),2462,11,3520000,3948
DE-BB,2020-03-29,ZON/Berliner Morgenpost (via github.com/jgehrcke/covid-19-germany-gae),835,4,2485000,84
DE-HB,2020-03-29,ZON/Berliner Morgenpost (via github.com/jgehrcke/covid-19-germany-gae),290,2,671000,1599
DE-HH,2020-03-29,ZON/Berliner Morgenpost (via github.com/jgehrcke/covid-19-germany-gae),2078,4,1787000,2366
DE-HE,2020-03-29,ZON/Berliner Morgenpost (via github.com/jgehrcke/covid-19-germany-gae),3037,13,6176000,293
DE-MV,2020-03-29,ZON/Berliner Morgenpost (via github.com/jgehrcke/covid-19-germany-gae),361,1,1612000,69
DE-NI,2020-03-29,ZON/Berliner Morgenpost (via github.com/jgehrcke/covid-19-germany-gae),3911,27,7927000,167
DE-NW,2020-03-29,ZON/Berliner Morgenpost (via github.com/jgehrcke/covid-19-germany-gae),13997,116,17866000,524
DE-RP,2020-03-29,ZON/Berliner Morgenpost (via github.com/jgehrcke/covid-19-germany-gae),2712,18,4053000,204
DE-SL,2020-03-29,ZON/Berliner Morgenpost (via github.com/jgehrcke/covid-19-germany-gae),714,9,996000,388
DE-SN,2020-03-29,ZON/Berliner Morgenpost (via github.com/jgehrcke/covid-19-germany-gae),1856,9,4085000,221
DE-ST,2020-03-29,ZON/Berliner Morgenpost (via github.com/jgehrcke/covid-19-germany-gae),645,2,2245000,110
DE-SH,2020-03-29,ZON/Berliner Morgenpost (via github.com/jgehrcke/covid-19-germany-gae),1008,6,2859000,181
DE-TH,2020-03-29,ZON/Berliner Morgenpost (via github.com/jgehrcke/covid-19-germany-gae),752,5,2171000,134
DE-BW,2020-03-30,ZON/Berliner Morgenpost (via github.com/jgehrcke/covid-19-germany-gae),13477,175,10880000,304
DE-BY,2020-03-30,ZON/Berliner Morgenpost (via github.com/jgehrcke/covid-19-germany-gae),15160,158,12844000,182
DE-BE,2020-03-30,ZON/Berliner Morgenpost (via github.com/jgehrcke/covid-19-germany-gae),2581,13,3520000,3948
DE-BB,2020-03-30,ZON/Berliner Morgenpost (via github.com/jgehrcke/covid-19-germany-gae),866,4,2485000,84
DE-HB,2020-03-30,ZON/Berliner Morgenpost (via github.com/jgehrcke/covid-19-germany-gae),298,4,671000,1599
DE-HH,2020-03-30,ZON/Berliner Morgenpost (via github.com/jgehrcke/covid-19-germany-gae),2214,4,1787000,2366
DE-HE,2020-03-30,ZON/Berliner Morgenpost (via github.com/jgehrcke/covid-19-germany-gae),3091,17,6176000,293
DE-MV,2020-03-30,ZON/Berliner Morgenpost (via github.com/jgehrcke/covid-19-germany-gae),368,1,1612000,69
DE-NI,2020-03-30,ZON/Berliner Morgenpost (via github.com/jgehrcke/covid-19-germany-gae),4170,32,7927000,167
DE-NW,2020-03-30,ZON/Berliner Morgenpost (via github.com/jgehrcke/covid-19-germany-gae),14566,131,17866000,524
DE-RP,2020-03-30,ZON/Berliner Morgenpost (via github.com/jgehrcke/covid-19-germany-gae),2851,20,4053000,204
DE-SL,2020-03-30,ZON/Berliner Morgenpost (via github.com/jgehrcke/covid-19-germany-gae),800,9,996000,388
DE-SN,2020-03-30,ZON/Berliner Morgenpost (via github.com/jgehrcke/covid-19-germany-gae),1976,11,4085000,221
DE-ST,2020-03-30,ZON/Berliner Morgenpost (via github.com/jgehrcke/covid-19-germany-gae),689,6,2245000,110
DE-SH,2020-03-30,ZON/Berliner Morgenpost (via github.com/jgehrcke/covid-19-germany-gae),1060,7,2859000,181
DE-TH,2020-03-30,ZON/Berliner Morgenpost (via github.com/jgehrcke/covid-19-germany-gae),783,5,2171000,134
DE-BW,2020-04-01,ZON/Berliner Morgenpost (via github.com/jgehrcke/covid-19-germany-gae),14818,212,10880000,304
DE-BY,2020-04-01,ZON/Berliner Morgenpost (via github.com/jgehrcke/covid-19-germany-gae),16838,209,12844000,182
DE-BE,2020-04-01,ZON/Berliner Morgenpost (via github.com/jgehrcke/covid-19-germany-gae),2777,15,3520000,3948
DE-BB,2020-04-01,ZON/Berliner Morgenpost (via github.com/jgehrcke/covid-19-germany-gae),1000,8,2485000,84
DE-HB,2020-04-01,ZON/Berliner Morgenpost (via github.com/jgehrcke/covid-19-germany-gae),315,5,671000,1599
DE-HH,2020-04-01,ZON/Berliner Morgenpost (via github.com/jgehrcke/covid-19-germany-gae),2290,6,1787000,2366
DE-HE,2020-04-01,ZON/Berliner Morgenpost (via github.com/jgehrcke/covid-19-germany-gae),3423,21,6176000,293
DE-MV,2020-04-01,ZON/Berliner Morgenpost (via github.com/jgehrcke/covid-19-germany-gae),417,3,1612000,69
DE-NI,2020-04-01,ZON/Berliner Morgenpost (via github.com/jgehrcke/covid-19-germany-gae),4659,46,7927000,167
DE-NW,2020-04-01,ZON/Berliner Morgenpost (via github.com/jgehrcke/covid-19-germany-gae),15969,150,17866000,524
DE-RP,2020-04-01,ZON/Berliner Morgenpost (via github.com/jgehrcke/covid-19-germany-gae),3141,25,4053000,204
DE-SL,2020-04-01,ZON/Berliner Morgenpost (via github.com/jgehrcke/covid-19-germany-gae),961,11,996000,388
DE-SN,2020-04-01,ZON/Berliner Morgenpost (via github.com/jgehrcke/covid-19-germany-gae),2163,13,4085000,221
DE-ST,2020-04-01,ZON/Berliner Morgenpost (via github.com/jgehrcke/covid-19-germany-gae),779,7,2245000,110
DE-SH,2020-04-01,ZON/Berliner Morgenpost (via github.com/jgehrcke/covid-19-germany-gae),1175,9,2859000,181
DE-TH,2020-04-01,ZON/Berliner Morgenpost (via github.com/jgehrcke/covid-19-germany-gae),846,6,2171000,134
DE-BW,2020-04-02,ZON/Berliner Morgenpost (via github.com/jgehrcke/covid-19-germany-gae),16653,287,10880000,304
DE-BY,2020-04-02,ZON/Berliner Morgenpost (via github.com/jgehrcke/covid-19-germany-gae),19663,293,12844000,182
DE-BE,2020-04-02,ZON/Berliner Morgenpost (via github.com/jgehrcke/covid-19-germany-gae),3223,20,3520000,3948
DE-BB,2020-04-02,ZON/Berliner Morgenpost (via github.com/jgehrcke/covid-19-germany-gae),1116,11,2485000,84
DE-HB,2020-04-02,ZON/Berliner Morgenpost (via github.com/jgehrcke/covid-19-germany-gae),332,6,671000,1599
DE-HH,2020-04-02,ZON/Berliner Morgenpost (via github.com/jgehrcke/covid-19-germany-gae),2557,14,1787000,2366
DE-HE,2020-04-02,ZON/Berliner Morgenpost (via github.com/jgehrcke/covid-19-germany-gae),3969,34,6176000,293
DE-MV,2020-04-02,ZON/Berliner Morgenpost (via github.com/jgehrcke/covid-19-germany-gae),446,4,1612000,69
DE-NI,2020-04-02,ZON/Berliner Morgenpost (via github.com/jgehrcke/covid-19-germany-gae),5236,69,7927000,167
DE-NW,2020-04-02,ZON/Berliner Morgenpost (via github.com/jgehrcke/covid-19-germany-gae),17894,202,17866000,524
DE-RP,2020-04-02,ZON/Berliner Morgenpost (via github.com/jgehrcke/covid-19-germany-gae),3439,31,4053000,204
DE-SL,2020-04-02,ZON/Berliner Morgenpost (via github.com/jgehrcke/covid-19-germany-gae),1163,13,996000,388
DE-SN,2020-04-02,ZON/Berliner Morgenpost (via github.com/jgehrcke/covid-19-germany-gae),2370,19,4085000,221
DE-ST,2020-04-02,ZON/Berliner Morgenpost (via github.com/jgehrcke/covid-19-germany-gae),831,9,2245000,110
DE-SH,2020-04-02,ZON/Berliner Morgenpost (via github.com/jgehrcke/covid-19-germany-gae),1368,13,2859000,181
DE-TH,2020-04-02,ZON/Berliner Morgenpost (via github.com/jgehrcke/covid-19-germany-gae),961,8,2171000,134
DE-BW,2020-04-03,ZON/Berliner Morgenpost (via github.com/jgehrcke/covid-19-germany-gae),18718,335,10880000,304
DE-BY,2020-04-03,ZON/Berliner Morgenpost (via github.com/jgehrcke/covid-19-germany-gae),22164,341,12844000,182
DE-BE,2020-04-03,ZON/Berliner Morgenpost (via github.com/jgehrcke/covid-19-germany-gae),3486,22,3520000,3948
DE-BB,2020-04-03,ZON/Berliner Morgenpost (via github.com/jgehrcke/covid-19-germany-gae),1313,14,2485000,84
DE-HB,2020-04-03,ZON/Berliner Morgenpost (via github.com/jgehrcke/covid-19-germany-gae),354,6,671000,1599
DE-HH,2020-04-03,ZON/Berliner Morgenpost (via github.com/jgehrcke/covid-19-germany-gae),2739,16,1787000,2366
DE-HE,2020-04-03,ZON/Berliner Morgenpost (via github.com/jgehrcke/covid-19-germany-gae),4265,43,6176000,293
DE-MV,2020-04-03,ZON/Berliner Morgenpost (via github.com/jgehrcke/covid-19-germany-gae),506,5,1612000,69
DE-NI,2020-04-03,ZON/Berliner Morgenpost (via github.com/jgehrcke/covid-19-germany-gae),5776,82,7927000,167
DE-NW,2020-04-03,ZON/Berliner Morgenpost (via github.com/jgehrcke/covid-19-germany-gae),19686,232,17866000,524
DE-RP,2020-04-03,ZON/Berliner Morgenpost (via github.com/jgehrcke/covid-19-germany-gae),3685,33,4053000,204
DE-SL,2020-04-03,ZON/Berliner Morgenpost (via github.com/jgehrcke/covid-19-germany-gae),1303,18,996000,388
DE-SN,2020-04-03,ZON/Berliner Morgenpost (via github.com/jgehrcke/covid-19-germany-gae),2704,22,4085000,221
DE-ST,2020-04-03,ZON/Berliner Morgenpost (via github.com/jgehrcke/covid-19-germany-gae),916,11,2245000,110
DE-SH,2020-04-03,ZON/Berliner Morgenpost (via github.com/jgehrcke/covid-19-germany-gae),1484,17,2859000,181
DE-TH,2020-04-03,ZON/Berliner Morgenpost (via github.com/jgehrcke/covid-19-germany-gae),1067,9,2171000,134
