state_name_en,population_number,reportDate,cases,recovered,deaths,countryCode,stateCode
Cherkasy Oblast,1206351,2020-06-08,469,346,18,UA,UA-CHERKASY-OBLAST
Cherkasy Oblast,1206351,2020-06-09,490,346,18,UA,UA-CHERKASY-OBLAST
Cherkasy Oblast,1206351,2020-06-10,501,346,19,UA,UA-CHERKASY-OBLAST
Cherkasy Oblast,1206351,2020-06-11,506,348,19,UA,UA-CHERKASY-OBLAST
Cherkasy Oblast,1206351,2020-06-12,517,352,19,UA,UA-CHERKASY-OBLAST
Cherkasy Oblast,1206351,2020-06-13,536,356,19,UA,UA-CHERKASY-OBLAST
Cherkasy Oblast,1206351,2020-06-14,543,356,19,UA,UA-CHERKASY-OBLAST
Cherkasy Oblast,1206351,2020-06-15,552,356,19,UA,UA-CHERKASY-OBLAST
Cherkasy Oblast,1206351,2020-06-16,562,357,20,UA,UA-CHERKASY-OBLAST
Cherkasy Oblast,1206351,2020-06-17,564,369,21,UA,UA-CHERKASY-OBLAST
Cherkasy Oblast,1206351,2020-06-18,568,374,21,UA,UA-CHERKASY-OBLAST
Cherkasy Oblast,1206351,2020-06-19,585,388,21,UA,UA-CHERKASY-OBLAST
Cherkasy Oblast,1206351,2020-06-20,592,392,21,UA,UA-CHERKASY-OBLAST
Cherkasy Oblast,1206351,2020-06-21,603,393,21,UA,UA-CHERKASY-OBLAST
Cherkasy Oblast,1206351,2020-06-22,603,393,21,UA,UA-CHERKASY-OBLAST
Cherkasy Oblast,1206351,2020-06-23,605,408,21,UA,UA-CHERKASY-OBLAST
Cherkasy Oblast,1206351,2020-06-24,614,426,22,UA,UA-CHERKASY-OBLAST
Cherkasy Oblast,1206351,2020-06-25,616,431,22,UA,UA-CHERKASY-OBLAST
Cherkasy Oblast,1206351,2020-06-26,627,439,23,UA,UA-CHERKASY-OBLAST
Cherkasy Oblast,1206351,2020-06-27,635,451,24,UA,UA-CHERKASY-OBLAST
Cherkasy Oblast,1206351,2020-06-28,642,454,24,UA,UA-CHERKASY-OBLAST
Cherkasy Oblast,1206351,2020-06-29,642,454,24,UA,UA-CHERKASY-OBLAST
Cherkasy Oblast,1206351,2020-06-30,642,458,24,UA,UA-CHERKASY-OBLAST
Cherkasy Oblast,1206351,2020-07-01,645,474,25,UA,UA-CHERKASY-OBLAST
Cherkasy Oblast,1206351,2020-07-02,645,477,26,UA,UA-CHERKASY-OBLAST
Cherkasy Oblast,1206351,2020-07-03,653,505,26,UA,UA-CHERKASY-OBLAST
Cherkasy Oblast,1206351,2020-07-04,657,517,26,UA,UA-CHERKASY-OBLAST
Cherkasy Oblast,1206351,2020-07-05,661,517,26,UA,UA-CHERKASY-OBLAST
Cherkasy Oblast,1206351,2020-07-06,670,517,26,UA,UA-CHERKASY-OBLAST
Cherkasy Oblast,1206351,2020-07-07,678,519,26,UA,UA-CHERKASY-OBLAST
Chernihiv Oblast,1005745,2020-06-08,299,81,8,UA,UA-CHERNIHIV-OBLAST
Chernihiv Oblast,1005745,2020-06-09,304,81,8,UA,UA-CHERNIHIV-OBLAST
Chernihiv Oblast,1005745,2020-06-10,320,81,8,UA,UA-CHERNIHIV-OBLAST
Chernihiv Oblast,1005745,2020-06-11,341,81,8,UA,UA-CHERNIHIV-OBLAST
Chernihiv Oblast,1005745,2020-06-12,366,81,8,UA,UA-CHERNIHIV-OBLAST
Chernihiv Oblast,1005745,2020-06-13,385,81,9,UA,UA-CHERNIHIV-OBLAST
Chernihiv Oblast,1005745,2020-06-14,410,81,9,UA,UA-CHERNIHIV-OBLAST
Chernihiv Oblast,1005745,2020-06-15,424,81,10,UA,UA-CHERNIHIV-OBLAST
Chernihiv Oblast,1005745,2020-06-16,427,81,10,UA,UA-CHERNIHIV-OBLAST
Chernihiv Oblast,1005745,2020-06-17,440,107,10,UA,UA-CHERNIHIV-OBLAST
Chernihiv Oblast,1005745,2020-06-18,448,112,10,UA,UA-CHERNIHIV-OBLAST
Chernihiv Oblast,1005745,2020-06-19,459,112,10,UA,UA-CHERNIHIV-OBLAST
Chernihiv Oblast,1005745,2020-06-20,467,112,10,UA,UA-CHERNIHIV-OBLAST
Chernihiv Oblast,1005745,2020-06-21,475,112,10,UA,UA-CHERNIHIV-OBLAST
Chernihiv Oblast,1005745,2020-06-22,480,131,10,UA,UA-CHERNIHIV-OBLAST
Chernihiv Oblast,1005745,2020-06-23,485,144,10,UA,UA-CHERNIHIV-OBLAST
Chernihiv Oblast,1005745,2020-06-24,494,145,10,UA,UA-CHERNIHIV-OBLAST
Chernihiv Oblast,1005745,2020-06-25,506,145,10,UA,UA-CHERNIHIV-OBLAST
Chernihiv Oblast,1005745,2020-06-26,514,145,10,UA,UA-CHERNIHIV-OBLAST
Chernihiv Oblast,1005745,2020-06-27,519,145,10,UA,UA-CHERNIHIV-OBLAST
Chernihiv Oblast,1005745,2020-06-28,526,145,10,UA,UA-CHERNIHIV-OBLAST
Chernihiv Oblast,1005745,2020-06-29,535,145,10,UA,UA-CHERNIHIV-OBLAST
Chernihiv Oblast,1005745,2020-06-30,536,145,10,UA,UA-CHERNIHIV-OBLAST
Chernihiv Oblast,1005745,2020-07-01,538,145,10,UA,UA-CHERNIHIV-OBLAST
Chernihiv Oblast,1005745,2020-07-02,547,145,11,UA,UA-CHERNIHIV-OBLAST
Chernihiv Oblast,1005745,2020-07-03,554,145,11,UA,UA-CHERNIHIV-OBLAST
Chernihiv Oblast,1005745,2020-07-04,560,145,11,UA,UA-CHERNIHIV-OBLAST
Chernihiv Oblast,1005745,2020-07-05,572,145,12,UA,UA-CHERNIHIV-OBLAST
Chernihiv Oblast,1005745,2020-07-06,576,145,12,UA,UA-CHERNIHIV-OBLAST
Chernihiv Oblast,1005745,2020-07-07,576,145,13,UA,UA-CHERNIHIV-OBLAST
Chernivtsi Oblast,904374,2020-06-08,3698,1133,152,UA,UA-CHERNIVTSI-OBLAST
Chernivtsi Oblast,904374,2020-06-09,3729,1150,152,UA,UA-CHERNIVTSI-OBLAST
Chernivtsi Oblast,904374,2020-06-10,3757,1171,157,UA,UA-CHERNIVTSI-OBLAST
Chernivtsi Oblast,904374,2020-06-11,3793,1176,159,UA,UA-CHERNIVTSI-OBLAST
Chernivtsi Oblast,904374,2020-06-12,3831,1200,163,UA,UA-CHERNIVTSI-OBLAST
Chernivtsi Oblast,904374,2020-06-13,3869,1215,164,UA,UA-CHERNIVTSI-OBLAST
Chernivtsi Oblast,904374,2020-06-14,3916,1225,164,UA,UA-CHERNIVTSI-OBLAST
Chernivtsi Oblast,904374,2020-06-15,3959,1243,165,UA,UA-CHERNIVTSI-OBLAST
Chernivtsi Oblast,904374,2020-06-16,4013,1265,165,UA,UA-CHERNIVTSI-OBLAST
Chernivtsi Oblast,904374,2020-06-17,4082,1328,166,UA,UA-CHERNIVTSI-OBLAST
Chernivtsi Oblast,904374,2020-06-18,4135,1415,170,UA,UA-CHERNIVTSI-OBLAST
Chernivtsi Oblast,904374,2020-06-19,4211,1470,171,UA,UA-CHERNIVTSI-OBLAST
Chernivtsi Oblast,904374,2020-06-20,4268,1534,171,UA,UA-CHERNIVTSI-OBLAST
Chernivtsi Oblast,904374,2020-06-21,4324,1563,171,UA,UA-CHERNIVTSI-OBLAST
Chernivtsi Oblast,904374,2020-06-22,4357,1574,171,UA,UA-CHERNIVTSI-OBLAST
Chernivtsi Oblast,904374,2020-06-23,4419,1642,176,UA,UA-CHERNIVTSI-OBLAST
Chernivtsi Oblast,904374,2020-06-24,4478,1715,176,UA,UA-CHERNIVTSI-OBLAST
Chernivtsi Oblast,904374,2020-06-25,4531,1763,177,UA,UA-CHERNIVTSI-OBLAST
Chernivtsi Oblast,904374,2020-06-26,4582,1800,178,UA,UA-CHERNIVTSI-OBLAST
Chernivtsi Oblast,904374,2020-06-27,4631,1853,180,UA,UA-CHERNIVTSI-OBLAST
Chernivtsi Oblast,904374,2020-06-28,4686,1876,180,UA,UA-CHERNIVTSI-OBLAST
Chernivtsi Oblast,904374,2020-06-29,4745,1889,182,UA,UA-CHERNIVTSI-OBLAST
Chernivtsi Oblast,904374,2020-06-30,4801,1900,183,UA,UA-CHERNIVTSI-OBLAST
Chernivtsi Oblast,904374,2020-07-01,4850,1916,183,UA,UA-CHERNIVTSI-OBLAST
Chernivtsi Oblast,904374,2020-07-02,4894,1970,183,UA,UA-CHERNIVTSI-OBLAST
Chernivtsi Oblast,904374,2020-07-03,4935,2048,183,UA,UA-CHERNIVTSI-OBLAST
Chernivtsi Oblast,904374,2020-07-04,4972,2120,185,UA,UA-CHERNIVTSI-OBLAST
Chernivtsi Oblast,904374,2020-07-05,5002,2159,187,UA,UA-CHERNIVTSI-OBLAST
Chernivtsi Oblast,904374,2020-07-06,5018,2218,188,UA,UA-CHERNIVTSI-OBLAST
Chernivtsi Oblast,904374,2020-07-07,5032,2299,190,UA,UA-CHERNIVTSI-OBLAST
Crimea Republic,1913731,2020-06-08,438,317,5,UA,UA-CRIMEA-REPUBLIC
Crimea Republic,1913731,2020-06-09,446,330,5,UA,UA-CRIMEA-REPUBLIC
Crimea Republic,1913731,2020-06-10,457,338,5,UA,UA-CRIMEA-REPUBLIC
Crimea Republic,1913731,2020-06-11,458,350,7,UA,UA-CRIMEA-REPUBLIC
Crimea Republic,1913731,2020-06-12,483,357,7,UA,UA-CRIMEA-REPUBLIC
Crimea Republic,1913731,2020-06-13,490,361,7,UA,UA-CRIMEA-REPUBLIC
Crimea Republic,1913731,2020-06-14,512,362,7,UA,UA-CRIMEA-REPUBLIC
Crimea Republic,1913731,2020-06-15,539,363,7,UA,UA-CRIMEA-REPUBLIC
Crimea Republic,1913731,2020-06-16,546,367,7,UA,UA-CRIMEA-REPUBLIC
Crimea Republic,1913731,2020-06-17,561,381,7,UA,UA-CRIMEA-REPUBLIC
Crimea Republic,1913731,2020-06-18,575,391,7,UA,UA-CRIMEA-REPUBLIC
Crimea Republic,1913731,2020-06-19,575,392,7,UA,UA-CRIMEA-REPUBLIC
Crimea Republic,1913731,2020-06-20,590,403,7,UA,UA-CRIMEA-REPUBLIC
Crimea Republic,1913731,2020-06-21,595,403,7,UA,UA-CRIMEA-REPUBLIC
Crimea Republic,1913731,2020-06-22,608,403,7,UA,UA-CRIMEA-REPUBLIC
Crimea Republic,1913731,2020-06-23,613,416,7,UA,UA-CRIMEA-REPUBLIC
Crimea Republic,1913731,2020-06-24,623,432,7,UA,UA-CRIMEA-REPUBLIC
Crimea Republic,1913731,2020-06-25,631,437,8,UA,UA-CRIMEA-REPUBLIC
Crimea Republic,1913731,2020-06-26,638,457,8,UA,UA-CRIMEA-REPUBLIC
Crimea Republic,1913731,2020-06-27,644,476,8,UA,UA-CRIMEA-REPUBLIC
Crimea Republic,1913731,2020-06-28,646,477,9,UA,UA-CRIMEA-REPUBLIC
Crimea Republic,1913731,2020-06-29,681,478,10,UA,UA-CRIMEA-REPUBLIC
Crimea Republic,1913731,2020-06-30,685,500,10,UA,UA-CRIMEA-REPUBLIC
Crimea Republic,1913731,2020-07-01,691,517,11,UA,UA-CRIMEA-REPUBLIC
Crimea Republic,1913731,2020-07-02,698,517,11,UA,UA-CRIMEA-REPUBLIC
Crimea Republic,1913731,2020-07-03,706,553,11,UA,UA-CRIMEA-REPUBLIC
Crimea Republic,1913731,2020-07-04,712,565,11,UA,UA-CRIMEA-REPUBLIC
Crimea Republic,1913731,2020-07-05,723,568,11,UA,UA-CRIMEA-REPUBLIC
Crimea Republic,1913731,2020-07-06,761,568,11,UA,UA-CRIMEA-REPUBLIC
Crimea Republic,1913731,2020-07-07,761,581,11,UA,UA-CRIMEA-REPUBLIC
Dnipropetrovsk Oblast,3206477,2020-06-08,971,552,22,UA,UA-DNIPROPETROVSK-OBLAST
Dnipropetrovsk Oblast,3206477,2020-06-09,971,629,22,UA,UA-DNIPROPETROVSK-OBLAST
Dnipropetrovsk Oblast,3206477,2020-06-10,973,673,22,UA,UA-DNIPROPETROVSK-OBLAST
Dnipropetrovsk Oblast,3206477,2020-06-11,981,695,22,UA,UA-DNIPROPETROVSK-OBLAST
Dnipropetrovsk Oblast,3206477,2020-06-12,983,702,22,UA,UA-DNIPROPETROVSK-OBLAST
Dnipropetrovsk Oblast,3206477,2020-06-13,990,721,22,UA,UA-DNIPROPETROVSK-OBLAST
Dnipropetrovsk Oblast,3206477,2020-06-14,998,721,22,UA,UA-DNIPROPETROVSK-OBLAST
Dnipropetrovsk Oblast,3206477,2020-06-15,998,721,22,UA,UA-DNIPROPETROVSK-OBLAST
Dnipropetrovsk Oblast,3206477,2020-06-16,1004,724,22,UA,UA-DNIPROPETROVSK-OBLAST
Dnipropetrovsk Oblast,3206477,2020-06-17,1012,726,23,UA,UA-DNIPROPETROVSK-OBLAST
Dnipropetrovsk Oblast,3206477,2020-06-18,1021,739,23,UA,UA-DNIPROPETROVSK-OBLAST
Dnipropetrovsk Oblast,3206477,2020-06-19,1021,758,23,UA,UA-DNIPROPETROVSK-OBLAST
Dnipropetrovsk Oblast,3206477,2020-06-20,1036,776,23,UA,UA-DNIPROPETROVSK-OBLAST
Dnipropetrovsk Oblast,3206477,2020-06-21,1042,776,23,UA,UA-DNIPROPETROVSK-OBLAST
Dnipropetrovsk Oblast,3206477,2020-06-22,1042,776,23,UA,UA-DNIPROPETROVSK-OBLAST
Dnipropetrovsk Oblast,3206477,2020-06-23,1049,780,23,UA,UA-DNIPROPETROVSK-OBLAST
Dnipropetrovsk Oblast,3206477,2020-06-24,1060,852,23,UA,UA-DNIPROPETROVSK-OBLAST
Dnipropetrovsk Oblast,3206477,2020-06-25,1069,893,23,UA,UA-DNIPROPETROVSK-OBLAST
Dnipropetrovsk Oblast,3206477,2020-06-26,1081,903,23,UA,UA-DNIPROPETROVSK-OBLAST
Dnipropetrovsk Oblast,3206477,2020-06-27,1087,913,23,UA,UA-DNIPROPETROVSK-OBLAST
Dnipropetrovsk Oblast,3206477,2020-06-28,1087,913,23,UA,UA-DNIPROPETROVSK-OBLAST
Dnipropetrovsk Oblast,3206477,2020-06-29,1087,913,23,UA,UA-DNIPROPETROVSK-OBLAST
Dnipropetrovsk Oblast,3206477,2020-06-30,1087,913,23,UA,UA-DNIPROPETROVSK-OBLAST
Dnipropetrovsk Oblast,3206477,2020-07-01,1090,926,23,UA,UA-DNIPROPETROVSK-OBLAST
Dnipropetrovsk Oblast,3206477,2020-07-02,1095,935,23,UA,UA-DNIPROPETROVSK-OBLAST
Dnipropetrovsk Oblast,3206477,2020-07-03,1103,935,23,UA,UA-DNIPROPETROVSK-OBLAST
Dnipropetrovsk Oblast,3206477,2020-07-04,1110,959,23,UA,UA-DNIPROPETROVSK-OBLAST
Dnipropetrovsk Oblast,3206477,2020-07-05,1115,975,23,UA,UA-DNIPROPETROVSK-OBLAST
Dnipropetrovsk Oblast,3206477,2020-07-06,1115,977,23,UA,UA-DNIPROPETROVSK-OBLAST
Dnipropetrovsk Oblast,3206477,2020-07-07,1116,981,23,UA,UA-DNIPROPETROVSK-OBLAST
Donetsk Oblast,4165901,2020-06-08,231,121,6,UA,UA-DONETSK-OBLAST
Donetsk Oblast,4165901,2020-06-09,235,121,6,UA,UA-DONETSK-OBLAST
Donetsk Oblast,4165901,2020-06-10,246,121,6,UA,UA-DONETSK-OBLAST
Donetsk Oblast,4165901,2020-06-11,269,122,6,UA,UA-DONETSK-OBLAST
Donetsk Oblast,4165901,2020-06-12,279,122,6,UA,UA-DONETSK-OBLAST
Donetsk Oblast,4165901,2020-06-13,290,128,6,UA,UA-DONETSK-OBLAST
Donetsk Oblast,4165901,2020-06-14,292,128,6,UA,UA-DONETSK-OBLAST
Donetsk Oblast,4165901,2020-06-15,334,128,6,UA,UA-DONETSK-OBLAST
Donetsk Oblast,4165901,2020-06-16,338,128,6,UA,UA-DONETSK-OBLAST
Donetsk Oblast,4165901,2020-06-17,338,130,8,UA,UA-DONETSK-OBLAST
Donetsk Oblast,4165901,2020-06-18,349,140,8,UA,UA-DONETSK-OBLAST
Donetsk Oblast,4165901,2020-06-19,350,142,8,UA,UA-DONETSK-OBLAST
Donetsk Oblast,4165901,2020-06-20,355,145,8,UA,UA-DONETSK-OBLAST
Donetsk Oblast,4165901,2020-06-21,362,145,8,UA,UA-DONETSK-OBLAST
Donetsk Oblast,4165901,2020-06-22,362,145,8,UA,UA-DONETSK-OBLAST
Donetsk Oblast,4165901,2020-06-23,368,145,8,UA,UA-DONETSK-OBLAST
Donetsk Oblast,4165901,2020-06-24,376,145,8,UA,UA-DONETSK-OBLAST
Donetsk Oblast,4165901,2020-06-25,399,150,8,UA,UA-DONETSK-OBLAST
Donetsk Oblast,4165901,2020-06-26,412,159,9,UA,UA-DONETSK-OBLAST
Donetsk Oblast,4165901,2020-06-27,415,163,9,UA,UA-DONETSK-OBLAST
Donetsk Oblast,4165901,2020-06-28,479,163,9,UA,UA-DONETSK-OBLAST
Donetsk Oblast,4165901,2020-06-29,481,163,9,UA,UA-DONETSK-OBLAST
Donetsk Oblast,4165901,2020-06-30,481,163,9,UA,UA-DONETSK-OBLAST
Donetsk Oblast,4165901,2020-07-01,484,166,9,UA,UA-DONETSK-OBLAST
Donetsk Oblast,4165901,2020-07-02,562,167,9,UA,UA-DONETSK-OBLAST
Donetsk Oblast,4165901,2020-07-03,599,170,9,UA,UA-DONETSK-OBLAST
Donetsk Oblast,4165901,2020-07-04,599,173,10,UA,UA-DONETSK-OBLAST
Donetsk Oblast,4165901,2020-07-05,680,173,10,UA,UA-DONETSK-OBLAST
Donetsk Oblast,4165901,2020-07-06,681,173,10,UA,UA-DONETSK-OBLAST
Donetsk Oblast,4165901,2020-07-07,686,173,10,UA,UA-DONETSK-OBLAST
Ivano-Frankivsk Oblast,1373252,2020-06-08,1582,947,88,UA,UA-IVANO-FRANKIVSK-OBLAST
Ivano-Frankivsk Oblast,1373252,2020-06-09,1602,992,88,UA,UA-IVANO-FRANKIVSK-OBLAST
Ivano-Frankivsk Oblast,1373252,2020-06-10,1622,992,89,UA,UA-IVANO-FRANKIVSK-OBLAST
Ivano-Frankivsk Oblast,1373252,2020-06-11,1649,992,90,UA,UA-IVANO-FRANKIVSK-OBLAST
Ivano-Frankivsk Oblast,1373252,2020-06-12,1669,1001,90,UA,UA-IVANO-FRANKIVSK-OBLAST
Ivano-Frankivsk Oblast,1373252,2020-06-13,1695,1001,90,UA,UA-IVANO-FRANKIVSK-OBLAST
Ivano-Frankivsk Oblast,1373252,2020-06-14,1728,1013,90,UA,UA-IVANO-FRANKIVSK-OBLAST
Ivano-Frankivsk Oblast,1373252,2020-06-15,1766,1030,91,UA,UA-IVANO-FRANKIVSK-OBLAST
Ivano-Frankivsk Oblast,1373252,2020-06-16,1809,1037,91,UA,UA-IVANO-FRANKIVSK-OBLAST
Ivano-Frankivsk Oblast,1373252,2020-06-17,1849,1044,92,UA,UA-IVANO-FRANKIVSK-OBLAST
Ivano-Frankivsk Oblast,1373252,2020-06-18,1893,1059,92,UA,UA-IVANO-FRANKIVSK-OBLAST
Ivano-Frankivsk Oblast,1373252,2020-06-19,1940,1064,94,UA,UA-IVANO-FRANKIVSK-OBLAST
Ivano-Frankivsk Oblast,1373252,2020-06-20,1981,1071,95,UA,UA-IVANO-FRANKIVSK-OBLAST
Ivano-Frankivsk Oblast,1373252,2020-06-21,2015,1071,96,UA,UA-IVANO-FRANKIVSK-OBLAST
Ivano-Frankivsk Oblast,1373252,2020-06-22,2056,1071,97,UA,UA-IVANO-FRANKIVSK-OBLAST
Ivano-Frankivsk Oblast,1373252,2020-06-23,2091,1071,97,UA,UA-IVANO-FRANKIVSK-OBLAST
Ivano-Frankivsk Oblast,1373252,2020-06-24,2124,1083,97,UA,UA-IVANO-FRANKIVSK-OBLAST
Ivano-Frankivsk Oblast,1373252,2020-06-25,2171,1083,98,UA,UA-IVANO-FRANKIVSK-OBLAST
Ivano-Frankivsk Oblast,1373252,2020-06-26,2217,1091,99,UA,UA-IVANO-FRANKIVSK-OBLAST
Ivano-Frankivsk Oblast,1373252,2020-06-27,2253,1096,100,UA,UA-IVANO-FRANKIVSK-OBLAST
Ivano-Frankivsk Oblast,1373252,2020-06-28,2300,1096,101,UA,UA-IVANO-FRANKIVSK-OBLAST
Ivano-Frankivsk Oblast,1373252,2020-06-29,2350,1096,101,UA,UA-IVANO-FRANKIVSK-OBLAST
Ivano-Frankivsk Oblast,1373252,2020-06-30,2395,1098,101,UA,UA-IVANO-FRANKIVSK-OBLAST
Ivano-Frankivsk Oblast,1373252,2020-07-01,2438,1098,101,UA,UA-IVANO-FRANKIVSK-OBLAST
Ivano-Frankivsk Oblast,1373252,2020-07-02,2489,1108,102,UA,UA-IVANO-FRANKIVSK-OBLAST
Ivano-Frankivsk Oblast,1373252,2020-07-03,2544,1108,103,UA,UA-IVANO-FRANKIVSK-OBLAST
Ivano-Frankivsk Oblast,1373252,2020-07-04,2598,1129,103,UA,UA-IVANO-FRANKIVSK-OBLAST
Ivano-Frankivsk Oblast,1373252,2020-07-05,2655,1144,103,UA,UA-IVANO-FRANKIVSK-OBLAST
Ivano-Frankivsk Oblast,1373252,2020-07-06,2700,1173,103,UA,UA-IVANO-FRANKIVSK-OBLAST
Ivano-Frankivsk Oblast,1373252,2020-07-07,2744,1185,104,UA,UA-IVANO-FRANKIVSK-OBLAST
Kharkiv Oblast,2675598,2020-06-08,1287,573,52,UA,UA-KHARKIV-OBLAST
Kharkiv Oblast,2675598,2020-06-09,1305,597,54,UA,UA-KHARKIV-OBLAST
Kharkiv Oblast,2675598,2020-06-10,1338,626,54,UA,UA-KHARKIV-OBLAST
Kharkiv Oblast,2675598,2020-06-11,1374,657,55,UA,UA-KHARKIV-OBLAST
Kharkiv Oblast,2675598,2020-06-12,1426,692,57,UA,UA-KHARKIV-OBLAST
Kharkiv Oblast,2675598,2020-06-13,1482,698,57,UA,UA-KHARKIV-OBLAST
Kharkiv Oblast,2675598,2020-06-14,1521,715,58,UA,UA-KHARKIV-OBLAST
Kharkiv Oblast,2675598,2020-06-15,1542,741,59,UA,UA-KHARKIV-OBLAST
Kharkiv Oblast,2675598,2020-06-16,1595,752,62,UA,UA-KHARKIV-OBLAST
Kharkiv Oblast,2675598,2020-06-17,1652,774,62,UA,UA-KHARKIV-OBLAST
Kharkiv Oblast,2675598,2020-06-18,1707,786,66,UA,UA-KHARKIV-OBLAST
Kharkiv Oblast,2675598,2020-06-19,1744,812,66,UA,UA-KHARKIV-OBLAST
Kharkiv Oblast,2675598,2020-06-20,1779,837,68,UA,UA-KHARKIV-OBLAST
Kharkiv Oblast,2675598,2020-06-21,1805,854,69,UA,UA-KHARKIV-OBLAST
Kharkiv Oblast,2675598,2020-06-22,1811,872,69,UA,UA-KHARKIV-OBLAST
Kharkiv Oblast,2675598,2020-06-23,1844,889,69,UA,UA-KHARKIV-OBLAST
Kharkiv Oblast,2675598,2020-06-24,1891,932,71,UA,UA-KHARKIV-OBLAST
Kharkiv Oblast,2675598,2020-06-25,1947,977,71,UA,UA-KHARKIV-OBLAST
Kharkiv Oblast,2675598,2020-06-26,1993,1021,74,UA,UA-KHARKIV-OBLAST
Kharkiv Oblast,2675598,2020-06-27,2046,1030,75,UA,UA-KHARKIV-OBLAST
Kharkiv Oblast,2675598,2020-06-28,2082,1065,78,UA,UA-KHARKIV-OBLAST
Kharkiv Oblast,2675598,2020-06-29,2098,1070,80,UA,UA-KHARKIV-OBLAST
Kharkiv Oblast,2675598,2020-06-30,2134,1086,80,UA,UA-KHARKIV-OBLAST
Kharkiv Oblast,2675598,2020-07-01,2169,1104,83,UA,UA-KHARKIV-OBLAST
Kharkiv Oblast,2675598,2020-07-02,2207,1137,84,UA,UA-KHARKIV-OBLAST
Kharkiv Oblast,2675598,2020-07-03,2255,1167,87,UA,UA-KHARKIV-OBLAST
Kharkiv Oblast,2675598,2020-07-04,2311,1188,90,UA,UA-KHARKIV-OBLAST
Kharkiv Oblast,2675598,2020-07-05,2348,1198,93,UA,UA-KHARKIV-OBLAST
Kharkiv Oblast,2675598,2020-07-06,2371,1224,93,UA,UA-KHARKIV-OBLAST
Kharkiv Oblast,2675598,2020-07-07,2416,1237,94,UA,UA-KHARKIV-OBLAST
Kherson Oblast,1037640,2020-06-08,179,172,3,UA,UA-KHERSON-OBLAST
Kherson Oblast,1037640,2020-06-09,179,172,3,UA,UA-KHERSON-OBLAST
Kherson Oblast,1037640,2020-06-10,179,172,3,UA,UA-KHERSON-OBLAST
Kherson Oblast,1037640,2020-06-11,179,173,3,UA,UA-KHERSON-OBLAST
Kherson Oblast,1037640,2020-06-12,179,174,3,UA,UA-KHERSON-OBLAST
Kherson Oblast,1037640,2020-06-13,179,174,3,UA,UA-KHERSON-OBLAST
Kherson Oblast,1037640,2020-06-14,180,174,3,UA,UA-KHERSON-OBLAST
Kherson Oblast,1037640,2020-06-15,183,174,3,UA,UA-KHERSON-OBLAST
Kherson Oblast,1037640,2020-06-16,183,174,3,UA,UA-KHERSON-OBLAST
Kherson Oblast,1037640,2020-06-17,183,174,3,UA,UA-KHERSON-OBLAST
Kherson Oblast,1037640,2020-06-18,184,174,3,UA,UA-KHERSON-OBLAST
Kherson Oblast,1037640,2020-06-19,185,174,3,UA,UA-KHERSON-OBLAST
Kherson Oblast,1037640,2020-06-20,185,174,3,UA,UA-KHERSON-OBLAST
Kherson Oblast,1037640,2020-06-21,186,175,3,UA,UA-KHERSON-OBLAST
Kherson Oblast,1037640,2020-06-22,188,175,3,UA,UA-KHERSON-OBLAST
Kherson Oblast,1037640,2020-06-23,188,175,3,UA,UA-KHERSON-OBLAST
Kherson Oblast,1037640,2020-06-24,188,175,3,UA,UA-KHERSON-OBLAST
Kherson Oblast,1037640,2020-06-25,188,175,3,UA,UA-KHERSON-OBLAST
Kherson Oblast,1037640,2020-06-26,190,175,3,UA,UA-KHERSON-OBLAST
Kherson Oblast,1037640,2020-06-27,191,176,3,UA,UA-KHERSON-OBLAST
Kherson Oblast,1037640,2020-06-28,191,176,3,UA,UA-KHERSON-OBLAST
Kherson Oblast,1037640,2020-06-29,191,176,3,UA,UA-KHERSON-OBLAST
Kherson Oblast,1037640,2020-06-30,191,176,3,UA,UA-KHERSON-OBLAST
Kherson Oblast,1037640,2020-07-01,193,176,3,UA,UA-KHERSON-OBLAST
Kherson Oblast,1037640,2020-07-02,194,179,3,UA,UA-KHERSON-OBLAST
Kherson Oblast,1037640,2020-07-03,195,179,3,UA,UA-KHERSON-OBLAST
Kherson Oblast,1037640,2020-07-04,196,181,3,UA,UA-KHERSON-OBLAST
Kherson Oblast,1037640,2020-07-05,196,182,3,UA,UA-KHERSON-OBLAST
Kherson Oblast,1037640,2020-07-06,196,182,3,UA,UA-KHERSON-OBLAST
Kherson Oblast,1037640,2020-07-07,196,184,3,UA,UA-KHERSON-OBLAST
Khmelnytskyi Oblast,1264705,2020-06-08,518,337,13,UA,UA-KHMELNYTSKYI-OBLAST
Khmelnytskyi Oblast,1264705,2020-06-09,518,338,13,UA,UA-KHMELNYTSKYI-OBLAST
Khmelnytskyi Oblast,1264705,2020-06-10,520,348,14,UA,UA-KHMELNYTSKYI-OBLAST
Khmelnytskyi Oblast,1264705,2020-06-11,523,355,14,UA,UA-KHMELNYTSKYI-OBLAST
Khmelnytskyi Oblast,1264705,2020-06-12,529,387,14,UA,UA-KHMELNYTSKYI-OBLAST
Khmelnytskyi Oblast,1264705,2020-06-13,544,407,14,UA,UA-KHMELNYTSKYI-OBLAST
Khmelnytskyi Oblast,1264705,2020-06-14,556,416,14,UA,UA-KHMELNYTSKYI-OBLAST
Khmelnytskyi Oblast,1264705,2020-06-15,559,416,14,UA,UA-KHMELNYTSKYI-OBLAST
Khmelnytskyi Oblast,1264705,2020-06-16,560,422,14,UA,UA-KHMELNYTSKYI-OBLAST
Khmelnytskyi Oblast,1264705,2020-06-17,577,435,14,UA,UA-KHMELNYTSKYI-OBLAST
Khmelnytskyi Oblast,1264705,2020-06-18,587,460,14,UA,UA-KHMELNYTSKYI-OBLAST
Khmelnytskyi Oblast,1264705,2020-06-19,608,474,14,UA,UA-KHMELNYTSKYI-OBLAST
Khmelnytskyi Oblast,1264705,2020-06-20,612,477,14,UA,UA-KHMELNYTSKYI-OBLAST
Khmelnytskyi Oblast,1264705,2020-06-21,622,492,14,UA,UA-KHMELNYTSKYI-OBLAST
Khmelnytskyi Oblast,1264705,2020-06-22,622,492,15,UA,UA-KHMELNYTSKYI-OBLAST
Khmelnytskyi Oblast,1264705,2020-06-23,622,493,15,UA,UA-KHMELNYTSKYI-OBLAST
Khmelnytskyi Oblast,1264705,2020-06-24,627,503,15,UA,UA-KHMELNYTSKYI-OBLAST
Khmelnytskyi Oblast,1264705,2020-06-25,645,515,15,UA,UA-KHMELNYTSKYI-OBLAST
Khmelnytskyi Oblast,1264705,2020-06-26,724,526,15,UA,UA-KHMELNYTSKYI-OBLAST
Khmelnytskyi Oblast,1264705,2020-06-27,777,536,17,UA,UA-KHMELNYTSKYI-OBLAST
Khmelnytskyi Oblast,1264705,2020-06-28,791,541,17,UA,UA-KHMELNYTSKYI-OBLAST
Khmelnytskyi Oblast,1264705,2020-06-29,798,543,17,UA,UA-KHMELNYTSKYI-OBLAST
Khmelnytskyi Oblast,1264705,2020-06-30,803,544,17,UA,UA-KHMELNYTSKYI-OBLAST
Khmelnytskyi Oblast,1264705,2020-07-01,805,548,18,UA,UA-KHMELNYTSKYI-OBLAST
Khmelnytskyi Oblast,1264705,2020-07-02,808,558,18,UA,UA-KHMELNYTSKYI-OBLAST
Khmelnytskyi Oblast,1264705,2020-07-03,822,572,19,UA,UA-KHMELNYTSKYI-OBLAST
Khmelnytskyi Oblast,1264705,2020-07-04,828,589,19,UA,UA-KHMELNYTSKYI-OBLAST
Khmelnytskyi Oblast,1264705,2020-07-05,839,593,19,UA,UA-KHMELNYTSKYI-OBLAST
Khmelnytskyi Oblast,1264705,2020-07-06,842,594,20,UA,UA-KHMELNYTSKYI-OBLAST
Khmelnytskyi Oblast,1264705,2020-07-07,842,602,20,UA,UA-KHMELNYTSKYI-OBLAST
Kiev,2950800,2020-06-08,3490,888,77,UA,UA-KIEV
Kiev,2950800,2020-06-09,3523,925,79,UA,UA-KIEV
Kiev,2950800,2020-06-10,3580,985,80,UA,UA-KIEV
Kiev,2950800,2020-06-11,3671,1053,84,UA,UA-KIEV
Kiev,2950800,2020-06-12,3766,1132,85,UA,UA-KIEV
Kiev,2950800,2020-06-13,3838,1164,87,UA,UA-KIEV
Kiev,2950800,2020-06-14,3904,1164,88,UA,UA-KIEV
Kiev,2950800,2020-06-15,3957,1164,90,UA,UA-KIEV
Kiev,2950800,2020-06-16,3985,1164,92,UA,UA-KIEV
Kiev,2950800,2020-06-17,4026,1230,94,UA,UA-KIEV
Kiev,2950800,2020-06-18,4084,1286,95,UA,UA-KIEV
Kiev,2950800,2020-06-19,4176,1332,96,UA,UA-KIEV
Kiev,2950800,2020-06-20,4252,1391,97,UA,UA-KIEV
Kiev,2950800,2020-06-21,4325,1391,98,UA,UA-KIEV
Kiev,2950800,2020-06-22,4368,1391,98,UA,UA-KIEV
Kiev,2950800,2020-06-23,4429,1415,101,UA,UA-KIEV
Kiev,2950800,2020-06-24,4528,1440,101,UA,UA-KIEV
Kiev,2950800,2020-06-25,4613,1473,101,UA,UA-KIEV
Kiev,2950800,2020-06-26,4726,1489,102,UA,UA-KIEV
Kiev,2950800,2020-06-27,4866,1490,102,UA,UA-KIEV
Kiev,2950800,2020-06-28,4935,1547,106,UA,UA-KIEV
Kiev,2950800,2020-06-29,4980,1552,108,UA,UA-KIEV
Kiev,2950800,2020-06-30,5037,1563,108,UA,UA-KIEV
Kiev,2950800,2020-07-01,5138,1598,108,UA,UA-KIEV
Kiev,2950800,2020-07-02,5242,1642,111,UA,UA-KIEV
Kiev,2950800,2020-07-03,5347,1733,112,UA,UA-KIEV
Kiev,2950800,2020-07-04,5465,1769,114,UA,UA-KIEV
Kiev,2950800,2020-07-05,5543,1800,114,UA,UA-KIEV
Kiev,2950800,2020-07-06,5602,1809,116,UA,UA-KIEV
Kiev,2950800,2020-07-07,5665,1848,119,UA,UA-KIEV
Kiev Oblast,1767940,2020-06-08,1812,577,37,UA,UA-KIEV-OBLAST
Kiev Oblast,1767940,2020-06-09,1836,577,37,UA,UA-KIEV-OBLAST
Kiev Oblast,1767940,2020-06-10,1865,595,38,UA,UA-KIEV-OBLAST
Kiev Oblast,1767940,2020-06-11,1919,616,38,UA,UA-KIEV-OBLAST
Kiev Oblast,1767940,2020-06-12,1931,648,38,UA,UA-KIEV-OBLAST
Kiev Oblast,1767940,2020-06-13,1961,711,38,UA,UA-KIEV-OBLAST
Kiev Oblast,1767940,2020-06-14,1995,727,39,UA,UA-KIEV-OBLAST
Kiev Oblast,1767940,2020-06-15,2024,771,39,UA,UA-KIEV-OBLAST
Kiev Oblast,1767940,2020-06-16,2049,829,39,UA,UA-KIEV-OBLAST
Kiev Oblast,1767940,2020-06-17,2078,867,39,UA,UA-KIEV-OBLAST
Kiev Oblast,1767940,2020-06-18,2119,941,43,UA,UA-KIEV-OBLAST
Kiev Oblast,1767940,2020-06-19,2142,994,44,UA,UA-KIEV-OBLAST
Kiev Oblast,1767940,2020-06-20,2174,1053,46,UA,UA-KIEV-OBLAST
Kiev Oblast,1767940,2020-06-21,2208,1065,46,UA,UA-KIEV-OBLAST
Kiev Oblast,1767940,2020-06-22,2236,1100,46,UA,UA-KIEV-OBLAST
Kiev Oblast,1767940,2020-06-23,2285,1141,47,UA,UA-KIEV-OBLAST
Kiev Oblast,1767940,2020-06-24,2332,1147,47,UA,UA-KIEV-OBLAST
Kiev Oblast,1767940,2020-06-25,2373,1185,48,UA,UA-KIEV-OBLAST
Kiev Oblast,1767940,2020-06-26,2419,1236,48,UA,UA-KIEV-OBLAST
Kiev Oblast,1767940,2020-06-27,2469,1279,49,UA,UA-KIEV-OBLAST
Kiev Oblast,1767940,2020-06-28,2506,1288,49,UA,UA-KIEV-OBLAST
Kiev Oblast,1767940,2020-06-29,2546,1318,50,UA,UA-KIEV-OBLAST
Kiev Oblast,1767940,2020-06-30,2585,1332,50,UA,UA-KIEV-OBLAST
Kiev Oblast,1767940,2020-07-01,2610,1356,50,UA,UA-KIEV-OBLAST
Kiev Oblast,1767940,2020-07-02,2655,1398,51,UA,UA-KIEV-OBLAST
Kiev Oblast,1767940,2020-07-03,2702,1403,51,UA,UA-KIEV-OBLAST
Kiev Oblast,1767940,2020-07-04,2747,1503,51,UA,UA-KIEV-OBLAST
Kiev Oblast,1767940,2020-07-05,2774,1510,53,UA,UA-KIEV-OBLAST
Kiev Oblast,1767940,2020-07-06,2789,1512,54,UA,UA-KIEV-OBLAST
Kiev Oblast,1767940,2020-07-07,2809,1522,55,UA,UA-KIEV-OBLAST
Kirovohrad Oblast,945549,2020-06-08,559,422,27,UA,UA-KIROVOHRAD-OBLAST
Kirovohrad Oblast,945549,2020-06-09,562,422,28,UA,UA-KIROVOHRAD-OBLAST
Kirovohrad Oblast,945549,2020-06-10,562,423,30,UA,UA-KIROVOHRAD-OBLAST
Kirovohrad Oblast,945549,2020-06-11,563,447,30,UA,UA-KIROVOHRAD-OBLAST
Kirovohrad Oblast,945549,2020-06-12,568,453,30,UA,UA-KIROVOHRAD-OBLAST
Kirovohrad Oblast,945549,2020-06-13,577,471,30,UA,UA-KIROVOHRAD-OBLAST
Kirovohrad Oblast,945549,2020-06-14,582,476,30,UA,UA-KIROVOHRAD-OBLAST
Kirovohrad Oblast,945549,2020-06-15,586,476,30,UA,UA-KIROVOHRAD-OBLAST
Kirovohrad Oblast,945549,2020-06-16,590,487,30,UA,UA-KIROVOHRAD-OBLAST
Kirovohrad Oblast,945549,2020-06-17,592,493,30,UA,UA-KIROVOHRAD-OBLAST
Kirovohrad Oblast,945549,2020-06-18,604,497,30,UA,UA-KIROVOHRAD-OBLAST
Kirovohrad Oblast,945549,2020-06-19,604,502,30,UA,UA-KIROVOHRAD-OBLAST
Kirovohrad Oblast,945549,2020-06-20,612,508,30,UA,UA-KIROVOHRAD-OBLAST
Kirovohrad Oblast,945549,2020-06-21,620,508,30,UA,UA-KIROVOHRAD-OBLAST
Kirovohrad Oblast,945549,2020-06-22,627,508,31,UA,UA-KIROVOHRAD-OBLAST
Kirovohrad Oblast,945549,2020-06-23,631,521,31,UA,UA-KIROVOHRAD-OBLAST
Kirovohrad Oblast,945549,2020-06-24,634,523,31,UA,UA-KIROVOHRAD-OBLAST
Kirovohrad Oblast,945549,2020-06-25,636,524,31,UA,UA-KIROVOHRAD-OBLAST
Kirovohrad Oblast,945549,2020-06-26,640,525,31,UA,UA-KIROVOHRAD-OBLAST
Kirovohrad Oblast,945549,2020-06-27,642,529,31,UA,UA-KIROVOHRAD-OBLAST
Kirovohrad Oblast,945549,2020-06-28,646,531,31,UA,UA-KIROVOHRAD-OBLAST
Kirovohrad Oblast,945549,2020-06-29,646,535,31,UA,UA-KIROVOHRAD-OBLAST
Kirovohrad Oblast,945549,2020-06-30,646,536,31,UA,UA-KIROVOHRAD-OBLAST
Kirovohrad Oblast,945549,2020-07-01,647,541,31,UA,UA-KIROVOHRAD-OBLAST
Kirovohrad Oblast,945549,2020-07-02,650,551,31,UA,UA-KIROVOHRAD-OBLAST
Kirovohrad Oblast,945549,2020-07-03,653,553,31,UA,UA-KIROVOHRAD-OBLAST
Kirovohrad Oblast,945549,2020-07-04,657,559,31,UA,UA-KIROVOHRAD-OBLAST
Kirovohrad Oblast,945549,2020-07-05,658,560,31,UA,UA-KIROVOHRAD-OBLAST
Kirovohrad Oblast,945549,2020-07-06,659,561,32,UA,UA-KIROVOHRAD-OBLAST
Kirovohrad Oblast,945549,2020-07-07,663,566,32,UA,UA-KIROVOHRAD-OBLAST
Luhansk Oblast,2151833,2020-06-08,54,43,0,UA,UA-LUHANSK-OBLAST
Luhansk Oblast,2151833,2020-06-09,54,43,0,UA,UA-LUHANSK-OBLAST
Luhansk Oblast,2151833,2020-06-10,54,43,0,UA,UA-LUHANSK-OBLAST
Luhansk Oblast,2151833,2020-06-11,54,44,0,UA,UA-LUHANSK-OBLAST
Luhansk Oblast,2151833,2020-06-12,54,45,0,UA,UA-LUHANSK-OBLAST
Luhansk Oblast,2151833,2020-06-13,56,46,0,UA,UA-LUHANSK-OBLAST
Luhansk Oblast,2151833,2020-06-14,56,47,0,UA,UA-LUHANSK-OBLAST
Luhansk Oblast,2151833,2020-06-15,57,47,0,UA,UA-LUHANSK-OBLAST
Luhansk Oblast,2151833,2020-06-16,60,47,0,UA,UA-LUHANSK-OBLAST
Luhansk Oblast,2151833,2020-06-17,66,49,0,UA,UA-LUHANSK-OBLAST
Luhansk Oblast,2151833,2020-06-18,68,49,0,UA,UA-LUHANSK-OBLAST
Luhansk Oblast,2151833,2020-06-19,71,52,0,UA,UA-LUHANSK-OBLAST
Luhansk Oblast,2151833,2020-06-20,72,53,0,UA,UA-LUHANSK-OBLAST
Luhansk Oblast,2151833,2020-06-21,72,53,0,UA,UA-LUHANSK-OBLAST
Luhansk Oblast,2151833,2020-06-22,72,53,0,UA,UA-LUHANSK-OBLAST
Luhansk Oblast,2151833,2020-06-23,73,53,0,UA,UA-LUHANSK-OBLAST
Luhansk Oblast,2151833,2020-06-24,75,54,0,UA,UA-LUHANSK-OBLAST
Luhansk Oblast,2151833,2020-06-25,75,54,0,UA,UA-LUHANSK-OBLAST
Luhansk Oblast,2151833,2020-06-26,76,55,0,UA,UA-LUHANSK-OBLAST
Luhansk Oblast,2151833,2020-06-27,76,58,0,UA,UA-LUHANSK-OBLAST
Luhansk Oblast,2151833,2020-06-28,80,58,0,UA,UA-LUHANSK-OBLAST
Luhansk Oblast,2151833,2020-06-29,80,58,0,UA,UA-LUHANSK-OBLAST
Luhansk Oblast,2151833,2020-06-30,80,58,0,UA,UA-LUHANSK-OBLAST
Luhansk Oblast,2151833,2020-07-01,80,59,0,UA,UA-LUHANSK-OBLAST
Luhansk Oblast,2151833,2020-07-02,83,59,0,UA,UA-LUHANSK-OBLAST
Luhansk Oblast,2151833,2020-07-03,84,60,0,UA,UA-LUHANSK-OBLAST
Luhansk Oblast,2151833,2020-07-04,84,61,0,UA,UA-LUHANSK-OBLAST
Luhansk Oblast,2151833,2020-07-05,84,64,0,UA,UA-LUHANSK-OBLAST
Luhansk Oblast,2151833,2020-07-06,84,64,0,UA,UA-LUHANSK-OBLAST
Luhansk Oblast,2151833,2020-07-07,85,64,0,UA,UA-LUHANSK-OBLAST
Lviv Oblast,2522021,2020-06-08,2162,524,71,UA,UA-LVIV-OBLAST
Lviv Oblast,2522021,2020-06-09,2211,531,73,UA,UA-LVIV-OBLAST
Lviv Oblast,2522021,2020-06-10,2289,557,77,UA,UA-LVIV-OBLAST
Lviv Oblast,2522021,2020-06-11,2414,589,87,UA,UA-LVIV-OBLAST
Lviv Oblast,2522021,2020-06-12,2526,598,90,UA,UA-LVIV-OBLAST
Lviv Oblast,2522021,2020-06-13,2658,604,92,UA,UA-LVIV-OBLAST
Lviv Oblast,2522021,2020-06-14,2797,618,92,UA,UA-LVIV-OBLAST
Lviv Oblast,2522021,2020-06-15,2933,632,95,UA,UA-LVIV-OBLAST
Lviv Oblast,2522021,2020-06-16,3072,639,96,UA,UA-LVIV-OBLAST
Lviv Oblast,2522021,2020-06-17,3227,644,105,UA,UA-LVIV-OBLAST
Lviv Oblast,2522021,2020-06-18,3398,661,107,UA,UA-LVIV-OBLAST
Lviv Oblast,2522021,2020-06-19,3540,663,111,UA,UA-LVIV-OBLAST
Lviv Oblast,2522021,2020-06-20,3679,668,111,UA,UA-LVIV-OBLAST
Lviv Oblast,2522021,2020-06-21,3780,668,114,UA,UA-LVIV-OBLAST
Lviv Oblast,2522021,2020-06-22,3980,674,114,UA,UA-LVIV-OBLAST
Lviv Oblast,2522021,2020-06-23,4220,696,117,UA,UA-LVIV-OBLAST
Lviv Oblast,2522021,2020-06-24,4423,700,120,UA,UA-LVIV-OBLAST
Lviv Oblast,2522021,2020-06-25,4627,712,123,UA,UA-LVIV-OBLAST
Lviv Oblast,2522021,2020-06-26,4836,725,126,UA,UA-LVIV-OBLAST
Lviv Oblast,2522021,2020-06-27,5004,737,131,UA,UA-LVIV-OBLAST
Lviv Oblast,2522021,2020-06-28,5177,741,137,UA,UA-LVIV-OBLAST
Lviv Oblast,2522021,2020-06-29,5292,741,143,UA,UA-LVIV-OBLAST
Lviv Oblast,2522021,2020-06-30,5435,747,146,UA,UA-LVIV-OBLAST
Lviv Oblast,2522021,2020-07-01,5578,800,146,UA,UA-LVIV-OBLAST
Lviv Oblast,2522021,2020-07-02,5730,856,146,UA,UA-LVIV-OBLAST
Lviv Oblast,2522021,2020-07-03,5883,873,157,UA,UA-LVIV-OBLAST
Lviv Oblast,2522021,2020-07-04,6059,890,159,UA,UA-LVIV-OBLAST
Lviv Oblast,2522021,2020-07-05,6197,890,162,UA,UA-LVIV-OBLAST
Lviv Oblast,2522021,2020-07-06,6301,965,164,UA,UA-LVIV-OBLAST
Lviv Oblast,2522021,2020-07-07,6445,971,164,UA,UA-LVIV-OBLAST
Mykolaiv Oblast,2522021,2020-06-08,309,195,7,UA,UA-MYKOLAIV-OBLAST
Mykolaiv Oblast,2522021,2020-06-09,309,195,7,UA,UA-MYKOLAIV-OBLAST
Mykolaiv Oblast,2522021,2020-06-10,309,199,7,UA,UA-MYKOLAIV-OBLAST
Mykolaiv Oblast,2522021,2020-06-11,311,203,7,UA,UA-MYKOLAIV-OBLAST
Mykolaiv Oblast,2522021,2020-06-12,316,206,7,UA,UA-MYKOLAIV-OBLAST
Mykolaiv Oblast,2522021,2020-06-13,320,212,7,UA,UA-MYKOLAIV-OBLAST
Mykolaiv Oblast,2522021,2020-06-14,321,212,7,UA,UA-MYKOLAIV-OBLAST
Mykolaiv Oblast,2522021,2020-06-15,321,212,7,UA,UA-MYKOLAIV-OBLAST
Mykolaiv Oblast,2522021,2020-06-16,321,216,7,UA,UA-MYKOLAIV-OBLAST
Mykolaiv Oblast,2522021,2020-06-17,323,217,7,UA,UA-MYKOLAIV-OBLAST
Mykolaiv Oblast,2522021,2020-06-18,323,219,7,UA,UA-MYKOLAIV-OBLAST
Mykolaiv Oblast,2522021,2020-06-19,338,264,7,UA,UA-MYKOLAIV-OBLAST
Mykolaiv Oblast,2522021,2020-06-20,349,265,7,UA,UA-MYKOLAIV-OBLAST
Mykolaiv Oblast,2522021,2020-06-21,358,265,7,UA,UA-MYKOLAIV-OBLAST
Mykolaiv Oblast,2522021,2020-06-22,366,265,7,UA,UA-MYKOLAIV-OBLAST
Mykolaiv Oblast,2522021,2020-06-23,366,269,9,UA,UA-MYKOLAIV-OBLAST
Mykolaiv Oblast,2522021,2020-06-24,368,271,9,UA,UA-MYKOLAIV-OBLAST
Mykolaiv Oblast,2522021,2020-06-25,377,273,9,UA,UA-MYKOLAIV-OBLAST
Mykolaiv Oblast,2522021,2020-06-26,384,278,9,UA,UA-MYKOLAIV-OBLAST
Mykolaiv Oblast,2522021,2020-06-27,392,281,9,UA,UA-MYKOLAIV-OBLAST
Mykolaiv Oblast,2522021,2020-06-28,436,281,10,UA,UA-MYKOLAIV-OBLAST
Mykolaiv Oblast,2522021,2020-06-29,442,281,10,UA,UA-MYKOLAIV-OBLAST
Mykolaiv Oblast,2522021,2020-06-30,444,281,10,UA,UA-MYKOLAIV-OBLAST
Mykolaiv Oblast,2522021,2020-07-01,447,283,10,UA,UA-MYKOLAIV-OBLAST
Mykolaiv Oblast,2522021,2020-07-02,447,288,10,UA,UA-MYKOLAIV-OBLAST
Mykolaiv Oblast,2522021,2020-07-03,450,288,10,UA,UA-MYKOLAIV-OBLAST
Mykolaiv Oblast,2522021,2020-07-04,455,293,10,UA,UA-MYKOLAIV-OBLAST
Mykolaiv Oblast,2522021,2020-07-05,458,309,10,UA,UA-MYKOLAIV-OBLAST
Mykolaiv Oblast,2522021,2020-07-06,461,310,11,UA,UA-MYKOLAIV-OBLAST
Mykolaiv Oblast,2522021,2020-07-07,461,318,11,UA,UA-MYKOLAIV-OBLAST
Odessa Oblast,2380308,2020-06-08,1002,376,18,UA,UA-ODESSA-OBLAST
Odessa Oblast,2380308,2020-06-09,1010,376,18,UA,UA-ODESSA-OBLAST
Odessa Oblast,2380308,2020-06-10,1028,418,18,UA,UA-ODESSA-OBLAST
Odessa Oblast,2380308,2020-06-11,1045,421,18,UA,UA-ODESSA-OBLAST
Odessa Oblast,2380308,2020-06-12,1065,422,18,UA,UA-ODESSA-OBLAST
Odessa Oblast,2380308,2020-06-13,1081,423,18,UA,UA-ODESSA-OBLAST
Odessa Oblast,2380308,2020-06-14,1099,423,18,UA,UA-ODESSA-OBLAST
Odessa Oblast,2380308,2020-06-15,1117,424,18,UA,UA-ODESSA-OBLAST
Odessa Oblast,2380308,2020-06-16,1133,426,18,UA,UA-ODESSA-OBLAST
Odessa Oblast,2380308,2020-06-17,1158,426,19,UA,UA-ODESSA-OBLAST
Odessa Oblast,2380308,2020-06-18,1188,481,19,UA,UA-ODESSA-OBLAST
Odessa Oblast,2380308,2020-06-19,1200,510,19,UA,UA-ODESSA-OBLAST
Odessa Oblast,2380308,2020-06-20,1232,551,19,UA,UA-ODESSA-OBLAST
Odessa Oblast,2380308,2020-06-21,1266,551,19,UA,UA-ODESSA-OBLAST
Odessa Oblast,2380308,2020-06-22,1304,551,21,UA,UA-ODESSA-OBLAST
Odessa Oblast,2380308,2020-06-23,1333,562,21,UA,UA-ODESSA-OBLAST
Odessa Oblast,2380308,2020-06-24,1370,569,21,UA,UA-ODESSA-OBLAST
Odessa Oblast,2380308,2020-06-25,1465,569,21,UA,UA-ODESSA-OBLAST
Odessa Oblast,2380308,2020-06-26,1529,637,21,UA,UA-ODESSA-OBLAST
Odessa Oblast,2380308,2020-06-27,1567,725,21,UA,UA-ODESSA-OBLAST
Odessa Oblast,2380308,2020-06-28,1601,725,21,UA,UA-ODESSA-OBLAST
Odessa Oblast,2380308,2020-06-29,1632,736,21,UA,UA-ODESSA-OBLAST
Odessa Oblast,2380308,2020-06-30,1698,736,23,UA,UA-ODESSA-OBLAST
Odessa Oblast,2380308,2020-07-01,1712,737,24,UA,UA-ODESSA-OBLAST
Odessa Oblast,2380308,2020-07-02,1736,761,24,UA,UA-ODESSA-OBLAST
Odessa Oblast,2380308,2020-07-03,1792,787,24,UA,UA-ODESSA-OBLAST
Odessa Oblast,2380308,2020-07-04,1835,822,24,UA,UA-ODESSA-OBLAST
Odessa Oblast,2380308,2020-07-05,1865,822,25,UA,UA-ODESSA-OBLAST
Odessa Oblast,2380308,2020-07-06,1883,827,25,UA,UA-ODESSA-OBLAST
Odessa Oblast,2380308,2020-07-07,1919,832,25,UA,UA-ODESSA-OBLAST
Poltava Oblast,1400439,2020-06-08,274,255,13,UA,UA-POLTAVA-OBLAST
Poltava Oblast,1400439,2020-06-09,274,256,13,UA,UA-POLTAVA-OBLAST
Poltava Oblast,1400439,2020-06-10,276,256,13,UA,UA-POLTAVA-OBLAST
Poltava Oblast,1400439,2020-06-11,276,256,13,UA,UA-POLTAVA-OBLAST
Poltava Oblast,1400439,2020-06-12,277,256,13,UA,UA-POLTAVA-OBLAST
Poltava Oblast,1400439,2020-06-13,278,257,13,UA,UA-POLTAVA-OBLAST
Poltava Oblast,1400439,2020-06-14,278,257,13,UA,UA-POLTAVA-OBLAST
Poltava Oblast,1400439,2020-06-15,278,257,13,UA,UA-POLTAVA-OBLAST
Poltava Oblast,1400439,2020-06-16,279,258,13,UA,UA-POLTAVA-OBLAST
Poltava Oblast,1400439,2020-06-17,281,259,13,UA,UA-POLTAVA-OBLAST
Poltava Oblast,1400439,2020-06-18,287,260,13,UA,UA-POLTAVA-OBLAST
Poltava Oblast,1400439,2020-06-19,289,262,13,UA,UA-POLTAVA-OBLAST
Poltava Oblast,1400439,2020-06-20,290,262,13,UA,UA-POLTAVA-OBLAST
Poltava Oblast,1400439,2020-06-21,291,262,13,UA,UA-POLTAVA-OBLAST
Poltava Oblast,1400439,2020-06-22,293,262,13,UA,UA-POLTAVA-OBLAST
Poltava Oblast,1400439,2020-06-23,296,263,13,UA,UA-POLTAVA-OBLAST
Poltava Oblast,1400439,2020-06-24,300,263,13,UA,UA-POLTAVA-OBLAST
Poltava Oblast,1400439,2020-06-25,301,267,13,UA,UA-POLTAVA-OBLAST
Poltava Oblast,1400439,2020-06-26,304,268,13,UA,UA-POLTAVA-OBLAST
Poltava Oblast,1400439,2020-06-27,309,268,13,UA,UA-POLTAVA-OBLAST
Poltava Oblast,1400439,2020-06-28,310,268,13,UA,UA-POLTAVA-OBLAST
Poltava Oblast,1400439,2020-06-29,312,268,13,UA,UA-POLTAVA-OBLAST
Poltava Oblast,1400439,2020-06-30,314,268,13,UA,UA-POLTAVA-OBLAST
Poltava Oblast,1400439,2020-07-01,319,270,13,UA,UA-POLTAVA-OBLAST
Poltava Oblast,1400439,2020-07-02,320,273,13,UA,UA-POLTAVA-OBLAST
Poltava Oblast,1400439,2020-07-03,322,274,13,UA,UA-POLTAVA-OBLAST
Poltava Oblast,1400439,2020-07-04,322,274,13,UA,UA-POLTAVA-OBLAST
Poltava Oblast,1400439,2020-07-05,324,274,13,UA,UA-POLTAVA-OBLAST
Poltava Oblast,1400439,2020-07-06,324,274,13,UA,UA-POLTAVA-OBLAST
Poltava Oblast,1400439,2020-07-07,325,277,13,UA,UA-POLTAVA-OBLAST
Rivne Oblast,1157301,2020-06-08,2071,1089,40,UA,UA-RIVNE-OBLAST
Rivne Oblast,1157301,2020-06-09,2094,1093,44,UA,UA-RIVNE-OBLAST
Rivne Oblast,1157301,2020-06-10,2122,1115,45,UA,UA-RIVNE-OBLAST
Rivne Oblast,1157301,2020-06-11,2175,1164,45,UA,UA-RIVNE-OBLAST
Rivne Oblast,1157301,2020-06-12,2231,1194,46,UA,UA-RIVNE-OBLAST
Rivne Oblast,1157301,2020-06-13,2297,1274,46,UA,UA-RIVNE-OBLAST
Rivne Oblast,1157301,2020-06-14,2341,1280,46,UA,UA-RIVNE-OBLAST
Rivne Oblast,1157301,2020-06-15,2369,1316,46,UA,UA-RIVNE-OBLAST
Rivne Oblast,1157301,2020-06-16,2473,1379,47,UA,UA-RIVNE-OBLAST
Rivne Oblast,1157301,2020-06-17,2499,1379,50,UA,UA-RIVNE-OBLAST
Rivne Oblast,1157301,2020-06-18,2572,1379,51,UA,UA-RIVNE-OBLAST
Rivne Oblast,1157301,2020-06-19,2693,1467,53,UA,UA-RIVNE-OBLAST
Rivne Oblast,1157301,2020-06-20,2776,1500,55,UA,UA-RIVNE-OBLAST
Rivne Oblast,1157301,2020-06-21,2872,1505,57,UA,UA-RIVNE-OBLAST
Rivne Oblast,1157301,2020-06-22,2963,1526,57,UA,UA-RIVNE-OBLAST
Rivne Oblast,1157301,2020-06-23,3038,1538,58,UA,UA-RIVNE-OBLAST
Rivne Oblast,1157301,2020-06-24,3164,1582,61,UA,UA-RIVNE-OBLAST
Rivne Oblast,1157301,2020-06-25,3248,1623,64,UA,UA-RIVNE-OBLAST
Rivne Oblast,1157301,2020-06-26,3364,1682,66,UA,UA-RIVNE-OBLAST
Rivne Oblast,1157301,2020-06-27,3475,1705,66,UA,UA-RIVNE-OBLAST
Rivne Oblast,1157301,2020-06-28,3568,1738,66,UA,UA-RIVNE-OBLAST
Rivne Oblast,1157301,2020-06-29,3638,1752,68,UA,UA-RIVNE-OBLAST
Rivne Oblast,1157301,2020-06-30,3712,1769,70,UA,UA-RIVNE-OBLAST
Rivne Oblast,1157301,2020-07-01,3784,1815,70,UA,UA-RIVNE-OBLAST
Rivne Oblast,1157301,2020-07-02,3877,1875,70,UA,UA-RIVNE-OBLAST
Rivne Oblast,1157301,2020-07-03,3950,1929,74,UA,UA-RIVNE-OBLAST
Rivne Oblast,1157301,2020-07-04,4041,2016,75,UA,UA-RIVNE-OBLAST
Rivne Oblast,1157301,2020-07-05,4108,2050,77,UA,UA-RIVNE-OBLAST
Rivne Oblast,1157301,2020-07-06,4190,2079,77,UA,UA-RIVNE-OBLAST
Rivne Oblast,1157301,2020-07-07,4228,2195,78,UA,UA-RIVNE-OBLAST
Sevastopol,443211,2020-06-08,177,145,3,UA,UA-SEVASTOPOL
Sevastopol,443211,2020-06-09,177,150,3,UA,UA-SEVASTOPOL
Sevastopol,443211,2020-06-10,177,150,3,UA,UA-SEVASTOPOL
Sevastopol,443211,2020-06-11,178,151,3,UA,UA-SEVASTOPOL
Sevastopol,443211,2020-06-12,179,151,3,UA,UA-SEVASTOPOL
Sevastopol,443211,2020-06-13,181,152,3,UA,UA-SEVASTOPOL
Sevastopol,443211,2020-06-14,185,152,3,UA,UA-SEVASTOPOL
Sevastopol,443211,2020-06-15,187,155,3,UA,UA-SEVASTOPOL
Sevastopol,443211,2020-06-16,187,159,3,UA,UA-SEVASTOPOL
Sevastopol,443211,2020-06-17,191,161,3,UA,UA-SEVASTOPOL
Sevastopol,443211,2020-06-18,195,163,3,UA,UA-SEVASTOPOL
Sevastopol,443211,2020-06-19,196,163,3,UA,UA-SEVASTOPOL
Sevastopol,443211,2020-06-20,200,165,3,UA,UA-SEVASTOPOL
Sevastopol,443211,2020-06-21,206,166,3,UA,UA-SEVASTOPOL
Sevastopol,443211,2020-06-22,207,166,3,UA,UA-SEVASTOPOL
Sevastopol,443211,2020-06-23,214,166,3,UA,UA-SEVASTOPOL
Sevastopol,443211,2020-06-24,215,168,3,UA,UA-SEVASTOPOL
Sevastopol,443211,2020-06-25,215,170,3,UA,UA-SEVASTOPOL
Sevastopol,443211,2020-06-26,220,171,3,UA,UA-SEVASTOPOL
Sevastopol,443211,2020-06-27,223,173,3,UA,UA-SEVASTOPOL
Sevastopol,443211,2020-06-28,228,174,4,UA,UA-SEVASTOPOL
Sevastopol,443211,2020-06-29,229,174,4,UA,UA-SEVASTOPOL
Sevastopol,443211,2020-06-30,235,177,4,UA,UA-SEVASTOPOL
Sevastopol,443211,2020-07-01,235,179,4,UA,UA-SEVASTOPOL
Sevastopol,443211,2020-07-02,236,185,4,UA,UA-SEVASTOPOL
Sevastopol,443211,2020-07-03,236,185,4,UA,UA-SEVASTOPOL
Sevastopol,443211,2020-07-04,239,187,5,UA,UA-SEVASTOPOL
Sevastopol,443211,2020-07-05,245,187,5,UA,UA-SEVASTOPOL
Sevastopol,443211,2020-07-06,249,191,5,UA,UA-SEVASTOPOL
Sevastopol,443211,2020-07-07,254,196,5,UA,UA-SEVASTOPOL
Sumy Oblast,1081418,2020-06-08,193,158,5,UA,UA-SUMY-OBLAST
Sumy Oblast,1081418,2020-06-09,198,158,5,UA,UA-SUMY-OBLAST
Sumy Oblast,1081418,2020-06-10,198,159,5,UA,UA-SUMY-OBLAST
Sumy Oblast,1081418,2020-06-11,203,159,5,UA,UA-SUMY-OBLAST
Sumy Oblast,1081418,2020-06-12,204,161,5,UA,UA-SUMY-OBLAST
Sumy Oblast,1081418,2020-06-13,208,163,5,UA,UA-SUMY-OBLAST
Sumy Oblast,1081418,2020-06-14,215,163,5,UA,UA-SUMY-OBLAST
Sumy Oblast,1081418,2020-06-15,227,163,5,UA,UA-SUMY-OBLAST
Sumy Oblast,1081418,2020-06-16,228,168,5,UA,UA-SUMY-OBLAST
Sumy Oblast,1081418,2020-06-17,230,169,5,UA,UA-SUMY-OBLAST
Sumy Oblast,1081418,2020-06-18,236,169,5,UA,UA-SUMY-OBLAST
Sumy Oblast,1081418,2020-06-19,246,178,5,UA,UA-SUMY-OBLAST
Sumy Oblast,1081418,2020-06-20,252,178,5,UA,UA-SUMY-OBLAST
Sumy Oblast,1081418,2020-06-21,257,182,5,UA,UA-SUMY-OBLAST
Sumy Oblast,1081418,2020-06-22,258,182,5,UA,UA-SUMY-OBLAST
Sumy Oblast,1081418,2020-06-23,263,184,5,UA,UA-SUMY-OBLAST
Sumy Oblast,1081418,2020-06-24,272,186,5,UA,UA-SUMY-OBLAST
Sumy Oblast,1081418,2020-06-25,277,195,5,UA,UA-SUMY-OBLAST
Sumy Oblast,1081418,2020-06-26,284,203,5,UA,UA-SUMY-OBLAST
Sumy Oblast,1081418,2020-06-27,287,209,5,UA,UA-SUMY-OBLAST
Sumy Oblast,1081418,2020-06-28,295,219,5,UA,UA-SUMY-OBLAST
Sumy Oblast,1081418,2020-06-29,296,219,5,UA,UA-SUMY-OBLAST
Sumy Oblast,1081418,2020-06-30,297,222,5,UA,UA-SUMY-OBLAST
Sumy Oblast,1081418,2020-07-01,297,230,5,UA,UA-SUMY-OBLAST
Sumy Oblast,1081418,2020-07-02,302,237,5,UA,UA-SUMY-OBLAST
Sumy Oblast,1081418,2020-07-03,304,240,5,UA,UA-SUMY-OBLAST
Sumy Oblast,1081418,2020-07-04,308,247,5,UA,UA-SUMY-OBLAST
Sumy Oblast,1081418,2020-07-05,317,248,5,UA,UA-SUMY-OBLAST
Sumy Oblast,1081418,2020-07-06,321,248,5,UA,UA-SUMY-OBLAST
Sumy Oblast,1081418,2020-07-07,321,258,5,UA,UA-SUMY-OBLAST
Ternopil Oblast,1045879,2020-06-08,1294,987,26,UA,UA-TERNOPIL-OBLAST
Ternopil Oblast,1045879,2020-06-09,1305,987,26,UA,UA-TERNOPIL-OBLAST
Ternopil Oblast,1045879,2020-06-10,1313,987,26,UA,UA-TERNOPIL-OBLAST
Ternopil Oblast,1045879,2020-06-11,1349,995,26,UA,UA-TERNOPIL-OBLAST
Ternopil Oblast,1045879,2020-06-12,1372,1007,26,UA,UA-TERNOPIL-OBLAST
Ternopil Oblast,1045879,2020-06-13,1403,1011,26,UA,UA-TERNOPIL-OBLAST
Ternopil Oblast,1045879,2020-06-14,1427,1020,26,UA,UA-TERNOPIL-OBLAST
Ternopil Oblast,1045879,2020-06-15,1467,1022,26,UA,UA-TERNOPIL-OBLAST
Ternopil Oblast,1045879,2020-06-16,1483,1024,26,UA,UA-TERNOPIL-OBLAST
Ternopil Oblast,1045879,2020-06-17,1510,1033,27,UA,UA-TERNOPIL-OBLAST
Ternopil Oblast,1045879,2020-06-18,1542,1036,27,UA,UA-TERNOPIL-OBLAST
Ternopil Oblast,1045879,2020-06-19,1605,1050,27,UA,UA-TERNOPIL-OBLAST
Ternopil Oblast,1045879,2020-06-20,1643,1054,27,UA,UA-TERNOPIL-OBLAST
Ternopil Oblast,1045879,2020-06-21,1688,1063,27,UA,UA-TERNOPIL-OBLAST
Ternopil Oblast,1045879,2020-06-22,1728,1073,27,UA,UA-TERNOPIL-OBLAST
Ternopil Oblast,1045879,2020-06-23,1744,1079,27,UA,UA-TERNOPIL-OBLAST
Ternopil Oblast,1045879,2020-06-24,1786,1094,27,UA,UA-TERNOPIL-OBLAST
Ternopil Oblast,1045879,2020-06-25,1815,1102,27,UA,UA-TERNOPIL-OBLAST
Ternopil Oblast,1045879,2020-06-26,1857,1109,27,UA,UA-TERNOPIL-OBLAST
Ternopil Oblast,1045879,2020-06-27,1876,1124,28,UA,UA-TERNOPIL-OBLAST
Ternopil Oblast,1045879,2020-06-28,1893,1131,28,UA,UA-TERNOPIL-OBLAST
Ternopil Oblast,1045879,2020-06-29,1913,1139,28,UA,UA-TERNOPIL-OBLAST
Ternopil Oblast,1045879,2020-06-30,1919,1140,28,UA,UA-TERNOPIL-OBLAST
Ternopil Oblast,1045879,2020-07-01,1930,1160,29,UA,UA-TERNOPIL-OBLAST
Ternopil Oblast,1045879,2020-07-02,1958,1177,29,UA,UA-TERNOPIL-OBLAST
Ternopil Oblast,1045879,2020-07-03,1990,1214,29,UA,UA-TERNOPIL-OBLAST
Ternopil Oblast,1045879,2020-07-04,2025,1230,29,UA,UA-TERNOPIL-OBLAST
Ternopil Oblast,1045879,2020-07-05,2069,1252,30,UA,UA-TERNOPIL-OBLAST
Ternopil Oblast,1045879,2020-07-06,2101,1275,30,UA,UA-TERNOPIL-OBLAST
Ternopil Oblast,1045879,2020-07-07,2108,1301,31,UA,UA-TERNOPIL-OBLAST
Vinnytsia Oblast,1560394,2020-06-08,1150,728,19,UA,UA-VINNYTSIA-OBLAST
Vinnytsia Oblast,1560394,2020-06-09,1175,728,20,UA,UA-VINNYTSIA-OBLAST
Vinnytsia Oblast,1560394,2020-06-10,1192,767,20,UA,UA-VINNYTSIA-OBLAST
Vinnytsia Oblast,1560394,2020-06-11,1236,808,20,UA,UA-VINNYTSIA-OBLAST
Vinnytsia Oblast,1560394,2020-06-12,1317,832,20,UA,UA-VINNYTSIA-OBLAST
Vinnytsia Oblast,1560394,2020-06-13,1369,851,21,UA,UA-VINNYTSIA-OBLAST
Vinnytsia Oblast,1560394,2020-06-14,1393,851,23,UA,UA-VINNYTSIA-OBLAST
Vinnytsia Oblast,1560394,2020-06-15,1423,862,23,UA,UA-VINNYTSIA-OBLAST
Vinnytsia Oblast,1560394,2020-06-16,1455,890,23,UA,UA-VINNYTSIA-OBLAST
Vinnytsia Oblast,1560394,2020-06-17,1500,915,24,UA,UA-VINNYTSIA-OBLAST
Vinnytsia Oblast,1560394,2020-06-18,1563,954,24,UA,UA-VINNYTSIA-OBLAST
Vinnytsia Oblast,1560394,2020-06-19,1596,990,28,UA,UA-VINNYTSIA-OBLAST
Vinnytsia Oblast,1560394,2020-06-20,1627,991,28,UA,UA-VINNYTSIA-OBLAST
Vinnytsia Oblast,1560394,2020-06-21,1647,1001,28,UA,UA-VINNYTSIA-OBLAST
Vinnytsia Oblast,1560394,2020-06-22,1660,1014,28,UA,UA-VINNYTSIA-OBLAST
Vinnytsia Oblast,1560394,2020-06-23,1690,1037,28,UA,UA-VINNYTSIA-OBLAST
Vinnytsia Oblast,1560394,2020-06-24,1723,1057,28,UA,UA-VINNYTSIA-OBLAST
Vinnytsia Oblast,1560394,2020-06-25,1753,1091,28,UA,UA-VINNYTSIA-OBLAST
Vinnytsia Oblast,1560394,2020-06-26,1788,1111,28,UA,UA-VINNYTSIA-OBLAST
Vinnytsia Oblast,1560394,2020-06-27,1811,1158,28,UA,UA-VINNYTSIA-OBLAST
Vinnytsia Oblast,1560394,2020-06-28,1833,1179,28,UA,UA-VINNYTSIA-OBLAST
Vinnytsia Oblast,1560394,2020-06-29,1846,1179,28,UA,UA-VINNYTSIA-OBLAST
Vinnytsia Oblast,1560394,2020-06-30,1864,1179,28,UA,UA-VINNYTSIA-OBLAST
Vinnytsia Oblast,1560394,2020-07-01,1876,1220,29,UA,UA-VINNYTSIA-OBLAST
Vinnytsia Oblast,1560394,2020-07-02,1895,1250,30,UA,UA-VINNYTSIA-OBLAST
Vinnytsia Oblast,1560394,2020-07-03,1915,1266,30,UA,UA-VINNYTSIA-OBLAST
Vinnytsia Oblast,1560394,2020-07-04,1936,1296,30,UA,UA-VINNYTSIA-OBLAST
Vinnytsia Oblast,1560394,2020-07-05,1951,1315,30,UA,UA-VINNYTSIA-OBLAST
Vinnytsia Oblast,1560394,2020-07-06,1967,1334,30,UA,UA-VINNYTSIA-OBLAST
Vinnytsia Oblast,1560394,2020-07-07,1979,1366,32,UA,UA-VINNYTSIA-OBLAST
Volyn Oblast,1035330,2020-06-08,1079,299,33,UA,UA-VOLYN-OBLAST
Volyn Oblast,1035330,2020-06-09,1113,299,34,UA,UA-VOLYN-OBLAST
Volyn Oblast,1035330,2020-06-10,1214,310,37,UA,UA-VOLYN-OBLAST
Volyn Oblast,1035330,2020-06-11,1266,330,38,UA,UA-VOLYN-OBLAST
Volyn Oblast,1035330,2020-06-12,1313,378,40,UA,UA-VOLYN-OBLAST
Volyn Oblast,1035330,2020-06-13,1354,444,41,UA,UA-VOLYN-OBLAST
Volyn Oblast,1035330,2020-06-14,1398,449,42,UA,UA-VOLYN-OBLAST
Volyn Oblast,1035330,2020-06-15,1438,449,43,UA,UA-VOLYN-OBLAST
Volyn Oblast,1035330,2020-06-16,1499,460,45,UA,UA-VOLYN-OBLAST
Volyn Oblast,1035330,2020-06-17,1554,490,48,UA,UA-VOLYN-OBLAST
Volyn Oblast,1035330,2020-06-18,1610,526,50,UA,UA-VOLYN-OBLAST
Volyn Oblast,1035330,2020-06-19,1673,548,52,UA,UA-VOLYN-OBLAST
Volyn Oblast,1035330,2020-06-20,1743,548,52,UA,UA-VOLYN-OBLAST
Volyn Oblast,1035330,2020-06-21,1782,548,52,UA,UA-VOLYN-OBLAST
Volyn Oblast,1035330,2020-06-22,1852,548,52,UA,UA-VOLYN-OBLAST
Volyn Oblast,1035330,2020-06-23,1894,550,54,UA,UA-VOLYN-OBLAST
Volyn Oblast,1035330,2020-06-24,1955,605,57,UA,UA-VOLYN-OBLAST
Volyn Oblast,1035330,2020-06-25,2024,605,57,UA,UA-VOLYN-OBLAST
Volyn Oblast,1035330,2020-06-26,2096,681,59,UA,UA-VOLYN-OBLAST
Volyn Oblast,1035330,2020-06-27,2161,691,60,UA,UA-VOLYN-OBLAST
Volyn Oblast,1035330,2020-06-28,2228,693,60,UA,UA-VOLYN-OBLAST
Volyn Oblast,1035330,2020-06-29,2312,693,60,UA,UA-VOLYN-OBLAST
Volyn Oblast,1035330,2020-06-30,2368,694,60,UA,UA-VOLYN-OBLAST
Volyn Oblast,1035330,2020-07-01,2427,717,62,UA,UA-VOLYN-OBLAST
Volyn Oblast,1035330,2020-07-02,2508,744,62,UA,UA-VOLYN-OBLAST
Volyn Oblast,1035330,2020-07-03,2571,783,63,UA,UA-VOLYN-OBLAST
Volyn Oblast,1035330,2020-07-04,2663,801,67,UA,UA-VOLYN-OBLAST
Volyn Oblast,1035330,2020-07-05,2705,801,68,UA,UA-VOLYN-OBLAST
Volyn Oblast,1035330,2020-07-06,2752,847,69,UA,UA-VOLYN-OBLAST
Volyn Oblast,1035330,2020-07-07,2788,873,70,UA,UA-VOLYN-OBLAST
Zakarpattia Oblast,1256802,2020-06-08,1386,606,32,UA,UA-ZAKARPATTIA-OBLAST
Zakarpattia Oblast,1256802,2020-06-09,1425,606,32,UA,UA-ZAKARPATTIA-OBLAST
Zakarpattia Oblast,1256802,2020-06-10,1448,628,33,UA,UA-ZAKARPATTIA-OBLAST
Zakarpattia Oblast,1256802,2020-06-11,1471,634,35,UA,UA-ZAKARPATTIA-OBLAST
Zakarpattia Oblast,1256802,2020-06-12,1506,675,38,UA,UA-ZAKARPATTIA-OBLAST
Zakarpattia Oblast,1256802,2020-06-13,1583,682,39,UA,UA-ZAKARPATTIA-OBLAST
Zakarpattia Oblast,1256802,2020-06-14,1632,684,40,UA,UA-ZAKARPATTIA-OBLAST
Zakarpattia Oblast,1256802,2020-06-15,1680,686,42,UA,UA-ZAKARPATTIA-OBLAST
Zakarpattia Oblast,1256802,2020-06-16,1726,706,42,UA,UA-ZAKARPATTIA-OBLAST
Zakarpattia Oblast,1256802,2020-06-17,1808,745,46,UA,UA-ZAKARPATTIA-OBLAST
Zakarpattia Oblast,1256802,2020-06-18,1882,772,51,UA,UA-ZAKARPATTIA-OBLAST
Zakarpattia Oblast,1256802,2020-06-19,1960,833,53,UA,UA-ZAKARPATTIA-OBLAST
Zakarpattia Oblast,1256802,2020-06-20,2069,842,54,UA,UA-ZAKARPATTIA-OBLAST
Zakarpattia Oblast,1256802,2020-06-21,2149,842,54,UA,UA-ZAKARPATTIA-OBLAST
Zakarpattia Oblast,1256802,2020-06-22,2188,842,57,UA,UA-ZAKARPATTIA-OBLAST
Zakarpattia Oblast,1256802,2020-06-23,2291,845,61,UA,UA-ZAKARPATTIA-OBLAST
Zakarpattia Oblast,1256802,2020-06-24,2369,864,65,UA,UA-ZAKARPATTIA-OBLAST
Zakarpattia Oblast,1256802,2020-06-25,2454,864,70,UA,UA-ZAKARPATTIA-OBLAST
Zakarpattia Oblast,1256802,2020-06-26,2547,917,73,UA,UA-ZAKARPATTIA-OBLAST
Zakarpattia Oblast,1256802,2020-06-27,2640,926,82,UA,UA-ZAKARPATTIA-OBLAST
Zakarpattia Oblast,1256802,2020-06-28,2726,943,84,UA,UA-ZAKARPATTIA-OBLAST
Zakarpattia Oblast,1256802,2020-06-29,2792,943,87,UA,UA-ZAKARPATTIA-OBLAST
Zakarpattia Oblast,1256802,2020-06-30,2889,943,91,UA,UA-ZAKARPATTIA-OBLAST
Zakarpattia Oblast,1256802,2020-07-01,2961,953,95,UA,UA-ZAKARPATTIA-OBLAST
Zakarpattia Oblast,1256802,2020-07-02,3046,975,97,UA,UA-ZAKARPATTIA-OBLAST
Zakarpattia Oblast,1256802,2020-07-03,3126,987,102,UA,UA-ZAKARPATTIA-OBLAST
Zakarpattia Oblast,1256802,2020-07-04,3214,999,102,UA,UA-ZAKARPATTIA-OBLAST
Zakarpattia Oblast,1256802,2020-07-05,3321,1001,108,UA,UA-ZAKARPATTIA-OBLAST
Zakarpattia Oblast,1256802,2020-07-06,3375,1001,111,UA,UA-ZAKARPATTIA-OBLAST
Zakarpattia Oblast,1256802,2020-07-07,3458,1029,117,UA,UA-ZAKARPATTIA-OBLAST
Zaporizhia Oblast,1705836,2020-06-08,496,286,14,UA,UA-ZAPORIZHIA-OBLAST
Zaporizhia Oblast,1705836,2020-06-09,499,290,14,UA,UA-ZAPORIZHIA-OBLAST
Zaporizhia Oblast,1705836,2020-06-10,502,296,15,UA,UA-ZAPORIZHIA-OBLAST
Zaporizhia Oblast,1705836,2020-06-11,510,303,15,UA,UA-ZAPORIZHIA-OBLAST
Zaporizhia Oblast,1705836,2020-06-12,515,322,15,UA,UA-ZAPORIZHIA-OBLAST
Zaporizhia Oblast,1705836,2020-06-13,521,335,16,UA,UA-ZAPORIZHIA-OBLAST
Zaporizhia Oblast,1705836,2020-06-14,527,335,16,UA,UA-ZAPORIZHIA-OBLAST
Zaporizhia Oblast,1705836,2020-06-15,529,335,16,UA,UA-ZAPORIZHIA-OBLAST
Zaporizhia Oblast,1705836,2020-06-16,531,336,16,UA,UA-ZAPORIZHIA-OBLAST
Zaporizhia Oblast,1705836,2020-06-17,538,366,16,UA,UA-ZAPORIZHIA-OBLAST
Zaporizhia Oblast,1705836,2020-06-18,541,375,16,UA,UA-ZAPORIZHIA-OBLAST
Zaporizhia Oblast,1705836,2020-06-19,547,385,16,UA,UA-ZAPORIZHIA-OBLAST
Zaporizhia Oblast,1705836,2020-06-20,551,391,16,UA,UA-ZAPORIZHIA-OBLAST
Zaporizhia Oblast,1705836,2020-06-21,554,391,16,UA,UA-ZAPORIZHIA-OBLAST
Zaporizhia Oblast,1705836,2020-06-22,555,391,16,UA,UA-ZAPORIZHIA-OBLAST
Zaporizhia Oblast,1705836,2020-06-23,555,393,17,UA,UA-ZAPORIZHIA-OBLAST
Zaporizhia Oblast,1705836,2020-06-24,559,397,17,UA,UA-ZAPORIZHIA-OBLAST
Zaporizhia Oblast,1705836,2020-06-25,561,401,17,UA,UA-ZAPORIZHIA-OBLAST
Zaporizhia Oblast,1705836,2020-06-26,561,405,17,UA,UA-ZAPORIZHIA-OBLAST
Zaporizhia Oblast,1705836,2020-06-27,565,417,17,UA,UA-ZAPORIZHIA-OBLAST
Zaporizhia Oblast,1705836,2020-06-28,568,417,17,UA,UA-ZAPORIZHIA-OBLAST
Zaporizhia Oblast,1705836,2020-06-29,570,418,17,UA,UA-ZAPORIZHIA-OBLAST
Zaporizhia Oblast,1705836,2020-06-30,572,418,17,UA,UA-ZAPORIZHIA-OBLAST
Zaporizhia Oblast,1705836,2020-07-01,572,425,17,UA,UA-ZAPORIZHIA-OBLAST
Zaporizhia Oblast,1705836,2020-07-02,576,442,17,UA,UA-ZAPORIZHIA-OBLAST
Zaporizhia Oblast,1705836,2020-07-03,579,442,17,UA,UA-ZAPORIZHIA-OBLAST
Zaporizhia Oblast,1705836,2020-07-04,588,444,17,UA,UA-ZAPORIZHIA-OBLAST
Zaporizhia Oblast,1705836,2020-07-05,597,444,17,UA,UA-ZAPORIZHIA-OBLAST
Zaporizhia Oblast,1705836,2020-07-06,597,444,17,UA,UA-ZAPORIZHIA-OBLAST
Zaporizhia Oblast,1705836,2020-07-07,598,454,18,UA,UA-ZAPORIZHIA-OBLAST
Zhytomyr Oblast,1220193,2020-06-08,897,500,16,UA,UA-ZHYTOMYR-OBLAST
Zhytomyr Oblast,1220193,2020-06-09,935,500,16,UA,UA-ZHYTOMYR-OBLAST
Zhytomyr Oblast,1220193,2020-06-10,973,501,17,UA,UA-ZHYTOMYR-OBLAST
Zhytomyr Oblast,1220193,2020-06-11,992,520,17,UA,UA-ZHYTOMYR-OBLAST
Zhytomyr Oblast,1220193,2020-06-12,1013,527,17,UA,UA-ZHYTOMYR-OBLAST
Zhytomyr Oblast,1220193,2020-06-13,1032,547,17,UA,UA-ZHYTOMYR-OBLAST
Zhytomyr Oblast,1220193,2020-06-14,1045,547,19,UA,UA-ZHYTOMYR-OBLAST
Zhytomyr Oblast,1220193,2020-06-15,1087,547,19,UA,UA-ZHYTOMYR-OBLAST
Zhytomyr Oblast,1220193,2020-06-16,1101,559,20,UA,UA-ZHYTOMYR-OBLAST
Zhytomyr Oblast,1220193,2020-06-17,1147,574,21,UA,UA-ZHYTOMYR-OBLAST
Zhytomyr Oblast,1220193,2020-06-18,1154,583,21,UA,UA-ZHYTOMYR-OBLAST
Zhytomyr Oblast,1220193,2020-06-19,1201,609,21,UA,UA-ZHYTOMYR-OBLAST
Zhytomyr Oblast,1220193,2020-06-20,1229,633,21,UA,UA-ZHYTOMYR-OBLAST
Zhytomyr Oblast,1220193,2020-06-21,1257,633,21,UA,UA-ZHYTOMYR-OBLAST
Zhytomyr Oblast,1220193,2020-06-22,1270,633,23,UA,UA-ZHYTOMYR-OBLAST
Zhytomyr Oblast,1220193,2020-06-23,1295,663,24,UA,UA-ZHYTOMYR-OBLAST
Zhytomyr Oblast,1220193,2020-06-24,1304,681,24,UA,UA-ZHYTOMYR-OBLAST
Zhytomyr Oblast,1220193,2020-06-25,1337,688,26,UA,UA-ZHYTOMYR-OBLAST
Zhytomyr Oblast,1220193,2020-06-26,1366,719,27,UA,UA-ZHYTOMYR-OBLAST
Zhytomyr Oblast,1220193,2020-06-27,1371,741,27,UA,UA-ZHYTOMYR-OBLAST
Zhytomyr Oblast,1220193,2020-06-28,1396,746,29,UA,UA-ZHYTOMYR-OBLAST
Zhytomyr Oblast,1220193,2020-06-29,1404,746,29,UA,UA-ZHYTOMYR-OBLAST
Zhytomyr Oblast,1220193,2020-06-30,1404,746,29,UA,UA-ZHYTOMYR-OBLAST
Zhytomyr Oblast,1220193,2020-07-01,1408,831,29,UA,UA-ZHYTOMYR-OBLAST
Zhytomyr Oblast,1220193,2020-07-02,1421,849,30,UA,UA-ZHYTOMYR-OBLAST
Zhytomyr Oblast,1220193,2020-07-03,1435,897,30,UA,UA-ZHYTOMYR-OBLAST
Zhytomyr Oblast,1220193,2020-07-04,1447,950,30,UA,UA-ZHYTOMYR-OBLAST
Zhytomyr Oblast,1220193,2020-07-05,1461,950,30,UA,UA-ZHYTOMYR-OBLAST
Zhytomyr Oblast,1220193,2020-07-06,1468,950,30,UA,UA-ZHYTOMYR-OBLAST
Zhytomyr Oblast,1220193,2020-07-07,1469,994,30,UA,UA-ZHYTOMYR-OBLAST
