state_name_en,population_number,reportDate,cases,recovered,deaths,countryCode,stateCode
Acre,829619,2020-05-21,2817,0,76,BR,BR-ACRE
Acre,829619,2020-05-22,3103,0,78,BR,BR-ACRE
Acre,829619,2020-05-23,3343,0,80,BR,BR-ACRE
Acre,829619,2020-05-24,3867,0,87,BR,BR-ACRE
Acre,829619,2020-05-25,4160,0,92,BR,BR-ACRE
Acre,829619,2020-05-26,4501,0,97,BR,BR-ACRE
Acre,829619,2020-05-27,4781,0,105,BR,BR-ACRE
Acre,829619,2020-05-28,5251,0,113,BR,BR-ACRE
Acre,829619,2020-05-29,5600,0,122,BR,BR-ACRE
Acre,829619,2020-05-30,5841,0,135,BR,BR-ACRE
Acre,829619,2020-05-31,6072,0,142,BR,BR-ACRE
Acre,829619,2020-06-01,6219,0,148,BR,BR-ACRE
Acre,829619,2020-06-02,6326,0,161,BR,BR-ACRE
Acre,829619,2020-06-03,6465,0,165,BR,BR-ACRE
Acre,829619,2020-06-04,6679,0,171,BR,BR-ACRE
Acre,829619,2020-06-05,7021,0,181,BR,BR-ACRE
Acre,829619,2020-06-06,7021,0,181,BR,BR-ACRE
Acre,829619,2020-06-07,7525,0,201,BR,BR-ACRE
Acre,829619,2020-06-08,7983,0,207,BR,BR-ACRE
Acre,829619,2020-06-09,8128,4113,211,BR,BR-ACRE
Acre,829619,2020-06-10,8457,4336,223,BR,BR-ACRE
Acre,829619,2020-06-11,8746,4336,237,BR,BR-ACRE
Acre,829619,2020-06-12,9091,4775,245,BR,BR-ACRE
Acre,829619,2020-06-13,9295,4775,254,BR,BR-ACRE
Acre,829619,2020-06-14,9534,5043,256,BR,BR-ACRE
Acre,829619,2020-06-15,9642,5108,259,BR,BR-ACRE
Acre,829619,2020-06-16,9771,5224,265,BR,BR-ACRE
Acre,829619,2020-06-17,10003,5383,271,BR,BR-ACRE
Acre,829619,2020-06-18,10339,5566,281,BR,BR-ACRE
Acre,829619,2020-06-19,10664,5566,287,BR,BR-ACRE
Acre,829619,2020-06-20,10987,5940,292,BR,BR-ACRE
Acre,829619,2020-06-21,11263,6089,297,BR,BR-ACRE
Acre,829619,2020-06-22,11381,6187,300,BR,BR-ACRE
Acre,829619,2020-06-23,11539,6270,305,BR,BR-ACRE
Acre,829619,2020-06-24,11810,6270,321,BR,BR-ACRE
Acre,829619,2020-06-25,12022,6270,326,BR,BR-ACRE
Acre,829619,2020-06-26,12304,6270,335,BR,BR-ACRE
Acre,829619,2020-06-27,12644,6270,343,BR,BR-ACRE
Acre,829619,2020-06-28,12913,6270,351,BR,BR-ACRE
Acre,829619,2020-06-29,13058,6270,353,BR,BR-ACRE
Acre,829619,2020-06-30,13146,6270,361,BR,BR-ACRE
Acre,829619,2020-07-01,13253,6270,365,BR,BR-ACRE
Acre,829619,2020-07-02,13715,7650,370,BR,BR-ACRE
Acre,829619,2020-07-03,14048,7650,378,BR,BR-ACRE
Acre,829619,2020-07-04,14112,7650,387,BR,BR-ACRE
Acre,829619,2020-07-05,14487,7650,391,BR,BR-ACRE
Acre,829619,2020-07-06,14622,8243,391,BR,BR-ACRE
Acre,829619,2020-07-07,14688,8243,394,BR,BR-ACRE
Alagoas,3375823,2020-05-21,4437,0,251,BR,BR-ALAGOAS
Alagoas,3375823,2020-05-22,4916,0,262,BR,BR-ALAGOAS
Alagoas,3375823,2020-05-23,5302,0,280,BR,BR-ALAGOAS
Alagoas,3375823,2020-05-24,5630,0,301,BR,BR-ALAGOAS
Alagoas,3375823,2020-05-25,6214,0,316,BR,BR-ALAGOAS
Alagoas,3375823,2020-05-26,6682,0,337,BR,BR-ALAGOAS
Alagoas,3375823,2020-05-27,7058,0,354,BR,BR-ALAGOAS
Alagoas,3375823,2020-05-28,7580,0,368,BR,BR-ALAGOAS
Alagoas,3375823,2020-05-29,8055,0,385,BR,BR-ALAGOAS
Alagoas,3375823,2020-05-30,8618,0,406,BR,BR-ALAGOAS
Alagoas,3375823,2020-05-31,9223,0,424,BR,BR-ALAGOAS
Alagoas,3375823,2020-06-01,10288,0,443,BR,BR-ALAGOAS
Alagoas,3375823,2020-06-02,10837,0,461,BR,BR-ALAGOAS
Alagoas,3375823,2020-06-03,11559,0,482,BR,BR-ALAGOAS
Alagoas,3375823,2020-06-04,12407,0,506,BR,BR-ALAGOAS
Alagoas,3375823,2020-06-05,13097,0,531,BR,BR-ALAGOAS
Alagoas,3375823,2020-06-06,13097,0,531,BR,BR-ALAGOAS
Alagoas,3375823,2020-06-07,14818,0,582,BR,BR-ALAGOAS
Alagoas,3375823,2020-06-08,15706,0,601,BR,BR-ALAGOAS
Alagoas,3375823,2020-06-09,15706,9645,601,BR,BR-ALAGOAS
Alagoas,3375823,2020-06-10,17193,10290,640,BR,BR-ALAGOAS
Alagoas,3375823,2020-06-11,18176,11220,660,BR,BR-ALAGOAS
Alagoas,3375823,2020-06-12,19200,12177,681,BR,BR-ALAGOAS
Alagoas,3375823,2020-06-13,20031,13094,701,BR,BR-ALAGOAS
Alagoas,3375823,2020-06-14,20887,13761,723,BR,BR-ALAGOAS
Alagoas,3375823,2020-06-15,22199,14261,744,BR,BR-ALAGOAS
Alagoas,3375823,2020-06-16,22962,15169,768,BR,BR-ALAGOAS
Alagoas,3375823,2020-06-17,23632,16115,793,BR,BR-ALAGOAS
Alagoas,3375823,2020-06-18,24867,17065,811,BR,BR-ALAGOAS
Alagoas,3375823,2020-06-19,25633,17941,831,BR,BR-ALAGOAS
Alagoas,3375823,2020-06-20,26906,19644,848,BR,BR-ALAGOAS
Alagoas,3375823,2020-06-21,27698,19644,866,BR,BR-ALAGOAS
Alagoas,3375823,2020-06-22,28657,20320,884,BR,BR-ALAGOAS
Alagoas,3375823,2020-06-23,29395,22189,903,BR,BR-ALAGOAS
Alagoas,3375823,2020-06-24,30248,22189,920,BR,BR-ALAGOAS
Alagoas,3375823,2020-06-25,31230,23185,938,BR,BR-ALAGOAS
Alagoas,3375823,2020-06-26,32065,23766,958,BR,BR-ALAGOAS
Alagoas,3375823,2020-06-27,32864,24380,975,BR,BR-ALAGOAS
Alagoas,3375823,2020-06-28,33521,24796,993,BR,BR-ALAGOAS
Alagoas,3375823,2020-06-29,34312,25382,1012,BR,BR-ALAGOAS
Alagoas,3375823,2020-06-30,35117,25512,1032,BR,BR-ALAGOAS
Alagoas,3375823,2020-07-01,35962,27502,1052,BR,BR-ALAGOAS
Alagoas,3375823,2020-07-02,36819,28236,1072,BR,BR-ALAGOAS
Alagoas,3375823,2020-07-03,37328,29185,1091,BR,BR-ALAGOAS
Alagoas,3375823,2020-07-04,38404,30181,1113,BR,BR-ALAGOAS
Alagoas,3375823,2020-07-05,39255,31245,1134,BR,BR-ALAGOAS
Alagoas,3375823,2020-07-06,39935,31245,1153,BR,BR-ALAGOAS
Alagoas,3375823,2020-07-07,40569,32468,1172,BR,BR-ALAGOAS
Amapá,797722,2020-05-21,4549,0,142,BR,BR-AMAPA
Amapá,797722,2020-05-22,5188,0,151,BR,BR-AMAPA
Amapá,797722,2020-05-23,5655,0,157,BR,BR-AMAPA
Amapá,797722,2020-05-24,6091,0,162,BR,BR-AMAPA
Amapá,797722,2020-05-25,6353,0,163,BR,BR-AMAPA
Amapá,797722,2020-05-26,6584,0,168,BR,BR-AMAPA
Amapá,797722,2020-05-27,6967,0,173,BR,BR-AMAPA
Amapá,797722,2020-05-28,7619,0,183,BR,BR-AMAPA
Amapá,797722,2020-05-29,8152,0,198,BR,BR-AMAPA
Amapá,797722,2020-05-30,8469,0,207,BR,BR-AMAPA
Amapá,797722,2020-05-31,9313,0,215,BR,BR-AMAPA
Amapá,797722,2020-06-01,9602,0,222,BR,BR-AMAPA
Amapá,797722,2020-06-02,9890,0,228,BR,BR-AMAPA
Amapá,797722,2020-06-03,10511,0,237,BR,BR-AMAPA
Amapá,797722,2020-06-04,11107,0,247,BR,BR-AMAPA
Amapá,797722,2020-06-05,11551,0,254,BR,BR-AMAPA
Amapá,797722,2020-06-06,11551,0,254,BR,BR-AMAPA
Amapá,797722,2020-06-07,12773,0,269,BR,BR-AMAPA
Amapá,797722,2020-06-08,13045,0,272,BR,BR-AMAPA
Amapá,797722,2020-06-09,13294,6148,278,BR,BR-AMAPA
Amapá,797722,2020-06-10,13771,6544,285,BR,BR-AMAPA
Amapá,797722,2020-06-11,14623,6717,289,BR,BR-AMAPA
Amapá,797722,2020-06-12,15166,7253,303,BR,BR-AMAPA
Amapá,797722,2020-06-13,15683,7311,312,BR,BR-AMAPA
Amapá,797722,2020-06-14,16322,7311,319,BR,BR-AMAPA
Amapá,797722,2020-06-15,16512,7363,324,BR,BR-AMAPA
Amapá,797722,2020-06-16,16813,7460,329,BR,BR-AMAPA
Amapá,797722,2020-06-17,18024,8041,337,BR,BR-AMAPA
Amapá,797722,2020-06-18,18618,8529,338,BR,BR-AMAPA
Amapá,797722,2020-06-19,19387,8766,342,BR,BR-AMAPA
Amapá,797722,2020-06-20,19922,9080,348,BR,BR-AMAPA
Amapá,797722,2020-06-21,21574,9416,353,BR,BR-AMAPA
Amapá,797722,2020-06-22,21840,9521,359,BR,BR-AMAPA
Amapá,797722,2020-06-23,24682,10178,372,BR,BR-AMAPA
Amapá,797722,2020-06-24,26437,10178,380,BR,BR-AMAPA
Amapá,797722,2020-06-25,26919,10544,387,BR,BR-AMAPA
Amapá,797722,2020-06-26,27415,10912,394,BR,BR-AMAPA
Amapá,797722,2020-06-27,27662,11333,401,BR,BR-AMAPA
Amapá,797722,2020-06-28,27901,12804,406,BR,BR-AMAPA
Amapá,797722,2020-06-29,27985,12815,407,BR,BR-AMAPA
Amapá,797722,2020-06-30,28253,12929,413,BR,BR-AMAPA
Amapá,797722,2020-07-01,28492,13573,417,BR,BR-AMAPA
Amapá,797722,2020-07-02,28927,14168,420,BR,BR-AMAPA
Amapá,797722,2020-07-03,29153,16298,427,BR,BR-AMAPA
Amapá,797722,2020-07-04,29574,17156,438,BR,BR-AMAPA
Amapá,797722,2020-07-05,29809,17566,441,BR,BR-AMAPA
Amapá,797722,2020-07-06,29883,17566,442,BR,BR-AMAPA
Amapá,797722,2020-07-07,30004,17850,449,BR,BR-AMAPA
Amazonas,4063614,2020-05-21,23704,0,1561,BR,BR-AMAZONAS
Amazonas,4063614,2020-05-22,25367,0,1620,BR,BR-AMAZONAS
Amazonas,4063614,2020-05-23,27038,0,1669,BR,BR-AMAZONAS
Amazonas,4063614,2020-05-24,28802,0,1744,BR,BR-AMAZONAS
Amazonas,4063614,2020-05-25,29867,0,1758,BR,BR-AMAZONAS
Amazonas,4063614,2020-05-26,30282,0,1781,BR,BR-AMAZONAS
Amazonas,4063614,2020-05-27,31949,0,1852,BR,BR-AMAZONAS
Amazonas,4063614,2020-05-28,33508,0,1891,BR,BR-AMAZONAS
Amazonas,4063614,2020-05-29,36146,0,1964,BR,BR-AMAZONAS
Amazonas,4063614,2020-05-30,38909,0,2011,BR,BR-AMAZONAS
Amazonas,4063614,2020-05-31,40560,0,2047,BR,BR-AMAZONAS
Amazonas,4063614,2020-06-01,41378,0,2052,BR,BR-AMAZONAS
Amazonas,4063614,2020-06-02,41774,0,2071,BR,BR-AMAZONAS
Amazonas,4063614,2020-06-03,43195,0,2102,BR,BR-AMAZONAS
Amazonas,4063614,2020-06-04,44347,0,2138,BR,BR-AMAZONAS
Amazonas,4063614,2020-06-05,46473,0,2183,BR,BR-AMAZONAS
Amazonas,4063614,2020-06-06,46473,0,2183,BR,BR-AMAZONAS
Amazonas,4063614,2020-06-07,48785,0,2232,BR,BR-AMAZONAS
Amazonas,4063614,2020-06-08,49269,0,2250,BR,BR-AMAZONAS
Amazonas,4063614,2020-06-09,49811,39586,2271,BR,BR-AMAZONAS
Amazonas,4063614,2020-06-10,51234,39586,2315,BR,BR-AMAZONAS
Amazonas,4063614,2020-06-11,52849,42586,2363,BR,BR-AMAZONAS
Amazonas,4063614,2020-06-12,53989,43508,2400,BR,BR-AMAZONAS
Amazonas,4063614,2020-06-13,55111,44447,2429,BR,BR-AMAZONAS
Amazonas,4063614,2020-06-14,56026,45238,2465,BR,BR-AMAZONAS
Amazonas,4063614,2020-06-15,56506,45624,2492,BR,BR-AMAZONAS
Amazonas,4063614,2020-06-16,56777,45828,2512,BR,BR-AMAZONAS
Amazonas,4063614,2020-06-17,58018,46894,2549,BR,BR-AMAZONAS
Amazonas,4063614,2020-06-18,59547,48173,2579,BR,BR-AMAZONAS
Amazonas,4063614,2020-06-19,60736,49178,2605,BR,BR-AMAZONAS
Amazonas,4063614,2020-06-20,61683,50980,2624,BR,BR-AMAZONAS
Amazonas,4063614,2020-06-21,62902,50980,2650,BR,BR-AMAZONAS
Amazonas,4063614,2020-06-22,63410,51398,2657,BR,BR-AMAZONAS
Amazonas,4063614,2020-06-23,63731,51398,2671,BR,BR-AMAZONAS
Amazonas,4063614,2020-06-24,65073,52771,2686,BR,BR-AMAZONAS
Amazonas,4063614,2020-06-25,66764,54193,2710,BR,BR-AMAZONAS
Amazonas,4063614,2020-06-26,67267,54193,2731,BR,BR-AMAZONAS
Amazonas,4063614,2020-06-27,68220,55414,2739,BR,BR-AMAZONAS
Amazonas,4063614,2020-06-28,69022,56103,2772,BR,BR-AMAZONAS
Amazonas,4063614,2020-06-29,69649,56634,2780,BR,BR-AMAZONAS
Amazonas,4063614,2020-06-30,69893,56634,2792,BR,BR-AMAZONAS
Amazonas,4063614,2020-07-01,70823,57616,2823,BR,BR-AMAZONAS
Amazonas,4063614,2020-07-02,72284,58822,2843,BR,BR-AMAZONAS
Amazonas,4063614,2020-07-03,73530,59883,2862,BR,BR-AMAZONAS
Amazonas,4063614,2020-07-04,74537,60743,2887,BR,BR-AMAZONAS
Amazonas,4063614,2020-07-05,75945,61989,2918,BR,BR-AMAZONAS
Amazonas,4063614,2020-07-06,76014,61989,2929,BR,BR-AMAZONAS
Amazonas,4063614,2020-07-07,76424,61989,2938,BR,BR-AMAZONAS
Bahia,15344447,2020-05-21,11197,0,362,BR,BR-BAHIA
Bahia,15344447,2020-05-22,11941,0,376,BR,BR-BAHIA
Bahia,15344447,2020-05-23,12557,0,399,BR,BR-BAHIA
Bahia,15344447,2020-05-24,13000,0,413,BR,BR-BAHIA
Bahia,15344447,2020-05-25,13899,0,460,BR,BR-BAHIA
Bahia,15344447,2020-05-26,14204,0,477,BR,BR-BAHIA
Bahia,15344447,2020-05-27,14566,0,495,BR,BR-BAHIA
Bahia,15344447,2020-05-28,15070,0,531,BR,BR-BAHIA
Bahia,15344447,2020-05-29,15963,0,570,BR,BR-BAHIA
Bahia,15344447,2020-05-30,16917,0,609,BR,BR-BAHIA
Bahia,15344447,2020-05-31,17626,0,638,BR,BR-BAHIA
Bahia,15344447,2020-06-01,18392,0,667,BR,BR-BAHIA
Bahia,15344447,2020-06-02,18898,0,701,BR,BR-BAHIA
Bahia,15344447,2020-06-03,21430,0,736,BR,BR-BAHIA
Bahia,15344447,2020-06-04,22451,0,762,BR,BR-BAHIA
Bahia,15344447,2020-06-05,23463,0,790,BR,BR-BAHIA
Bahia,15344447,2020-06-06,23463,0,790,BR,BR-BAHIA
Bahia,15344447,2020-06-07,27396,0,846,BR,BR-BAHIA
Bahia,15344447,2020-06-08,28250,0,879,BR,BR-BAHIA
Bahia,15344447,2020-06-09,28715,12406,910,BR,BR-BAHIA
Bahia,15344447,2020-06-10,30481,14228,937,BR,BR-BAHIA
Bahia,15344447,2020-06-11,32685,14228,975,BR,BR-BAHIA
Bahia,15344447,2020-06-12,33891,14976,1013,BR,BR-BAHIA
Bahia,15344447,2020-06-13,34665,14976,1039,BR,BR-BAHIA
Bahia,15344447,2020-06-14,35788,15279,1069,BR,BR-BAHIA
Bahia,15344447,2020-06-15,36401,15486,1105,BR,BR-BAHIA
Bahia,15344447,2020-06-16,37620,15850,1145,BR,BR-BAHIA
Bahia,15344447,2020-06-17,39206,16777,1181,BR,BR-BAHIA
Bahia,15344447,2020-06-18,40926,17886,1222,BR,BR-BAHIA
Bahia,15344447,2020-06-19,41577,18351,1263,BR,BR-BAHIA
Bahia,15344447,2020-06-20,43922,21691,1305,BR,BR-BAHIA
Bahia,15344447,2020-06-21,45304,21691,1350,BR,BR-BAHIA
Bahia,15344447,2020-06-22,46279,22588,1391,BR,BR-BAHIA
Bahia,15344447,2020-06-23,47086,25255,1441,BR,BR-BAHIA
Bahia,15344447,2020-06-24,49084,25255,1491,BR,BR-BAHIA
Bahia,15344447,2020-06-25,51931,29193,1541,BR,BR-BAHIA
Bahia,15344447,2020-06-26,54291,29193,1601,BR,BR-BAHIA
Bahia,15344447,2020-06-27,56422,31192,1642,BR,BR-BAHIA
Bahia,15344447,2020-06-28,65244,39993,1697,BR,BR-BAHIA
Bahia,15344447,2020-06-29,68495,43072,1748,BR,BR-BAHIA
Bahia,15344447,2020-06-30,69467,43946,1800,BR,BR-BAHIA
Bahia,15344447,2020-07-01,73307,47759,1853,BR,BR-BAHIA
Bahia,15344447,2020-07-02,76485,50924,1902,BR,BR-BAHIA
Bahia,15344447,2020-07-03,79349,53334,1947,BR,BR-BAHIA
Bahia,15344447,2020-07-04,82314,54987,2001,BR,BR-BAHIA
Bahia,15344447,2020-07-05,85485,58649,2050,BR,BR-BAHIA
Bahia,15344447,2020-07-06,87048,58649,2107,BR,BR-BAHIA
Bahia,15344447,2020-07-07,88279,59779,2168,BR,BR-BAHIA
Ceará,9020460,2020-05-21,30560,0,1900,BR,BR-CEARA
Ceará,9020460,2020-05-22,31413,0,2161,BR,BR-CEARA
Ceará,9020460,2020-05-23,34573,0,2251,BR,BR-CEARA
Ceará,9020460,2020-05-24,35122,0,2308,BR,BR-CEARA
Ceará,9020460,2020-05-25,35595,0,2324,BR,BR-CEARA
Ceará,9020460,2020-05-26,36185,0,2493,BR,BR-CEARA
Ceará,9020460,2020-05-27,37021,0,2603,BR,BR-CEARA
Ceará,9020460,2020-05-28,37275,0,2671,BR,BR-CEARA
Ceará,9020460,2020-05-29,37821,0,2733,BR,BR-CEARA
Ceará,9020460,2020-05-30,38395,0,2859,BR,BR-CEARA
Ceará,9020460,2020-05-31,46506,0,2956,BR,BR-CEARA
Ceará,9020460,2020-06-01,48489,0,3010,BR,BR-CEARA
Ceará,9020460,2020-06-02,50504,0,3188,BR,BR-CEARA
Ceará,9020460,2020-06-03,53073,0,3421,BR,BR-CEARA
Ceará,9020460,2020-06-04,56056,0,3605,BR,BR-CEARA
Ceará,9020460,2020-06-05,59795,0,3813,BR,BR-CEARA
Ceará,9020460,2020-06-06,59795,0,3813,BR,BR-CEARA
Ceará,9020460,2020-06-07,63575,0,3965,BR,BR-CEARA
Ceará,9020460,2020-06-08,64271,0,3982,BR,BR-CEARA
Ceará,9020460,2020-06-09,65605,48847,4120,BR,BR-CEARA
Ceará,9020460,2020-06-10,68384,50913,4309,BR,BR-CEARA
Ceará,9020460,2020-06-11,71402,52351,4480,BR,BR-CEARA
Ceará,9020460,2020-06-12,73879,54414,4663,BR,BR-CEARA
Ceará,9020460,2020-06-13,75705,55489,4788,BR,BR-CEARA
Ceará,9020460,2020-06-14,76429,54956,4829,BR,BR-CEARA
Ceará,9020460,2020-06-15,76748,58227,4861,BR,BR-CEARA
Ceará,9020460,2020-06-16,79462,60095,4999,BR,BR-CEARA
Ceará,9020460,2020-06-17,81289,61963,5070,BR,BR-CEARA
Ceará,9020460,2020-06-18,84967,63966,5282,BR,BR-CEARA
Ceará,9020460,2020-06-19,87273,65720,5377,BR,BR-CEARA
Ceará,9020460,2020-06-20,89863,67251,5460,BR,BR-CEARA
Ceará,9020460,2020-06-21,92156,69322,5518,BR,BR-CEARA
Ceará,9020460,2020-06-22,92866,70809,5523,BR,BR-CEARA
Ceará,9020460,2020-06-23,94158,73019,5604,BR,BR-CEARA
Ceará,9020460,2020-06-24,97528,74920,5717,BR,BR-CEARA
Ceará,9020460,2020-06-25,99578,77089,5815,BR,BR-CEARA
Ceará,9020460,2020-06-26,102126,77009,5875,BR,BR-CEARA
Ceará,9020460,2020-06-27,104422,80456,5920,BR,BR-CEARA
Ceará,9020460,2020-06-28,106628,80516,5981,BR,BR-CEARA
Ceará,9020460,2020-06-29,107568,82456,5990,BR,BR-CEARA
Ceará,9020460,2020-06-30,108225,85938,6076,BR,BR-CEARA
Ceará,9020460,2020-07-01,108699,85938,6146,BR,BR-CEARA
Ceará,9020460,2020-07-02,113017,89767,6180,BR,BR-CEARA
Ceará,9020460,2020-07-03,115524,90085,6284,BR,BR-CEARA
Ceará,9020460,2020-07-04,118041,91918,6351,BR,BR-CEARA
Ceará,9020460,2020-07-05,120952,93903,6411,BR,BR-CEARA
Ceará,9020460,2020-07-06,121464,95653,6441,BR,BR-CEARA
Ceará,9020460,2020-07-07,122477,97470,6481,BR,BR-CEARA
Distrito Federal,3039444,2020-05-21,5161,0,77,BR,BR-DISTRITO-FEDERAL
Distrito Federal,3039444,2020-05-22,5542,0,84,BR,BR-DISTRITO-FEDERAL
Distrito Federal,3039444,2020-05-23,5948,0,90,BR,BR-DISTRITO-FEDERAL
Distrito Federal,3039444,2020-05-24,6251,0,95,BR,BR-DISTRITO-FEDERAL
Distrito Federal,3039444,2020-05-25,6638,0,104,BR,BR-DISTRITO-FEDERAL
Distrito Federal,3039444,2020-05-26,6930,0,114,BR,BR-DISTRITO-FEDERAL
Distrito Federal,3039444,2020-05-27,7210,0,124,BR,BR-DISTRITO-FEDERAL
Distrito Federal,3039444,2020-05-28,7761,0,133,BR,BR-DISTRITO-FEDERAL
Distrito Federal,3039444,2020-05-29,8300,0,142,BR,BR-DISTRITO-FEDERAL
Distrito Federal,3039444,2020-05-30,8722,0,154,BR,BR-DISTRITO-FEDERAL
Distrito Federal,3039444,2020-05-31,9474,0,162,BR,BR-DISTRITO-FEDERAL
Distrito Federal,3039444,2020-06-01,9780,0,170,BR,BR-DISTRITO-FEDERAL
Distrito Federal,3039444,2020-06-02,10510,0,171,BR,BR-DISTRITO-FEDERAL
Distrito Federal,3039444,2020-06-03,11256,0,177,BR,BR-DISTRITO-FEDERAL
Distrito Federal,3039444,2020-06-04,12020,0,191,BR,BR-DISTRITO-FEDERAL
Distrito Federal,3039444,2020-06-05,12923,0,196,BR,BR-DISTRITO-FEDERAL
Distrito Federal,3039444,2020-06-06,12923,0,196,BR,BR-DISTRITO-FEDERAL
Distrito Federal,3039444,2020-06-07,15850,0,208,BR,BR-DISTRITO-FEDERAL
Distrito Federal,3039444,2020-06-08,16623,0,214,BR,BR-DISTRITO-FEDERAL
Distrito Federal,3039444,2020-06-09,16629,9788,214,BR,BR-DISTRITO-FEDERAL
Distrito Federal,3039444,2020-06-10,18090,10404,236,BR,BR-DISTRITO-FEDERAL
Distrito Federal,3039444,2020-06-11,19433,11092,256,BR,BR-DISTRITO-FEDERAL
Distrito Federal,3039444,2020-06-12,20507,11828,274,BR,BR-DISTRITO-FEDERAL
Distrito Federal,3039444,2020-06-13,21396,12485,282,BR,BR-DISTRITO-FEDERAL
Distrito Federal,3039444,2020-06-14,21959,12483,293,BR,BR-DISTRITO-FEDERAL
Distrito Federal,3039444,2020-06-15,22871,13882,304,BR,BR-DISTRITO-FEDERAL
Distrito Federal,3039444,2020-06-16,23684,15186,319,BR,BR-DISTRITO-FEDERAL
Distrito Federal,3039444,2020-06-17,25380,16621,348,BR,BR-DISTRITO-FEDERAL
Distrito Federal,3039444,2020-06-18,27140,16876,365,BR,BR-DISTRITO-FEDERAL
Distrito Federal,3039444,2020-06-19,28521,18816,379,BR,BR-DISTRITO-FEDERAL
Distrito Federal,3039444,2020-06-20,30902,20453,396,BR,BR-DISTRITO-FEDERAL
Distrito Federal,3039444,2020-06-21,32238,21782,404,BR,BR-DISTRITO-FEDERAL
Distrito Federal,3039444,2020-06-22,33227,21232,423,BR,BR-DISTRITO-FEDERAL
Distrito Federal,3039444,2020-06-23,34148,23194,449,BR,BR-DISTRITO-FEDERAL
Distrito Federal,3039444,2020-06-24,35368,24749,475,BR,BR-DISTRITO-FEDERAL
Distrito Federal,3039444,2020-06-25,37254,26493,495,BR,BR-DISTRITO-FEDERAL
Distrito Federal,3039444,2020-06-26,38871,26493,509,BR,BR-DISTRITO-FEDERAL
Distrito Federal,3039444,2020-06-27,41326,29103,532,BR,BR-DISTRITO-FEDERAL
Distrito Federal,3039444,2020-06-28,42766,29102,537,BR,BR-DISTRITO-FEDERAL
Distrito Federal,3039444,2020-06-29,44905,30070,548,BR,BR-DISTRITO-FEDERAL
Distrito Federal,3039444,2020-06-30,47071,34008,559,BR,BR-DISTRITO-FEDERAL
Distrito Federal,3039444,2020-07-01,49218,33970,587,BR,BR-DISTRITO-FEDERAL
Distrito Federal,3039444,2020-07-02,50676,35533,620,BR,BR-DISTRITO-FEDERAL
Distrito Federal,3039444,2020-07-03,52281,38901,631,BR,BR-DISTRITO-FEDERAL
Distrito Federal,3039444,2020-07-04,53996,40679,643,BR,BR-DISTRITO-FEDERAL
Distrito Federal,3039444,2020-07-05,55760,43964,671,BR,BR-DISTRITO-FEDERAL
Distrito Federal,3039444,2020-07-06,57854,43946,699,BR,BR-DISTRITO-FEDERAL
Distrito Federal,3039444,2020-07-07,60383,47347,726,BR,BR-DISTRITO-FEDERAL
Espirito Santo,4016356,2020-05-21,8092,0,341,BR,BR-ESPIRITO-SANTO
Espirito Santo,4016356,2020-05-22,8878,0,363,BR,BR-ESPIRITO-SANTO
Espirito Santo,4016356,2020-05-23,9520,0,397,BR,BR-ESPIRITO-SANTO
Espirito Santo,4016356,2020-05-24,9918,0,417,BR,BR-ESPIRITO-SANTO
Espirito Santo,4016356,2020-05-25,10007,0,446,BR,BR-ESPIRITO-SANTO
Espirito Santo,4016356,2020-05-26,10365,0,465,BR,BR-ESPIRITO-SANTO
Espirito Santo,4016356,2020-05-27,10889,0,487,BR,BR-ESPIRITO-SANTO
Espirito Santo,4016356,2020-05-28,11484,0,511,BR,BR-ESPIRITO-SANTO
Espirito Santo,4016356,2020-05-29,12203,0,538,BR,BR-ESPIRITO-SANTO
Espirito Santo,4016356,2020-05-30,12903,0,560,BR,BR-ESPIRITO-SANTO
Espirito Santo,4016356,2020-05-31,13437,0,583,BR,BR-ESPIRITO-SANTO
Espirito Santo,4016356,2020-06-01,13690,0,604,BR,BR-ESPIRITO-SANTO
Espirito Santo,4016356,2020-06-02,14069,0,614,BR,BR-ESPIRITO-SANTO
Espirito Santo,4016356,2020-06-03,15151,0,664,BR,BR-ESPIRITO-SANTO
Espirito Santo,4016356,2020-06-04,16121,0,698,BR,BR-ESPIRITO-SANTO
Espirito Santo,4016356,2020-06-05,16894,0,737,BR,BR-ESPIRITO-SANTO
Espirito Santo,4016356,2020-06-06,16894,0,737,BR,BR-ESPIRITO-SANTO
Espirito Santo,4016356,2020-06-07,18950,0,806,BR,BR-ESPIRITO-SANTO
Espirito Santo,4016356,2020-06-08,19619,0,832,BR,BR-ESPIRITO-SANTO
Espirito Santo,4016356,2020-06-09,20659,11192,871,BR,BR-ESPIRITO-SANTO
Espirito Santo,4016356,2020-06-10,21964,12725,904,BR,BR-ESPIRITO-SANTO
Espirito Santo,4016356,2020-06-11,23344,12725,936,BR,BR-ESPIRITO-SANTO
Espirito Santo,4016356,2020-06-12,24229,13921,962,BR,BR-ESPIRITO-SANTO
Espirito Santo,4016356,2020-06-13,25257,13921,986,BR,BR-ESPIRITO-SANTO
Espirito Santo,4016356,2020-06-14,25932,14224,1022,BR,BR-ESPIRITO-SANTO
Espirito Santo,4016356,2020-06-15,26441,14224,1054,BR,BR-ESPIRITO-SANTO
Espirito Santo,4016356,2020-06-16,27581,15252,1086,BR,BR-ESPIRITO-SANTO
Espirito Santo,4016356,2020-06-17,28952,15252,1131,BR,BR-ESPIRITO-SANTO
Espirito Santo,4016356,2020-06-18,30441,17254,1169,BR,BR-ESPIRITO-SANTO
Espirito Santo,4016356,2020-06-19,31671,17254,1217,BR,BR-ESPIRITO-SANTO
Espirito Santo,4016356,2020-06-20,33142,19836,1265,BR,BR-ESPIRITO-SANTO
Espirito Santo,4016356,2020-06-21,34216,19836,1297,BR,BR-ESPIRITO-SANTO
Espirito Santo,4016356,2020-06-22,34858,20081,1326,BR,BR-ESPIRITO-SANTO
Espirito Santo,4016356,2020-06-23,35784,20690,1362,BR,BR-ESPIRITO-SANTO
Espirito Santo,4016356,2020-06-24,36827,20690,1425,BR,BR-ESPIRITO-SANTO
Espirito Santo,4016356,2020-06-25,38481,23729,1463,BR,BR-ESPIRITO-SANTO
Espirito Santo,4016356,2020-06-26,40246,23729,1490,BR,BR-ESPIRITO-SANTO
Espirito Santo,4016356,2020-06-27,41652,24660,1507,BR,BR-ESPIRITO-SANTO
Espirito Santo,4016356,2020-06-28,41652,25418,1507,BR,BR-ESPIRITO-SANTO
Espirito Santo,4016356,2020-06-29,43683,25703,1568,BR,BR-ESPIRITO-SANTO
Espirito Santo,4016356,2020-06-30,45097,26751,1621,BR,BR-ESPIRITO-SANTO
Espirito Santo,4016356,2020-07-01,46893,27580,1648,BR,BR-ESPIRITO-SANTO
Espirito Santo,4016356,2020-07-02,48821,28752,1693,BR,BR-ESPIRITO-SANTO
Espirito Santo,4016356,2020-07-03,50240,30332,1728,BR,BR-ESPIRITO-SANTO
Espirito Santo,4016356,2020-07-04,51689,31980,1758,BR,BR-ESPIRITO-SANTO
Espirito Santo,4016356,2020-07-05,52823,33839,1781,BR,BR-ESPIRITO-SANTO
Espirito Santo,4016356,2020-07-06,53393,33839,1804,BR,BR-ESPIRITO-SANTO
Espirito Santo,4016356,2020-07-07,54547,35118,1838,BR,BR-ESPIRITO-SANTO
Goiás,6778772,2020-05-21,1978,0,78,BR,BR-GOIAS
Goiás,6778772,2020-05-22,2114,0,85,BR,BR-GOIAS
Goiás,6778772,2020-05-23,2304,0,93,BR,BR-GOIAS
Goiás,6778772,2020-05-24,2377,0,95,BR,BR-GOIAS
Goiás,6778772,2020-05-25,2443,0,95,BR,BR-GOIAS
Goiás,6778772,2020-05-26,2512,0,96,BR,BR-GOIAS
Goiás,6778772,2020-05-27,2671,0,104,BR,BR-GOIAS
Goiás,6778772,2020-05-28,2843,0,108,BR,BR-GOIAS
Goiás,6778772,2020-05-29,3090,0,115,BR,BR-GOIAS
Goiás,6778772,2020-05-30,3319,0,119,BR,BR-GOIAS
Goiás,6778772,2020-05-31,3585,0,122,BR,BR-GOIAS
Goiás,6778772,2020-06-01,3702,0,124,BR,BR-GOIAS
Goiás,6778772,2020-06-02,3906,0,127,BR,BR-GOIAS
Goiás,6778772,2020-06-03,4377,0,151,BR,BR-GOIAS
Goiás,6778772,2020-06-04,4570,0,155,BR,BR-GOIAS
Goiás,6778772,2020-06-05,4944,0,164,BR,BR-GOIAS
Goiás,6778772,2020-06-06,4944,0,164,BR,BR-GOIAS
Goiás,6778772,2020-06-07,5669,0,172,BR,BR-GOIAS
Goiás,6778772,2020-06-08,5813,0,173,BR,BR-GOIAS
Goiás,6778772,2020-06-09,6124,0,173,BR,BR-GOIAS
Goiás,6778772,2020-06-10,6521,0,180,BR,BR-GOIAS
Goiás,6778772,2020-06-11,7159,0,188,BR,BR-GOIAS
Goiás,6778772,2020-06-12,7657,0,189,BR,BR-GOIAS
Goiás,6778772,2020-06-13,7846,0,194,BR,BR-GOIAS
Goiás,6778772,2020-06-14,7940,0,208,BR,BR-GOIAS
Goiás,6778772,2020-06-15,7944,0,211,BR,BR-GOIAS
Goiás,6778772,2020-06-16,10182,0,226,BR,BR-GOIAS
Goiás,6778772,2020-06-17,11264,0,246,BR,BR-GOIAS
Goiás,6778772,2020-06-18,12236,0,252,BR,BR-GOIAS
Goiás,6778772,2020-06-19,13304,0,264,BR,BR-GOIAS
Goiás,6778772,2020-06-20,14027,0,281,BR,BR-GOIAS
Goiás,6778772,2020-06-21,14880,0,295,BR,BR-GOIAS
Goiás,6778772,2020-06-22,15619,0,303,BR,BR-GOIAS
Goiás,6778772,2020-06-23,16536,0,311,BR,BR-GOIAS
Goiás,6778772,2020-06-24,17568,0,329,BR,BR-GOIAS
Goiás,6778772,2020-06-25,18622,0,363,BR,BR-GOIAS
Goiás,6778772,2020-06-26,19547,0,384,BR,BR-GOIAS
Goiás,6778772,2020-06-27,20863,0,409,BR,BR-GOIAS
Goiás,6778772,2020-06-28,21620,0,429,BR,BR-GOIAS
Goiás,6778772,2020-06-29,21984,0,435,BR,BR-GOIAS
Goiás,6778772,2020-06-30,23007,0,437,BR,BR-GOIAS
Goiás,6778772,2020-07-01,24381,0,474,BR,BR-GOIAS
Goiás,6778772,2020-07-02,25541,0,503,BR,BR-GOIAS
Goiás,6778772,2020-07-03,26263,0,545,BR,BR-GOIAS
Goiás,6778772,2020-07-04,26330,0,586,BR,BR-GOIAS
Goiás,6778772,2020-07-05,28494,0,611,BR,BR-GOIAS
Goiás,6778772,2020-07-06,28526,0,621,BR,BR-GOIAS
Goiás,6778772,2020-07-07,29296,0,654,BR,BR-GOIAS
Maranhão,7000229,2020-05-21,15114,0,634,BR,BR-MARANHAO
Maranhão,7000229,2020-05-22,16058,0,663,BR,BR-MARANHAO
Maranhão,7000229,2020-05-23,17212,0,693,BR,BR-MARANHAO
Maranhão,7000229,2020-05-24,18767,0,722,BR,BR-MARANHAO
Maranhão,7000229,2020-05-25,21191,0,754,BR,BR-MARANHAO
Maranhão,7000229,2020-05-26,22786,0,784,BR,BR-MARANHAO
Maranhão,7000229,2020-05-27,24278,0,817,BR,BR-MARANHAO
Maranhão,7000229,2020-05-28,26145,0,853,BR,BR-MARANHAO
Maranhão,7000229,2020-05-29,27979,0,887,BR,BR-MARANHAO
Maranhão,7000229,2020-05-30,30482,0,911,BR,BR-MARANHAO
Maranhão,7000229,2020-05-31,32620,0,932,BR,BR-MARANHAO
Maranhão,7000229,2020-06-01,34639,0,955,BR,BR-MARANHAO
Maranhão,7000229,2020-06-02,35297,0,976,BR,BR-MARANHAO
Maranhão,7000229,2020-06-03,36625,0,997,BR,BR-MARANHAO
Maranhão,7000229,2020-06-04,38174,0,1028,BR,BR-MARANHAO
Maranhão,7000229,2020-06-05,40629,0,1062,BR,BR-MARANHAO
Maranhão,7000229,2020-06-06,40629,0,1062,BR,BR-MARANHAO
Maranhão,7000229,2020-06-07,45470,0,1132,BR,BR-MARANHAO
Maranhão,7000229,2020-06-08,47593,0,1170,BR,BR-MARANHAO
Maranhão,7000229,2020-06-09,49371,23272,1247,BR,BR-MARANHAO
Maranhão,7000229,2020-06-10,52069,25120,1285,BR,BR-MARANHAO
Maranhão,7000229,2020-06-11,53508,26795,1322,BR,BR-MARANHAO
Maranhão,7000229,2020-06-12,55680,29518,1360,BR,BR-MARANHAO
Maranhão,7000229,2020-06-13,57605,31569,1399,BR,BR-MARANHAO
Maranhão,7000229,2020-06-14,58859,33561,1436,BR,BR-MARANHAO
Maranhão,7000229,2020-06-15,59850,34210,1467,BR,BR-MARANHAO
Maranhão,7000229,2020-06-16,60592,35466,1499,BR,BR-MARANHAO
Maranhão,7000229,2020-06-17,62711,36979,1537,BR,BR-MARANHAO
Maranhão,7000229,2020-06-18,64735,39386,1570,BR,BR-MARANHAO
Maranhão,7000229,2020-06-19,66091,41773,1607,BR,BR-MARANHAO
Maranhão,7000229,2020-06-20,68500,43830,1645,BR,BR-MARANHAO
Maranhão,7000229,2020-06-21,69673,46017,1684,BR,BR-MARANHAO
Maranhão,7000229,2020-06-22,70059,46936,1721,BR,BR-MARANHAO
Maranhão,7000229,2020-06-23,70689,47776,1760,BR,BR-MARANHAO
Maranhão,7000229,2020-06-24,72021,47776,1797,BR,BR-MARANHAO
Maranhão,7000229,2020-06-25,73314,51911,1836,BR,BR-MARANHAO
Maranhão,7000229,2020-06-26,74925,53791,1871,BR,BR-MARANHAO
Maranhão,7000229,2020-06-27,76698,55837,1906,BR,BR-MARANHAO
Maranhão,7000229,2020-06-28,78115,57370,1943,BR,BR-MARANHAO
Maranhão,7000229,2020-06-29,78512,58369,1982,BR,BR-MARANHAO
Maranhão,7000229,2020-06-30,78969,59100,2012,BR,BR-MARANHAO
Maranhão,7000229,2020-07-01,80451,61093,2048,BR,BR-MARANHAO
Maranhão,7000229,2020-07-02,83256,63156,2081,BR,BR-MARANHAO
Maranhão,7000229,2020-07-03,86025,64816,2119,BR,BR-MARANHAO
Maranhão,7000229,2020-07-04,88214,67541,2153,BR,BR-MARANHAO
Maranhão,7000229,2020-07-05,89057,68655,2185,BR,BR-MARANHAO
Maranhão,7000229,2020-07-06,89714,69005,2219,BR,BR-MARANHAO
Maranhão,7000229,2020-07-07,90251,69615,2250,BR,BR-MARANHAO
Mato Grosso,3344544,2020-05-21,1054,0,32,BR,BR-MATO-GROSSO
Mato Grosso,3344544,2020-05-22,1172,0,34,BR,BR-MATO-GROSSO
Mato Grosso,3344544,2020-05-23,1220,0,37,BR,BR-MATO-GROSSO
Mato Grosso,3344544,2020-05-24,1352,0,37,BR,BR-MATO-GROSSO
Mato Grosso,3344544,2020-05-25,1462,0,40,BR,BR-MATO-GROSSO
Mato Grosso,3344544,2020-05-26,1500,0,41,BR,BR-MATO-GROSSO
Mato Grosso,3344544,2020-05-27,1628,0,43,BR,BR-MATO-GROSSO
Mato Grosso,3344544,2020-05-28,1839,0,46,BR,BR-MATO-GROSSO
Mato Grosso,3344544,2020-05-29,1951,0,51,BR,BR-MATO-GROSSO
Mato Grosso,3344544,2020-05-30,2103,0,56,BR,BR-MATO-GROSSO
Mato Grosso,3344544,2020-05-31,2361,0,57,BR,BR-MATO-GROSSO
Mato Grosso,3344544,2020-06-01,2429,0,61,BR,BR-MATO-GROSSO
Mato Grosso,3344544,2020-06-02,2541,0,66,BR,BR-MATO-GROSSO
Mato Grosso,3344544,2020-06-03,2709,0,70,BR,BR-MATO-GROSSO
Mato Grosso,3344544,2020-06-04,2848,0,76,BR,BR-MATO-GROSSO
Mato Grosso,3344544,2020-06-05,3194,0,82,BR,BR-MATO-GROSSO
Mato Grosso,3344544,2020-06-06,3194,0,82,BR,BR-MATO-GROSSO
Mato Grosso,3344544,2020-06-07,3662,0,96,BR,BR-MATO-GROSSO
Mato Grosso,3344544,2020-06-08,3878,0,109,BR,BR-MATO-GROSSO
Mato Grosso,3344544,2020-06-09,4100,1454,116,BR,BR-MATO-GROSSO
Mato Grosso,3344544,2020-06-10,4339,1597,135,BR,BR-MATO-GROSSO
Mato Grosso,3344544,2020-06-11,4602,1697,146,BR,BR-MATO-GROSSO
Mato Grosso,3344544,2020-06-12,5092,1792,160,BR,BR-MATO-GROSSO
Mato Grosso,3344544,2020-06-13,5363,1912,175,BR,BR-MATO-GROSSO
Mato Grosso,3344544,2020-06-14,5524,2042,192,BR,BR-MATO-GROSSO
Mato Grosso,3344544,2020-06-15,5861,2117,209,BR,BR-MATO-GROSSO
Mato Grosso,3344544,2020-06-16,6185,2386,216,BR,BR-MATO-GROSSO
Mato Grosso,3344544,2020-06-17,6388,2401,226,BR,BR-MATO-GROSSO
Mato Grosso,3344544,2020-06-18,7124,2401,266,BR,BR-MATO-GROSSO
Mato Grosso,3344544,2020-06-19,7512,2766,281,BR,BR-MATO-GROSSO
Mato Grosso,3344544,2020-06-20,8353,3010,309,BR,BR-MATO-GROSSO
Mato Grosso,3344544,2020-06-21,8962,3247,335,BR,BR-MATO-GROSSO
Mato Grosso,3344544,2020-06-22,9470,3319,360,BR,BR-MATO-GROSSO
Mato Grosso,3344544,2020-06-23,10021,3541,384,BR,BR-MATO-GROSSO
Mato Grosso,3344544,2020-06-24,10659,3541,401,BR,BR-MATO-GROSSO
Mato Grosso,3344544,2020-06-25,11443,4160,443,BR,BR-MATO-GROSSO
Mato Grosso,3344544,2020-06-26,12157,4437,462,BR,BR-MATO-GROSSO
Mato Grosso,3344544,2020-06-27,13026,4735,480,BR,BR-MATO-GROSSO
Mato Grosso,3344544,2020-06-28,13805,5040,527,BR,BR-MATO-GROSSO
Mato Grosso,3344544,2020-06-29,14687,5040,563,BR,BR-MATO-GROSSO
Mato Grosso,3344544,2020-06-30,15086,5419,582,BR,BR-MATO-GROSSO
Mato Grosso,3344544,2020-07-01,15636,5891,593,BR,BR-MATO-GROSSO
Mato Grosso,3344544,2020-07-02,16621,6543,634,BR,BR-MATO-GROSSO
Mato Grosso,3344544,2020-07-03,17727,6985,674,BR,BR-MATO-GROSSO
Mato Grosso,3344544,2020-07-04,18854,7684,709,BR,BR-MATO-GROSSO
Mato Grosso,3344544,2020-07-05,20098,8133,755,BR,BR-MATO-GROSSO
Mato Grosso,3344544,2020-07-06,20891,8534,807,BR,BR-MATO-GROSSO
Mato Grosso,3344544,2020-07-07,21496,8974,826,BR,BR-MATO-GROSSO
Mato Grosso do Sul,2713147,2020-05-21,693,0,17,BR,BR-MATO-GROSSO-DO-SUL
Mato Grosso do Sul,2713147,2020-05-22,746,0,17,BR,BR-MATO-GROSSO-DO-SUL
Mato Grosso do Sul,2713147,2020-05-23,805,0,17,BR,BR-MATO-GROSSO-DO-SUL
Mato Grosso do Sul,2713147,2020-05-24,858,0,17,BR,BR-MATO-GROSSO-DO-SUL
Mato Grosso do Sul,2713147,2020-05-25,924,0,17,BR,BR-MATO-GROSSO-DO-SUL
Mato Grosso do Sul,2713147,2020-05-26,1023,0,17,BR,BR-MATO-GROSSO-DO-SUL
Mato Grosso do Sul,2713147,2020-05-27,1100,0,17,BR,BR-MATO-GROSSO-DO-SUL
Mato Grosso do Sul,2713147,2020-05-28,1186,0,18,BR,BR-MATO-GROSSO-DO-SUL
Mato Grosso do Sul,2713147,2020-05-29,1262,0,18,BR,BR-MATO-GROSSO-DO-SUL
Mato Grosso do Sul,2713147,2020-05-30,1356,0,18,BR,BR-MATO-GROSSO-DO-SUL
Mato Grosso do Sul,2713147,2020-05-31,1418,0,19,BR,BR-MATO-GROSSO-DO-SUL
Mato Grosso do Sul,2713147,2020-06-01,1489,0,20,BR,BR-MATO-GROSSO-DO-SUL
Mato Grosso do Sul,2713147,2020-06-02,1568,0,20,BR,BR-MATO-GROSSO-DO-SUL
Mato Grosso do Sul,2713147,2020-06-03,1646,0,20,BR,BR-MATO-GROSSO-DO-SUL
Mato Grosso do Sul,2713147,2020-06-04,1802,0,20,BR,BR-MATO-GROSSO-DO-SUL
Mato Grosso do Sul,2713147,2020-06-05,1925,0,20,BR,BR-MATO-GROSSO-DO-SUL
Mato Grosso do Sul,2713147,2020-06-06,1925,0,20,BR,BR-MATO-GROSSO-DO-SUL
Mato Grosso do Sul,2713147,2020-06-07,2132,0,21,BR,BR-MATO-GROSSO-DO-SUL
Mato Grosso do Sul,2713147,2020-06-08,2253,0,21,BR,BR-MATO-GROSSO-DO-SUL
Mato Grosso do Sul,2713147,2020-06-09,2324,1227,22,BR,BR-MATO-GROSSO-DO-SUL
Mato Grosso do Sul,2713147,2020-06-10,2455,1360,22,BR,BR-MATO-GROSSO-DO-SUL
Mato Grosso do Sul,2713147,2020-06-11,2597,1360,24,BR,BR-MATO-GROSSO-DO-SUL
Mato Grosso do Sul,2713147,2020-06-12,2853,1552,25,BR,BR-MATO-GROSSO-DO-SUL
Mato Grosso do Sul,2713147,2020-06-13,3001,1701,28,BR,BR-MATO-GROSSO-DO-SUL
Mato Grosso do Sul,2713147,2020-06-14,3235,1701,28,BR,BR-MATO-GROSSO-DO-SUL
Mato Grosso do Sul,2713147,2020-06-15,3433,1907,31,BR,BR-MATO-GROSSO-DO-SUL
Mato Grosso do Sul,2713147,2020-06-16,3551,1969,33,BR,BR-MATO-GROSSO-DO-SUL
Mato Grosso do Sul,2713147,2020-06-17,3785,2110,36,BR,BR-MATO-GROSSO-DO-SUL
Mato Grosso do Sul,2713147,2020-06-18,4164,2200,36,BR,BR-MATO-GROSSO-DO-SUL
Mato Grosso do Sul,2713147,2020-06-19,4274,2290,39,BR,BR-MATO-GROSSO-DO-SUL
Mato Grosso do Sul,2713147,2020-06-20,4666,2450,40,BR,BR-MATO-GROSSO-DO-SUL
Mato Grosso do Sul,2713147,2020-06-21,4990,2621,43,BR,BR-MATO-GROSSO-DO-SUL
Mato Grosso do Sul,2713147,2020-06-22,5237,2788,45,BR,BR-MATO-GROSSO-DO-SUL
Mato Grosso do Sul,2713147,2020-06-23,5391,2893,47,BR,BR-MATO-GROSSO-DO-SUL
Mato Grosso do Sul,2713147,2020-06-24,5784,2934,55,BR,BR-MATO-GROSSO-DO-SUL
Mato Grosso do Sul,2713147,2020-06-25,6201,1496,56,BR,BR-MATO-GROSSO-DO-SUL
Mato Grosso do Sul,2713147,2020-06-26,6523,1496,61,BR,BR-MATO-GROSSO-DO-SUL
Mato Grosso do Sul,2713147,2020-06-27,6913,3776,65,BR,BR-MATO-GROSSO-DO-SUL
Mato Grosso do Sul,2713147,2020-06-28,7307,3776,68,BR,BR-MATO-GROSSO-DO-SUL
Mato Grosso do Sul,2713147,2020-06-29,7527,3926,72,BR,BR-MATO-GROSSO-DO-SUL
Mato Grosso do Sul,2713147,2020-06-30,7676,4387,75,BR,BR-MATO-GROSSO-DO-SUL
Mato Grosso do Sul,2713147,2020-07-01,7965,4387,76,BR,BR-MATO-GROSSO-DO-SUL
Mato Grosso do Sul,2713147,2020-07-02,8676,4937,85,BR,BR-MATO-GROSSO-DO-SUL
Mato Grosso do Sul,2713147,2020-07-03,9062,4937,91,BR,BR-MATO-GROSSO-DO-SUL
Mato Grosso do Sul,2713147,2020-07-04,9388,5326,107,BR,BR-MATO-GROSSO-DO-SUL
Mato Grosso do Sul,2713147,2020-07-05,9910,6518,114,BR,BR-MATO-GROSSO-DO-SUL
Mato Grosso do Sul,2713147,2020-07-06,10089,6903,117,BR,BR-MATO-GROSSO-DO-SUL
Mato Grosso do Sul,2713147,2020-07-07,10253,6903,122,BR,BR-MATO-GROSSO-DO-SUL
Minas Gerais,21119536,2020-05-21,5286,0,177,BR,BR-MINAS-GERAIS
Minas Gerais,21119536,2020-05-22,5596,0,191,BR,BR-MINAS-GERAIS
Minas Gerais,21119536,2020-05-23,5995,0,201,BR,BR-MINAS-GERAIS
Minas Gerais,21119536,2020-05-24,6338,0,217,BR,BR-MINAS-GERAIS
Minas Gerais,21119536,2020-05-25,6668,0,226,BR,BR-MINAS-GERAIS
Minas Gerais,21119536,2020-05-26,6962,0,230,BR,BR-MINAS-GERAIS
Minas Gerais,21119536,2020-05-27,7516,0,234,BR,BR-MINAS-GERAIS
Minas Gerais,21119536,2020-05-28,8011,0,240,BR,BR-MINAS-GERAIS
Minas Gerais,21119536,2020-05-29,8686,0,255,BR,BR-MINAS-GERAIS
Minas Gerais,21119536,2020-05-30,9232,0,257,BR,BR-MINAS-GERAIS
Minas Gerais,21119536,2020-05-31,9630,0,263,BR,BR-MINAS-GERAIS
Minas Gerais,21119536,2020-06-01,10464,0,271,BR,BR-MINAS-GERAIS
Minas Gerais,21119536,2020-06-02,10670,0,278,BR,BR-MINAS-GERAIS
Minas Gerais,21119536,2020-06-03,10939,0,289,BR,BR-MINAS-GERAIS
Minas Gerais,21119536,2020-06-04,12010,0,306,BR,BR-MINAS-GERAIS
Minas Gerais,21119536,2020-06-05,13034,0,323,BR,BR-MINAS-GERAIS
Minas Gerais,21119536,2020-06-06,13034,0,323,BR,BR-MINAS-GERAIS
Minas Gerais,21119536,2020-06-07,14939,0,368,BR,BR-MINAS-GERAIS
Minas Gerais,21119536,2020-06-08,15703,0,376,BR,BR-MINAS-GERAIS
Minas Gerais,21119536,2020-06-09,15883,7363,380,BR,BR-MINAS-GERAIS
Minas Gerais,21119536,2020-06-10,16102,7816,399,BR,BR-MINAS-GERAIS
Minas Gerais,21119536,2020-06-11,17501,8307,409,BR,BR-MINAS-GERAIS
Minas Gerais,21119536,2020-06-12,18448,9822,431,BR,BR-MINAS-GERAIS
Minas Gerais,21119536,2020-06-13,20106,10647,446,BR,BR-MINAS-GERAIS
Minas Gerais,21119536,2020-06-14,20614,10647,454,BR,BR-MINAS-GERAIS
Minas Gerais,21119536,2020-06-15,21381,11553,475,BR,BR-MINAS-GERAIS
Minas Gerais,21119536,2020-06-16,21728,11826,481,BR,BR-MINAS-GERAIS
Minas Gerais,21119536,2020-06-17,22024,12695,502,BR,BR-MINAS-GERAIS
Minas Gerais,21119536,2020-06-18,23347,13678,537,BR,BR-MINAS-GERAIS
Minas Gerais,21119536,2020-06-19,24906,15138,570,BR,BR-MINAS-GERAIS
Minas Gerais,21119536,2020-06-20,26052,15989,600,BR,BR-MINAS-GERAIS
Minas Gerais,21119536,2020-06-21,27305,16446,636,BR,BR-MINAS-GERAIS
Minas Gerais,21119536,2020-06-22,27641,17040,661,BR,BR-MINAS-GERAIS
Minas Gerais,21119536,2020-06-23,28918,17295,688,BR,BR-MINAS-GERAIS
Minas Gerais,21119536,2020-06-24,29897,18255,720,BR,BR-MINAS-GERAIS
Minas Gerais,21119536,2020-06-25,31343,19466,771,BR,BR-MINAS-GERAIS
Minas Gerais,21119536,2020-06-26,32769,19466,806,BR,BR-MINAS-GERAIS
Minas Gerais,21119536,2020-06-27,38891,23139,833,BR,BR-MINAS-GERAIS
Minas Gerais,21119536,2020-06-28,40966,23139,882,BR,BR-MINAS-GERAIS
Minas Gerais,21119536,2020-06-29,42741,24438,899,BR,BR-MINAS-GERAIS
Minas Gerais,21119536,2020-06-30,43864,26432,940,BR,BR-MINAS-GERAIS
Minas Gerais,21119536,2020-07-01,45001,26432,965,BR,BR-MINAS-GERAIS
Minas Gerais,21119536,2020-07-02,47584,30469,1007,BR,BR-MINAS-GERAIS
Minas Gerais,21119536,2020-07-03,50707,30469,1059,BR,BR-MINAS-GERAIS
Minas Gerais,21119536,2020-07-04,53351,31682,1110,BR,BR-MINAS-GERAIS
Minas Gerais,21119536,2020-07-05,55958,35622,1183,BR,BR-MINAS-GERAIS
Minas Gerais,21119536,2020-07-06,58283,37000,1201,BR,BR-MINAS-GERAIS
Minas Gerais,21119536,2020-07-07,59626,37000,1230,BR,BR-MINAS-GERAIS
Pará,8366628,2020-05-21,18135,0,1633,BR,BR-PARA
Pará,8366628,2020-05-22,19756,0,1852,BR,BR-PARA
Pará,8366628,2020-05-23,21469,0,1937,BR,BR-PARA
Pará,8366628,2020-05-24,22697,0,2001,BR,BR-PARA
Pará,8366628,2020-05-25,24125,0,2148,BR,BR-PARA
Pará,8366628,2020-05-26,26077,0,2372,BR,BR-PARA
Pará,8366628,2020-05-27,28600,0,2469,BR,BR-PARA
Pará,8366628,2020-05-28,31033,0,2545,BR,BR-PARA
Pará,8366628,2020-05-29,33699,0,2704,BR,BR-PARA
Pará,8366628,2020-05-30,36486,0,2827,BR,BR-PARA
Pará,8366628,2020-05-31,37296,0,2900,BR,BR-PARA
Pará,8366628,2020-06-01,37961,0,2923,BR,BR-PARA
Pará,8366628,2020-06-02,38046,0,2925,BR,BR-PARA
Pará,8366628,2020-06-03,41207,0,3040,BR,BR-PARA
Pará,8366628,2020-06-04,44774,0,3193,BR,BR-PARA
Pará,8366628,2020-06-05,48049,0,3416,BR,BR-PARA
Pará,8366628,2020-06-06,48049,0,3416,BR,BR-PARA
Pará,8366628,2020-06-07,53176,0,3612,BR,BR-PARA
Pará,8366628,2020-06-08,54271,0,3678,BR,BR-PARA
Pará,8366628,2020-06-09,56032,46694,3772,BR,BR-PARA
Pará,8366628,2020-06-10,59148,49651,3853,BR,BR-PARA
Pará,8366628,2020-06-11,62095,51652,3927,BR,BR-PARA
Pará,8366628,2020-06-12,64126,53724,4030,BR,BR-PARA
Pará,8366628,2020-06-13,66328,53724,4132,BR,BR-PARA
Pará,8366628,2020-06-14,68510,55864,4177,BR,BR-PARA
Pará,8366628,2020-06-15,69179,57008,4191,BR,BR-PARA
Pará,8366628,2020-06-16,69224,55864,4201,BR,BR-PARA
Pará,8366628,2020-06-17,71243,55864,4291,BR,BR-PARA
Pará,8366628,2020-06-18,74192,63944,4350,BR,BR-PARA
Pará,8366628,2020-06-19,76623,66918,4395,BR,BR-PARA
Pará,8366628,2020-06-20,80072,66305,4469,BR,BR-PARA
Pará,8366628,2020-06-21,82881,69305,4519,BR,BR-PARA
Pará,8366628,2020-06-22,84654,71110,4583,BR,BR-PARA
Pará,8366628,2020-06-23,86020,74866,4605,BR,BR-PARA
Pará,8366628,2020-06-24,88636,74866,4672,BR,BR-PARA
Pará,8366628,2020-06-25,91708,79354,4726,BR,BR-PARA
Pará,8366628,2020-06-26,94036,81392,4748,BR,BR-PARA
Pará,8366628,2020-06-27,96472,84086,4803,BR,BR-PARA
Pará,8366628,2020-06-28,99313,85510,4834,BR,BR-PARA
Pará,8366628,2020-06-29,100443,86893,4845,BR,BR-PARA
Pará,8366628,2020-06-30,101207,88719,4870,BR,BR-PARA
Pará,8366628,2020-07-01,103206,90860,4920,BR,BR-PARA
Pará,8366628,2020-07-02,105853,90860,4960,BR,BR-PARA
Pará,8366628,2020-07-03,108067,95331,5004,BR,BR-PARA
Pará,8366628,2020-07-04,110411,97308,5050,BR,BR-PARA
Pará,8366628,2020-07-05,112531,98965,5069,BR,BR-PARA
Pará,8366628,2020-07-06,113811,100080,5096,BR,BR-PARA
Pará,8366628,2020-07-07,114535,101889,5105,BR,BR-PARA
Paraíba,4025558,2020-05-21,5838,0,230,BR,BR-PARAIBA
Paraíba,4025558,2020-05-22,6238,0,245,BR,BR-PARAIBA
Paraíba,4025558,2020-05-23,6882,0,248,BR,BR-PARAIBA
Paraíba,4025558,2020-05-24,7508,0,258,BR,BR-PARAIBA
Paraíba,4025558,2020-05-25,7823,0,272,BR,BR-PARAIBA
Paraíba,4025558,2020-05-26,8016,0,279,BR,BR-PARAIBA
Paraíba,4025558,2020-05-27,8919,0,286,BR,BR-PARAIBA
Paraíba,4025558,2020-05-28,10209,0,298,BR,BR-PARAIBA
Paraíba,4025558,2020-05-29,11132,0,318,BR,BR-PARAIBA
Paraíba,4025558,2020-05-30,12011,0,327,BR,BR-PARAIBA
Paraíba,4025558,2020-05-31,12862,0,347,BR,BR-PARAIBA
Paraíba,4025558,2020-06-01,13162,0,360,BR,BR-PARAIBA
Paraíba,4025558,2020-06-02,13695,0,370,BR,BR-PARAIBA
Paraíba,4025558,2020-06-03,14859,0,379,BR,BR-PARAIBA
Paraíba,4025558,2020-06-04,16018,0,414,BR,BR-PARAIBA
Paraíba,4025558,2020-06-05,17579,0,438,BR,BR-PARAIBA
Paraíba,4025558,2020-06-06,17579,0,438,BR,BR-PARAIBA
Paraíba,4025558,2020-06-07,19787,0,467,BR,BR-PARAIBA
Paraíba,4025558,2020-06-08,20310,0,484,BR,BR-PARAIBA
Paraíba,4025558,2020-06-09,20951,4340,507,BR,BR-PARAIBA
Paraíba,4025558,2020-06-10,22452,4671,534,BR,BR-PARAIBA
Paraíba,4025558,2020-06-11,24032,4671,559,BR,BR-PARAIBA
Paraíba,4025558,2020-06-12,25370,5620,570,BR,BR-PARAIBA
Paraíba,4025558,2020-06-13,26556,5620,610,BR,BR-PARAIBA
Paraíba,4025558,2020-06-14,27454,6477,623,BR,BR-PARAIBA
Paraíba,4025558,2020-06-15,28013,6689,633,BR,BR-PARAIBA
Paraíba,4025558,2020-06-16,28668,6890,656,BR,BR-PARAIBA
Paraíba,4025558,2020-06-17,30128,7500,671,BR,BR-PARAIBA
Paraíba,4025558,2020-06-18,31712,7972,696,BR,BR-PARAIBA
Paraíba,4025558,2020-06-19,31760,7978,709,BR,BR-PARAIBA
Paraíba,4025558,2020-06-20,35093,9366,724,BR,BR-PARAIBA
Paraíba,4025558,2020-06-21,36521,9956,743,BR,BR-PARAIBA
Paraíba,4025558,2020-06-22,36784,10213,766,BR,BR-PARAIBA
Paraíba,4025558,2020-06-23,37253,10213,784,BR,BR-PARAIBA
Paraíba,4025558,2020-06-24,38999,11287,807,BR,BR-PARAIBA
Paraíba,4025558,2020-06-25,39912,11687,828,BR,BR-PARAIBA
Paraíba,4025558,2020-06-26,40824,12113,842,BR,BR-PARAIBA
Paraíba,4025558,2020-06-27,42832,12962,864,BR,BR-PARAIBA
Paraíba,4025558,2020-06-28,44242,13756,896,BR,BR-PARAIBA
Paraíba,4025558,2020-06-29,44679,13880,911,BR,BR-PARAIBA
Paraíba,4025558,2020-06-30,45057,14232,931,BR,BR-PARAIBA
Paraíba,4025558,2020-07-01,46957,14930,977,BR,BR-PARAIBA
Paraíba,4025558,2020-07-02,48175,15359,1002,BR,BR-PARAIBA
Paraíba,4025558,2020-07-03,49536,16349,1044,BR,BR-PARAIBA
Paraíba,4025558,2020-07-04,50765,16971,1062,BR,BR-PARAIBA
Paraíba,4025558,2020-07-05,52306,17798,1082,BR,BR-PARAIBA
Paraíba,4025558,2020-07-06,52728,18049,1099,BR,BR-PARAIBA
Paraíba,4025558,2020-07-07,53151,18435,1118,BR,BR-PARAIBA
Paraná,11320892,2020-05-21,2616,0,137,BR,BR-PARANA
Paraná,11320892,2020-05-22,2810,0,141,BR,BR-PARANA
Paraná,11320892,2020-05-23,2939,0,146,BR,BR-PARANA
Paraná,11320892,2020-05-24,3099,0,150,BR,BR-PARANA
Paraná,11320892,2020-05-25,3212,0,153,BR,BR-PARANA
Paraná,11320892,2020-05-26,3331,0,156,BR,BR-PARANA
Paraná,11320892,2020-05-27,3512,0,159,BR,BR-PARANA
Paraná,11320892,2020-05-28,3712,0,162,BR,BR-PARANA
Paraná,11320892,2020-05-29,3984,0,169,BR,BR-PARANA
Paraná,11320892,2020-05-30,4236,0,173,BR,BR-PARANA
Paraná,11320892,2020-05-31,4473,0,181,BR,BR-PARANA
Paraná,11320892,2020-06-01,4687,0,182,BR,BR-PARANA
Paraná,11320892,2020-06-02,4835,0,190,BR,BR-PARANA
Paraná,11320892,2020-06-03,5163,0,199,BR,BR-PARANA
Paraná,11320892,2020-06-04,5494,0,205,BR,BR-PARANA
Paraná,11320892,2020-06-05,5820,0,215,BR,BR-PARANA
Paraná,11320892,2020-06-06,5820,0,215,BR,BR-PARANA
Paraná,11320892,2020-06-07,6605,0,232,BR,BR-PARANA
Paraná,11320892,2020-06-08,6897,0,237,BR,BR-PARANA
Paraná,11320892,2020-06-09,7031,2558,243,BR,BR-PARANA
Paraná,11320892,2020-06-10,7314,2744,253,BR,BR-PARANA
Paraná,11320892,2020-06-11,7831,2887,275,BR,BR-PARANA
Paraná,11320892,2020-06-12,8457,3044,280,BR,BR-PARANA
Paraná,11320892,2020-06-13,8705,3044,294,BR,BR-PARANA
Paraná,11320892,2020-06-14,9233,3044,312,BR,BR-PARANA
Paraná,11320892,2020-06-15,9583,3044,326,BR,BR-PARANA
Paraná,11320892,2020-06-16,9716,3113,334,BR,BR-PARANA
Paraná,11320892,2020-06-17,10557,3215,364,BR,BR-PARANA
Paraná,11320892,2020-06-18,11085,3294,386,BR,BR-PARANA
Paraná,11320892,2020-06-19,11919,3551,406,BR,BR-PARANA
Paraná,11320892,2020-06-20,12785,4019,419,BR,BR-PARANA
Paraná,11320892,2020-06-21,13662,4019,428,BR,BR-PARANA
Paraná,11320892,2020-06-22,14501,4019,451,BR,BR-PARANA
Paraná,11320892,2020-06-23,15124,4414,469,BR,BR-PARANA
Paraná,11320892,2020-06-24,15853,4414,498,BR,BR-PARANA
Paraná,11320892,2020-06-25,16963,4598,521,BR,BR-PARANA
Paraná,11320892,2020-06-26,17821,4780,539,BR,BR-PARANA
Paraná,11320892,2020-06-27,18672,4958,564,BR,BR-PARANA
Paraná,11320892,2020-06-28,19819,4958,575,BR,BR-PARANA
Paraná,11320892,2020-06-29,20742,4958,599,BR,BR-PARANA
Paraná,11320892,2020-06-30,21326,5110,613,BR,BR-PARANA
Paraná,11320892,2020-07-01,22877,5230,649,BR,BR-PARANA
Paraná,11320892,2020-07-02,24225,5816,663,BR,BR-PARANA
Paraná,11320892,2020-07-03,26304,6613,706,BR,BR-PARANA
Paraná,11320892,2020-07-04,28166,6997,728,BR,BR-PARANA
Paraná,11320892,2020-07-05,30570,6997,763,BR,BR-PARANA
Paraná,11320892,2020-07-06,31459,6997,795,BR,BR-PARANA
Paraná,11320892,2020-07-07,32769,6997,820,BR,BR-PARANA
Pernambuco,9473266,2020-05-21,22560,0,1834,BR,BR-PERNAMBUCO
Pernambuco,9473266,2020-05-22,23911,0,1925,BR,BR-PERNAMBUCO
Pernambuco,9473266,2020-05-23,25760,0,2057,BR,BR-PERNAMBUCO
Pernambuco,9473266,2020-05-24,26786,0,2144,BR,BR-PERNAMBUCO
Pernambuco,9473266,2020-05-25,27759,0,2200,BR,BR-PERNAMBUCO
Pernambuco,9473266,2020-05-26,28366,0,2248,BR,BR-PERNAMBUCO
Pernambuco,9473266,2020-05-27,28854,0,2328,BR,BR-PERNAMBUCO
Pernambuco,9473266,2020-05-28,29919,0,2468,BR,BR-PERNAMBUCO
Pernambuco,9473266,2020-05-29,30713,0,2566,BR,BR-PERNAMBUCO
Pernambuco,9473266,2020-05-30,32255,0,2669,BR,BR-PERNAMBUCO
Pernambuco,9473266,2020-05-31,33427,0,2740,BR,BR-PERNAMBUCO
Pernambuco,9473266,2020-06-01,34450,0,2807,BR,BR-PERNAMBUCO
Pernambuco,9473266,2020-06-02,34900,0,2875,BR,BR-PERNAMBUCO
Pernambuco,9473266,2020-06-03,35508,0,2933,BR,BR-PERNAMBUCO
Pernambuco,9473266,2020-06-04,36463,0,3012,BR,BR-PERNAMBUCO
Pernambuco,9473266,2020-06-05,37507,0,3134,BR,BR-PERNAMBUCO
Pernambuco,9473266,2020-06-06,37507,0,3134,BR,BR-PERNAMBUCO
Pernambuco,9473266,2020-06-07,39361,0,3270,BR,BR-PERNAMBUCO
Pernambuco,9473266,2020-06-08,40242,0,3305,BR,BR-PERNAMBUCO
Pernambuco,9473266,2020-06-09,40705,23417,3350,BR,BR-PERNAMBUCO
Pernambuco,9473266,2020-06-10,41010,23723,3453,BR,BR-PERNAMBUCO
Pernambuco,9473266,2020-06-11,41935,25569,3531,BR,BR-PERNAMBUCO
Pernambuco,9473266,2020-06-12,42994,25794,3633,BR,BR-PERNAMBUCO
Pernambuco,9473266,2020-06-13,43872,25794,3694,BR,BR-PERNAMBUCO
Pernambuco,9473266,2020-06-14,44671,27903,3784,BR,BR-PERNAMBUCO
Pernambuco,9473266,2020-06-15,45261,28894,3855,BR,BR-PERNAMBUCO
Pernambuco,9473266,2020-06-16,45507,30767,3886,BR,BR-PERNAMBUCO
Pernambuco,9473266,2020-06-17,46427,30767,3959,BR,BR-PERNAMBUCO
Pernambuco,9473266,2020-06-18,47446,30986,4009,BR,BR-PERNAMBUCO
Pernambuco,9473266,2020-06-19,48626,30986,4057,BR,BR-PERNAMBUCO
Pernambuco,9473266,2020-06-20,49720,33497,4102,BR,BR-PERNAMBUCO
Pernambuco,9473266,2020-06-21,51118,33497,4148,BR,BR-PERNAMBUCO
Pernambuco,9473266,2020-06-22,52113,33497,4234,BR,BR-PERNAMBUCO
Pernambuco,9473266,2020-06-23,52494,33497,4252,BR,BR-PERNAMBUCO
Pernambuco,9473266,2020-06-24,52831,35805,4339,BR,BR-PERNAMBUCO
Pernambuco,9473266,2020-06-25,54022,36710,4425,BR,BR-PERNAMBUCO
Pernambuco,9473266,2020-06-26,55136,36996,4488,BR,BR-PERNAMBUCO
Pernambuco,9473266,2020-06-27,55804,38155,4610,BR,BR-PERNAMBUCO
Pernambuco,9473266,2020-06-28,57089,38489,4708,BR,BR-PERNAMBUCO
Pernambuco,9473266,2020-06-29,58107,39956,4751,BR,BR-PERNAMBUCO
Pernambuco,9473266,2020-06-30,58476,39956,4782,BR,BR-PERNAMBUCO
Pernambuco,9473266,2020-07-01,58858,40347,4829,BR,BR-PERNAMBUCO
Pernambuco,9473266,2020-07-02,59705,41343,4894,BR,BR-PERNAMBUCO
Pernambuco,9473266,2020-07-03,61119,41925,4968,BR,BR-PERNAMBUCO
Pernambuco,9473266,2020-07-04,62362,41925,5068,BR,BR-PERNAMBUCO
Pernambuco,9473266,2020-07-05,63457,41925,5116,BR,BR-PERNAMBUCO
Pernambuco,9473266,2020-07-06,65129,44568,5143,BR,BR-PERNAMBUCO
Pernambuco,9473266,2020-07-07,65642,46417,5163,BR,BR-PERNAMBUCO
Piauí,3219257,2020-05-21,2637,0,87,BR,BR-PIAUI
Piauí,3219257,2020-05-22,2852,0,91,BR,BR-PIAUI
Piauí,3219257,2020-05-23,3074,0,93,BR,BR-PIAUI
Piauí,3219257,2020-05-24,3258,0,99,BR,BR-PIAUI
Piauí,3219257,2020-05-25,3390,0,107,BR,BR-PIAUI
Piauí,3219257,2020-05-26,3550,0,110,BR,BR-PIAUI
Piauí,3219257,2020-05-27,3720,0,119,BR,BR-PIAUI
Piauí,3219257,2020-05-28,3966,0,134,BR,BR-PIAUI
Piauí,3219257,2020-05-29,4243,0,138,BR,BR-PIAUI
Piauí,3219257,2020-05-30,4503,0,146,BR,BR-PIAUI
Piauí,3219257,2020-05-31,4745,0,157,BR,BR-PIAUI
Piauí,3219257,2020-06-01,4931,0,161,BR,BR-PIAUI
Piauí,3219257,2020-06-02,5119,0,168,BR,BR-PIAUI
Piauí,3219257,2020-06-03,5506,0,180,BR,BR-PIAUI
Piauí,3219257,2020-06-04,5828,0,192,BR,BR-PIAUI
Piauí,3219257,2020-06-05,6064,0,202,BR,BR-PIAUI
Piauí,3219257,2020-06-06,6064,0,202,BR,BR-PIAUI
Piauí,3219257,2020-06-07,7105,0,224,BR,BR-PIAUI
Piauí,3219257,2020-06-08,7478,0,239,BR,BR-PIAUI
Piauí,3219257,2020-06-09,7621,599,254,BR,BR-PIAUI
Piauí,3219257,2020-06-10,7927,622,265,BR,BR-PIAUI
Piauí,3219257,2020-06-11,8359,641,283,BR,BR-PIAUI
Piauí,3219257,2020-06-12,8823,641,299,BR,BR-PIAUI
Piauí,3219257,2020-06-13,9337,671,317,BR,BR-PIAUI
Piauí,3219257,2020-06-14,9825,681,335,BR,BR-PIAUI
Piauí,3219257,2020-06-15,10153,696,360,BR,BR-PIAUI
Piauí,3219257,2020-06-16,10357,709,374,BR,BR-PIAUI
Piauí,3219257,2020-06-17,10881,709,393,BR,BR-PIAUI
Piauí,3219257,2020-06-18,11559,734,398,BR,BR-PIAUI
Piauí,3219257,2020-06-19,12099,734,421,BR,BR-PIAUI
Piauí,3219257,2020-06-20,12567,734,435,BR,BR-PIAUI
Piauí,3219257,2020-06-21,12567,734,459,BR,BR-PIAUI
Piauí,3219257,2020-06-22,12567,734,459,BR,BR-PIAUI
Piauí,3219257,2020-06-23,14476,13925,502,BR,BR-PIAUI
Piauí,3219257,2020-06-24,15269,13925,517,BR,BR-PIAUI
Piauí,3219257,2020-06-25,16227,15675,534,BR,BR-PIAUI
Piauí,3219257,2020-06-26,17080,16534,546,BR,BR-PIAUI
Piauí,3219257,2020-06-27,18023,17194,574,BR,BR-PIAUI
Piauí,3219257,2020-06-28,18665,17648,592,BR,BR-PIAUI
Piauí,3219257,2020-06-29,19158,17648,615,BR,BR-PIAUI
Piauí,3219257,2020-06-30,19753,18878,643,BR,BR-PIAUI
Piauí,3219257,2020-07-01,20422,19759,663,BR,BR-PIAUI
Piauí,3219257,2020-07-02,22059,21373,686,BR,BR-PIAUI
Piauí,3219257,2020-07-03,23307,22610,697,BR,BR-PIAUI
Piauí,3219257,2020-07-04,24376,23650,726,BR,BR-PIAUI
Piauí,3219257,2020-07-05,25561,24389,762,BR,BR-PIAUI
Piauí,3219257,2020-07-06,26079,24793,784,BR,BR-PIAUI
Piauí,3219257,2020-07-07,26511,25702,809,BR,BR-PIAUI
Rio de Janeiro,16718956,2020-05-21,30372,0,3237,BR,BR-RIO-DE-JANEIRO
Rio de Janeiro,16718956,2020-05-22,32089,0,3412,BR,BR-RIO-DE-JANEIRO
Rio de Janeiro,16718956,2020-05-23,33589,0,3657,BR,BR-RIO-DE-JANEIRO
Rio de Janeiro,16718956,2020-05-24,34533,0,3905,BR,BR-RIO-DE-JANEIRO
Rio de Janeiro,16718956,2020-05-25,37912,0,3993,BR,BR-RIO-DE-JANEIRO
Rio de Janeiro,16718956,2020-05-26,39298,0,4105,BR,BR-RIO-DE-JANEIRO
Rio de Janeiro,16718956,2020-05-27,40024,0,4361,BR,BR-RIO-DE-JANEIRO
Rio de Janeiro,16718956,2020-05-28,42398,0,4605,BR,BR-RIO-DE-JANEIRO
Rio de Janeiro,16718956,2020-05-29,44886,0,4856,BR,BR-RIO-DE-JANEIRO
Rio de Janeiro,16718956,2020-05-30,47953,0,5079,BR,BR-RIO-DE-JANEIRO
Rio de Janeiro,16718956,2020-05-31,52420,0,5277,BR,BR-RIO-DE-JANEIRO
Rio de Janeiro,16718956,2020-06-01,53388,0,5344,BR,BR-RIO-DE-JANEIRO
Rio de Janeiro,16718956,2020-06-02,54530,0,5462,BR,BR-RIO-DE-JANEIRO
Rio de Janeiro,16718956,2020-06-03,56732,0,5686,BR,BR-RIO-DE-JANEIRO
Rio de Janeiro,16718956,2020-06-04,59240,0,6010,BR,BR-RIO-DE-JANEIRO
Rio de Janeiro,16718956,2020-06-05,60932,0,6327,BR,BR-RIO-DE-JANEIRO
Rio de Janeiro,16718956,2020-06-06,60932,0,6327,BR,BR-RIO-DE-JANEIRO
Rio de Janeiro,16718956,2020-06-07,64533,0,6639,BR,BR-RIO-DE-JANEIRO
Rio de Janeiro,16718956,2020-06-08,67756,0,6707,BR,BR-RIO-DE-JANEIRO
Rio de Janeiro,16718956,2020-06-09,69499,56552,6781,BR,BR-RIO-DE-JANEIRO
Rio de Janeiro,16718956,2020-06-10,72979,57933,6928,BR,BR-RIO-DE-JANEIRO
Rio de Janeiro,16718956,2020-06-11,74373,57933,7138,BR,BR-RIO-DE-JANEIRO
Rio de Janeiro,16718956,2020-06-12,75775,61690,7363,BR,BR-RIO-DE-JANEIRO
Rio de Janeiro,16718956,2020-06-13,77784,62375,7417,BR,BR-RIO-DE-JANEIRO
Rio de Janeiro,16718956,2020-06-14,78836,62375,7592,BR,BR-RIO-DE-JANEIRO
Rio de Janeiro,16718956,2020-06-15,79572,63817,7672,BR,BR-RIO-DE-JANEIRO
Rio de Janeiro,16718956,2020-06-16,80946,65063,7728,BR,BR-RIO-DE-JANEIRO
Rio de Janeiro,16718956,2020-06-17,83343,65063,7967,BR,BR-RIO-DE-JANEIRO
Rio de Janeiro,16718956,2020-06-18,86963,69559,8138,BR,BR-RIO-DE-JANEIRO
Rio de Janeiro,16718956,2020-06-19,87317,70407,8412,BR,BR-RIO-DE-JANEIRO
Rio de Janeiro,16718956,2020-06-20,93378,75899,8595,BR,BR-RIO-DE-JANEIRO
Rio de Janeiro,16718956,2020-06-21,95537,75899,8824,BR,BR-RIO-DE-JANEIRO
Rio de Janeiro,16718956,2020-06-22,96133,76821,8875,BR,BR-RIO-DE-JANEIRO
Rio de Janeiro,16718956,2020-06-23,97572,78316,8933,BR,BR-RIO-DE-JANEIRO
Rio de Janeiro,16718956,2020-06-24,100869,83800,9153,BR,BR-RIO-DE-JANEIRO
Rio de Janeiro,16718956,2020-06-25,103493,85690,9295,BR,BR-RIO-DE-JANEIRO
Rio de Janeiro,16718956,2020-06-26,105897,85690,9450,BR,BR-RIO-DE-JANEIRO
Rio de Janeiro,16718956,2020-06-27,108497,87850,9587,BR,BR-RIO-DE-JANEIRO
Rio de Janeiro,16718956,2020-06-28,108803,88784,9789,BR,BR-RIO-DE-JANEIRO
Rio de Janeiro,16718956,2020-06-29,111298,91106,9819,BR,BR-RIO-DE-JANEIRO
Rio de Janeiro,16718956,2020-06-30,111883,92161,9848,BR,BR-RIO-DE-JANEIRO
Rio de Janeiro,16718956,2020-07-01,112611,93423,10080,BR,BR-RIO-DE-JANEIRO
Rio de Janeiro,16718956,2020-07-02,115278,95028,10198,BR,BR-RIO-DE-JANEIRO
Rio de Janeiro,16718956,2020-07-03,116823,95028,10332,BR,BR-RIO-DE-JANEIRO
Rio de Janeiro,16718956,2020-07-04,118956,98540,10500,BR,BR-RIO-DE-JANEIRO
Rio de Janeiro,16718956,2020-07-05,120440,99805,10624,BR,BR-RIO-DE-JANEIRO
Rio de Janeiro,16718956,2020-07-06,121292,101554,10667,BR,BR-RIO-DE-JANEIRO
Rio de Janeiro,16718956,2020-07-07,121879,101554,10698,BR,BR-RIO-DE-JANEIRO
Rio Grande do Norte,3507003,2020-05-21,3796,0,170,BR,BR-RIO-GRANDE-DO-NORTE
Rio Grande do Norte,3507003,2020-05-22,4060,0,178,BR,BR-RIO-GRANDE-DO-NORTE
Rio Grande do Norte,3507003,2020-05-23,4251,0,181,BR,BR-RIO-GRANDE-DO-NORTE
Rio Grande do Norte,3507003,2020-05-24,4599,0,184,BR,BR-RIO-GRANDE-DO-NORTE
Rio Grande do Norte,3507003,2020-05-25,4697,0,200,BR,BR-RIO-GRANDE-DO-NORTE
Rio Grande do Norte,3507003,2020-05-26,4759,0,209,BR,BR-RIO-GRANDE-DO-NORTE
Rio Grande do Norte,3507003,2020-05-27,5472,0,220,BR,BR-RIO-GRANDE-DO-NORTE
Rio Grande do Norte,3507003,2020-05-28,5630,0,242,BR,BR-RIO-GRANDE-DO-NORTE
Rio Grande do Norte,3507003,2020-05-29,5630,0,254,BR,BR-RIO-GRANDE-DO-NORTE
Rio Grande do Norte,3507003,2020-05-30,6463,0,268,BR,BR-RIO-GRANDE-DO-NORTE
Rio Grande do Norte,3507003,2020-05-31,7402,0,305,BR,BR-RIO-GRANDE-DO-NORTE
Rio Grande do Norte,3507003,2020-06-01,8051,0,305,BR,BR-RIO-GRANDE-DO-NORTE
Rio Grande do Norte,3507003,2020-06-02,7964,0,323,BR,BR-RIO-GRANDE-DO-NORTE
Rio Grande do Norte,3507003,2020-06-03,8233,0,341,BR,BR-RIO-GRANDE-DO-NORTE
Rio Grande do Norte,3507003,2020-06-04,9149,0,367,BR,BR-RIO-GRANDE-DO-NORTE
Rio Grande do Norte,3507003,2020-06-05,9282,0,378,BR,BR-RIO-GRANDE-DO-NORTE
Rio Grande do Norte,3507003,2020-06-06,9282,0,378,BR,BR-RIO-GRANDE-DO-NORTE
Rio Grande do Norte,3507003,2020-06-07,9449,0,410,BR,BR-RIO-GRANDE-DO-NORTE
Rio Grande do Norte,3507003,2020-06-08,9452,0,424,BR,BR-RIO-GRANDE-DO-NORTE
Rio Grande do Norte,3507003,2020-06-09,10888,1824,431,BR,BR-RIO-GRANDE-DO-NORTE
Rio Grande do Norte,3507003,2020-06-10,11027,1096,459,BR,BR-RIO-GRANDE-DO-NORTE
Rio Grande do Norte,3507003,2020-06-11,11568,1096,487,BR,BR-RIO-GRANDE-DO-NORTE
Rio Grande do Norte,3507003,2020-06-12,13234,1993,496,BR,BR-RIO-GRANDE-DO-NORTE
Rio Grande do Norte,3507003,2020-06-13,13501,1993,514,BR,BR-RIO-GRANDE-DO-NORTE
Rio Grande do Norte,3507003,2020-06-14,13789,1993,533,BR,BR-RIO-GRANDE-DO-NORTE
Rio Grande do Norte,3507003,2020-06-15,14171,1993,534,BR,BR-RIO-GRANDE-DO-NORTE
Rio Grande do Norte,3507003,2020-06-16,14214,1993,553,BR,BR-RIO-GRANDE-DO-NORTE
Rio Grande do Norte,3507003,2020-06-17,15212,1993,585,BR,BR-RIO-GRANDE-DO-NORTE
Rio Grande do Norte,3507003,2020-06-18,15212,1993,585,BR,BR-RIO-GRANDE-DO-NORTE
Rio Grande do Norte,3507003,2020-06-19,15889,1993,655,BR,BR-RIO-GRANDE-DO-NORTE
Rio Grande do Norte,3507003,2020-06-20,16039,1993,693,BR,BR-RIO-GRANDE-DO-NORTE
Rio Grande do Norte,3507003,2020-06-21,19206,1993,697,BR,BR-RIO-GRANDE-DO-NORTE
Rio Grande do Norte,3507003,2020-06-22,19290,1993,697,BR,BR-RIO-GRANDE-DO-NORTE
Rio Grande do Norte,3507003,2020-06-23,19957,1993,730,BR,BR-RIO-GRANDE-DO-NORTE
Rio Grande do Norte,3507003,2020-06-24,20075,1993,750,BR,BR-RIO-GRANDE-DO-NORTE
Rio Grande do Norte,3507003,2020-06-25,21774,2035,807,BR,BR-RIO-GRANDE-DO-NORTE
Rio Grande do Norte,3507003,2020-06-26,22665,2035,858,BR,BR-RIO-GRANDE-DO-NORTE
Rio Grande do Norte,3507003,2020-06-27,23731,2904,889,BR,BR-RIO-GRANDE-DO-NORTE
Rio Grande do Norte,3507003,2020-06-28,24253,2904,909,BR,BR-RIO-GRANDE-DO-NORTE
Rio Grande do Norte,3507003,2020-06-29,24456,2904,937,BR,BR-RIO-GRANDE-DO-NORTE
Rio Grande do Norte,3507003,2020-06-30,29721,2904,994,BR,BR-RIO-GRANDE-DO-NORTE
Rio Grande do Norte,3507003,2020-07-01,30287,2904,1034,BR,BR-RIO-GRANDE-DO-NORTE
Rio Grande do Norte,3507003,2020-07-02,31899,2904,1067,BR,BR-RIO-GRANDE-DO-NORTE
Rio Grande do Norte,3507003,2020-07-03,32897,2904,1103,BR,BR-RIO-GRANDE-DO-NORTE
Rio Grande do Norte,3507003,2020-07-04,33421,2904,1171,BR,BR-RIO-GRANDE-DO-NORTE
Rio Grande do Norte,3507003,2020-07-05,34257,2904,1200,BR,BR-RIO-GRANDE-DO-NORTE
Rio Grande do Norte,3507003,2020-07-06,34645,2904,1213,BR,BR-RIO-GRANDE-DO-NORTE
Rio Grande do Norte,3507003,2020-07-07,34984,2904,1248,BR,BR-RIO-GRANDE-DO-NORTE
Rio Grande do Sul,11322895,2020-05-21,4973,0,161,BR,BR-RIO-GRANDE-DO-SUL
Rio Grande do Sul,11322895,2020-05-22,5473,0,166,BR,BR-RIO-GRANDE-DO-SUL
Rio Grande do Sul,11322895,2020-05-23,5918,0,172,BR,BR-RIO-GRANDE-DO-SUL
Rio Grande do Sul,11322895,2020-05-24,6336,0,176,BR,BR-RIO-GRANDE-DO-SUL
Rio Grande do Sul,11322895,2020-05-25,6470,0,180,BR,BR-RIO-GRANDE-DO-SUL
Rio Grande do Sul,11322895,2020-05-26,6559,0,197,BR,BR-RIO-GRANDE-DO-SUL
Rio Grande do Sul,11322895,2020-05-27,6785,0,203,BR,BR-RIO-GRANDE-DO-SUL
Rio Grande do Sul,11322895,2020-05-28,7048,0,209,BR,BR-RIO-GRANDE-DO-SUL
Rio Grande do Sul,11322895,2020-05-29,8234,0,213,BR,BR-RIO-GRANDE-DO-SUL
Rio Grande do Sul,11322895,2020-05-30,8234,0,213,BR,BR-RIO-GRANDE-DO-SUL
Rio Grande do Sul,11322895,2020-05-31,9242,0,218,BR,BR-RIO-GRANDE-DO-SUL
Rio Grande do Sul,11322895,2020-06-01,9332,0,224,BR,BR-RIO-GRANDE-DO-SUL
Rio Grande do Sul,11322895,2020-06-02,9332,0,232,BR,BR-RIO-GRANDE-DO-SUL
Rio Grande do Sul,11322895,2020-06-03,9919,0,245,BR,BR-RIO-GRANDE-DO-SUL
Rio Grande do Sul,11322895,2020-06-04,10398,0,258,BR,BR-RIO-GRANDE-DO-SUL
Rio Grande do Sul,11322895,2020-06-05,11010,0,265,BR,BR-RIO-GRANDE-DO-SUL
Rio Grande do Sul,11322895,2020-06-06,11010,0,265,BR,BR-RIO-GRANDE-DO-SUL
Rio Grande do Sul,11322895,2020-06-07,12037,0,283,BR,BR-RIO-GRANDE-DO-SUL
Rio Grande do Sul,11322895,2020-06-08,12135,0,286,BR,BR-RIO-GRANDE-DO-SUL
Rio Grande do Sul,11322895,2020-06-09,12250,10410,291,BR,BR-RIO-GRANDE-DO-SUL
Rio Grande do Sul,11322895,2020-06-10,12802,10906,301,BR,BR-RIO-GRANDE-DO-SUL
Rio Grande do Sul,11322895,2020-06-11,13619,10906,316,BR,BR-RIO-GRANDE-DO-SUL
Rio Grande do Sul,11322895,2020-06-12,14168,11592,323,BR,BR-RIO-GRANDE-DO-SUL
Rio Grande do Sul,11322895,2020-06-13,14384,11592,337,BR,BR-RIO-GRANDE-DO-SUL
Rio Grande do Sul,11322895,2020-06-14,14627,12027,344,BR,BR-RIO-GRANDE-DO-SUL
Rio Grande do Sul,11322895,2020-06-15,14661,12233,350,BR,BR-RIO-GRANDE-DO-SUL
Rio Grande do Sul,11322895,2020-06-16,15438,12613,360,BR,BR-RIO-GRANDE-DO-SUL
Rio Grande do Sul,11322895,2020-06-17,16471,13288,374,BR,BR-RIO-GRANDE-DO-SUL
Rio Grande do Sul,11322895,2020-06-18,17128,13803,387,BR,BR-RIO-GRANDE-DO-SUL
Rio Grande do Sul,11322895,2020-06-19,17822,14290,406,BR,BR-RIO-GRANDE-DO-SUL
Rio Grande do Sul,11322895,2020-06-20,18587,15373,423,BR,BR-RIO-GRANDE-DO-SUL
Rio Grande do Sul,11322895,2020-06-21,19138,15373,430,BR,BR-RIO-GRANDE-DO-SUL
Rio Grande do Sul,11322895,2020-06-22,19348,15741,434,BR,BR-RIO-GRANDE-DO-SUL
Rio Grande do Sul,11322895,2020-06-23,19710,16824,458,BR,BR-RIO-GRANDE-DO-SUL
Rio Grande do Sul,11322895,2020-06-24,20864,16824,477,BR,BR-RIO-GRANDE-DO-SUL
Rio Grande do Sul,11322895,2020-06-25,22009,18446,500,BR,BR-RIO-GRANDE-DO-SUL
Rio Grande do Sul,11322895,2020-06-26,23060,18446,500,BR,BR-RIO-GRANDE-DO-SUL
Rio Grande do Sul,11322895,2020-06-27,24114,19868,540,BR,BR-RIO-GRANDE-DO-SUL
Rio Grande do Sul,11322895,2020-06-28,25000,19868,554,BR,BR-RIO-GRANDE-DO-SUL
Rio Grande do Sul,11322895,2020-06-29,25243,20230,559,BR,BR-RIO-GRANDE-DO-SUL
Rio Grande do Sul,11322895,2020-06-30,25659,20625,582,BR,BR-RIO-GRANDE-DO-SUL
Rio Grande do Sul,11322895,2020-07-01,26941,21664,614,BR,BR-RIO-GRANDE-DO-SUL
Rio Grande do Sul,11322895,2020-07-02,28171,22618,636,BR,BR-RIO-GRANDE-DO-SUL
Rio Grande do Sul,11322895,2020-07-03,29195,23511,663,BR,BR-RIO-GRANDE-DO-SUL
Rio Grande do Sul,11322895,2020-07-04,30371,24673,690,BR,BR-RIO-GRANDE-DO-SUL
Rio Grande do Sul,11322895,2020-07-05,31619,26358,715,BR,BR-RIO-GRANDE-DO-SUL
Rio Grande do Sul,11322895,2020-07-06,31955,26358,727,BR,BR-RIO-GRANDE-DO-SUL
Rio Grande do Sul,11322895,2020-07-07,32401,26893,759,BR,BR-RIO-GRANDE-DO-SUL
Rondônia,1805788,2020-05-21,2499,0,90,BR,BR-RONDONIA
Rondônia,1805788,2020-05-22,2659,0,101,BR,BR-RONDONIA
Rondônia,1805788,2020-05-23,2774,0,106,BR,BR-RONDONIA
Rondônia,1805788,2020-05-24,3109,0,115,BR,BR-RONDONIA
Rondônia,1805788,2020-05-25,3201,0,121,BR,BR-RONDONIA
Rondônia,1805788,2020-05-26,3268,0,121,BR,BR-RONDONIA
Rondônia,1805788,2020-05-27,3493,0,133,BR,BR-RONDONIA
Rondônia,1805788,2020-05-28,3862,0,137,BR,BR-RONDONIA
Rondônia,1805788,2020-05-29,4252,0,142,BR,BR-RONDONIA
Rondônia,1805788,2020-05-30,4502,0,145,BR,BR-RONDONIA
Rondônia,1805788,2020-05-31,4743,0,151,BR,BR-RONDONIA
Rondônia,1805788,2020-06-01,4942,0,156,BR,BR-RONDONIA
Rondônia,1805788,2020-06-02,5172,0,159,BR,BR-RONDONIA
Rondônia,1805788,2020-06-03,5477,0,172,BR,BR-RONDONIA
Rondônia,1805788,2020-06-04,5713,0,180,BR,BR-RONDONIA
Rondônia,1805788,2020-06-05,6459,0,194,BR,BR-RONDONIA
Rondônia,1805788,2020-06-06,6459,0,194,BR,BR-RONDONIA
Rondônia,1805788,2020-06-07,7700,0,228,BR,BR-RONDONIA
Rondônia,1805788,2020-06-08,8110,0,235,BR,BR-RONDONIA
Rondônia,1805788,2020-06-09,8626,3131,245,BR,BR-RONDONIA
Rondônia,1805788,2020-06-10,9220,3364,255,BR,BR-RONDONIA
Rondônia,1805788,2020-06-11,9850,3504,267,BR,BR-RONDONIA
Rondônia,1805788,2020-06-12,10547,3573,293,BR,BR-RONDONIA
Rondônia,1805788,2020-06-13,11224,3700,296,BR,BR-RONDONIA
Rondônia,1805788,2020-06-14,11710,4142,309,BR,BR-RONDONIA
Rondônia,1805788,2020-06-15,11865,4327,324,BR,BR-RONDONIA
Rondônia,1805788,2020-06-16,12180,4394,332,BR,BR-RONDONIA
Rondônia,1805788,2020-06-17,13010,4649,346,BR,BR-RONDONIA
Rondônia,1805788,2020-06-18,13567,4832,360,BR,BR-RONDONIA
Rondônia,1805788,2020-06-19,13804,4958,374,BR,BR-RONDONIA
Rondônia,1805788,2020-06-20,14353,5263,391,BR,BR-RONDONIA
Rondônia,1805788,2020-06-21,14952,5263,409,BR,BR-RONDONIA
Rondônia,1805788,2020-06-22,15181,5819,417,BR,BR-RONDONIA
Rondônia,1805788,2020-06-23,15827,6092,431,BR,BR-RONDONIA
Rondônia,1805788,2020-06-24,16498,6455,444,BR,BR-RONDONIA
Rondônia,1805788,2020-06-25,17424,6741,455,BR,BR-RONDONIA
Rondônia,1805788,2020-06-26,18173,6888,467,BR,BR-RONDONIA
Rondônia,1805788,2020-06-27,19271,7179,476,BR,BR-RONDONIA
Rondônia,1805788,2020-06-28,19271,7179,476,BR,BR-RONDONIA
Rondônia,1805788,2020-06-29,19820,7691,486,BR,BR-RONDONIA
Rondônia,1805788,2020-06-30,20406,8080,500,BR,BR-RONDONIA
Rondônia,1805788,2020-07-01,21251,9225,518,BR,BR-RONDONIA
Rondônia,1805788,2020-07-02,21462,10198,520,BR,BR-RONDONIA
Rondônia,1805788,2020-07-03,21970,11302,530,BR,BR-RONDONIA
Rondônia,1805788,2020-07-04,22241,11543,533,BR,BR-RONDONIA
Rondônia,1805788,2020-07-05,22957,12167,548,BR,BR-RONDONIA
Rondônia,1805788,2020-07-06,23479,12512,555,BR,BR-RONDONIA
Rondônia,1805788,2020-07-07,23921,13035,558,BR,BR-RONDONIA
Roraima,522636,2020-05-21,2067,0,64,BR,BR-RORAIMA
Roraima,522636,2020-05-22,2146,0,72,BR,BR-RORAIMA
Roraima,522636,2020-05-23,2306,0,83,BR,BR-RORAIMA
Roraima,522636,2020-05-24,2374,0,81,BR,BR-RORAIMA
Roraima,522636,2020-05-25,2439,0,84,BR,BR-RORAIMA
Roraima,522636,2020-05-26,2514,0,86,BR,BR-RORAIMA
Roraima,522636,2020-05-27,2583,0,102,BR,BR-RORAIMA
Roraima,522636,2020-05-28,2682,0,102,BR,BR-RORAIMA
Roraima,522636,2020-05-29,2959,0,102,BR,BR-RORAIMA
Roraima,522636,2020-05-30,3098,0,108,BR,BR-RORAIMA
Roraima,522636,2020-05-31,3299,0,110,BR,BR-RORAIMA
Roraima,522636,2020-06-01,3474,0,116,BR,BR-RORAIMA
Roraima,522636,2020-06-02,3692,0,116,BR,BR-RORAIMA
Roraima,522636,2020-06-03,3850,0,120,BR,BR-RORAIMA
Roraima,522636,2020-06-04,4143,0,124,BR,BR-RORAIMA
Roraima,522636,2020-06-05,4483,0,127,BR,BR-RORAIMA
Roraima,522636,2020-06-06,4483,0,127,BR,BR-RORAIMA
Roraima,522636,2020-06-07,5238,0,139,BR,BR-RORAIMA
Roraima,522636,2020-06-08,5529,0,142,BR,BR-RORAIMA
Roraima,522636,2020-06-09,5768,1537,145,BR,BR-RORAIMA
Roraima,522636,2020-06-10,6056,1569,168,BR,BR-RORAIMA
Roraima,522636,2020-06-11,6347,1579,182,BR,BR-RORAIMA
Roraima,522636,2020-06-12,6594,1752,188,BR,BR-RORAIMA
Roraima,522636,2020-06-13,6712,1754,192,BR,BR-RORAIMA
Roraima,522636,2020-06-14,6842,1754,197,BR,BR-RORAIMA
Roraima,522636,2020-06-15,6875,1754,200,BR,BR-RORAIMA
Roraima,522636,2020-06-16,6881,1758,203,BR,BR-RORAIMA
Roraima,522636,2020-06-17,6935,1770,216,BR,BR-RORAIMA
Roraima,522636,2020-06-18,7150,1785,224,BR,BR-RORAIMA
Roraima,522636,2020-06-19,7421,1785,231,BR,BR-RORAIMA
Roraima,522636,2020-06-20,7650,2786,239,BR,BR-RORAIMA
Roraima,522636,2020-06-21,8037,2786,245,BR,BR-RORAIMA
Roraima,522636,2020-06-22,8120,2786,251,BR,BR-RORAIMA
Roraima,522636,2020-06-23,8188,2791,251,BR,BR-RORAIMA
Roraima,522636,2020-06-24,10340,2791,250,BR,BR-RORAIMA
Roraima,522636,2020-06-25,10803,2831,259,BR,BR-RORAIMA
Roraima,522636,2020-06-26,11872,4370,271,BR,BR-RORAIMA
Roraima,522636,2020-06-27,12911,4370,273,BR,BR-RORAIMA
Roraima,522636,2020-06-28,13078,4370,281,BR,BR-RORAIMA
Roraima,522636,2020-06-29,14341,4370,281,BR,BR-RORAIMA
Roraima,522636,2020-06-30,14459,4370,281,BR,BR-RORAIMA
Roraima,522636,2020-07-01,14641,4420,283,BR,BR-RORAIMA
Roraima,522636,2020-07-02,15153,4420,314,BR,BR-RORAIMA
Roraima,522636,2020-07-03,17583,4430,354,BR,BR-RORAIMA
Roraima,522636,2020-07-04,18323,4430,358,BR,BR-RORAIMA
Roraima,522636,2020-07-05,18769,4483,364,BR,BR-RORAIMA
Roraima,522636,2020-07-06,18922,4483,368,BR,BR-RORAIMA
Roraima,522636,2020-07-07,18948,4483,371,BR,BR-RORAIMA
Santa Catarina,7001161,2020-05-21,5499,0,94,BR,BR-SANTA-CATARINA
Santa Catarina,7001161,2020-05-22,5610,0,98,BR,BR-SANTA-CATARINA
Santa Catarina,7001161,2020-05-23,6458,0,100,BR,BR-SANTA-CATARINA
Santa Catarina,7001161,2020-05-24,6607,0,103,BR,BR-SANTA-CATARINA
Santa Catarina,7001161,2020-05-25,6696,0,105,BR,BR-SANTA-CATARINA
Santa Catarina,7001161,2020-05-26,6875,0,109,BR,BR-SANTA-CATARINA
Santa Catarina,7001161,2020-05-27,7016,0,121,BR,BR-SANTA-CATARINA
Santa Catarina,7001161,2020-05-28,7372,0,126,BR,BR-SANTA-CATARINA
Santa Catarina,7001161,2020-05-29,8000,0,131,BR,BR-SANTA-CATARINA
Santa Catarina,7001161,2020-05-30,8530,0,134,BR,BR-SANTA-CATARINA
Santa Catarina,7001161,2020-05-31,8778,0,136,BR,BR-SANTA-CATARINA
Santa Catarina,7001161,2020-06-01,9037,0,143,BR,BR-SANTA-CATARINA
Santa Catarina,7001161,2020-06-02,9498,0,146,BR,BR-SANTA-CATARINA
Santa Catarina,7001161,2020-06-03,9660,0,148,BR,BR-SANTA-CATARINA
Santa Catarina,7001161,2020-06-04,10034,0,152,BR,BR-SANTA-CATARINA
Santa Catarina,7001161,2020-06-05,10532,0,156,BR,BR-SANTA-CATARINA
Santa Catarina,7001161,2020-06-06,10532,0,156,BR,BR-SANTA-CATARINA
Santa Catarina,7001161,2020-06-07,11285,0,166,BR,BR-SANTA-CATARINA
Santa Catarina,7001161,2020-06-08,11565,0,171,BR,BR-SANTA-CATARINA
Santa Catarina,7001161,2020-06-09,11565,6931,171,BR,BR-SANTA-CATARINA
Santa Catarina,7001161,2020-06-10,12192,7828,179,BR,BR-SANTA-CATARINA
Santa Catarina,7001161,2020-06-11,12594,8203,184,BR,BR-SANTA-CATARINA
Santa Catarina,7001161,2020-06-12,12953,8203,186,BR,BR-SANTA-CATARINA
Santa Catarina,7001161,2020-06-13,13165,8919,191,BR,BR-SANTA-CATARINA
Santa Catarina,7001161,2020-06-14,13296,9218,193,BR,BR-SANTA-CATARINA
Santa Catarina,7001161,2020-06-15,13360,9430,195,BR,BR-SANTA-CATARINA
Santa Catarina,7001161,2020-06-16,13960,9430,199,BR,BR-SANTA-CATARINA
Santa Catarina,7001161,2020-06-17,14402,9430,212,BR,BR-SANTA-CATARINA
Santa Catarina,7001161,2020-06-18,15015,12633,216,BR,BR-SANTA-CATARINA
Santa Catarina,7001161,2020-06-19,15573,12633,222,BR,BR-SANTA-CATARINA
Santa Catarina,7001161,2020-06-20,16322,13599,234,BR,BR-SANTA-CATARINA
Santa Catarina,7001161,2020-06-21,17108,14078,237,BR,BR-SANTA-CATARINA
Santa Catarina,7001161,2020-06-22,17582,14377,246,BR,BR-SANTA-CATARINA
Santa Catarina,7001161,2020-06-23,17937,14824,256,BR,BR-SANTA-CATARINA
Santa Catarina,7001161,2020-06-24,19244,14824,263,BR,BR-SANTA-CATARINA
Santa Catarina,7001161,2020-06-25,20921,16377,279,BR,BR-SANTA-CATARINA
Santa Catarina,7001161,2020-06-26,21951,16945,289,BR,BR-SANTA-CATARINA
Santa Catarina,7001161,2020-06-27,22947,16945,298,BR,BR-SANTA-CATARINA
Santa Catarina,7001161,2020-06-28,23808,16945,304,BR,BR-SANTA-CATARINA
Santa Catarina,7001161,2020-06-29,24364,18694,312,BR,BR-SANTA-CATARINA
Santa Catarina,7001161,2020-06-30,25056,18694,324,BR,BR-SANTA-CATARINA
Santa Catarina,7001161,2020-07-01,26354,20505,341,BR,BR-SANTA-CATARINA
Santa Catarina,7001161,2020-07-02,27279,21402,347,BR,BR-SANTA-CATARINA
Santa Catarina,7001161,2020-07-03,28575,22864,362,BR,BR-SANTA-CATARINA
Santa Catarina,7001161,2020-07-04,30261,22864,376,BR,BR-SANTA-CATARINA
Santa Catarina,7001161,2020-07-05,31931,22864,383,BR,BR-SANTA-CATARINA
Santa Catarina,7001161,2020-07-06,32969,26887,393,BR,BR-SANTA-CATARINA
Santa Catarina,7001161,2020-07-07,33822,28115,406,BR,BR-SANTA-CATARINA
São Paulo,45094866,2020-05-21,69859,0,5363,BR,BR-SAO-PAULO
São Paulo,45094866,2020-05-22,73739,0,5558,BR,BR-SAO-PAULO
São Paulo,45094866,2020-05-23,76871,0,5773,BR,BR-SAO-PAULO
São Paulo,45094866,2020-05-24,80558,0,6045,BR,BR-SAO-PAULO
São Paulo,45094866,2020-05-25,82161,0,6163,BR,BR-SAO-PAULO
São Paulo,45094866,2020-05-26,83625,0,6220,BR,BR-SAO-PAULO
São Paulo,45094866,2020-05-27,86017,0,6423,BR,BR-SAO-PAULO
São Paulo,45094866,2020-05-28,89483,0,6712,BR,BR-SAO-PAULO
São Paulo,45094866,2020-05-29,95865,0,6980,BR,BR-SAO-PAULO
São Paulo,45094866,2020-05-30,101556,0,7275,BR,BR-SAO-PAULO
São Paulo,45094866,2020-05-31,107142,0,7532,BR,BR-SAO-PAULO
São Paulo,45094866,2020-06-01,109698,0,7615,BR,BR-SAO-PAULO
São Paulo,45094866,2020-06-02,111296,0,7667,BR,BR-SAO-PAULO
São Paulo,45094866,2020-06-03,118295,0,7994,BR,BR-SAO-PAULO
São Paulo,45094866,2020-06-04,123483,0,8276,BR,BR-SAO-PAULO
São Paulo,45094866,2020-06-05,129200,0,8560,BR,BR-SAO-PAULO
São Paulo,45094866,2020-06-06,129200,0,8560,BR,BR-SAO-PAULO
São Paulo,45094866,2020-06-07,140549,0,9058,BR,BR-SAO-PAULO
São Paulo,45094866,2020-06-08,143073,0,9145,BR,BR-SAO-PAULO
São Paulo,45094866,2020-06-09,144593,49295,9188,BR,BR-SAO-PAULO
São Paulo,45094866,2020-06-10,150138,49295,9522,BR,BR-SAO-PAULO
São Paulo,45094866,2020-06-11,156316,49295,9862,BR,BR-SAO-PAULO
São Paulo,45094866,2020-06-12,162520,49295,10145,BR,BR-SAO-PAULO
São Paulo,45094866,2020-06-13,167900,49295,10368,BR,BR-SAO-PAULO
São Paulo,45094866,2020-06-14,172875,49295,10581,BR,BR-SAO-PAULO
São Paulo,45094866,2020-06-15,178202,49295,10694,BR,BR-SAO-PAULO
São Paulo,45094866,2020-06-16,181460,49295,10767,BR,BR-SAO-PAULO
São Paulo,45094866,2020-06-17,190285,49295,11132,BR,BR-SAO-PAULO
São Paulo,45094866,2020-06-18,191517,49295,11521,BR,BR-SAO-PAULO
São Paulo,45094866,2020-06-19,192628,49295,11846,BR,BR-SAO-PAULO
São Paulo,45094866,2020-06-20,211658,49295,12232,BR,BR-SAO-PAULO
São Paulo,45094866,2020-06-21,215793,49295,12494,BR,BR-SAO-PAULO
São Paulo,45094866,2020-06-22,219185,49295,12588,BR,BR-SAO-PAULO
São Paulo,45094866,2020-06-23,221973,49295,12634,BR,BR-SAO-PAULO
São Paulo,45094866,2020-06-24,229475,49295,13068,BR,BR-SAO-PAULO
São Paulo,45094866,2020-06-25,238822,49295,13352,BR,BR-SAO-PAULO
São Paulo,45094866,2020-06-26,248587,49295,13759,BR,BR-SAO-PAULO
São Paulo,45094866,2020-06-27,258508,49295,13966,BR,BR-SAO-PAULO
São Paulo,45094866,2020-06-28,265581,49295,14263,BR,BR-SAO-PAULO
São Paulo,45094866,2020-06-29,271737,49295,14338,BR,BR-SAO-PAULO
São Paulo,45094866,2020-06-30,275145,49295,14398,BR,BR-SAO-PAULO
São Paulo,45094866,2020-07-01,281380,49295,14763,BR,BR-SAO-PAULO
São Paulo,45094866,2020-07-02,289935,49295,15030,BR,BR-SAO-PAULO
São Paulo,45094866,2020-07-03,302179,162851,15351,BR,BR-SAO-PAULO
São Paulo,45094866,2020-07-04,310702,162851,15694,BR,BR-SAO-PAULO
São Paulo,45094866,2020-07-05,312530,175439,15996,BR,BR-SAO-PAULO
São Paulo,45094866,2020-07-06,320179,176494,16078,BR,BR-SAO-PAULO
São Paulo,45094866,2020-07-07,323070,176494,16134,BR,BR-SAO-PAULO
Sergipe,2288116,2020-05-21,4277,0,69,BR,BR-SERGIPE
Sergipe,2288116,2020-05-22,4734,0,76,BR,BR-SERGIPE
Sergipe,2288116,2020-05-23,4922,0,82,BR,BR-SERGIPE
Sergipe,2288116,2020-05-24,5131,0,86,BR,BR-SERGIPE
Sergipe,2288116,2020-05-25,5314,0,93,BR,BR-SERGIPE
Sergipe,2288116,2020-05-26,5448,0,103,BR,BR-SERGIPE
Sergipe,2288116,2020-05-27,5735,0,116,BR,BR-SERGIPE
Sergipe,2288116,2020-05-28,5912,0,127,BR,BR-SERGIPE
Sergipe,2288116,2020-05-29,6156,0,135,BR,BR-SERGIPE
Sergipe,2288116,2020-05-30,6462,0,142,BR,BR-SERGIPE
Sergipe,2288116,2020-05-31,6805,0,149,BR,BR-SERGIPE
Sergipe,2288116,2020-06-01,6999,0,158,BR,BR-SERGIPE
Sergipe,2288116,2020-06-02,7233,0,166,BR,BR-SERGIPE
Sergipe,2288116,2020-06-03,7555,0,172,BR,BR-SERGIPE
Sergipe,2288116,2020-06-04,7989,0,180,BR,BR-SERGIPE
Sergipe,2288116,2020-06-05,8200,0,186,BR,BR-SERGIPE
Sergipe,2288116,2020-06-06,8200,0,186,BR,BR-SERGIPE
Sergipe,2288116,2020-06-07,8972,0,208,BR,BR-SERGIPE
Sergipe,2288116,2020-06-08,9290,0,217,BR,BR-SERGIPE
Sergipe,2288116,2020-06-09,9727,4525,234,BR,BR-SERGIPE
Sergipe,2288116,2020-06-10,10126,4575,252,BR,BR-SERGIPE
Sergipe,2288116,2020-06-11,10615,4575,264,BR,BR-SERGIPE
Sergipe,2288116,2020-06-12,11056,4732,283,BR,BR-SERGIPE
Sergipe,2288116,2020-06-13,11534,4732,305,BR,BR-SERGIPE
Sergipe,2288116,2020-06-14,12866,4732,316,BR,BR-SERGIPE
Sergipe,2288116,2020-06-15,13968,5391,330,BR,BR-SERGIPE
Sergipe,2288116,2020-06-16,15675,5391,352,BR,BR-SERGIPE
Sergipe,2288116,2020-06-17,16310,5526,364,BR,BR-SERGIPE
Sergipe,2288116,2020-06-18,16807,6213,383,BR,BR-SERGIPE
Sergipe,2288116,2020-06-19,17338,6213,400,BR,BR-SERGIPE
Sergipe,2288116,2020-06-20,17808,6449,426,BR,BR-SERGIPE
Sergipe,2288116,2020-06-21,18449,6449,448,BR,BR-SERGIPE
Sergipe,2288116,2020-06-22,18985,6912,462,BR,BR-SERGIPE
Sergipe,2288116,2020-06-23,19384,6912,491,BR,BR-SERGIPE
Sergipe,2288116,2020-06-24,19883,6912,511,BR,BR-SERGIPE
Sergipe,2288116,2020-06-25,20353,7579,524,BR,BR-SERGIPE
Sergipe,2288116,2020-06-26,21081,7579,554,BR,BR-SERGIPE
Sergipe,2288116,2020-06-27,21908,7579,579,BR,BR-SERGIPE
Sergipe,2288116,2020-06-28,23319,7579,605,BR,BR-SERGIPE
Sergipe,2288116,2020-06-29,24421,8115,620,BR,BR-SERGIPE
Sergipe,2288116,2020-06-30,24817,8115,653,BR,BR-SERGIPE
Sergipe,2288116,2020-07-01,25411,10109,676,BR,BR-SERGIPE
Sergipe,2288116,2020-07-02,25915,14878,701,BR,BR-SERGIPE
Sergipe,2288116,2020-07-03,26612,14878,725,BR,BR-SERGIPE
Sergipe,2288116,2020-07-04,28186,14878,764,BR,BR-SERGIPE
Sergipe,2288116,2020-07-05,29761,18949,783,BR,BR-SERGIPE
Sergipe,2288116,2020-07-06,30217,18949,798,BR,BR-SERGIPE
Sergipe,2288116,2020-07-07,30718,18949,826,BR,BR-SERGIPE
Tocantins,1550194,2020-05-21,1809,0,42,BR,BR-TOCANTINS
Tocantins,1550194,2020-05-22,1976,0,47,BR,BR-TOCANTINS
Tocantins,1550194,2020-05-23,2205,0,49,BR,BR-TOCANTINS
Tocantins,1550194,2020-05-24,2430,0,51,BR,BR-TOCANTINS
Tocantins,1550194,2020-05-25,2591,0,52,BR,BR-TOCANTINS
Tocantins,1550194,2020-05-26,2696,0,58,BR,BR-TOCANTINS
Tocantins,1550194,2020-05-27,2858,0,64,BR,BR-TOCANTINS
Tocantins,1550194,2020-05-28,3023,0,65,BR,BR-TOCANTINS
Tocantins,1550194,2020-05-29,3277,0,68,BR,BR-TOCANTINS
Tocantins,1550194,2020-05-30,3611,0,70,BR,BR-TOCANTINS
Tocantins,1550194,2020-05-31,3981,0,71,BR,BR-TOCANTINS
Tocantins,1550194,2020-06-01,4176,0,73,BR,BR-TOCANTINS
Tocantins,1550194,2020-06-02,4345,0,76,BR,BR-TOCANTINS
Tocantins,1550194,2020-06-03,4483,0,79,BR,BR-TOCANTINS
Tocantins,1550194,2020-06-04,4698,0,82,BR,BR-TOCANTINS
Tocantins,1550194,2020-06-05,4881,0,87,BR,BR-TOCANTINS
Tocantins,1550194,2020-06-06,4881,0,87,BR,BR-TOCANTINS
Tocantins,1550194,2020-06-07,5505,0,96,BR,BR-TOCANTINS
Tocantins,1550194,2020-06-08,5644,0,99,BR,BR-TOCANTINS
Tocantins,1550194,2020-06-09,5807,2634,108,BR,BR-TOCANTINS
Tocantins,1550194,2020-06-10,6052,2986,114,BR,BR-TOCANTINS
Tocantins,1550194,2020-06-11,6257,3410,120,BR,BR-TOCANTINS
Tocantins,1550194,2020-06-12,6529,3543,124,BR,BR-TOCANTINS
Tocantins,1550194,2020-06-13,6744,3685,128,BR,BR-TOCANTINS
Tocantins,1550194,2020-06-14,6931,3685,130,BR,BR-TOCANTINS
Tocantins,1550194,2020-06-15,6972,3780,132,BR,BR-TOCANTINS
Tocantins,1550194,2020-06-16,7137,3897,136,BR,BR-TOCANTINS
Tocantins,1550194,2020-06-17,7309,4226,140,BR,BR-TOCANTINS
Tocantins,1550194,2020-06-18,7573,4226,149,BR,BR-TOCANTINS
Tocantins,1550194,2020-06-19,7774,4226,152,BR,BR-TOCANTINS
Tocantins,1550194,2020-06-20,7956,5050,159,BR,BR-TOCANTINS
Tocantins,1550194,2020-06-21,8203,5050,167,BR,BR-TOCANTINS
Tocantins,1550194,2020-06-22,8354,5050,175,BR,BR-TOCANTINS
Tocantins,1550194,2020-06-23,8477,5548,178,BR,BR-TOCANTINS
Tocantins,1550194,2020-06-24,8766,5670,179,BR,BR-TOCANTINS
Tocantins,1550194,2020-06-25,9098,5670,181,BR,BR-TOCANTINS
Tocantins,1550194,2020-06-26,9425,5670,183,BR,BR-TOCANTINS
Tocantins,1550194,2020-06-27,9681,6103,186,BR,BR-TOCANTINS
Tocantins,1550194,2020-06-28,9966,6103,191,BR,BR-TOCANTINS
Tocantins,1550194,2020-06-29,10228,6103,192,BR,BR-TOCANTINS
Tocantins,1550194,2020-06-30,10359,6916,195,BR,BR-TOCANTINS
Tocantins,1550194,2020-07-01,10764,6916,200,BR,BR-TOCANTINS
Tocantins,1550194,2020-07-02,11222,7226,204,BR,BR-TOCANTINS
Tocantins,1550194,2020-07-03,11454,7226,209,BR,BR-TOCANTINS
Tocantins,1550194,2020-07-04,11736,7324,211,BR,BR-TOCANTINS
Tocantins,1550194,2020-07-05,12282,7712,215,BR,BR-TOCANTINS
Tocantins,1550194,2020-07-06,12475,7850,220,BR,BR-TOCANTINS
Tocantins,1550194,2020-07-07,12640,7850,224,BR,BR-TOCANTINS
other,0,2020-05-21,0,116683,0,BR,BR-XX
other,0,2020-05-22,0,125960,0,BR,BR-XX
other,0,2020-05-23,0,135430,0,BR,BR-XX
other,0,2020-05-24,0,142587,0,BR,BR-XX
other,0,2020-05-25,0,149911,0,BR,BR-XX
other,0,2020-05-26,0,153833,0,BR,BR-XX
other,0,2020-05-27,0,158593,0,BR,BR-XX
other,0,2020-05-28,0,166647,0,BR,BR-XX
other,0,2020-05-29,0,177604,0,BR,BR-XX
other,0,2020-05-30,0,189476,0,BR,BR-XX
other,0,2020-05-31,0,200892,0,BR,BR-XX
other,0,2020-06-01,0,206555,0,BR,BR-XX
other,0,2020-06-02,0,211080,0,BR,BR-XX
other,0,2020-06-03,0,223638,0,BR,BR-XX
other,0,2020-06-04,0,238617,0,BR,BR-XX
other,0,2020-06-05,0,254963,0,BR,BR-XX
other,0,2020-06-06,0,254963,0,BR,BR-XX
other,0,2020-06-07,0,277149,0,BR,BR-XX
other,0,2020-06-08,0,283952,0,BR,BR-XX
other,0,2020-06-09,0,283952,0,BR,BR-XX
