state_name_en,population_number,reportDate,cases,recovered,deaths,countryCode,stateCode
Andaman and Nicobar Islands,417036,2020-06-11,34,33,0,IN,IN-ANDAMAN-AND-NICOBAR-ISLANDS
Andaman and Nicobar Islands,417036,2020-06-12,38,33,0,IN,IN-ANDAMAN-AND-NICOBAR-ISLANDS
Andaman and Nicobar Islands,417036,2020-06-13,38,33,0,IN,IN-ANDAMAN-AND-NICOBAR-ISLANDS
Andaman and Nicobar Islands,417036,2020-06-14,38,33,0,IN,IN-ANDAMAN-AND-NICOBAR-ISLANDS
Andaman and Nicobar Islands,417036,2020-06-15,38,33,0,IN,IN-ANDAMAN-AND-NICOBAR-ISLANDS
Andaman and Nicobar Islands,417036,2020-06-16,41,33,0,IN,IN-ANDAMAN-AND-NICOBAR-ISLANDS
Andaman and Nicobar Islands,417036,2020-06-17,44,33,0,IN,IN-ANDAMAN-AND-NICOBAR-ISLANDS
Andaman and Nicobar Islands,417036,2020-06-18,44,33,0,IN,IN-ANDAMAN-AND-NICOBAR-ISLANDS
Andaman and Nicobar Islands,417036,2020-06-19,44,33,0,IN,IN-ANDAMAN-AND-NICOBAR-ISLANDS
Andaman and Nicobar Islands,417036,2020-06-20,45,35,0,IN,IN-ANDAMAN-AND-NICOBAR-ISLANDS
Andaman and Nicobar Islands,417036,2020-06-21,47,36,0,IN,IN-ANDAMAN-AND-NICOBAR-ISLANDS
Andaman and Nicobar Islands,417036,2020-06-22,48,37,0,IN,IN-ANDAMAN-AND-NICOBAR-ISLANDS
Andaman and Nicobar Islands,417036,2020-06-23,48,37,0,IN,IN-ANDAMAN-AND-NICOBAR-ISLANDS
Andaman and Nicobar Islands,417036,2020-06-24,50,40,0,IN,IN-ANDAMAN-AND-NICOBAR-ISLANDS
Andaman and Nicobar Islands,417036,2020-06-25,56,43,0,IN,IN-ANDAMAN-AND-NICOBAR-ISLANDS
Andaman and Nicobar Islands,417036,2020-06-26,59,43,0,IN,IN-ANDAMAN-AND-NICOBAR-ISLANDS
Andaman and Nicobar Islands,417036,2020-06-27,72,43,0,IN,IN-ANDAMAN-AND-NICOBAR-ISLANDS
Andaman and Nicobar Islands,417036,2020-06-28,72,43,0,IN,IN-ANDAMAN-AND-NICOBAR-ISLANDS
Andaman and Nicobar Islands,417036,2020-06-29,76,45,0,IN,IN-ANDAMAN-AND-NICOBAR-ISLANDS
Andaman and Nicobar Islands,417036,2020-06-30,90,46,0,IN,IN-ANDAMAN-AND-NICOBAR-ISLANDS
Andaman and Nicobar Islands,417036,2020-07-01,97,50,0,IN,IN-ANDAMAN-AND-NICOBAR-ISLANDS
Andaman and Nicobar Islands,417036,2020-07-02,100,50,0,IN,IN-ANDAMAN-AND-NICOBAR-ISLANDS
Andaman and Nicobar Islands,417036,2020-07-03,109,51,0,IN,IN-ANDAMAN-AND-NICOBAR-ISLANDS
Andaman and Nicobar Islands,417036,2020-07-04,116,54,0,IN,IN-ANDAMAN-AND-NICOBAR-ISLANDS
Andaman and Nicobar Islands,417036,2020-07-05,119,66,0,IN,IN-ANDAMAN-AND-NICOBAR-ISLANDS
Andaman and Nicobar Islands,417036,2020-07-06,125,72,0,IN,IN-ANDAMAN-AND-NICOBAR-ISLANDS
Andaman and Nicobar Islands,417036,2020-07-07,141,74,0,IN,IN-ANDAMAN-AND-NICOBAR-ISLANDS
Andhra Pradesh,53903393,2020-06-11,5269,2899,78,IN,IN-ANDHRA-PRADESH
Andhra Pradesh,53903393,2020-06-12,5429,3048,80,IN,IN-ANDHRA-PRADESH
Andhra Pradesh,53903393,2020-06-13,5680,3105,80,IN,IN-ANDHRA-PRADESH
Andhra Pradesh,53903393,2020-06-14,5965,3195,82,IN,IN-ANDHRA-PRADESH
Andhra Pradesh,53903393,2020-06-15,6163,3314,84,IN,IN-ANDHRA-PRADESH
Andhra Pradesh,53903393,2020-06-16,6456,3316,88,IN,IN-ANDHRA-PRADESH
Andhra Pradesh,53903393,2020-06-17,6841,3509,88,IN,IN-ANDHRA-PRADESH
Andhra Pradesh,53903393,2020-06-18,7071,3641,90,IN,IN-ANDHRA-PRADESH
Andhra Pradesh,53903393,2020-06-19,7518,3789,92,IN,IN-ANDHRA-PRADESH
Andhra Pradesh,53903393,2020-06-20,7961,3917,96,IN,IN-ANDHRA-PRADESH
Andhra Pradesh,53903393,2020-06-21,8452,4111,101,IN,IN-ANDHRA-PRADESH
Andhra Pradesh,53903393,2020-06-22,8999,4331,106,IN,IN-ANDHRA-PRADESH
Andhra Pradesh,53903393,2020-06-23,9372,4495,111,IN,IN-ANDHRA-PRADESH
Andhra Pradesh,53903393,2020-06-24,10002,4599,119,IN,IN-ANDHRA-PRADESH
Andhra Pradesh,53903393,2020-06-25,10331,4779,124,IN,IN-ANDHRA-PRADESH
Andhra Pradesh,53903393,2020-06-26,10884,4988,136,IN,IN-ANDHRA-PRADESH
Andhra Pradesh,53903393,2020-06-27,11489,5196,148,IN,IN-ANDHRA-PRADESH
Andhra Pradesh,53903393,2020-06-28,12285,5480,157,IN,IN-ANDHRA-PRADESH
Andhra Pradesh,53903393,2020-06-29,13241,5908,169,IN,IN-ANDHRA-PRADESH
Andhra Pradesh,53903393,2020-06-30,13891,6232,180,IN,IN-ANDHRA-PRADESH
Andhra Pradesh,53903393,2020-07-01,14595,6511,187,IN,IN-ANDHRA-PRADESH
Andhra Pradesh,53903393,2020-07-02,15252,6988,193,IN,IN-ANDHRA-PRADESH
Andhra Pradesh,53903393,2020-07-03,16097,7313,198,IN,IN-ANDHRA-PRADESH
Andhra Pradesh,53903393,2020-07-04,16934,7632,206,IN,IN-ANDHRA-PRADESH
Andhra Pradesh,53903393,2020-07-05,17699,8008,218,IN,IN-ANDHRA-PRADESH
Andhra Pradesh,53903393,2020-07-06,18697,8422,232,IN,IN-ANDHRA-PRADESH
Andhra Pradesh,53903393,2020-07-07,20019,8920,239,IN,IN-ANDHRA-PRADESH
Arunachal Pradesh,1570458,2020-06-11,57,2,0,IN,IN-ARUNACHAL-PRADESH
Arunachal Pradesh,1570458,2020-06-12,61,4,0,IN,IN-ARUNACHAL-PRADESH
Arunachal Pradesh,1570458,2020-06-13,67,4,0,IN,IN-ARUNACHAL-PRADESH
Arunachal Pradesh,1570458,2020-06-14,87,4,0,IN,IN-ARUNACHAL-PRADESH
Arunachal Pradesh,1570458,2020-06-15,91,7,0,IN,IN-ARUNACHAL-PRADESH
Arunachal Pradesh,1570458,2020-06-16,91,7,0,IN,IN-ARUNACHAL-PRADESH
Arunachal Pradesh,1570458,2020-06-17,95,7,0,IN,IN-ARUNACHAL-PRADESH
Arunachal Pradesh,1570458,2020-06-18,99,7,0,IN,IN-ARUNACHAL-PRADESH
Arunachal Pradesh,1570458,2020-06-19,103,10,0,IN,IN-ARUNACHAL-PRADESH
Arunachal Pradesh,1570458,2020-06-20,103,11,0,IN,IN-ARUNACHAL-PRADESH
Arunachal Pradesh,1570458,2020-06-21,135,14,0,IN,IN-ARUNACHAL-PRADESH
Arunachal Pradesh,1570458,2020-06-22,135,15,0,IN,IN-ARUNACHAL-PRADESH
Arunachal Pradesh,1570458,2020-06-23,139,21,0,IN,IN-ARUNACHAL-PRADESH
Arunachal Pradesh,1570458,2020-06-24,148,22,0,IN,IN-ARUNACHAL-PRADESH
Arunachal Pradesh,1570458,2020-06-25,158,38,0,IN,IN-ARUNACHAL-PRADESH
Arunachal Pradesh,1570458,2020-06-26,160,38,1,IN,IN-ARUNACHAL-PRADESH
Arunachal Pradesh,1570458,2020-06-27,172,42,1,IN,IN-ARUNACHAL-PRADESH
Arunachal Pradesh,1570458,2020-06-28,177,54,1,IN,IN-ARUNACHAL-PRADESH
Arunachal Pradesh,1570458,2020-06-29,182,60,1,IN,IN-ARUNACHAL-PRADESH
Arunachal Pradesh,1570458,2020-06-30,187,61,1,IN,IN-ARUNACHAL-PRADESH
Arunachal Pradesh,1570458,2020-07-01,191,62,1,IN,IN-ARUNACHAL-PRADESH
Arunachal Pradesh,1570458,2020-07-02,195,66,1,IN,IN-ARUNACHAL-PRADESH
Arunachal Pradesh,1570458,2020-07-03,195,66,1,IN,IN-ARUNACHAL-PRADESH
Arunachal Pradesh,1570458,2020-07-04,252,75,1,IN,IN-ARUNACHAL-PRADESH
Arunachal Pradesh,1570458,2020-07-05,259,76,1,IN,IN-ARUNACHAL-PRADESH
Arunachal Pradesh,1570458,2020-07-06,269,78,1,IN,IN-ARUNACHAL-PRADESH
Arunachal Pradesh,1570458,2020-07-07,269,78,1,IN,IN-ARUNACHAL-PRADESH
Assam,35607039,2020-06-11,3092,1249,4,IN,IN-ASSAM
Assam,35607039,2020-06-12,3319,1432,6,IN,IN-ASSAM
Assam,35607039,2020-06-13,3498,1537,8,IN,IN-ASSAM
Assam,35607039,2020-06-14,3718,1584,8,IN,IN-ASSAM
Assam,35607039,2020-06-15,4049,1960,8,IN,IN-ASSAM
Assam,35607039,2020-06-16,4158,2166,8,IN,IN-ASSAM
Assam,35607039,2020-06-17,4319,2166,8,IN,IN-ASSAM
Assam,35607039,2020-06-18,4605,2642,8,IN,IN-ASSAM
Assam,35607039,2020-06-19,4777,2654,9,IN,IN-ASSAM
Assam,35607039,2020-06-20,4904,3039,9,IN,IN-ASSAM
Assam,35607039,2020-06-21,4904,3039,9,IN,IN-ASSAM
Assam,35607039,2020-06-22,5388,3360,9,IN,IN-ASSAM
Assam,35607039,2020-06-23,5586,3521,9,IN,IN-ASSAM
Assam,35607039,2020-06-24,5831,3762,9,IN,IN-ASSAM
Assam,35607039,2020-06-25,6198,3958,9,IN,IN-ASSAM
Assam,35607039,2020-06-26,6321,4033,9,IN,IN-ASSAM
Assam,35607039,2020-06-27,6607,4259,9,IN,IN-ASSAM
Assam,35607039,2020-06-28,6816,4500,9,IN,IN-ASSAM
Assam,35607039,2020-06-29,7206,5088,10,IN,IN-ASSAM
Assam,35607039,2020-06-30,7752,5333,11,IN,IN-ASSAM
Assam,35607039,2020-07-01,8227,5647,12,IN,IN-ASSAM
Assam,35607039,2020-07-02,8582,5851,12,IN,IN-ASSAM
Assam,35607039,2020-07-03,9013,6106,12,IN,IN-ASSAM
Assam,35607039,2020-07-04,9673,6349,14,IN,IN-ASSAM
Assam,35607039,2020-07-05,10668,6657,14,IN,IN-ASSAM
Assam,35607039,2020-07-06,11388,7125,14,IN,IN-ASSAM
Assam,35607039,2020-07-07,12160,7882,14,IN,IN-ASSAM
Bihar,124799926,2020-06-11,5710,3071,33,IN,IN-BIHAR
Bihar,124799926,2020-06-12,5983,3266,36,IN,IN-BIHAR
Bihar,124799926,2020-06-13,6103,3587,36,IN,IN-BIHAR
Bihar,124799926,2020-06-14,6290,3956,39,IN,IN-BIHAR
Bihar,124799926,2020-06-15,6470,4170,39,IN,IN-BIHAR
Bihar,124799926,2020-06-16,6650,4409,40,IN,IN-BIHAR
Bihar,124799926,2020-06-17,6778,4644,41,IN,IN-BIHAR
Bihar,124799926,2020-06-18,6942,4926,44,IN,IN-BIHAR
Bihar,124799926,2020-06-19,7025,5056,44,IN,IN-BIHAR
Bihar,124799926,2020-06-20,7181,5098,50,IN,IN-BIHAR
Bihar,124799926,2020-06-21,7533,5529,52,IN,IN-BIHAR
Bihar,124799926,2020-06-22,7612,5580,53,IN,IN-BIHAR
Bihar,124799926,2020-06-23,7825,5781,55,IN,IN-BIHAR
Bihar,124799926,2020-06-24,8153,6104,56,IN,IN-BIHAR
Bihar,124799926,2020-06-25,8209,6113,57,IN,IN-BIHAR
Bihar,124799926,2020-06-26,8473,6441,57,IN,IN-BIHAR
Bihar,124799926,2020-06-27,8716,6762,58,IN,IN-BIHAR
Bihar,124799926,2020-06-28,8931,6843,59,IN,IN-BIHAR
Bihar,124799926,2020-06-29,9212,7118,60,IN,IN-BIHAR
Bihar,124799926,2020-06-30,9640,7390,62,IN,IN-BIHAR
Bihar,124799926,2020-07-01,10043,7687,67,IN,IN-BIHAR
Bihar,124799926,2020-07-02,10249,7946,70,IN,IN-BIHAR
Bihar,124799926,2020-07-03,10471,8020,77,IN,IN-BIHAR
Bihar,124799926,2020-07-04,10954,8214,80,IN,IN-BIHAR
Bihar,124799926,2020-07-05,11700,8686,89,IN,IN-BIHAR
Bihar,124799926,2020-07-06,11876,8765,95,IN,IN-BIHAR
Bihar,124799926,2020-07-07,12125,8997,97,IN,IN-BIHAR
Chandigarh,1158473,2020-06-11,327,286,5,IN,IN-CHANDIGARH
Chandigarh,1158473,2020-06-12,332,286,5,IN,IN-CHANDIGARH
Chandigarh,1158473,2020-06-13,334,286,5,IN,IN-CHANDIGARH
Chandigarh,1158473,2020-06-14,345,286,5,IN,IN-CHANDIGARH
Chandigarh,1158473,2020-06-15,352,293,5,IN,IN-CHANDIGARH
Chandigarh,1158473,2020-06-16,354,296,6,IN,IN-CHANDIGARH
Chandigarh,1158473,2020-06-17,358,302,6,IN,IN-CHANDIGARH
Chandigarh,1158473,2020-06-18,368,303,6,IN,IN-CHANDIGARH
Chandigarh,1158473,2020-06-19,374,306,6,IN,IN-CHANDIGARH
Chandigarh,1158473,2020-06-20,381,315,6,IN,IN-CHANDIGARH
Chandigarh,1158473,2020-06-21,404,316,6,IN,IN-CHANDIGARH
Chandigarh,1158473,2020-06-22,406,316,6,IN,IN-CHANDIGARH
Chandigarh,1158473,2020-06-23,411,322,6,IN,IN-CHANDIGARH
Chandigarh,1158473,2020-06-24,418,322,6,IN,IN-CHANDIGARH
Chandigarh,1158473,2020-06-25,420,323,6,IN,IN-CHANDIGARH
Chandigarh,1158473,2020-06-26,423,329,6,IN,IN-CHANDIGARH
Chandigarh,1158473,2020-06-27,425,335,6,IN,IN-CHANDIGARH
Chandigarh,1158473,2020-06-28,428,335,6,IN,IN-CHANDIGARH
Chandigarh,1158473,2020-06-29,429,336,6,IN,IN-CHANDIGARH
Chandigarh,1158473,2020-06-30,435,349,6,IN,IN-CHANDIGARH
Chandigarh,1158473,2020-07-01,440,364,6,IN,IN-CHANDIGARH
Chandigarh,1158473,2020-07-02,446,367,6,IN,IN-CHANDIGARH
Chandigarh,1158473,2020-07-03,450,389,6,IN,IN-CHANDIGARH
Chandigarh,1158473,2020-07-04,457,393,6,IN,IN-CHANDIGARH
Chandigarh,1158473,2020-07-05,460,395,6,IN,IN-CHANDIGARH
Chandigarh,1158473,2020-07-06,466,395,6,IN,IN-CHANDIGARH
Chandigarh,1158473,2020-07-07,489,401,6,IN,IN-CHANDIGARH
Chhattisgarh,29436231,2020-06-11,1262,402,6,IN,IN-CHHATTISGARH
Chhattisgarh,29436231,2020-06-12,1398,447,6,IN,IN-CHHATTISGARH
Chhattisgarh,29436231,2020-06-13,1429,550,6,IN,IN-CHHATTISGARH
Chhattisgarh,29436231,2020-06-14,1512,631,6,IN,IN-CHHATTISGARH
Chhattisgarh,29436231,2020-06-15,1662,763,8,IN,IN-CHHATTISGARH
Chhattisgarh,29436231,2020-06-16,1756,890,8,IN,IN-CHHATTISGARH
Chhattisgarh,29436231,2020-06-17,1781,1036,9,IN,IN-CHHATTISGARH
Chhattisgarh,29436231,2020-06-18,1864,1180,10,IN,IN-CHHATTISGARH
Chhattisgarh,29436231,2020-06-19,1946,1228,10,IN,IN-CHHATTISGARH
Chhattisgarh,29436231,2020-06-20,2028,1331,10,IN,IN-CHHATTISGARH
Chhattisgarh,29436231,2020-06-21,2041,1394,11,IN,IN-CHHATTISGARH
Chhattisgarh,29436231,2020-06-22,2275,1447,11,IN,IN-CHHATTISGARH
Chhattisgarh,29436231,2020-06-23,2303,1513,12,IN,IN-CHHATTISGARH
Chhattisgarh,29436231,2020-06-24,2362,1553,12,IN,IN-CHHATTISGARH
Chhattisgarh,29436231,2020-06-25,2419,1627,12,IN,IN-CHHATTISGARH
Chhattisgarh,29436231,2020-06-26,2452,1755,12,IN,IN-CHHATTISGARH
Chhattisgarh,29436231,2020-06-27,2545,1914,13,IN,IN-CHHATTISGARH
Chhattisgarh,29436231,2020-06-28,2545,1914,13,IN,IN-CHHATTISGARH
Chhattisgarh,29436231,2020-06-29,2662,2091,13,IN,IN-CHHATTISGARH
Chhattisgarh,29436231,2020-06-30,2761,2173,13,IN,IN-CHHATTISGARH
Chhattisgarh,29436231,2020-07-01,2860,2250,13,IN,IN-CHHATTISGARH
Chhattisgarh,29436231,2020-07-02,2940,2303,14,IN,IN-CHHATTISGARH
Chhattisgarh,29436231,2020-07-03,3013,2385,14,IN,IN-CHHATTISGARH
Chhattisgarh,29436231,2020-07-04,3065,2437,14,IN,IN-CHHATTISGARH
Chhattisgarh,29436231,2020-07-05,3161,2549,14,IN,IN-CHHATTISGARH
Chhattisgarh,29436231,2020-07-06,3207,2601,14,IN,IN-CHHATTISGARH
Chhattisgarh,29436231,2020-07-07,3305,2667,14,IN,IN-CHHATTISGARH
Dadra and Nagar Haveli and Daman and Diu,615724,2020-06-11,26,2,0,IN,IN-DADAR-NAGAR-HAVELI
Dadra and Nagar Haveli and Daman and Diu,615724,2020-06-12,26,2,0,IN,IN-DADAR-NAGAR-HAVELI
Dadra and Nagar Haveli and Daman and Diu,615724,2020-06-13,26,2,0,IN,IN-DADAR-NAGAR-HAVELI
Dadra and Nagar Haveli and Daman and Diu,615724,2020-06-14,26,2,0,IN,IN-DADAR-NAGAR-HAVELI
Dadra and Nagar Haveli and Daman and Diu,615724,2020-06-15,36,2,0,IN,IN-DADAR-NAGAR-HAVELI
Dadra and Nagar Haveli and Daman and Diu,615724,2020-06-16,36,5,0,IN,IN-DADAR-NAGAR-HAVELI
Dadra and Nagar Haveli and Daman and Diu,615724,2020-06-17,45,9,0,IN,IN-DADAR-NAGAR-HAVELI
Dadra and Nagar Haveli and Daman and Diu,615724,2020-06-18,57,12,0,IN,IN-DADAR-NAGAR-HAVELI
Dadra and Nagar Haveli and Daman and Diu,615724,2020-06-19,58,13,0,IN,IN-DADAR-NAGAR-HAVELI
Dadra and Nagar Haveli and Daman and Diu,615724,2020-06-20,62,14,0,IN,IN-DADAR-NAGAR-HAVELI
Dadra and Nagar Haveli and Daman and Diu,615724,2020-06-21,68,26,0,IN,IN-DADAR-NAGAR-HAVELI
Dadra and Nagar Haveli and Daman and Diu,615724,2020-06-22,88,26,0,IN,IN-DADAR-NAGAR-HAVELI
Dadra and Nagar Haveli and Daman and Diu,615724,2020-06-23,91,27,0,IN,IN-DADAR-NAGAR-HAVELI
Dadra and Nagar Haveli and Daman and Diu,615724,2020-06-24,120,29,0,IN,IN-DADAR-NAGAR-HAVELI
Dadra and Nagar Haveli and Daman and Diu,615724,2020-06-25,120,30,0,IN,IN-DADAR-NAGAR-HAVELI
Dadra and Nagar Haveli and Daman and Diu,615724,2020-06-26,155,32,0,IN,IN-DADAR-NAGAR-HAVELI
Dadra and Nagar Haveli and Daman and Diu,615724,2020-06-27,163,41,0,IN,IN-DADAR-NAGAR-HAVELI
Dadra and Nagar Haveli and Daman and Diu,615724,2020-06-28,177,55,0,IN,IN-DADAR-NAGAR-HAVELI
Dadra and Nagar Haveli and Daman and Diu,615724,2020-06-29,178,60,0,IN,IN-DADAR-NAGAR-HAVELI
Dadra and Nagar Haveli and Daman and Diu,615724,2020-06-30,203,77,0,IN,IN-DADAR-NAGAR-HAVELI
Dadra and Nagar Haveli and Daman and Diu,615724,2020-07-01,213,82,0,IN,IN-DADAR-NAGAR-HAVELI
Dadra and Nagar Haveli and Daman and Diu,615724,2020-07-02,215,86,0,IN,IN-DADAR-NAGAR-HAVELI
Dadra and Nagar Haveli and Daman and Diu,615724,2020-07-03,230,89,0,IN,IN-DADAR-NAGAR-HAVELI
Dadra and Nagar Haveli and Daman and Diu,615724,2020-07-04,257,96,0,IN,IN-DADAR-NAGAR-HAVELI
Dadra and Nagar Haveli and Daman and Diu,615724,2020-07-05,271,96,0,IN,IN-DADAR-NAGAR-HAVELI
Dadra and Nagar Haveli and Daman and Diu,615724,2020-07-06,271,106,0,IN,IN-DADAR-NAGAR-HAVELI
Dadra and Nagar Haveli and Daman and Diu,615724,2020-07-07,297,114,0,IN,IN-DADAR-NAGAR-HAVELI
Delhi,18710922,2020-06-11,32810,12245,984,IN,IN-DELHI
Delhi,18710922,2020-06-12,34687,12731,1085,IN,IN-DELHI
Delhi,18710922,2020-06-13,36824,13398,1214,IN,IN-DELHI
Delhi,18710922,2020-06-14,38958,14945,1271,IN,IN-DELHI
Delhi,18710922,2020-06-15,41182,15823,1327,IN,IN-DELHI
Delhi,18710922,2020-06-16,42829,16427,1400,IN,IN-DELHI
Delhi,18710922,2020-06-17,44688,16500,1837,IN,IN-DELHI
Delhi,18710922,2020-06-18,47102,17457,1904,IN,IN-DELHI
Delhi,18710922,2020-06-19,49979,21341,1969,IN,IN-DELHI
Delhi,18710922,2020-06-20,53116,23569,2035,IN,IN-DELHI
Delhi,18710922,2020-06-21,56746,31294,2112,IN,IN-DELHI
Delhi,18710922,2020-06-22,59746,33013,2175,IN,IN-DELHI
Delhi,18710922,2020-06-23,62655,36602,2233,IN,IN-DELHI
Delhi,18710922,2020-06-24,66602,39313,2301,IN,IN-DELHI
Delhi,18710922,2020-06-25,70390,41437,2365,IN,IN-DELHI
Delhi,18710922,2020-06-26,73780,44765,2429,IN,IN-DELHI
Delhi,18710922,2020-06-27,77240,47091,2492,IN,IN-DELHI
Delhi,18710922,2020-06-28,80188,49301,2558,IN,IN-DELHI
Delhi,18710922,2020-06-29,83077,52607,2623,IN,IN-DELHI
Delhi,18710922,2020-06-30,85161,56235,2680,IN,IN-DELHI
Delhi,18710922,2020-07-01,87360,58348,2742,IN,IN-DELHI
Delhi,18710922,2020-07-02,89802,59992,2803,IN,IN-DELHI
Delhi,18710922,2020-07-03,92175,63007,2864,IN,IN-DELHI
Delhi,18710922,2020-07-04,94695,65624,2923,IN,IN-DELHI
Delhi,18710922,2020-07-05,97200,68256,3004,IN,IN-DELHI
Delhi,18710922,2020-07-06,99444,71339,3067,IN,IN-DELHI
Delhi,18710922,2020-07-07,100823,72088,3115,IN,IN-DELHI
Goa,1586250,2020-06-11,387,67,0,IN,IN-GOA
Goa,1586250,2020-06-12,417,67,0,IN,IN-GOA
Goa,1586250,2020-06-13,463,69,0,IN,IN-GOA
Goa,1586250,2020-06-14,523,70,0,IN,IN-GOA
Goa,1586250,2020-06-15,564,74,0,IN,IN-GOA
Goa,1586250,2020-06-16,592,85,0,IN,IN-GOA
Goa,1586250,2020-06-17,629,85,0,IN,IN-GOA
Goa,1586250,2020-06-18,656,96,0,IN,IN-GOA
Goa,1586250,2020-06-19,705,109,0,IN,IN-GOA
Goa,1586250,2020-06-20,725,118,0,IN,IN-GOA
Goa,1586250,2020-06-21,754,129,0,IN,IN-GOA
Goa,1586250,2020-06-22,754,129,0,IN,IN-GOA
Goa,1586250,2020-06-23,864,152,1,IN,IN-GOA
Goa,1586250,2020-06-24,909,205,1,IN,IN-GOA
Goa,1586250,2020-06-25,951,289,2,IN,IN-GOA
Goa,1586250,2020-06-26,995,335,2,IN,IN-GOA
Goa,1586250,2020-06-27,1039,370,2,IN,IN-GOA
Goa,1586250,2020-06-28,1128,420,2,IN,IN-GOA
Goa,1586250,2020-06-29,1198,478,3,IN,IN-GOA
Goa,1586250,2020-06-30,1198,478,3,IN,IN-GOA
Goa,1586250,2020-07-01,1315,596,3,IN,IN-GOA
Goa,1586250,2020-07-02,1387,670,4,IN,IN-GOA
Goa,1586250,2020-07-03,1482,734,4,IN,IN-GOA
Goa,1586250,2020-07-04,1482,734,4,IN,IN-GOA
Goa,1586250,2020-07-05,1684,825,6,IN,IN-GOA
Goa,1586250,2020-07-06,1761,936,7,IN,IN-GOA
Goa,1586250,2020-07-07,1813,1061,7,IN,IN-GOA
Gujarat,63872399,2020-06-11,21521,14735,1347,IN,IN-GUJARAT
Gujarat,63872399,2020-06-12,22032,15101,1385,IN,IN-GUJARAT
Gujarat,63872399,2020-06-13,22527,15493,1415,IN,IN-GUJARAT
Gujarat,63872399,2020-06-14,23038,15883,1448,IN,IN-GUJARAT
Gujarat,63872399,2020-06-15,23544,16325,1477,IN,IN-GUJARAT
Gujarat,63872399,2020-06-16,24055,16664,1505,IN,IN-GUJARAT
Gujarat,63872399,2020-06-17,24577,17082,1533,IN,IN-GUJARAT
Gujarat,63872399,2020-06-18,25093,17430,1560,IN,IN-GUJARAT
Gujarat,63872399,2020-06-19,25601,17819,1591,IN,IN-GUJARAT
Gujarat,63872399,2020-06-20,26141,18159,1618,IN,IN-GUJARAT
Gujarat,63872399,2020-06-21,26680,18694,1638,IN,IN-GUJARAT
Gujarat,63872399,2020-06-22,27260,19349,1663,IN,IN-GUJARAT
Gujarat,63872399,2020-06-23,27825,19909,1684,IN,IN-GUJARAT
Gujarat,63872399,2020-06-24,28371,20513,1710,IN,IN-GUJARAT
Gujarat,63872399,2020-06-25,28943,21088,1735,IN,IN-GUJARAT
Gujarat,63872399,2020-06-26,29520,21498,1753,IN,IN-GUJARAT
Gujarat,63872399,2020-06-27,30095,22030,1771,IN,IN-GUJARAT
Gujarat,63872399,2020-06-28,30709,22409,1789,IN,IN-GUJARAT
Gujarat,63872399,2020-06-29,31320,22800,1808,IN,IN-GUJARAT
Gujarat,63872399,2020-06-30,31938,23240,1827,IN,IN-GUJARAT
Gujarat,63872399,2020-07-01,32557,23662,1846,IN,IN-GUJARAT
Gujarat,63872399,2020-07-02,33232,24030,1867,IN,IN-GUJARAT
Gujarat,63872399,2020-07-03,33913,24593,1886,IN,IN-GUJARAT
Gujarat,63872399,2020-07-04,34600,24933,1904,IN,IN-GUJARAT
Gujarat,63872399,2020-07-05,35312,25406,1925,IN,IN-GUJARAT
Gujarat,63872399,2020-07-06,36037,25892,1943,IN,IN-GUJARAT
Gujarat,63872399,2020-07-07,36772,26315,1960,IN,IN-GUJARAT
Haryana,28204692,2020-06-11,5579,2188,52,IN,IN-HARYANA
Haryana,28204692,2020-06-12,5968,2260,64,IN,IN-HARYANA
Haryana,28204692,2020-06-13,6334,2475,70,IN,IN-HARYANA
Haryana,28204692,2020-06-14,6749,2803,78,IN,IN-HARYANA
Haryana,28204692,2020-06-15,7208,3003,88,IN,IN-HARYANA
Haryana,28204692,2020-06-16,7722,3565,100,IN,IN-HARYANA
Haryana,28204692,2020-06-17,8272,3748,118,IN,IN-HARYANA
Haryana,28204692,2020-06-18,8832,3952,130,IN,IN-HARYANA
Haryana,28204692,2020-06-19,9218,4556,134,IN,IN-HARYANA
Haryana,28204692,2020-06-20,9743,4889,144,IN,IN-HARYANA
Haryana,28204692,2020-06-21,10223,5128,149,IN,IN-HARYANA
Haryana,28204692,2020-06-22,10635,5557,160,IN,IN-HARYANA
Haryana,28204692,2020-06-23,11025,5916,169,IN,IN-HARYANA
Haryana,28204692,2020-06-24,11520,6498,178,IN,IN-HARYANA
Haryana,28204692,2020-06-25,12010,6925,188,IN,IN-HARYANA
Haryana,28204692,2020-06-26,12463,7380,198,IN,IN-HARYANA
Haryana,28204692,2020-06-27,12884,8016,211,IN,IN-HARYANA
Haryana,28204692,2020-06-28,13427,8472,218,IN,IN-HARYANA
Haryana,28204692,2020-06-29,13829,8917,223,IN,IN-HARYANA
Haryana,28204692,2020-06-30,14210,9502,232,IN,IN-HARYANA
Haryana,28204692,2020-07-01,14548,9972,236,IN,IN-HARYANA
Haryana,28204692,2020-07-02,14941,10499,240,IN,IN-HARYANA
Haryana,28204692,2020-07-03,15509,11019,251,IN,IN-HARYANA
Haryana,28204692,2020-07-04,16003,11691,255,IN,IN-HARYANA
Haryana,28204692,2020-07-05,16548,12257,260,IN,IN-HARYANA
Haryana,28204692,2020-07-06,17005,12944,265,IN,IN-HARYANA
Haryana,28204692,2020-07-07,17504,13335,276,IN,IN-HARYANA
Himachal Pradesh,7451955,2020-06-11,451,254,6,IN,IN-HIMACHAL-PRADESH
Himachal Pradesh,7451955,2020-06-12,470,280,6,IN,IN-HIMACHAL-PRADESH
Himachal Pradesh,7451955,2020-06-13,486,297,6,IN,IN-HIMACHAL-PRADESH
Himachal Pradesh,7451955,2020-06-14,502,313,6,IN,IN-HIMACHAL-PRADESH
Himachal Pradesh,7451955,2020-06-15,518,337,7,IN,IN-HIMACHAL-PRADESH
Himachal Pradesh,7451955,2020-06-16,556,353,8,IN,IN-HIMACHAL-PRADESH
Himachal Pradesh,7451955,2020-06-17,560,372,8,IN,IN-HIMACHAL-PRADESH
Himachal Pradesh,7451955,2020-06-18,569,372,8,IN,IN-HIMACHAL-PRADESH
Himachal Pradesh,7451955,2020-06-19,595,382,8,IN,IN-HIMACHAL-PRADESH
Himachal Pradesh,7451955,2020-06-20,619,388,8,IN,IN-HIMACHAL-PRADESH
Himachal Pradesh,7451955,2020-06-21,656,413,8,IN,IN-HIMACHAL-PRADESH
Himachal Pradesh,7451955,2020-06-22,673,425,8,IN,IN-HIMACHAL-PRADESH
Himachal Pradesh,7451955,2020-06-23,727,437,8,IN,IN-HIMACHAL-PRADESH
Himachal Pradesh,7451955,2020-06-24,775,443,8,IN,IN-HIMACHAL-PRADESH
Himachal Pradesh,7451955,2020-06-25,806,466,8,IN,IN-HIMACHAL-PRADESH
Himachal Pradesh,7451955,2020-06-26,839,477,9,IN,IN-HIMACHAL-PRADESH
Himachal Pradesh,7451955,2020-06-27,864,502,9,IN,IN-HIMACHAL-PRADESH
Himachal Pradesh,7451955,2020-06-28,894,509,9,IN,IN-HIMACHAL-PRADESH
Himachal Pradesh,7451955,2020-06-29,916,529,9,IN,IN-HIMACHAL-PRADESH
Himachal Pradesh,7451955,2020-06-30,942,556,9,IN,IN-HIMACHAL-PRADESH
Himachal Pradesh,7451955,2020-07-01,953,580,10,IN,IN-HIMACHAL-PRADESH
Himachal Pradesh,7451955,2020-07-02,979,614,10,IN,IN-HIMACHAL-PRADESH
Himachal Pradesh,7451955,2020-07-03,1014,628,10,IN,IN-HIMACHAL-PRADESH
Himachal Pradesh,7451955,2020-07-04,1033,667,10,IN,IN-HIMACHAL-PRADESH
Himachal Pradesh,7451955,2020-07-05,1046,704,11,IN,IN-HIMACHAL-PRADESH
Himachal Pradesh,7451955,2020-07-06,1063,737,11,IN,IN-HIMACHAL-PRADESH
Himachal Pradesh,7451955,2020-07-07,1077,763,11,IN,IN-HIMACHAL-PRADESH
Jammu and Kashmir,13606320,2020-06-11,4507,1671,51,IN,IN-JAMMU-AND-KASHMIR
Jammu and Kashmir,13606320,2020-06-12,4574,1820,52,IN,IN-JAMMU-AND-KASHMIR
Jammu and Kashmir,13606320,2020-06-13,4730,2086,53,IN,IN-JAMMU-AND-KASHMIR
Jammu and Kashmir,13606320,2020-06-14,4878,2269,55,IN,IN-JAMMU-AND-KASHMIR
Jammu and Kashmir,13606320,2020-06-15,5041,2389,59,IN,IN-JAMMU-AND-KASHMIR
Jammu and Kashmir,13606320,2020-06-16,5220,2604,62,IN,IN-JAMMU-AND-KASHMIR
Jammu and Kashmir,13606320,2020-06-17,5298,2781,63,IN,IN-JAMMU-AND-KASHMIR
Jammu and Kashmir,13606320,2020-06-18,5406,2914,65,IN,IN-JAMMU-AND-KASHMIR
Jammu and Kashmir,13606320,2020-06-19,5555,3144,71,IN,IN-JAMMU-AND-KASHMIR
Jammu and Kashmir,13606320,2020-06-20,5680,3194,75,IN,IN-JAMMU-AND-KASHMIR
Jammu and Kashmir,13606320,2020-06-21,5834,3336,81,IN,IN-JAMMU-AND-KASHMIR
Jammu and Kashmir,13606320,2020-06-22,5956,3382,82,IN,IN-JAMMU-AND-KASHMIR
Jammu and Kashmir,13606320,2020-06-23,6088,3531,85,IN,IN-JAMMU-AND-KASHMIR
Jammu and Kashmir,13606320,2020-06-24,6236,3642,87,IN,IN-JAMMU-AND-KASHMIR
Jammu and Kashmir,13606320,2020-06-25,6422,3818,88,IN,IN-JAMMU-AND-KASHMIR
Jammu and Kashmir,13606320,2020-06-26,6549,3967,90,IN,IN-JAMMU-AND-KASHMIR
Jammu and Kashmir,13606320,2020-06-27,6762,4080,91,IN,IN-JAMMU-AND-KASHMIR
Jammu and Kashmir,13606320,2020-06-28,6966,4225,93,IN,IN-JAMMU-AND-KASHMIR
Jammu and Kashmir,13606320,2020-06-29,7093,4316,94,IN,IN-JAMMU-AND-KASHMIR
Jammu and Kashmir,13606320,2020-06-30,7237,4585,95,IN,IN-JAMMU-AND-KASHMIR
Jammu and Kashmir,13606320,2020-07-01,7497,4722,101,IN,IN-JAMMU-AND-KASHMIR
Jammu and Kashmir,13606320,2020-07-02,7695,4856,105,IN,IN-JAMMU-AND-KASHMIR
Jammu and Kashmir,13606320,2020-07-03,7849,4974,115,IN,IN-JAMMU-AND-KASHMIR
Jammu and Kashmir,13606320,2020-07-04,8019,5075,119,IN,IN-JAMMU-AND-KASHMIR
Jammu and Kashmir,13606320,2020-07-05,8246,5143,127,IN,IN-JAMMU-AND-KASHMIR
Jammu and Kashmir,13606320,2020-07-06,8429,5255,132,IN,IN-JAMMU-AND-KASHMIR
Jammu and Kashmir,13606320,2020-07-07,8675,5318,138,IN,IN-JAMMU-AND-KASHMIR
Jharkhand,38593948,2020-06-11,1489,592,8,IN,IN-JHARKHAND
Jharkhand,38593948,2020-06-12,1599,630,8,IN,IN-JHARKHAND
Jharkhand,38593948,2020-06-13,1617,672,8,IN,IN-JHARKHAND
Jharkhand,38593948,2020-06-14,1711,816,8,IN,IN-JHARKHAND
Jharkhand,38593948,2020-06-15,1745,905,8,IN,IN-JHARKHAND
Jharkhand,38593948,2020-06-16,1763,905,8,IN,IN-JHARKHAND
Jharkhand,38593948,2020-06-17,1839,1121,9,IN,IN-JHARKHAND
Jharkhand,38593948,2020-06-18,1895,1151,10,IN,IN-JHARKHAND
Jharkhand,38593948,2020-06-19,1920,1198,11,IN,IN-JHARKHAND
Jharkhand,38593948,2020-06-20,1965,1332,11,IN,IN-JHARKHAND
Jharkhand,38593948,2020-06-21,1965,1335,11,IN,IN-JHARKHAND
Jharkhand,38593948,2020-06-22,2073,1406,11,IN,IN-JHARKHAND
Jharkhand,38593948,2020-06-23,2137,1469,11,IN,IN-JHARKHAND
Jharkhand,38593948,2020-06-24,2185,1520,11,IN,IN-JHARKHAND
Jharkhand,38593948,2020-06-25,2207,1570,11,IN,IN-JHARKHAND
Jharkhand,38593948,2020-06-26,2262,1605,12,IN,IN-JHARKHAND
Jharkhand,38593948,2020-06-27,2290,1643,12,IN,IN-JHARKHAND
Jharkhand,38593948,2020-06-28,2339,1724,12,IN,IN-JHARKHAND
Jharkhand,38593948,2020-06-29,2364,1793,12,IN,IN-JHARKHAND
Jharkhand,38593948,2020-06-30,2426,1845,15,IN,IN-JHARKHAND
Jharkhand,38593948,2020-07-01,2490,1884,15,IN,IN-JHARKHAND
Jharkhand,38593948,2020-07-02,2521,1931,15,IN,IN-JHARKHAND
Jharkhand,38593948,2020-07-03,2584,1983,15,IN,IN-JHARKHAND
Jharkhand,38593948,2020-07-04,2695,2001,15,IN,IN-JHARKHAND
Jharkhand,38593948,2020-07-05,2739,2035,17,IN,IN-JHARKHAND
Jharkhand,38593948,2020-07-06,2781,2045,19,IN,IN-JHARKHAND
Jharkhand,38593948,2020-07-07,2847,2068,20,IN,IN-JHARKHAND
Karnataka,67562686,2020-06-11,6041,2862,69,IN,IN-KARNATAKA
Karnataka,67562686,2020-06-12,6245,2977,72,IN,IN-KARNATAKA
Karnataka,67562686,2020-06-13,6516,3440,79,IN,IN-KARNATAKA
Karnataka,67562686,2020-06-14,6824,3648,81,IN,IN-KARNATAKA
Karnataka,67562686,2020-06-15,7000,3955,86,IN,IN-KARNATAKA
Karnataka,67562686,2020-06-16,7213,4135,89,IN,IN-KARNATAKA
Karnataka,67562686,2020-06-17,7530,4456,94,IN,IN-KARNATAKA
Karnataka,67562686,2020-06-18,7734,4804,102,IN,IN-KARNATAKA
Karnataka,67562686,2020-06-19,7944,4983,114,IN,IN-KARNATAKA
Karnataka,67562686,2020-06-20,8281,5210,124,IN,IN-KARNATAKA
Karnataka,67562686,2020-06-21,8697,5391,132,IN,IN-KARNATAKA
Karnataka,67562686,2020-06-22,9150,5618,137,IN,IN-KARNATAKA
Karnataka,67562686,2020-06-23,9399,5730,142,IN,IN-KARNATAKA
Karnataka,67562686,2020-06-24,9721,6004,150,IN,IN-KARNATAKA
Karnataka,67562686,2020-06-25,10118,6151,164,IN,IN-KARNATAKA
Karnataka,67562686,2020-06-26,10560,6670,170,IN,IN-KARNATAKA
Karnataka,67562686,2020-06-27,11005,6916,180,IN,IN-KARNATAKA
Karnataka,67562686,2020-06-28,11923,7287,191,IN,IN-KARNATAKA
Karnataka,67562686,2020-06-29,13190,7507,207,IN,IN-KARNATAKA
Karnataka,67562686,2020-06-30,14295,7683,226,IN,IN-KARNATAKA
Karnataka,67562686,2020-07-01,15242,7918,246,IN,IN-KARNATAKA
Karnataka,67562686,2020-07-02,16514,8063,253,IN,IN-KARNATAKA
Karnataka,67562686,2020-07-03,18016,8334,272,IN,IN-KARNATAKA
Karnataka,67562686,2020-07-04,19710,8805,293,IN,IN-KARNATAKA
Karnataka,67562686,2020-07-05,21549,9244,335,IN,IN-KARNATAKA
Karnataka,67562686,2020-07-06,23474,9847,372,IN,IN-KARNATAKA
Karnataka,67562686,2020-07-07,25317,10527,401,IN,IN-KARNATAKA
Kerala,35699443,2020-06-11,2161,905,18,IN,IN-KERALA
Kerala,35699443,2020-06-12,2244,968,18,IN,IN-KERALA
Kerala,35699443,2020-06-13,2322,1000,19,IN,IN-KERALA
Kerala,35699443,2020-06-14,2407,1046,19,IN,IN-KERALA
Kerala,35699443,2020-06-15,2461,1102,19,IN,IN-KERALA
Kerala,35699443,2020-06-16,2543,1175,20,IN,IN-KERALA
Kerala,35699443,2020-06-17,2622,1236,20,IN,IN-KERALA
Kerala,35699443,2020-06-18,2697,1326,20,IN,IN-KERALA
Kerala,35699443,2020-06-19,2794,1415,21,IN,IN-KERALA
Kerala,35699443,2020-06-20,2912,1511,21,IN,IN-KERALA
Kerala,35699443,2020-06-21,3039,1568,21,IN,IN-KERALA
Kerala,35699443,2020-06-22,3172,1661,21,IN,IN-KERALA
Kerala,35699443,2020-06-23,3310,1749,21,IN,IN-KERALA
Kerala,35699443,2020-06-24,3451,1809,22,IN,IN-KERALA
Kerala,35699443,2020-06-25,3603,1888,22,IN,IN-KERALA
Kerala,35699443,2020-06-26,3726,1943,22,IN,IN-KERALA
Kerala,35699443,2020-06-27,3876,2008,22,IN,IN-KERALA
Kerala,35699443,2020-06-28,4071,2110,22,IN,IN-KERALA
Kerala,35699443,2020-06-29,4189,2152,22,IN,IN-KERALA
Kerala,35699443,2020-06-30,4189,2152,22,IN,IN-KERALA
Kerala,35699443,2020-07-01,4442,2306,24,IN,IN-KERALA
Kerala,35699443,2020-07-02,4593,2439,24,IN,IN-KERALA
Kerala,35699443,2020-07-03,4753,2640,25,IN,IN-KERALA
Kerala,35699443,2020-07-04,4964,2841,25,IN,IN-KERALA
Kerala,35699443,2020-07-05,5204,3048,25,IN,IN-KERALA
Kerala,35699443,2020-07-06,5429,3174,25,IN,IN-KERALA
Kerala,35699443,2020-07-07,5622,3341,27,IN,IN-KERALA
Ladakh,274289,2020-06-11,115,52,1,IN,IN-LADAKH
Ladakh,274289,2020-06-12,135,54,1,IN,IN-LADAKH
Ladakh,274289,2020-06-13,239,62,1,IN,IN-LADAKH
Ladakh,274289,2020-06-14,437,68,1,IN,IN-LADAKH
Ladakh,274289,2020-06-15,549,80,1,IN,IN-LADAKH
Ladakh,274289,2020-06-16,555,82,1,IN,IN-LADAKH
Ladakh,274289,2020-06-17,649,85,1,IN,IN-LADAKH
Ladakh,274289,2020-06-18,687,92,1,IN,IN-LADAKH
Ladakh,274289,2020-06-19,687,95,1,IN,IN-LADAKH
Ladakh,274289,2020-06-20,744,95,1,IN,IN-LADAKH
Ladakh,274289,2020-06-21,836,117,1,IN,IN-LADAKH
Ladakh,274289,2020-06-22,837,134,1,IN,IN-LADAKH
Ladakh,274289,2020-06-23,847,136,1,IN,IN-LADAKH
Ladakh,274289,2020-06-24,932,148,1,IN,IN-LADAKH
Ladakh,274289,2020-06-25,941,274,1,IN,IN-LADAKH
Ladakh,274289,2020-06-26,941,358,1,IN,IN-LADAKH
Ladakh,274289,2020-06-27,946,358,1,IN,IN-LADAKH
Ladakh,274289,2020-06-28,960,554,1,IN,IN-LADAKH
Ladakh,274289,2020-06-29,963,586,1,IN,IN-LADAKH
Ladakh,274289,2020-06-30,964,616,1,IN,IN-LADAKH
Ladakh,274289,2020-07-01,973,648,1,IN,IN-LADAKH
Ladakh,274289,2020-07-02,990,694,1,IN,IN-LADAKH
Ladakh,274289,2020-07-03,990,730,1,IN,IN-LADAKH
Ladakh,274289,2020-07-04,1001,777,1,IN,IN-LADAKH
Ladakh,274289,2020-07-05,1005,826,1,IN,IN-LADAKH
Ladakh,274289,2020-07-06,1005,826,1,IN,IN-LADAKH
Ladakh,274289,2020-07-07,1005,836,1,IN,IN-LADAKH
Madhya Pradesh,85358965,2020-06-11,10049,6892,427,IN,IN-MADHYA-PRADESH
Madhya Pradesh,85358965,2020-06-12,10241,7042,431,IN,IN-MADHYA-PRADESH
Madhya Pradesh,85358965,2020-06-13,10443,7201,440,IN,IN-MADHYA-PRADESH
Madhya Pradesh,85358965,2020-06-14,10641,7377,447,IN,IN-MADHYA-PRADESH
Madhya Pradesh,85358965,2020-06-15,10802,7677,459,IN,IN-MADHYA-PRADESH
Madhya Pradesh,85358965,2020-06-16,10935,7903,465,IN,IN-MADHYA-PRADESH
Madhya Pradesh,85358965,2020-06-17,11083,8152,476,IN,IN-MADHYA-PRADESH
Madhya Pradesh,85358965,2020-06-18,11244,8388,482,IN,IN-MADHYA-PRADESH
Madhya Pradesh,85358965,2020-06-19,11426,8632,486,IN,IN-MADHYA-PRADESH
Madhya Pradesh,85358965,2020-06-20,11582,8748,495,IN,IN-MADHYA-PRADESH
Madhya Pradesh,85358965,2020-06-21,11724,8880,501,IN,IN-MADHYA-PRADESH
Madhya Pradesh,85358965,2020-06-22,11903,9015,515,IN,IN-MADHYA-PRADESH
Madhya Pradesh,85358965,2020-06-23,12078,9215,521,IN,IN-MADHYA-PRADESH
Madhya Pradesh,85358965,2020-06-24,12261,9335,525,IN,IN-MADHYA-PRADESH
Madhya Pradesh,85358965,2020-06-25,12448,9473,534,IN,IN-MADHYA-PRADESH
Madhya Pradesh,85358965,2020-06-26,12596,9619,542,IN,IN-MADHYA-PRADESH
Madhya Pradesh,85358965,2020-06-27,12798,9804,546,IN,IN-MADHYA-PRADESH
Madhya Pradesh,85358965,2020-06-28,12965,9971,550,IN,IN-MADHYA-PRADESH
Madhya Pradesh,85358965,2020-06-29,13186,10084,557,IN,IN-MADHYA-PRADESH
Madhya Pradesh,85358965,2020-06-30,13370,10199,564,IN,IN-MADHYA-PRADESH
Madhya Pradesh,85358965,2020-07-01,13593,10395,572,IN,IN-MADHYA-PRADESH
Madhya Pradesh,85358965,2020-07-02,13861,10655,581,IN,IN-MADHYA-PRADESH
Madhya Pradesh,85358965,2020-07-03,14106,10815,589,IN,IN-MADHYA-PRADESH
Madhya Pradesh,85358965,2020-07-04,14297,11049,593,IN,IN-MADHYA-PRADESH
Madhya Pradesh,85358965,2020-07-05,14604,11234,598,IN,IN-MADHYA-PRADESH
Madhya Pradesh,85358965,2020-07-06,14930,11411,608,IN,IN-MADHYA-PRADESH
Madhya Pradesh,85358965,2020-07-07,15284,11579,617,IN,IN-MADHYA-PRADESH
Maharashtra,123144223,2020-06-11,94041,44517,3438,IN,IN-MAHARASHTRA
Maharashtra,123144223,2020-06-12,97648,46078,3590,IN,IN-MAHARASHTRA
Maharashtra,123144223,2020-06-13,101141,47796,3717,IN,IN-MAHARASHTRA
Maharashtra,123144223,2020-06-14,104568,49346,3830,IN,IN-MAHARASHTRA
Maharashtra,123144223,2020-06-15,107958,50978,3950,IN,IN-MAHARASHTRA
Maharashtra,123144223,2020-06-16,110744,56049,4128,IN,IN-MAHARASHTRA
Maharashtra,123144223,2020-06-17,113445,57851,5537,IN,IN-MAHARASHTRA
Maharashtra,123144223,2020-06-18,116752,59166,5651,IN,IN-MAHARASHTRA
Maharashtra,123144223,2020-06-19,120504,60838,5751,IN,IN-MAHARASHTRA
Maharashtra,123144223,2020-06-20,124331,62773,5893,IN,IN-MAHARASHTRA
Maharashtra,123144223,2020-06-21,128205,64153,5984,IN,IN-MAHARASHTRA
Maharashtra,123144223,2020-06-22,132075,65744,6170,IN,IN-MAHARASHTRA
Maharashtra,123144223,2020-06-23,135796,67706,6283,IN,IN-MAHARASHTRA
Maharashtra,123144223,2020-06-24,139010,69631,6531,IN,IN-MAHARASHTRA
Maharashtra,123144223,2020-06-25,142900,73792,6739,IN,IN-MAHARASHTRA
Maharashtra,123144223,2020-06-26,147741,77453,6931,IN,IN-MAHARASHTRA
Maharashtra,123144223,2020-06-27,152765,79815,7106,IN,IN-MAHARASHTRA
Maharashtra,123144223,2020-06-28,159133,84245,7273,IN,IN-MAHARASHTRA
Maharashtra,123144223,2020-06-29,164626,86575,7429,IN,IN-MAHARASHTRA
Maharashtra,123144223,2020-06-30,169883,88960,7610,IN,IN-MAHARASHTRA
Maharashtra,123144223,2020-07-01,174761,90911,7855,IN,IN-MAHARASHTRA
Maharashtra,123144223,2020-07-02,180298,93154,8053,IN,IN-MAHARASHTRA
Maharashtra,123144223,2020-07-03,186626,101172,8178,IN,IN-MAHARASHTRA
Maharashtra,123144223,2020-07-04,192990,104687,8376,IN,IN-MAHARASHTRA
Maharashtra,123144223,2020-07-05,200064,108082,8671,IN,IN-MAHARASHTRA
Maharashtra,123144223,2020-07-06,206619,111740,8822,IN,IN-MAHARASHTRA
Maharashtra,123144223,2020-07-07,211987,115262,9026,IN,IN-MAHARASHTRA
Manipur,3091545,2020-06-11,311,63,0,IN,IN-MANIPUR
Manipur,3091545,2020-06-12,366,73,0,IN,IN-MANIPUR
Manipur,3091545,2020-06-13,385,77,0,IN,IN-MANIPUR
Manipur,3091545,2020-06-14,449,91,0,IN,IN-MANIPUR
Manipur,3091545,2020-06-15,458,91,0,IN,IN-MANIPUR
Manipur,3091545,2020-06-16,490,151,0,IN,IN-MANIPUR
Manipur,3091545,2020-06-17,500,159,0,IN,IN-MANIPUR
Manipur,3091545,2020-06-18,552,192,0,IN,IN-MANIPUR
Manipur,3091545,2020-06-19,606,199,0,IN,IN-MANIPUR
Manipur,3091545,2020-06-20,681,218,0,IN,IN-MANIPUR
Manipur,3091545,2020-06-21,777,232,0,IN,IN-MANIPUR
Manipur,3091545,2020-06-22,841,250,0,IN,IN-MANIPUR
Manipur,3091545,2020-06-23,898,250,0,IN,IN-MANIPUR
Manipur,3091545,2020-06-24,921,258,0,IN,IN-MANIPUR
Manipur,3091545,2020-06-25,970,328,0,IN,IN-MANIPUR
Manipur,3091545,2020-06-26,1056,354,0,IN,IN-MANIPUR
Manipur,3091545,2020-06-27,1075,393,0,IN,IN-MANIPUR
Manipur,3091545,2020-06-28,1092,432,0,IN,IN-MANIPUR
Manipur,3091545,2020-06-29,1185,455,0,IN,IN-MANIPUR
Manipur,3091545,2020-06-30,1227,494,0,IN,IN-MANIPUR
Manipur,3091545,2020-07-01,1234,553,0,IN,IN-MANIPUR
Manipur,3091545,2020-07-02,1260,579,0,IN,IN-MANIPUR
Manipur,3091545,2020-07-03,1279,617,0,IN,IN-MANIPUR
Manipur,3091545,2020-07-04,1316,639,0,IN,IN-MANIPUR
Manipur,3091545,2020-07-05,1325,667,0,IN,IN-MANIPUR
Manipur,3091545,2020-07-06,1366,688,0,IN,IN-MANIPUR
Manipur,3091545,2020-07-07,1390,734,0,IN,IN-MANIPUR
Meghalaya,3366710,2020-06-11,44,13,1,IN,IN-MEGHALAYA
Meghalaya,3366710,2020-06-12,44,18,1,IN,IN-MEGHALAYA
Meghalaya,3366710,2020-06-13,44,22,1,IN,IN-MEGHALAYA
Meghalaya,3366710,2020-06-14,44,22,1,IN,IN-MEGHALAYA
Meghalaya,3366710,2020-06-15,44,25,1,IN,IN-MEGHALAYA
Meghalaya,3366710,2020-06-16,44,25,1,IN,IN-MEGHALAYA
Meghalaya,3366710,2020-06-17,44,25,1,IN,IN-MEGHALAYA
Meghalaya,3366710,2020-06-18,44,30,1,IN,IN-MEGHALAYA
Meghalaya,3366710,2020-06-19,44,30,1,IN,IN-MEGHALAYA
Meghalaya,3366710,2020-06-20,44,33,1,IN,IN-MEGHALAYA
Meghalaya,3366710,2020-06-21,44,33,1,IN,IN-MEGHALAYA
Meghalaya,3366710,2020-06-22,44,33,1,IN,IN-MEGHALAYA
Meghalaya,3366710,2020-06-23,44,37,1,IN,IN-MEGHALAYA
Meghalaya,3366710,2020-06-24,46,37,1,IN,IN-MEGHALAYA
Meghalaya,3366710,2020-06-25,46,42,1,IN,IN-MEGHALAYA
Meghalaya,3366710,2020-06-26,46,42,1,IN,IN-MEGHALAYA
Meghalaya,3366710,2020-06-27,47,42,1,IN,IN-MEGHALAYA
Meghalaya,3366710,2020-06-28,47,42,1,IN,IN-MEGHALAYA
Meghalaya,3366710,2020-06-29,47,42,1,IN,IN-MEGHALAYA
Meghalaya,3366710,2020-06-30,47,42,1,IN,IN-MEGHALAYA
Meghalaya,3366710,2020-07-01,52,42,1,IN,IN-MEGHALAYA
Meghalaya,3366710,2020-07-02,52,42,1,IN,IN-MEGHALAYA
Meghalaya,3366710,2020-07-03,56,42,1,IN,IN-MEGHALAYA
Meghalaya,3366710,2020-07-04,62,43,1,IN,IN-MEGHALAYA
Meghalaya,3366710,2020-07-05,62,43,1,IN,IN-MEGHALAYA
Meghalaya,3366710,2020-07-06,62,43,1,IN,IN-MEGHALAYA
Meghalaya,3366710,2020-07-07,80,43,1,IN,IN-MEGHALAYA
Mizoram,1239244,2020-06-11,93,1,0,IN,IN-MIZORAM
Mizoram,1239244,2020-06-12,102,1,0,IN,IN-MIZORAM
Mizoram,1239244,2020-06-13,104,1,0,IN,IN-MIZORAM
Mizoram,1239244,2020-06-14,107,1,0,IN,IN-MIZORAM
Mizoram,1239244,2020-06-15,112,1,0,IN,IN-MIZORAM
Mizoram,1239244,2020-06-16,117,1,0,IN,IN-MIZORAM
Mizoram,1239244,2020-06-17,121,1,0,IN,IN-MIZORAM
Mizoram,1239244,2020-06-18,121,1,0,IN,IN-MIZORAM
Mizoram,1239244,2020-06-19,130,1,0,IN,IN-MIZORAM
Mizoram,1239244,2020-06-20,130,1,0,IN,IN-MIZORAM
Mizoram,1239244,2020-06-21,130,1,0,IN,IN-MIZORAM
Mizoram,1239244,2020-06-22,141,9,0,IN,IN-MIZORAM
Mizoram,1239244,2020-06-23,141,9,0,IN,IN-MIZORAM
Mizoram,1239244,2020-06-24,142,9,0,IN,IN-MIZORAM
Mizoram,1239244,2020-06-25,142,19,0,IN,IN-MIZORAM
Mizoram,1239244,2020-06-26,145,30,0,IN,IN-MIZORAM
Mizoram,1239244,2020-06-27,145,30,0,IN,IN-MIZORAM
Mizoram,1239244,2020-06-28,148,55,0,IN,IN-MIZORAM
Mizoram,1239244,2020-06-29,148,55,0,IN,IN-MIZORAM
Mizoram,1239244,2020-06-30,148,55,0,IN,IN-MIZORAM
Mizoram,1239244,2020-07-01,148,55,0,IN,IN-MIZORAM
Mizoram,1239244,2020-07-02,160,123,0,IN,IN-MIZORAM
Mizoram,1239244,2020-07-03,162,126,0,IN,IN-MIZORAM
Mizoram,1239244,2020-07-04,162,126,0,IN,IN-MIZORAM
Mizoram,1239244,2020-07-05,164,130,0,IN,IN-MIZORAM
Mizoram,1239244,2020-07-06,186,130,0,IN,IN-MIZORAM
Mizoram,1239244,2020-07-07,197,133,0,IN,IN-MIZORAM
Nagaland,2249695,2020-06-11,128,22,0,IN,IN-NAGALAND
Nagaland,2249695,2020-06-12,128,22,0,IN,IN-NAGALAND
Nagaland,2249695,2020-06-13,128,22,0,IN,IN-NAGALAND
Nagaland,2249695,2020-06-14,163,76,0,IN,IN-NAGALAND
Nagaland,2249695,2020-06-15,168,88,0,IN,IN-NAGALAND
Nagaland,2249695,2020-06-16,177,92,0,IN,IN-NAGALAND
Nagaland,2249695,2020-06-17,179,92,0,IN,IN-NAGALAND
Nagaland,2249695,2020-06-18,193,103,0,IN,IN-NAGALAND
Nagaland,2249695,2020-06-19,193,103,0,IN,IN-NAGALAND
Nagaland,2249695,2020-06-20,198,125,0,IN,IN-NAGALAND
Nagaland,2249695,2020-06-21,201,138,0,IN,IN-NAGALAND
Nagaland,2249695,2020-06-22,211,141,0,IN,IN-NAGALAND
Nagaland,2249695,2020-06-23,280,141,0,IN,IN-NAGALAND
Nagaland,2249695,2020-06-24,330,141,0,IN,IN-NAGALAND
Nagaland,2249695,2020-06-25,347,148,0,IN,IN-NAGALAND
Nagaland,2249695,2020-06-26,355,160,0,IN,IN-NAGALAND
Nagaland,2249695,2020-06-27,371,162,0,IN,IN-NAGALAND
Nagaland,2249695,2020-06-28,387,164,0,IN,IN-NAGALAND
Nagaland,2249695,2020-06-29,415,164,0,IN,IN-NAGALAND
Nagaland,2249695,2020-06-30,434,168,0,IN,IN-NAGALAND
Nagaland,2249695,2020-07-01,459,168,0,IN,IN-NAGALAND
Nagaland,2249695,2020-07-02,459,168,0,IN,IN-NAGALAND
Nagaland,2249695,2020-07-03,501,182,0,IN,IN-NAGALAND
Nagaland,2249695,2020-07-04,539,228,0,IN,IN-NAGALAND
Nagaland,2249695,2020-07-05,563,228,0,IN,IN-NAGALAND
Nagaland,2249695,2020-07-06,590,231,0,IN,IN-NAGALAND
Nagaland,2249695,2020-07-07,625,243,0,IN,IN-NAGALAND
Odisha,46356334,2020-06-11,3250,2282,9,IN,IN-ODISHA
Odisha,46356334,2020-06-12,3386,2354,9,IN,IN-ODISHA
Odisha,46356334,2020-06-13,3498,2474,10,IN,IN-ODISHA
Odisha,46356334,2020-06-14,3723,2594,10,IN,IN-ODISHA
Odisha,46356334,2020-06-15,3909,2708,11,IN,IN-ODISHA
Odisha,46356334,2020-06-16,4055,2854,11,IN,IN-ODISHA
Odisha,46356334,2020-06-17,4163,2974,11,IN,IN-ODISHA
Odisha,46356334,2020-06-18,4338,3047,11,IN,IN-ODISHA
Odisha,46356334,2020-06-19,4512,3144,11,IN,IN-ODISHA
Odisha,46356334,2020-06-20,4677,3297,11,IN,IN-ODISHA
Odisha,46356334,2020-06-21,4856,3534,12,IN,IN-ODISHA
Odisha,46356334,2020-06-22,5160,3720,14,IN,IN-ODISHA
Odisha,46356334,2020-06-23,5303,3863,15,IN,IN-ODISHA
Odisha,46356334,2020-06-24,5470,3988,17,IN,IN-ODISHA
Odisha,46356334,2020-06-25,5752,4123,17,IN,IN-ODISHA
Odisha,46356334,2020-06-26,5962,4291,17,IN,IN-ODISHA
Odisha,46356334,2020-06-27,6180,4422,17,IN,IN-ODISHA
Odisha,46356334,2020-06-28,6350,4606,18,IN,IN-ODISHA
Odisha,46356334,2020-06-29,6614,4743,21,IN,IN-ODISHA
Odisha,46356334,2020-06-30,6859,4946,23,IN,IN-ODISHA
Odisha,46356334,2020-07-01,7065,5189,25,IN,IN-ODISHA
Odisha,46356334,2020-07-02,7316,5353,25,IN,IN-ODISHA
Odisha,46356334,2020-07-03,7545,5502,27,IN,IN-ODISHA
Odisha,46356334,2020-07-04,8106,5705,29,IN,IN-ODISHA
Odisha,46356334,2020-07-05,8601,5934,34,IN,IN-ODISHA
Odisha,46356334,2020-07-06,9070,6224,36,IN,IN-ODISHA
Odisha,46356334,2020-07-07,9526,6486,38,IN,IN-ODISHA
Puducherry,1413542,2020-06-11,127,53,0,IN,IN-PUDUCHERRY
Puducherry,1413542,2020-06-12,157,67,2,IN,IN-PUDUCHERRY
Puducherry,1413542,2020-06-13,157,67,2,IN,IN-PUDUCHERRY
Puducherry,1413542,2020-06-14,176,82,2,IN,IN-PUDUCHERRY
Puducherry,1413542,2020-06-15,194,91,5,IN,IN-PUDUCHERRY
Puducherry,1413542,2020-06-16,202,95,5,IN,IN-PUDUCHERRY
Puducherry,1413542,2020-06-17,216,99,6,IN,IN-PUDUCHERRY
Puducherry,1413542,2020-06-18,245,109,7,IN,IN-PUDUCHERRY
Puducherry,1413542,2020-06-19,271,109,7,IN,IN-PUDUCHERRY
Puducherry,1413542,2020-06-20,286,118,7,IN,IN-PUDUCHERRY
Puducherry,1413542,2020-06-21,286,118,7,IN,IN-PUDUCHERRY
Puducherry,1413542,2020-06-22,366,140,8,IN,IN-PUDUCHERRY
Puducherry,1413542,2020-06-23,383,149,8,IN,IN-PUDUCHERRY
Puducherry,1413542,2020-06-24,402,165,9,IN,IN-PUDUCHERRY
Puducherry,1413542,2020-06-25,461,176,9,IN,IN-PUDUCHERRY
Puducherry,1413542,2020-06-26,502,187,9,IN,IN-PUDUCHERRY
Puducherry,1413542,2020-06-27,502,187,9,IN,IN-PUDUCHERRY
Puducherry,1413542,2020-06-28,619,221,10,IN,IN-PUDUCHERRY
Puducherry,1413542,2020-06-29,619,221,10,IN,IN-PUDUCHERRY
Puducherry,1413542,2020-06-30,619,221,10,IN,IN-PUDUCHERRY
Puducherry,1413542,2020-07-01,714,272,12,IN,IN-PUDUCHERRY
Puducherry,1413542,2020-07-02,714,272,12,IN,IN-PUDUCHERRY
Puducherry,1413542,2020-07-03,802,331,12,IN,IN-PUDUCHERRY
Puducherry,1413542,2020-07-04,802,331,12,IN,IN-PUDUCHERRY
Puducherry,1413542,2020-07-05,802,331,12,IN,IN-PUDUCHERRY
Puducherry,1413542,2020-07-06,802,331,12,IN,IN-PUDUCHERRY
Puducherry,1413542,2020-07-07,802,331,12,IN,IN-PUDUCHERRY
Punjab,30141373,2020-06-11,2805,2232,55,IN,IN-PUNJAB
Punjab,30141373,2020-06-12,2887,2259,59,IN,IN-PUNJAB
Punjab,30141373,2020-06-13,2986,2282,63,IN,IN-PUNJAB
Punjab,30141373,2020-06-14,3063,2327,65,IN,IN-PUNJAB
Punjab,30141373,2020-06-15,3140,2356,67,IN,IN-PUNJAB
Punjab,30141373,2020-06-16,3267,2443,71,IN,IN-PUNJAB
Punjab,30141373,2020-06-17,3371,2461,72,IN,IN-PUNJAB
Punjab,30141373,2020-06-18,3497,2538,78,IN,IN-PUNJAB
Punjab,30141373,2020-06-19,3615,2570,83,IN,IN-PUNJAB
Punjab,30141373,2020-06-20,3832,2636,92,IN,IN-PUNJAB
Punjab,30141373,2020-06-21,3952,2678,98,IN,IN-PUNJAB
Punjab,30141373,2020-06-22,4074,2700,99,IN,IN-PUNJAB
Punjab,30141373,2020-06-23,4235,2825,101,IN,IN-PUNJAB
Punjab,30141373,2020-06-24,4397,3047,105,IN,IN-PUNJAB
Punjab,30141373,2020-06-25,4627,3099,113,IN,IN-PUNJAB
Punjab,30141373,2020-06-26,4769,3192,120,IN,IN-PUNJAB
Punjab,30141373,2020-06-27,4957,3201,122,IN,IN-PUNJAB
Punjab,30141373,2020-06-28,5056,3320,128,IN,IN-PUNJAB
Punjab,30141373,2020-06-29,5216,3526,133,IN,IN-PUNJAB
Punjab,30141373,2020-06-30,5418,3764,138,IN,IN-PUNJAB
Punjab,30141373,2020-07-01,5568,3867,144,IN,IN-PUNJAB
Punjab,30141373,2020-07-02,5668,3867,149,IN,IN-PUNJAB
Punjab,30141373,2020-07-03,5784,4144,152,IN,IN-PUNJAB
Punjab,30141373,2020-07-04,5937,4266,157,IN,IN-PUNJAB
Punjab,30141373,2020-07-05,6109,4306,162,IN,IN-PUNJAB
Punjab,30141373,2020-07-06,6283,4408,164,IN,IN-PUNJAB
Punjab,30141373,2020-07-07,6491,4494,169,IN,IN-PUNJAB
Rajasthan,81032689,2020-06-11,11600,8569,259,IN,IN-RAJASTHAN
Rajasthan,81032689,2020-06-12,11838,8775,265,IN,IN-RAJASTHAN
Rajasthan,81032689,2020-06-13,12068,8898,272,IN,IN-RAJASTHAN
Rajasthan,81032689,2020-06-14,12401,9337,282,IN,IN-RAJASTHAN
Rajasthan,81032689,2020-06-15,12694,9566,292,IN,IN-RAJASTHAN
Rajasthan,81032689,2020-06-16,12981,9785,301,IN,IN-RAJASTHAN
Rajasthan,81032689,2020-06-17,13216,9849,308,IN,IN-RAJASTHAN
Rajasthan,81032689,2020-06-18,13542,10467,313,IN,IN-RAJASTHAN
Rajasthan,81032689,2020-06-19,13857,10742,323,IN,IN-RAJASTHAN
Rajasthan,81032689,2020-06-20,14156,10997,333,IN,IN-RAJASTHAN
Rajasthan,81032689,2020-06-21,14536,11274,337,IN,IN-RAJASTHAN
Rajasthan,81032689,2020-06-22,14930,11597,349,IN,IN-RAJASTHAN
Rajasthan,81032689,2020-06-23,15232,11910,356,IN,IN-RAJASTHAN
Rajasthan,81032689,2020-06-24,15627,12213,365,IN,IN-RAJASTHAN
Rajasthan,81032689,2020-06-25,16009,12611,375,IN,IN-RAJASTHAN
Rajasthan,81032689,2020-06-26,16296,12840,379,IN,IN-RAJASTHAN
Rajasthan,81032689,2020-06-27,16660,13062,380,IN,IN-RAJASTHAN
Rajasthan,81032689,2020-06-28,16944,13367,391,IN,IN-RAJASTHAN
Rajasthan,81032689,2020-06-29,17271,13611,399,IN,IN-RAJASTHAN
Rajasthan,81032689,2020-06-30,17660,13618,405,IN,IN-RAJASTHAN
Rajasthan,81032689,2020-07-01,18014,14220,413,IN,IN-RAJASTHAN
Rajasthan,81032689,2020-07-02,18312,14574,421,IN,IN-RAJASTHAN
Rajasthan,81032689,2020-07-03,18662,14948,430,IN,IN-RAJASTHAN
Rajasthan,81032689,2020-07-04,19052,15281,440,IN,IN-RAJASTHAN
Rajasthan,81032689,2020-07-05,19532,15640,447,IN,IN-RAJASTHAN
Rajasthan,81032689,2020-07-06,20164,15928,456,IN,IN-RAJASTHAN
Rajasthan,81032689,2020-07-07,20688,16278,461,IN,IN-RAJASTHAN
Sikkim,690251,2020-06-11,13,0,0,IN,IN-SIKKIM
Sikkim,690251,2020-06-12,14,2,0,IN,IN-SIKKIM
Sikkim,690251,2020-06-13,14,2,0,IN,IN-SIKKIM
Sikkim,690251,2020-06-14,63,4,0,IN,IN-SIKKIM
Sikkim,690251,2020-06-15,68,4,0,IN,IN-SIKKIM
Sikkim,690251,2020-06-16,68,4,0,IN,IN-SIKKIM
Sikkim,690251,2020-06-17,70,4,0,IN,IN-SIKKIM
Sikkim,690251,2020-06-18,70,4,0,IN,IN-SIKKIM
Sikkim,690251,2020-06-19,70,5,0,IN,IN-SIKKIM
Sikkim,690251,2020-06-20,70,5,0,IN,IN-SIKKIM
Sikkim,690251,2020-06-21,70,5,0,IN,IN-SIKKIM
Sikkim,690251,2020-06-22,78,25,0,IN,IN-SIKKIM
Sikkim,690251,2020-06-23,78,29,0,IN,IN-SIKKIM
Sikkim,690251,2020-06-24,79,29,0,IN,IN-SIKKIM
Sikkim,690251,2020-06-25,84,39,0,IN,IN-SIKKIM
Sikkim,690251,2020-06-26,85,39,0,IN,IN-SIKKIM
Sikkim,690251,2020-06-27,86,39,0,IN,IN-SIKKIM
Sikkim,690251,2020-06-28,87,46,0,IN,IN-SIKKIM
Sikkim,690251,2020-06-29,88,49,0,IN,IN-SIKKIM
Sikkim,690251,2020-06-30,88,50,0,IN,IN-SIKKIM
Sikkim,690251,2020-07-01,89,52,0,IN,IN-SIKKIM
Sikkim,690251,2020-07-02,101,53,0,IN,IN-SIKKIM
Sikkim,690251,2020-07-03,102,53,0,IN,IN-SIKKIM
Sikkim,690251,2020-07-04,102,53,0,IN,IN-SIKKIM
Sikkim,690251,2020-07-05,103,58,0,IN,IN-SIKKIM
Sikkim,690251,2020-07-06,123,61,0,IN,IN-SIKKIM
Sikkim,690251,2020-07-07,125,65,0,IN,IN-SIKKIM
Tamil Nadu,77841267,2020-06-11,36841,19333,326,IN,IN-TAMIL-NADU
Tamil Nadu,77841267,2020-06-12,38716,20705,349,IN,IN-TAMIL-NADU
Tamil Nadu,77841267,2020-06-13,40698,22047,367,IN,IN-TAMIL-NADU
Tamil Nadu,77841267,2020-06-14,42687,23409,397,IN,IN-TAMIL-NADU
Tamil Nadu,77841267,2020-06-15,44661,24547,435,IN,IN-TAMIL-NADU
Tamil Nadu,77841267,2020-06-16,46504,25344,479,IN,IN-TAMIL-NADU
Tamil Nadu,77841267,2020-06-17,48019,26782,528,IN,IN-TAMIL-NADU
Tamil Nadu,77841267,2020-06-18,50193,27624,576,IN,IN-TAMIL-NADU
Tamil Nadu,77841267,2020-06-19,52334,28641,625,IN,IN-TAMIL-NADU
Tamil Nadu,77841267,2020-06-20,54449,30271,666,IN,IN-TAMIL-NADU
Tamil Nadu,77841267,2020-06-21,56845,31316,704,IN,IN-TAMIL-NADU
Tamil Nadu,77841267,2020-06-22,59377,32754,757,IN,IN-TAMIL-NADU
Tamil Nadu,77841267,2020-06-23,62087,34112,794,IN,IN-TAMIL-NADU
Tamil Nadu,77841267,2020-06-24,64603,35339,833,IN,IN-TAMIL-NADU
Tamil Nadu,77841267,2020-06-25,67468,37763,866,IN,IN-TAMIL-NADU
Tamil Nadu,77841267,2020-06-26,70977,39999,911,IN,IN-TAMIL-NADU
Tamil Nadu,77841267,2020-06-27,74622,41357,957,IN,IN-TAMIL-NADU
Tamil Nadu,77841267,2020-06-28,78335,44094,1025,IN,IN-TAMIL-NADU
Tamil Nadu,77841267,2020-06-29,82275,45537,1079,IN,IN-TAMIL-NADU
Tamil Nadu,77841267,2020-06-30,86224,47749,1141,IN,IN-TAMIL-NADU
Tamil Nadu,77841267,2020-07-01,90167,50074,1201,IN,IN-TAMIL-NADU
Tamil Nadu,77841267,2020-07-02,94049,52926,1264,IN,IN-TAMIL-NADU
Tamil Nadu,77841267,2020-07-03,98392,56021,1321,IN,IN-TAMIL-NADU
Tamil Nadu,77841267,2020-07-04,102721,58378,1385,IN,IN-TAMIL-NADU
Tamil Nadu,77841267,2020-07-05,107001,60592,1450,IN,IN-TAMIL-NADU
Tamil Nadu,77841267,2020-07-06,111151,62778,1510,IN,IN-TAMIL-NADU
Tamil Nadu,77841267,2020-07-07,114978,66571,1571,IN,IN-TAMIL-NADU
Telangana,39362732,2020-06-11,4111,1817,156,IN,IN-TELANGANA
Telangana,39362732,2020-06-12,4320,1993,165,IN,IN-TELANGANA
Telangana,39362732,2020-06-13,4484,2278,174,IN,IN-TELANGANA
Telangana,39362732,2020-06-14,4737,2352,182,IN,IN-TELANGANA
Telangana,39362732,2020-06-15,4974,2377,185,IN,IN-TELANGANA
Telangana,39362732,2020-06-16,5193,2766,187,IN,IN-TELANGANA
Telangana,39362732,2020-06-17,5406,3027,191,IN,IN-TELANGANA
Telangana,39362732,2020-06-18,5675,3071,192,IN,IN-TELANGANA
Telangana,39362732,2020-06-19,6027,3301,195,IN,IN-TELANGANA
Telangana,39362732,2020-06-20,6526,3353,198,IN,IN-TELANGANA
Telangana,39362732,2020-06-21,7072,3506,203,IN,IN-TELANGANA
Telangana,39362732,2020-06-22,7802,3731,210,IN,IN-TELANGANA
Telangana,39362732,2020-06-23,8674,4005,217,IN,IN-TELANGANA
Telangana,39362732,2020-06-24,9553,4224,220,IN,IN-TELANGANA
Telangana,39362732,2020-06-25,10444,4361,225,IN,IN-TELANGANA
Telangana,39362732,2020-06-26,11364,4688,230,IN,IN-TELANGANA
Telangana,39362732,2020-06-27,12349,4766,237,IN,IN-TELANGANA
Telangana,39362732,2020-06-28,13436,4928,243,IN,IN-TELANGANA
Telangana,39362732,2020-06-29,14419,5172,247,IN,IN-TELANGANA
Telangana,39362732,2020-06-30,15394,5582,253,IN,IN-TELANGANA
Telangana,39362732,2020-07-01,16339,7294,260,IN,IN-TELANGANA
Telangana,39362732,2020-07-02,17357,8082,267,IN,IN-TELANGANA
Telangana,39362732,2020-07-03,18570,9069,275,IN,IN-TELANGANA
Telangana,39362732,2020-07-04,20462,10195,283,IN,IN-TELANGANA
Telangana,39362732,2020-07-05,22312,11537,288,IN,IN-TELANGANA
Telangana,39362732,2020-07-06,23902,12703,295,IN,IN-TELANGANA
Telangana,39362732,2020-07-07,25733,14781,306,IN,IN-TELANGANA
Tripura,4169794,2020-06-11,895,239,1,IN,IN-TRIPURA
Tripura,4169794,2020-06-12,913,278,1,IN,IN-TRIPURA
Tripura,4169794,2020-06-13,961,278,1,IN,IN-TRIPURA
Tripura,4169794,2020-06-14,1046,315,1,IN,IN-TRIPURA
Tripura,4169794,2020-06-15,1076,315,1,IN,IN-TRIPURA
Tripura,4169794,2020-06-16,1086,433,1,IN,IN-TRIPURA
Tripura,4169794,2020-06-17,1092,433,1,IN,IN-TRIPURA
Tripura,4169794,2020-06-18,1135,556,1,IN,IN-TRIPURA
Tripura,4169794,2020-06-19,1155,639,1,IN,IN-TRIPURA
Tripura,4169794,2020-06-20,1178,657,1,IN,IN-TRIPURA
Tripura,4169794,2020-06-21,1186,680,1,IN,IN-TRIPURA
Tripura,4169794,2020-06-22,1221,759,1,IN,IN-TRIPURA
Tripura,4169794,2020-06-23,1237,782,1,IN,IN-TRIPURA
Tripura,4169794,2020-06-24,1259,807,1,IN,IN-TRIPURA
Tripura,4169794,2020-06-25,1259,897,1,IN,IN-TRIPURA
Tripura,4169794,2020-06-26,1290,1019,1,IN,IN-TRIPURA
Tripura,4169794,2020-06-27,1325,1055,1,IN,IN-TRIPURA
Tripura,4169794,2020-06-28,1334,1071,1,IN,IN-TRIPURA
Tripura,4169794,2020-06-29,1346,1079,1,IN,IN-TRIPURA
Tripura,4169794,2020-06-30,1380,1085,1,IN,IN-TRIPURA
Tripura,4169794,2020-07-01,1388,1086,1,IN,IN-TRIPURA
Tripura,4169794,2020-07-02,1396,1093,1,IN,IN-TRIPURA
Tripura,4169794,2020-07-03,1435,1146,1,IN,IN-TRIPURA
Tripura,4169794,2020-07-04,1525,1199,1,IN,IN-TRIPURA
Tripura,4169794,2020-07-05,1546,1202,1,IN,IN-TRIPURA
Tripura,4169794,2020-07-06,1568,1202,1,IN,IN-TRIPURA
Tripura,4169794,2020-07-07,1680,1219,1,IN,IN-TRIPURA
Uttar Pradesh,237882725,2020-06-11,11610,6871,321,IN,IN-UTTAR-PRADESH
Uttar Pradesh,237882725,2020-06-12,12088,7292,345,IN,IN-UTTAR-PRADESH
Uttar Pradesh,237882725,2020-06-13,12616,7609,365,IN,IN-UTTAR-PRADESH
Uttar Pradesh,237882725,2020-06-14,13118,7875,385,IN,IN-UTTAR-PRADESH
Uttar Pradesh,237882725,2020-06-15,13615,8268,399,IN,IN-UTTAR-PRADESH
Uttar Pradesh,237882725,2020-06-16,13615,8268,399,IN,IN-UTTAR-PRADESH
Uttar Pradesh,237882725,2020-06-17,14091,8610,417,IN,IN-UTTAR-PRADESH
Uttar Pradesh,237882725,2020-06-18,14598,8904,435,IN,IN-UTTAR-PRADESH
Uttar Pradesh,237882725,2020-06-19,15181,9239,465,IN,IN-UTTAR-PRADESH
Uttar Pradesh,237882725,2020-06-20,15785,9638,488,IN,IN-UTTAR-PRADESH
Uttar Pradesh,237882725,2020-06-21,16594,9995,507,IN,IN-UTTAR-PRADESH
Uttar Pradesh,237882725,2020-06-22,17731,10995,550,IN,IN-UTTAR-PRADESH
Uttar Pradesh,237882725,2020-06-23,18322,11601,569,IN,IN-UTTAR-PRADESH
Uttar Pradesh,237882725,2020-06-24,18893,12116,588,IN,IN-UTTAR-PRADESH
Uttar Pradesh,237882725,2020-06-25,19557,12586,596,IN,IN-UTTAR-PRADESH
Uttar Pradesh,237882725,2020-06-26,20193,13119,611,IN,IN-UTTAR-PRADESH
Uttar Pradesh,237882725,2020-06-27,20943,13583,630,IN,IN-UTTAR-PRADESH
Uttar Pradesh,237882725,2020-06-28,21549,14215,649,IN,IN-UTTAR-PRADESH
Uttar Pradesh,237882725,2020-06-29,22147,14808,660,IN,IN-UTTAR-PRADESH
Uttar Pradesh,237882725,2020-06-30,22828,15506,672,IN,IN-UTTAR-PRADESH
Uttar Pradesh,237882725,2020-07-01,23492,16084,697,IN,IN-UTTAR-PRADESH
Uttar Pradesh,237882725,2020-07-02,24056,16629,718,IN,IN-UTTAR-PRADESH
Uttar Pradesh,237882725,2020-07-03,24825,17221,735,IN,IN-UTTAR-PRADESH
Uttar Pradesh,237882725,2020-07-04,25797,17597,749,IN,IN-UTTAR-PRADESH
Uttar Pradesh,237882725,2020-07-05,26554,18154,773,IN,IN-UTTAR-PRADESH
Uttar Pradesh,237882725,2020-07-06,27707,18761,785,IN,IN-UTTAR-PRADESH
Uttar Pradesh,237882725,2020-07-07,28636,19109,809,IN,IN-UTTAR-PRADESH
Uttarakhand,11250858,2020-06-11,1562,831,15,IN,IN-UTTARAKHAND
Uttarakhand,11250858,2020-06-12,1643,842,15,IN,IN-UTTARAKHAND
Uttarakhand,11250858,2020-06-13,1724,947,21,IN,IN-UTTARAKHAND
Uttarakhand,11250858,2020-06-14,1785,1077,23,IN,IN-UTTARAKHAND
Uttarakhand,11250858,2020-06-15,1819,1111,24,IN,IN-UTTARAKHAND
Uttarakhand,11250858,2020-06-16,1845,1189,24,IN,IN-UTTARAKHAND
Uttarakhand,11250858,2020-06-17,1942,1216,25,IN,IN-UTTARAKHAND
Uttarakhand,11250858,2020-06-18,2023,1254,26,IN,IN-UTTARAKHAND
Uttarakhand,11250858,2020-06-19,2102,1386,26,IN,IN-UTTARAKHAND
Uttarakhand,11250858,2020-06-20,2177,1433,26,IN,IN-UTTARAKHAND
Uttarakhand,11250858,2020-06-21,2301,1450,27,IN,IN-UTTARAKHAND
Uttarakhand,11250858,2020-06-22,2344,1500,27,IN,IN-UTTARAKHAND
Uttarakhand,11250858,2020-06-23,2402,1521,28,IN,IN-UTTARAKHAND
Uttarakhand,11250858,2020-06-24,2535,1602,30,IN,IN-UTTARAKHAND
Uttarakhand,11250858,2020-06-25,2623,1721,35,IN,IN-UTTARAKHAND
Uttarakhand,11250858,2020-06-26,2691,1758,36,IN,IN-UTTARAKHAND
Uttarakhand,11250858,2020-06-27,2725,1822,37,IN,IN-UTTARAKHAND
Uttarakhand,11250858,2020-06-28,2791,1912,37,IN,IN-UTTARAKHAND
Uttarakhand,11250858,2020-06-29,2823,2018,38,IN,IN-UTTARAKHAND
Uttarakhand,11250858,2020-06-30,2831,2111,39,IN,IN-UTTARAKHAND
Uttarakhand,11250858,2020-07-01,2881,2231,41,IN,IN-UTTARAKHAND
Uttarakhand,11250858,2020-07-02,2947,2317,41,IN,IN-UTTARAKHAND
Uttarakhand,11250858,2020-07-03,2984,2405,42,IN,IN-UTTARAKHAND
Uttarakhand,11250858,2020-07-04,3048,2481,42,IN,IN-UTTARAKHAND
Uttarakhand,11250858,2020-07-05,3093,2502,42,IN,IN-UTTARAKHAND
Uttarakhand,11250858,2020-07-06,3124,2524,42,IN,IN-UTTARAKHAND
Uttarakhand,11250858,2020-07-07,3161,2586,42,IN,IN-UTTARAKHAND
West Bengal,99609303,2020-06-11,9328,3779,432,IN,IN-WEST-BENGAL
West Bengal,99609303,2020-06-12,9768,3988,442,IN,IN-WEST-BENGAL
West Bengal,99609303,2020-06-13,10244,4206,451,IN,IN-WEST-BENGAL
West Bengal,99609303,2020-06-14,10698,4542,463,IN,IN-WEST-BENGAL
West Bengal,99609303,2020-06-15,11087,5060,475,IN,IN-WEST-BENGAL
West Bengal,99609303,2020-06-16,11494,5494,485,IN,IN-WEST-BENGAL
West Bengal,99609303,2020-06-17,11909,6028,495,IN,IN-WEST-BENGAL
West Bengal,99609303,2020-06-18,12300,6533,506,IN,IN-WEST-BENGAL
West Bengal,99609303,2020-06-19,12735,7001,518,IN,IN-WEST-BENGAL
West Bengal,99609303,2020-06-20,13090,7303,529,IN,IN-WEST-BENGAL
West Bengal,99609303,2020-06-21,13531,7865,540,IN,IN-WEST-BENGAL
West Bengal,99609303,2020-06-22,13945,8297,555,IN,IN-WEST-BENGAL
West Bengal,99609303,2020-06-23,14358,8687,569,IN,IN-WEST-BENGAL
West Bengal,99609303,2020-06-24,14728,9218,580,IN,IN-WEST-BENGAL
West Bengal,99609303,2020-06-25,15173,9702,591,IN,IN-WEST-BENGAL
West Bengal,99609303,2020-06-26,15648,10190,606,IN,IN-WEST-BENGAL
West Bengal,99609303,2020-06-27,16190,10535,616,IN,IN-WEST-BENGAL
West Bengal,99609303,2020-06-28,16711,10789,629,IN,IN-WEST-BENGAL
West Bengal,99609303,2020-06-29,17283,11193,639,IN,IN-WEST-BENGAL
West Bengal,99609303,2020-06-30,17907,11719,653,IN,IN-WEST-BENGAL
West Bengal,99609303,2020-07-01,18559,12130,668,IN,IN-WEST-BENGAL
West Bengal,99609303,2020-07-02,19170,12528,683,IN,IN-WEST-BENGAL
West Bengal,99609303,2020-07-03,19819,13037,699,IN,IN-WEST-BENGAL
West Bengal,99609303,2020-07-04,20488,13571,717,IN,IN-WEST-BENGAL
West Bengal,99609303,2020-07-05,21231,14166,736,IN,IN-WEST-BENGAL
West Bengal,99609303,2020-07-06,22126,14711,757,IN,IN-WEST-BENGAL
West Bengal,99609303,2020-07-07,22987,15235,779,IN,IN-WEST-BENGAL
