state_name_en,population_number,reportDate,cases,recovered,deaths,countryCode,stateCode
Andalusia,8384408,2020-05-15,12401,10148,1344,ES,ES-ANDALUSIA
Andalusia,8384408,2020-05-16,12420,10319,1355,ES,ES-ANDALUSIA
Andalusia,8384408,2020-05-17,12420,10319,1355,ES,ES-ANDALUSIA
Andalusia,8384408,2020-05-18,12458,10671,1358,ES,ES-ANDALUSIA
Andalusia,8384408,2020-05-19,12471,10671,1358,ES,ES-ANDALUSIA
Andalusia,8384408,2020-05-20,12502,10671,1371,ES,ES-ANDALUSIA
Andalusia,8384408,2020-05-21,12502,10671,1371,ES,ES-ANDALUSIA
Aragon,1308728,2020-05-15,5432,3534,837,ES,ES-ARAGON
Aragon,1308728,2020-05-16,5456,3655,838,ES,ES-ARAGON
Aragon,1308728,2020-05-17,5456,3655,838,ES,ES-ARAGON
Aragon,1308728,2020-05-18,5503,3772,838,ES,ES-ARAGON
Aragon,1308728,2020-05-19,5520,3772,843,ES,ES-ARAGON
Aragon,1308728,2020-05-20,5551,3772,843,ES,ES-ARAGON
Aragon,1308728,2020-05-21,5551,3772,843,ES,ES-ARAGON
Asturias,1028244,2020-05-15,2359,1053,310,ES,ES-ASTURIAS
Asturias,1028244,2020-05-16,2366,1055,313,ES,ES-ASTURIAS
Asturias,1028244,2020-05-17,2366,1055,313,ES,ES-ASTURIAS
Asturias,1028244,2020-05-18,2369,1063,317,ES,ES-ASTURIAS
Asturias,1028244,2020-05-19,2373,1063,303,ES,ES-ASTURIAS
Asturias,1028244,2020-05-20,2374,1063,304,ES,ES-ASTURIAS
Asturias,1028244,2020-05-21,2374,1063,304,ES,ES-ASTURIAS
Baleares,1128908,2020-05-15,1967,1513,216,ES,ES-BALEARES
Baleares,1128908,2020-05-16,1982,1519,216,ES,ES-BALEARES
Baleares,1128908,2020-05-17,1982,1519,216,ES,ES-BALEARES
Baleares,1128908,2020-05-18,1993,1533,218,ES,ES-BALEARES
Baleares,1128908,2020-05-19,2005,1533,219,ES,ES-BALEARES
Baleares,1128908,2020-05-20,2018,1533,221,ES,ES-BALEARES
Baleares,1128908,2020-05-21,2018,1533,221,ES,ES-BALEARES
Comunidad Valenciana,4963703,2020-05-15,10813,9708,1358,ES,ES-C-VALENCIANA
Comunidad Valenciana,4963703,2020-05-16,10850,9761,1365,ES,ES-C-VALENCIANA
Comunidad Valenciana,4963703,2020-05-17,10850,9761,1365,ES,ES-C-VALENCIANA
Comunidad Valenciana,4963703,2020-05-18,10914,9970,1370,ES,ES-C-VALENCIANA
Comunidad Valenciana,4963703,2020-05-19,10962,9970,1370,ES,ES-C-VALENCIANA
Comunidad Valenciana,4963703,2020-05-20,10949,9970,1378,ES,ES-C-VALENCIANA
Comunidad Valenciana,4963703,2020-05-21,10949,9970,1378,ES,ES-C-VALENCIANA
Canary Islands,2127685,2020-05-15,2280,1506,151,ES,ES-CANARIAS
Canary Islands,2127685,2020-05-16,2284,1524,151,ES,ES-CANARIAS
Canary Islands,2127685,2020-05-17,2284,1524,151,ES,ES-CANARIAS
Canary Islands,2127685,2020-05-18,2294,1537,153,ES,ES-CANARIAS
Canary Islands,2127685,2020-05-19,2294,1537,155,ES,ES-CANARIAS
Canary Islands,2127685,2020-05-20,2300,1537,155,ES,ES-CANARIAS
Canary Islands,2127685,2020-05-21,2300,1537,155,ES,ES-CANARIAS
Cantabria,580229,2020-05-15,2263,2152,206,ES,ES-CANTABRIA
Cantabria,580229,2020-05-16,2265,2195,206,ES,ES-CANTABRIA
Cantabria,580229,2020-05-17,2265,2195,206,ES,ES-CANTABRIA
Cantabria,580229,2020-05-18,2271,2287,207,ES,ES-CANTABRIA
Cantabria,580229,2020-05-19,2273,2287,208,ES,ES-CANTABRIA
Cantabria,580229,2020-05-20,2277,2287,209,ES,ES-CANTABRIA
Cantabria,580229,2020-05-21,2277,2287,209,ES,ES-CANTABRIA
Castilla - La Mancha,2026808,2020-05-15,16513,6294,2870,ES,ES-CASTILLA-LAMANCHA
Castilla - La Mancha,2026808,2020-05-16,16587,6328,2883,ES,ES-CASTILLA-LAMANCHA
Castilla - La Mancha,2026808,2020-05-17,16587,6328,2883,ES,ES-CASTILLA-LAMANCHA
Castilla - La Mancha,2026808,2020-05-18,16648,6392,2898,ES,ES-CASTILLA-LAMANCHA
Castilla - La Mancha,2026808,2020-05-19,16677,6392,2900,ES,ES-CASTILLA-LAMANCHA
Castilla - La Mancha,2026808,2020-05-20,16739,6392,2913,ES,ES-CASTILLA-LAMANCHA
Castilla - La Mancha,2026808,2020-05-21,16739,6392,2913,ES,ES-CASTILLA-LAMANCHA
Castilla y Leon,2409164,2020-05-15,18272,7672,1930,ES,ES-CASTILLA-Y-LEON
Castilla y Leon,2409164,2020-05-16,18369,7735,1940,ES,ES-CASTILLA-Y-LEON
Castilla y Leon,2409164,2020-05-17,18369,7735,1940,ES,ES-CASTILLA-Y-LEON
Castilla y Leon,2409164,2020-05-18,18512,8716,1953,ES,ES-CASTILLA-Y-LEON
Castilla y Leon,2409164,2020-05-19,18549,8716,1960,ES,ES-CASTILLA-Y-LEON
Castilla y Leon,2409164,2020-05-20,18586,8716,1960,ES,ES-CASTILLA-Y-LEON
Castilla y Leon,2409164,2020-05-21,18586,8716,1960,ES,ES-CASTILLA-Y-LEON
Catalonia,7600065,2020-05-15,55464,25904,5882,ES,ES-CATALONIA
Catalonia,7600065,2020-05-16,55685,26067,5915,ES,ES-CATALONIA
Catalonia,7600065,2020-05-17,55685,26067,5915,ES,ES-CATALONIA
Catalonia,7600065,2020-05-18,55921,26203,5956,ES,ES-CATALONIA
Catalonia,7600065,2020-05-19,55825,26203,5981,ES,ES-CATALONIA
Catalonia,7600065,2020-05-20,55888,26203,6021,ES,ES-CATALONIA
Catalonia,7600065,2020-05-21,55888,26203,6021,ES,ES-CATALONIA
Ceuta,85144,2020-05-15,116,160,4,ES,ES-CEUTA
Ceuta,85144,2020-05-16,116,163,4,ES,ES-CEUTA
Ceuta,85144,2020-05-17,116,163,4,ES,ES-CEUTA
Ceuta,85144,2020-05-18,116,163,4,ES,ES-CEUTA
Ceuta,85144,2020-05-19,117,163,4,ES,ES-CEUTA
Ceuta,85144,2020-05-20,119,163,4,ES,ES-CEUTA
Ceuta,85144,2020-05-21,119,163,4,ES,ES-CEUTA
Extremadura,1072863,2020-05-15,2933,2587,494,ES,ES-EXTREMADURA
Extremadura,1072863,2020-05-16,2958,2609,497,ES,ES-EXTREMADURA
Extremadura,1072863,2020-05-17,2958,2609,497,ES,ES-EXTREMADURA
Extremadura,1072863,2020-05-18,2948,2652,500,ES,ES-EXTREMADURA
Extremadura,1072863,2020-05-19,2953,2652,504,ES,ES-EXTREMADURA
Extremadura,1072863,2020-05-20,3040,2652,504,ES,ES-EXTREMADURA
Extremadura,1072863,2020-05-21,3040,2652,504,ES,ES-EXTREMADURA
Galicia,2701743,2020-05-15,9323,8283,601,ES,ES-GALICIA
Galicia,2701743,2020-05-16,9041,8409,604,ES,ES-GALICIA
Galicia,2701743,2020-05-17,9041,8409,604,ES,ES-GALICIA
Galicia,2701743,2020-05-18,9056,9204,607,ES,ES-GALICIA
Galicia,2701743,2020-05-19,9058,9204,607,ES,ES-GALICIA
Galicia,2701743,2020-05-20,9067,9204,607,ES,ES-GALICIA
Galicia,2701743,2020-05-21,9067,9204,607,ES,ES-GALICIA
La Rioja,315675,2020-05-15,4016,2927,348,ES,ES-LA-RIOJA
La Rioja,315675,2020-05-16,4020,2990,348,ES,ES-LA-RIOJA
La Rioja,315675,2020-05-17,4020,2990,348,ES,ES-LA-RIOJA
La Rioja,315675,2020-05-18,4024,3107,351,ES,ES-LA-RIOJA
La Rioja,315675,2020-05-19,4027,3107,352,ES,ES-LA-RIOJA
La Rioja,315675,2020-05-20,4033,3107,353,ES,ES-LA-RIOJA
La Rioja,315675,2020-05-21,4033,3107,353,ES,ES-LA-RIOJA
Madrid,6578079,2020-05-15,66005,40383,8809,ES,ES-MADRID
Madrid,6578079,2020-05-16,66210,40586,8826,ES,ES-MADRID
Madrid,6578079,2020-05-17,66210,40586,8826,ES,ES-MADRID
Madrid,6578079,2020-05-18,66302,40736,8863,ES,ES-MADRID
Madrid,6578079,2020-05-19,66643,40736,8894,ES,ES-MADRID
Madrid,6578079,2020-05-20,66860,40736,8912,ES,ES-MADRID
Madrid,6578079,2020-05-21,66860,40736,8912,ES,ES-MADRID
Melilla,86384,2020-05-15,119,119,2,ES,ES-MELILLA
Melilla,86384,2020-05-16,119,122,2,ES,ES-MELILLA
Melilla,86384,2020-05-17,119,122,2,ES,ES-MELILLA
Melilla,86384,2020-05-18,121,125,2,ES,ES-MELILLA
Melilla,86384,2020-05-19,121,125,2,ES,ES-MELILLA
Melilla,86384,2020-05-20,121,125,2,ES,ES-MELILLA
Melilla,86384,2020-05-21,121,125,2,ES,ES-MELILLA
Murcia,1478509,2020-05-15,1534,2034,143,ES,ES-MURCIA
Murcia,1478509,2020-05-16,1542,2073,144,ES,ES-MURCIA
Murcia,1478509,2020-05-17,1542,2073,144,ES,ES-MURCIA
Murcia,1478509,2020-05-18,1556,2180,145,ES,ES-MURCIA
Murcia,1478509,2020-05-19,1558,2180,145,ES,ES-MURCIA
Murcia,1478509,2020-05-20,1560,2180,148,ES,ES-MURCIA
Murcia,1478509,2020-05-21,1560,2180,148,ES,ES-MURCIA
Navarra,647554,2020-05-15,5116,3550,500,ES,ES-NAVARRA
Navarra,647554,2020-05-16,5137,3658,501,ES,ES-NAVARRA
Navarra,647554,2020-05-17,5137,3658,501,ES,ES-NAVARRA
Navarra,647554,2020-05-18,5178,3905,503,ES,ES-NAVARRA
Navarra,647554,2020-05-19,5202,3905,503,ES,ES-NAVARRA
Navarra,647554,2020-05-20,5136,3905,503,ES,ES-NAVARRA
Navarra,647554,2020-05-21,5136,3905,503,ES,ES-NAVARRA
Pais Vasco,2199088,2020-05-15,13257,15256,1454,ES,ES-PAIS-VASCO
Pais Vasco,2199088,2020-05-16,13291,15678,1455,ES,ES-PAIS-VASCO
Pais Vasco,2199088,2020-05-17,13291,15678,1455,ES,ES-PAIS-VASCO
Pais Vasco,2199088,2020-05-18,13422,16160,1466,ES,ES-PAIS-VASCO
Pais Vasco,2199088,2020-05-19,13409,16160,1470,ES,ES-PAIS-VASCO
Pais Vasco,2199088,2020-05-20,13435,16160,1480,ES,ES-PAIS-VASCO
Pais Vasco,2199088,2020-05-21,13435,16160,1480,ES,ES-PAIS-VASCO
