state_name_en,population_number,reportDate,cases,recovered,deaths,countryCode,stateCode
Adygea Republic,453376,2020-06-08,1069,606,10,RU,RU-ADYGEA-REPUBLIC
Adygea Republic,453376,2020-06-09,1115,618,10,RU,RU-ADYGEA-REPUBLIC
Adygea Republic,453376,2020-06-10,1158,651,12,RU,RU-ADYGEA-REPUBLIC
Adygea Republic,453376,2020-06-11,1213,674,12,RU,RU-ADYGEA-REPUBLIC
Adygea Republic,453376,2020-06-12,1251,708,12,RU,RU-ADYGEA-REPUBLIC
Adygea Republic,453376,2020-06-13,1278,752,12,RU,RU-ADYGEA-REPUBLIC
Adygea Republic,453376,2020-06-14,1311,771,12,RU,RU-ADYGEA-REPUBLIC
Altai Krai,2350080,2020-06-08,2390,1107,14,RU,RU-ALTAI-KRAI
Altai Krai,2350080,2020-06-09,2458,1197,15,RU,RU-ALTAI-KRAI
Altai Krai,2350080,2020-06-10,2524,1314,16,RU,RU-ALTAI-KRAI
Altai Krai,2350080,2020-06-11,2593,1407,19,RU,RU-ALTAI-KRAI
Altai Krai,2350080,2020-06-12,2659,1569,19,RU,RU-ALTAI-KRAI
Altai Krai,2350080,2020-06-13,2726,1607,19,RU,RU-ALTAI-KRAI
Altai Krai,2350080,2020-06-14,2795,1667,19,RU,RU-ALTAI-KRAI
Altai Republic,218063,2020-06-08,180,101,0,RU,RU-ALTAI-REPUBLIC
Altai Republic,218063,2020-06-09,190,104,0,RU,RU-ALTAI-REPUBLIC
Altai Republic,218063,2020-06-10,204,109,0,RU,RU-ALTAI-REPUBLIC
Altai Republic,218063,2020-06-11,212,111,0,RU,RU-ALTAI-REPUBLIC
Altai Republic,218063,2020-06-12,220,124,0,RU,RU-ALTAI-REPUBLIC
Altai Republic,218063,2020-06-13,243,126,0,RU,RU-ALTAI-REPUBLIC
Altai Republic,218063,2020-06-14,256,128,0,RU,RU-ALTAI-REPUBLIC
Amur Oblast,798424,2020-06-08,748,252,5,RU,RU-AMUR-OBLAST
Amur Oblast,798424,2020-06-09,796,261,5,RU,RU-AMUR-OBLAST
Amur Oblast,798424,2020-06-10,835,296,5,RU,RU-AMUR-OBLAST
Amur Oblast,798424,2020-06-11,873,325,5,RU,RU-AMUR-OBLAST
Amur Oblast,798424,2020-06-12,914,345,5,RU,RU-AMUR-OBLAST
Amur Oblast,798424,2020-06-13,973,350,5,RU,RU-AMUR-OBLAST
Amur Oblast,798424,2020-06-14,1018,359,6,RU,RU-AMUR-OBLAST
Arkhangelsk Oblast,1155028,2020-06-08,2989,858,10,RU,RU-ARKHANGELSK-OBLAST
Arkhangelsk Oblast,1155028,2020-06-09,3085,897,10,RU,RU-ARKHANGELSK-OBLAST
Arkhangelsk Oblast,1155028,2020-06-10,3217,944,13,RU,RU-ARKHANGELSK-OBLAST
Arkhangelsk Oblast,1155028,2020-06-11,3362,985,15,RU,RU-ARKHANGELSK-OBLAST
Arkhangelsk Oblast,1155028,2020-06-12,3474,1028,16,RU,RU-ARKHANGELSK-OBLAST
Arkhangelsk Oblast,1155028,2020-06-13,3587,1043,16,RU,RU-ARKHANGELSK-OBLAST
Arkhangelsk Oblast,1155028,2020-06-14,3696,1054,19,RU,RU-ARKHANGELSK-OBLAST
Astrakhan Oblast,1017514,2020-06-08,2337,1294,22,RU,RU-ASTRAKHAN-OBLAST
Astrakhan Oblast,1017514,2020-06-09,2420,1362,22,RU,RU-ASTRAKHAN-OBLAST
Astrakhan Oblast,1017514,2020-06-10,2501,1438,23,RU,RU-ASTRAKHAN-OBLAST
Astrakhan Oblast,1017514,2020-06-11,2586,1535,23,RU,RU-ASTRAKHAN-OBLAST
Astrakhan Oblast,1017514,2020-06-12,2630,1560,24,RU,RU-ASTRAKHAN-OBLAST
Astrakhan Oblast,1017514,2020-06-13,2674,1639,24,RU,RU-ASTRAKHAN-OBLAST
Astrakhan Oblast,1017514,2020-06-14,2733,1678,24,RU,RU-ASTRAKHAN-OBLAST
Bashkortostan Republic,4063293,2020-06-08,4017,1453,18,RU,RU-BASHKORTOSTAN-REPUBLIC
Bashkortostan Republic,4063293,2020-06-09,4113,1505,18,RU,RU-BASHKORTOSTAN-REPUBLIC
Bashkortostan Republic,4063293,2020-06-10,4194,1640,18,RU,RU-BASHKORTOSTAN-REPUBLIC
Bashkortostan Republic,4063293,2020-06-11,4273,1741,18,RU,RU-BASHKORTOSTAN-REPUBLIC
Bashkortostan Republic,4063293,2020-06-12,4348,1759,18,RU,RU-BASHKORTOSTAN-REPUBLIC
Bashkortostan Republic,4063293,2020-06-13,4418,1839,18,RU,RU-BASHKORTOSTAN-REPUBLIC
Bashkortostan Republic,4063293,2020-06-14,4486,1853,18,RU,RU-BASHKORTOSTAN-REPUBLIC
Belgorod Oblast,1549876,2020-06-08,2913,1356,27,RU,RU-BELGOROD-OBLAST
Belgorod Oblast,1549876,2020-06-09,2988,1467,28,RU,RU-BELGOROD-OBLAST
Belgorod Oblast,1549876,2020-06-10,3061,1608,32,RU,RU-BELGOROD-OBLAST
Belgorod Oblast,1549876,2020-06-11,3137,1878,33,RU,RU-BELGOROD-OBLAST
Belgorod Oblast,1549876,2020-06-12,3207,2035,33,RU,RU-BELGOROD-OBLAST
Belgorod Oblast,1549876,2020-06-13,3284,2056,34,RU,RU-BELGOROD-OBLAST
Belgorod Oblast,1549876,2020-06-14,3364,2083,36,RU,RU-BELGOROD-OBLAST
Bryansk Oblast,1210982,2020-06-08,4458,3021,31,RU,RU-BRYANSK-OBLAST
Bryansk Oblast,1210982,2020-06-09,4551,3120,31,RU,RU-BRYANSK-OBLAST
Bryansk Oblast,1210982,2020-06-10,4641,3217,31,RU,RU-BRYANSK-OBLAST
Bryansk Oblast,1210982,2020-06-11,4732,3316,32,RU,RU-BRYANSK-OBLAST
Bryansk Oblast,1210982,2020-06-12,4825,3431,32,RU,RU-BRYANSK-OBLAST
Bryansk Oblast,1210982,2020-06-13,4920,3519,32,RU,RU-BRYANSK-OBLAST
Bryansk Oblast,1210982,2020-06-14,5011,3609,32,RU,RU-BRYANSK-OBLAST
Buryatia Republic,984511,2020-06-08,1833,1067,11,RU,RU-BURYATIA-REPUBLIC
Buryatia Republic,984511,2020-06-09,1877,1113,11,RU,RU-BURYATIA-REPUBLIC
Buryatia Republic,984511,2020-06-10,1956,1147,11,RU,RU-BURYATIA-REPUBLIC
Buryatia Republic,984511,2020-06-11,2020,1176,11,RU,RU-BURYATIA-REPUBLIC
Buryatia Republic,984511,2020-06-12,2110,1235,11,RU,RU-BURYATIA-REPUBLIC
Buryatia Republic,984511,2020-06-13,2153,1290,11,RU,RU-BURYATIA-REPUBLIC
Buryatia Republic,984511,2020-06-14,2203,1319,11,RU,RU-BURYATIA-REPUBLIC
Chechen Republic,1436981,2020-06-08,1365,993,15,RU,RU-CHECHEN-REPUBLIC
Chechen Republic,1436981,2020-06-09,1384,1024,16,RU,RU-CHECHEN-REPUBLIC
Chechen Republic,1436981,2020-06-10,1400,1073,16,RU,RU-CHECHEN-REPUBLIC
Chechen Republic,1436981,2020-06-11,1420,1119,16,RU,RU-CHECHEN-REPUBLIC
Chechen Republic,1436981,2020-06-12,1441,1121,17,RU,RU-CHECHEN-REPUBLIC
Chechen Republic,1436981,2020-06-13,1464,1123,17,RU,RU-CHECHEN-REPUBLIC
Chechen Republic,1436981,2020-06-14,1481,1128,17,RU,RU-CHECHEN-REPUBLIC
Chelyabinsk Oblast,3493036,2020-06-08,3737,1801,31,RU,RU-CHELYABINSK-OBLAST
Chelyabinsk Oblast,3493036,2020-06-09,3880,1867,33,RU,RU-CHELYABINSK-OBLAST
Chelyabinsk Oblast,3493036,2020-06-10,4015,1967,37,RU,RU-CHELYABINSK-OBLAST
Chelyabinsk Oblast,3493036,2020-06-11,4130,2099,37,RU,RU-CHELYABINSK-OBLAST
Chelyabinsk Oblast,3493036,2020-06-12,4221,2187,37,RU,RU-CHELYABINSK-OBLAST
Chelyabinsk Oblast,3493036,2020-06-13,4341,2309,40,RU,RU-CHELYABINSK-OBLAST
Chelyabinsk Oblast,3493036,2020-06-14,4482,2399,43,RU,RU-CHELYABINSK-OBLAST
Chukotka Autonomous Okrug,49348,2020-06-08,106,65,1,RU,RU-CHUKOTKA-AUTONOMOUS-OKRUG
Chukotka Autonomous Okrug,49348,2020-06-09,110,68,1,RU,RU-CHUKOTKA-AUTONOMOUS-OKRUG
Chukotka Autonomous Okrug,49348,2020-06-10,112,69,1,RU,RU-CHUKOTKA-AUTONOMOUS-OKRUG
Chukotka Autonomous Okrug,49348,2020-06-11,114,70,1,RU,RU-CHUKOTKA-AUTONOMOUS-OKRUG
Chukotka Autonomous Okrug,49348,2020-06-12,120,70,1,RU,RU-CHUKOTKA-AUTONOMOUS-OKRUG
Chukotka Autonomous Okrug,49348,2020-06-13,129,77,1,RU,RU-CHUKOTKA-AUTONOMOUS-OKRUG
Chukotka Autonomous Okrug,49348,2020-06-14,129,83,1,RU,RU-CHUKOTKA-AUTONOMOUS-OKRUG
Chuvashia Republic,1231117,2020-06-08,3561,1727,16,RU,RU-CHUVASHIA-REPUBLIC
Chuvashia Republic,1231117,2020-06-09,3646,1769,18,RU,RU-CHUVASHIA-REPUBLIC
Chuvashia Republic,1231117,2020-06-10,3725,1829,18,RU,RU-CHUVASHIA-REPUBLIC
Chuvashia Republic,1231117,2020-06-11,3802,1957,18,RU,RU-CHUVASHIA-REPUBLIC
Chuvashia Republic,1231117,2020-06-12,3878,2030,18,RU,RU-CHUVASHIA-REPUBLIC
Chuvashia Republic,1231117,2020-06-13,3956,2105,18,RU,RU-CHUVASHIA-REPUBLIC
Chuvashia Republic,1231117,2020-06-14,4033,2156,18,RU,RU-CHUVASHIA-REPUBLIC
Dagestan Republic,3063885,2020-06-08,5970,4587,308,RU,RU-DAGESTAN-REPUBLIC
Dagestan Republic,3063885,2020-06-09,6077,4611,309,RU,RU-DAGESTAN-REPUBLIC
Dagestan Republic,3063885,2020-06-10,6175,4636,309,RU,RU-DAGESTAN-REPUBLIC
Dagestan Republic,3063885,2020-06-11,6272,4662,309,RU,RU-DAGESTAN-REPUBLIC
Dagestan Republic,3063885,2020-06-12,6367,4688,309,RU,RU-DAGESTAN-REPUBLIC
Dagestan Republic,3063885,2020-06-13,6463,4710,313,RU,RU-DAGESTAN-REPUBLIC
Dagestan Republic,3063885,2020-06-14,6557,4731,316,RU,RU-DAGESTAN-REPUBLIC
Ingushetia Republic,488043,2020-06-08,2368,1508,61,RU,RU-INGUSHETIA-REPUBLIC
Ingushetia Republic,488043,2020-06-09,2399,1623,62,RU,RU-INGUSHETIA-REPUBLIC
Ingushetia Republic,488043,2020-06-10,2438,1652,62,RU,RU-INGUSHETIA-REPUBLIC
Ingushetia Republic,488043,2020-06-11,2474,1679,62,RU,RU-INGUSHETIA-REPUBLIC
Ingushetia Republic,488043,2020-06-12,2510,1850,62,RU,RU-INGUSHETIA-REPUBLIC
Ingushetia Republic,488043,2020-06-13,2550,2113,62,RU,RU-INGUSHETIA-REPUBLIC
Ingushetia Republic,488043,2020-06-14,2587,2113,62,RU,RU-INGUSHETIA-REPUBLIC
Irkutsk Oblast,2404195,2020-06-08,2877,725,16,RU,RU-IRKUTSK-OBLAST
Irkutsk Oblast,2404195,2020-06-09,3083,820,18,RU,RU-IRKUTSK-OBLAST
Irkutsk Oblast,2404195,2020-06-10,3265,892,20,RU,RU-IRKUTSK-OBLAST
Irkutsk Oblast,2404195,2020-06-11,3505,948,20,RU,RU-IRKUTSK-OBLAST
Irkutsk Oblast,2404195,2020-06-12,3656,980,20,RU,RU-IRKUTSK-OBLAST
Irkutsk Oblast,2404195,2020-06-13,3819,1002,20,RU,RU-IRKUTSK-OBLAST
Irkutsk Oblast,2404195,2020-06-14,4028,1010,20,RU,RU-IRKUTSK-OBLAST
Ivanovo Oblast,1014646,2020-06-08,2822,1091,22,RU,RU-IVANOVO-OBLAST
Ivanovo Oblast,1014646,2020-06-09,2930,1196,25,RU,RU-IVANOVO-OBLAST
Ivanovo Oblast,1014646,2020-06-10,3031,1238,25,RU,RU-IVANOVO-OBLAST
Ivanovo Oblast,1014646,2020-06-11,3130,1307,25,RU,RU-IVANOVO-OBLAST
Ivanovo Oblast,1014646,2020-06-12,3228,1348,27,RU,RU-IVANOVO-OBLAST
Ivanovo Oblast,1014646,2020-06-13,3323,1351,27,RU,RU-IVANOVO-OBLAST
Ivanovo Oblast,1014646,2020-06-14,3417,1378,27,RU,RU-IVANOVO-OBLAST
Jewish Autonomous Okrug,162014,2020-06-08,347,250,4,RU,RU-JEWISH-AUTONOMOUS-OKRUG
Jewish Autonomous Okrug,162014,2020-06-09,350,256,4,RU,RU-JEWISH-AUTONOMOUS-OKRUG
Jewish Autonomous Okrug,162014,2020-06-10,356,261,4,RU,RU-JEWISH-AUTONOMOUS-OKRUG
Jewish Autonomous Okrug,162014,2020-06-11,363,263,4,RU,RU-JEWISH-AUTONOMOUS-OKRUG
Jewish Autonomous Okrug,162014,2020-06-12,367,275,4,RU,RU-JEWISH-AUTONOMOUS-OKRUG
Jewish Autonomous Okrug,162014,2020-06-13,371,276,4,RU,RU-JEWISH-AUTONOMOUS-OKRUG
Jewish Autonomous Okrug,162014,2020-06-14,374,278,4,RU,RU-JEWISH-AUTONOMOUS-OKRUG
Kabardino-Balkarian Republic,865828,2020-06-08,3424,1649,33,RU,RU-KABARDINO-BALKARIAN-REPUBLIC
Kabardino-Balkarian Republic,865828,2020-06-09,3499,1753,33,RU,RU-KABARDINO-BALKARIAN-REPUBLIC
Kabardino-Balkarian Republic,865828,2020-06-10,3576,1821,34,RU,RU-KABARDINO-BALKARIAN-REPUBLIC
Kabardino-Balkarian Republic,865828,2020-06-11,3655,1838,34,RU,RU-KABARDINO-BALKARIAN-REPUBLIC
Kabardino-Balkarian Republic,865828,2020-06-12,3734,1874,35,RU,RU-KABARDINO-BALKARIAN-REPUBLIC
Kabardino-Balkarian Republic,865828,2020-06-13,3815,1886,35,RU,RU-KABARDINO-BALKARIAN-REPUBLIC
Kabardino-Balkarian Republic,865828,2020-06-14,3895,1936,38,RU,RU-KABARDINO-BALKARIAN-REPUBLIC
Kaliningrad Oblast,994599,2020-06-08,1813,782,24,RU,RU-KALININGRAD-OBLAST
Kaliningrad Oblast,994599,2020-06-09,1858,847,25,RU,RU-KALININGRAD-OBLAST
Kaliningrad Oblast,994599,2020-06-10,1904,922,29,RU,RU-KALININGRAD-OBLAST
Kaliningrad Oblast,994599,2020-06-11,1946,950,30,RU,RU-KALININGRAD-OBLAST
Kaliningrad Oblast,994599,2020-06-12,1984,976,31,RU,RU-KALININGRAD-OBLAST
Kaliningrad Oblast,994599,2020-06-13,2027,979,31,RU,RU-KALININGRAD-OBLAST
Kaliningrad Oblast,994599,2020-06-14,2072,984,31,RU,RU-KALININGRAD-OBLAST
Kalmykia Republic,275413,2020-06-08,1179,631,16,RU,RU-KALMYKIA-REPUBLIC
Kalmykia Republic,275413,2020-06-09,1180,697,16,RU,RU-KALMYKIA-REPUBLIC
Kalmykia Republic,275413,2020-06-10,1203,734,16,RU,RU-KALMYKIA-REPUBLIC
Kalmykia Republic,275413,2020-06-11,1215,751,16,RU,RU-KALMYKIA-REPUBLIC
Kalmykia Republic,275413,2020-06-12,1233,776,18,RU,RU-KALMYKIA-REPUBLIC
Kalmykia Republic,275413,2020-06-13,1247,804,18,RU,RU-KALMYKIA-REPUBLIC
Kalmykia Republic,275413,2020-06-14,1263,821,18,RU,RU-KALMYKIA-REPUBLIC
Kaluga Oblast,1012056,2020-06-08,4600,2119,36,RU,RU-KALUGA-OBLAST
Kaluga Oblast,1012056,2020-06-09,4691,2240,36,RU,RU-KALUGA-OBLAST
Kaluga Oblast,1012056,2020-06-10,4761,2318,36,RU,RU-KALUGA-OBLAST
Kaluga Oblast,1012056,2020-06-11,4829,2392,37,RU,RU-KALUGA-OBLAST
Kaluga Oblast,1012056,2020-06-12,4923,2444,39,RU,RU-KALUGA-OBLAST
Kaluga Oblast,1012056,2020-06-13,5011,2458,39,RU,RU-KALUGA-OBLAST
Kaluga Oblast,1012056,2020-06-14,5091,2485,39,RU,RU-KALUGA-OBLAST
Kamchatka Krai,315557,2020-06-08,1168,310,10,RU,RU-KAMCHATKA-KRAI
Kamchatka Krai,315557,2020-06-09,1214,314,10,RU,RU-KAMCHATKA-KRAI
Kamchatka Krai,315557,2020-06-10,1255,374,10,RU,RU-KAMCHATKA-KRAI
Kamchatka Krai,315557,2020-06-11,1306,402,10,RU,RU-KAMCHATKA-KRAI
Kamchatka Krai,315557,2020-06-12,1360,413,10,RU,RU-KAMCHATKA-KRAI
Kamchatka Krai,315557,2020-06-13,1409,415,10,RU,RU-KAMCHATKA-KRAI
Kamchatka Krai,315557,2020-06-14,1454,428,10,RU,RU-KAMCHATKA-KRAI
Karachay-Cherkess Republic,466305,2020-06-08,1654,453,9,RU,RU-KARACHAY-CHERKESS-REPUBLIC
Karachay-Cherkess Republic,466305,2020-06-09,1729,472,9,RU,RU-KARACHAY-CHERKESS-REPUBLIC
Karachay-Cherkess Republic,466305,2020-06-10,1807,490,9,RU,RU-KARACHAY-CHERKESS-REPUBLIC
Karachay-Cherkess Republic,466305,2020-06-11,1889,500,9,RU,RU-KARACHAY-CHERKESS-REPUBLIC
Karachay-Cherkess Republic,466305,2020-06-12,1969,509,9,RU,RU-KARACHAY-CHERKESS-REPUBLIC
Karachay-Cherkess Republic,466305,2020-06-13,2058,510,9,RU,RU-KARACHAY-CHERKESS-REPUBLIC
Karachay-Cherkess Republic,466305,2020-06-14,2156,541,9,RU,RU-KARACHAY-CHERKESS-REPUBLIC
Karelia Republic,622484,2020-06-08,633,226,2,RU,RU-KARELIA-REPUBLIC
Karelia Republic,622484,2020-06-09,656,238,2,RU,RU-KARELIA-REPUBLIC
Karelia Republic,622484,2020-06-10,676,245,2,RU,RU-KARELIA-REPUBLIC
Karelia Republic,622484,2020-06-11,685,260,2,RU,RU-KARELIA-REPUBLIC
Karelia Republic,622484,2020-06-12,702,279,2,RU,RU-KARELIA-REPUBLIC
Karelia Republic,622484,2020-06-13,732,279,2,RU,RU-KARELIA-REPUBLIC
Karelia Republic,622484,2020-06-14,784,287,2,RU,RU-KARELIA-REPUBLIC
Kemerovo Oblast,2694877,2020-06-08,752,322,7,RU,RU-KEMEROVO-OBLAST
Kemerovo Oblast,2694877,2020-06-09,786,332,7,RU,RU-KEMEROVO-OBLAST
Kemerovo Oblast,2694877,2020-06-10,834,339,7,RU,RU-KEMEROVO-OBLAST
Kemerovo Oblast,2694877,2020-06-11,868,351,7,RU,RU-KEMEROVO-OBLAST
Kemerovo Oblast,2694877,2020-06-12,929,373,7,RU,RU-KEMEROVO-OBLAST
Kemerovo Oblast,2694877,2020-06-13,997,397,7,RU,RU-KEMEROVO-OBLAST
Kemerovo Oblast,2694877,2020-06-14,1019,412,7,RU,RU-KEMEROVO-OBLAST
Khabarovsk Krai,1328302,2020-06-08,2596,1314,17,RU,RU-KHABAROVSK-KRAI
Khabarovsk Krai,1328302,2020-06-09,2661,1382,18,RU,RU-KHABAROVSK-KRAI
Khabarovsk Krai,1328302,2020-06-10,2733,1402,18,RU,RU-KHABAROVSK-KRAI
Khabarovsk Krai,1328302,2020-06-11,2804,1439,19,RU,RU-KHABAROVSK-KRAI
Khabarovsk Krai,1328302,2020-06-12,2869,1443,19,RU,RU-KHABAROVSK-KRAI
Khabarovsk Krai,1328302,2020-06-13,2938,1455,19,RU,RU-KHABAROVSK-KRAI
Khabarovsk Krai,1328302,2020-06-14,3009,1458,19,RU,RU-KHABAROVSK-KRAI
Khakassia Republic,537513,2020-06-08,1141,782,10,RU,RU-KHAKASSIA-REPUBLIC
Khakassia Republic,537513,2020-06-09,1165,822,10,RU,RU-KHAKASSIA-REPUBLIC
Khakassia Republic,537513,2020-06-10,1191,851,10,RU,RU-KHAKASSIA-REPUBLIC
Khakassia Republic,537513,2020-06-11,1229,871,10,RU,RU-KHAKASSIA-REPUBLIC
Khakassia Republic,537513,2020-06-12,1266,902,10,RU,RU-KHAKASSIA-REPUBLIC
Khakassia Republic,537513,2020-06-13,1299,905,10,RU,RU-KHAKASSIA-REPUBLIC
Khakassia Republic,537513,2020-06-14,1332,913,10,RU,RU-KHAKASSIA-REPUBLIC
Khanty-Mansi Autonomous Okrug,1532243,2020-06-08,3475,1186,21,RU,RU-KHANTY-MANSI-AUTONOMOUS-OKRUG
Khanty-Mansi Autonomous Okrug,1532243,2020-06-09,3624,1204,21,RU,RU-KHANTY-MANSI-AUTONOMOUS-OKRUG
Khanty-Mansi Autonomous Okrug,1532243,2020-06-10,3821,1468,23,RU,RU-KHANTY-MANSI-AUTONOMOUS-OKRUG
Khanty-Mansi Autonomous Okrug,1532243,2020-06-11,4007,1559,24,RU,RU-KHANTY-MANSI-AUTONOMOUS-OKRUG
Khanty-Mansi Autonomous Okrug,1532243,2020-06-12,4157,1657,24,RU,RU-KHANTY-MANSI-AUTONOMOUS-OKRUG
Khanty-Mansi Autonomous Okrug,1532243,2020-06-13,4340,1804,26,RU,RU-KHANTY-MANSI-AUTONOMOUS-OKRUG
Khanty-Mansi Autonomous Okrug,1532243,2020-06-14,4569,1946,27,RU,RU-KHANTY-MANSI-AUTONOMOUS-OKRUG
Kirov Oblast,1283238,2020-06-08,2260,1206,20,RU,RU-KIROV-OBLAST
Kirov Oblast,1283238,2020-06-09,2300,1218,20,RU,RU-KIROV-OBLAST
Kirov Oblast,1283238,2020-06-10,2360,1327,22,RU,RU-KIROV-OBLAST
Kirov Oblast,1283238,2020-06-11,2421,1424,23,RU,RU-KIROV-OBLAST
Kirov Oblast,1283238,2020-06-12,2479,1478,23,RU,RU-KIROV-OBLAST
Kirov Oblast,1283238,2020-06-13,2508,1578,25,RU,RU-KIROV-OBLAST
Kirov Oblast,1283238,2020-06-14,2547,1617,26,RU,RU-KIROV-OBLAST
Komi Republic,840873,2020-06-08,1600,890,26,RU,RU-KOMI-REPUBLIC
Komi Republic,840873,2020-06-09,1626,911,27,RU,RU-KOMI-REPUBLIC
Komi Republic,840873,2020-06-10,1693,939,27,RU,RU-KOMI-REPUBLIC
Komi Republic,840873,2020-06-11,1804,960,28,RU,RU-KOMI-REPUBLIC
Komi Republic,840873,2020-06-12,1929,1019,28,RU,RU-KOMI-REPUBLIC
Komi Republic,840873,2020-06-13,2085,1024,28,RU,RU-KOMI-REPUBLIC
Komi Republic,840873,2020-06-14,2266,1025,28,RU,RU-KOMI-REPUBLIC
Kostroma Oblast,643324,2020-06-08,926,489,12,RU,RU-KOSTROMA-OBLAST
Kostroma Oblast,643324,2020-06-09,953,506,12,RU,RU-KOSTROMA-OBLAST
Kostroma Oblast,643324,2020-06-10,977,535,12,RU,RU-KOSTROMA-OBLAST
Kostroma Oblast,643324,2020-06-11,1028,565,12,RU,RU-KOSTROMA-OBLAST
Kostroma Oblast,643324,2020-06-12,1066,575,12,RU,RU-KOSTROMA-OBLAST
Kostroma Oblast,643324,2020-06-13,1109,582,12,RU,RU-KOSTROMA-OBLAST
Kostroma Oblast,643324,2020-06-14,1136,593,12,RU,RU-KOSTROMA-OBLAST
Krasnodar Krai,5603420,2020-06-08,4485,3311,44,RU,RU-KRASNODAR-KRAI
Krasnodar Krai,5603420,2020-06-09,4574,3383,46,RU,RU-KRASNODAR-KRAI
Krasnodar Krai,5603420,2020-06-10,4655,3500,47,RU,RU-KRASNODAR-KRAI
Krasnodar Krai,5603420,2020-06-11,4735,3554,47,RU,RU-KRASNODAR-KRAI
Krasnodar Krai,5603420,2020-06-12,4815,3617,49,RU,RU-KRASNODAR-KRAI
Krasnodar Krai,5603420,2020-06-13,4893,3642,50,RU,RU-KRASNODAR-KRAI
Krasnodar Krai,5603420,2020-06-14,4970,3675,52,RU,RU-KRASNODAR-KRAI
Krasnoyarsk Krai,2876497,2020-06-08,5460,1570,49,RU,RU-KRASNOYARSK-KRAI
Krasnoyarsk Krai,2876497,2020-06-09,5617,1811,50,RU,RU-KRASNOYARSK-KRAI
Krasnoyarsk Krai,2876497,2020-06-10,5791,1970,53,RU,RU-KRASNOYARSK-KRAI
Krasnoyarsk Krai,2876497,2020-06-11,5981,2068,59,RU,RU-KRASNOYARSK-KRAI
Krasnoyarsk Krai,2876497,2020-06-12,6159,2129,64,RU,RU-KRASNOYARSK-KRAI
Krasnoyarsk Krai,2876497,2020-06-13,6328,2164,64,RU,RU-KRASNOYARSK-KRAI
Krasnoyarsk Krai,2876497,2020-06-14,6494,2205,64,RU,RU-KRASNOYARSK-KRAI
Kurgan Oblast,845537,2020-06-08,306,183,0,RU,RU-KURGAN-OBLAST
Kurgan Oblast,845537,2020-06-09,314,200,0,RU,RU-KURGAN-OBLAST
Kurgan Oblast,845537,2020-06-10,330,200,0,RU,RU-KURGAN-OBLAST
Kurgan Oblast,845537,2020-06-11,344,208,0,RU,RU-KURGAN-OBLAST
Kurgan Oblast,845537,2020-06-12,355,212,0,RU,RU-KURGAN-OBLAST
Kurgan Oblast,845537,2020-06-13,369,214,0,RU,RU-KURGAN-OBLAST
Kurgan Oblast,845537,2020-06-14,384,220,0,RU,RU-KURGAN-OBLAST
Kursk Oblast,1115237,2020-06-08,3561,1803,16,RU,RU-KURSK-OBLAST
Kursk Oblast,1115237,2020-06-09,3619,1858,17,RU,RU-KURSK-OBLAST
Kursk Oblast,1115237,2020-06-10,3690,1951,19,RU,RU-KURSK-OBLAST
Kursk Oblast,1115237,2020-06-11,3769,2045,19,RU,RU-KURSK-OBLAST
Kursk Oblast,1115237,2020-06-12,3839,2103,20,RU,RU-KURSK-OBLAST
Kursk Oblast,1115237,2020-06-13,3922,2117,20,RU,RU-KURSK-OBLAST
Kursk Oblast,1115237,2020-06-14,3994,2152,22,RU,RU-KURSK-OBLAST
Leningrad Oblast,1813816,2020-06-08,3238,2221,18,RU,RU-LENINGRAD-OBLAST
Leningrad Oblast,1813816,2020-06-09,3287,2321,19,RU,RU-LENINGRAD-OBLAST
Leningrad Oblast,1813816,2020-06-10,3342,2434,23,RU,RU-LENINGRAD-OBLAST
Leningrad Oblast,1813816,2020-06-11,3396,2528,23,RU,RU-LENINGRAD-OBLAST
Leningrad Oblast,1813816,2020-06-12,3448,2578,23,RU,RU-LENINGRAD-OBLAST
Leningrad Oblast,1813816,2020-06-13,3501,2628,23,RU,RU-LENINGRAD-OBLAST
Leningrad Oblast,1813816,2020-06-14,3553,2666,23,RU,RU-LENINGRAD-OBLAST
Lipetsk Oblast,1150201,2020-06-08,2637,1018,8,RU,RU-LIPETSK-OBLAST
Lipetsk Oblast,1150201,2020-06-09,2697,1026,8,RU,RU-LIPETSK-OBLAST
Lipetsk Oblast,1150201,2020-06-10,2758,1092,8,RU,RU-LIPETSK-OBLAST
Lipetsk Oblast,1150201,2020-06-11,2817,1160,8,RU,RU-LIPETSK-OBLAST
Lipetsk Oblast,1150201,2020-06-12,2878,1210,9,RU,RU-LIPETSK-OBLAST
Lipetsk Oblast,1150201,2020-06-13,2937,1270,9,RU,RU-LIPETSK-OBLAST
Lipetsk Oblast,1150201,2020-06-14,2995,1278,9,RU,RU-LIPETSK-OBLAST
Magadan Oblast,144091,2020-06-08,339,211,3,RU,RU-MAGADAN-OBLAST
Magadan Oblast,144091,2020-06-09,348,213,4,RU,RU-MAGADAN-OBLAST
Magadan Oblast,144091,2020-06-10,359,216,4,RU,RU-MAGADAN-OBLAST
Magadan Oblast,144091,2020-06-11,397,217,4,RU,RU-MAGADAN-OBLAST
Magadan Oblast,144091,2020-06-12,432,220,4,RU,RU-MAGADAN-OBLAST
Magadan Oblast,144091,2020-06-13,459,222,4,RU,RU-MAGADAN-OBLAST
Magadan Oblast,144091,2020-06-14,480,222,4,RU,RU-MAGADAN-OBLAST
Mari El Republic,682333,2020-06-08,2104,1727,16,RU,RU-MARI-EL-REPUBLIC
Mari El Republic,682333,2020-06-09,2151,1821,16,RU,RU-MARI-EL-REPUBLIC
Mari El Republic,682333,2020-06-10,2193,1917,16,RU,RU-MARI-EL-REPUBLIC
Mari El Republic,682333,2020-06-11,2236,1961,16,RU,RU-MARI-EL-REPUBLIC
Mari El Republic,682333,2020-06-12,2283,2026,17,RU,RU-MARI-EL-REPUBLIC
Mari El Republic,682333,2020-06-13,2331,2087,18,RU,RU-MARI-EL-REPUBLIC
Mari El Republic,682333,2020-06-14,2375,2100,18,RU,RU-MARI-EL-REPUBLIC
Mordovia Republic,805056,2020-06-08,2230,1155,18,RU,RU-MORDOVIA-REPUBLIC
Mordovia Republic,805056,2020-06-09,2296,1191,18,RU,RU-MORDOVIA-REPUBLIC
Mordovia Republic,805056,2020-06-10,2360,1225,18,RU,RU-MORDOVIA-REPUBLIC
Mordovia Republic,805056,2020-06-11,2418,1297,20,RU,RU-MORDOVIA-REPUBLIC
Mordovia Republic,805056,2020-06-12,2480,1327,20,RU,RU-MORDOVIA-REPUBLIC
Mordovia Republic,805056,2020-06-13,2538,1351,20,RU,RU-MORDOVIA-REPUBLIC
Mordovia Republic,805056,2020-06-14,2596,1470,21,RU,RU-MORDOVIA-REPUBLIC
Moscow,12506468,2020-06-08,197018,104347,2970,RU,RU-MOSCOW
Moscow,12506468,2020-06-09,198590,109737,3029,RU,RU-MOSCOW
Moscow,12506468,2020-06-10,199785,113533,3085,RU,RU-MOSCOW
Moscow,12506468,2020-06-11,201221,115769,3138,RU,RU-MOSCOW
Moscow,12506468,2020-06-12,202935,118024,3187,RU,RU-MOSCOW
Moscow,12506468,2020-06-13,204428,119558,3231,RU,RU-MOSCOW
Moscow,12506468,2020-06-14,205905,121691,3281,RU,RU-MOSCOW
Moscow Oblast,7503385,2020-06-08,44983,12031,578,RU,RU-MOSCOW-OBLAST
Moscow Oblast,7503385,2020-06-09,45722,12672,590,RU,RU-MOSCOW-OBLAST
Moscow Oblast,7503385,2020-06-10,46457,13419,622,RU,RU-MOSCOW-OBLAST
Moscow Oblast,7503385,2020-06-11,47181,14187,644,RU,RU-MOSCOW-OBLAST
Moscow Oblast,7503385,2020-06-12,47911,14955,666,RU,RU-MOSCOW-OBLAST
Moscow Oblast,7503385,2020-06-13,48636,15734,678,RU,RU-MOSCOW-OBLAST
Moscow Oblast,7503385,2020-06-14,49353,16573,678,RU,RU-MOSCOW-OBLAST
Murmansk Oblast,753557,2020-06-08,3576,2480,7,RU,RU-MURMANSK-OBLAST
Murmansk Oblast,753557,2020-06-09,3674,2535,7,RU,RU-MURMANSK-OBLAST
Murmansk Oblast,753557,2020-06-10,3700,2569,7,RU,RU-MURMANSK-OBLAST
Murmansk Oblast,753557,2020-06-11,3760,2633,7,RU,RU-MURMANSK-OBLAST
Murmansk Oblast,753557,2020-06-12,3818,2663,7,RU,RU-MURMANSK-OBLAST
Murmansk Oblast,753557,2020-06-13,3889,2669,7,RU,RU-MURMANSK-OBLAST
Murmansk Oblast,753557,2020-06-14,3946,2677,7,RU,RU-MURMANSK-OBLAST
Nenets Autonomous Okrug,43997,2020-06-08,80,16,0,RU,RU-NENETS-AUTONOMOUS-OKRUG
Nenets Autonomous Okrug,43997,2020-06-09,80,17,0,RU,RU-NENETS-AUTONOMOUS-OKRUG
Nenets Autonomous Okrug,43997,2020-06-10,80,20,0,RU,RU-NENETS-AUTONOMOUS-OKRUG
Nenets Autonomous Okrug,43997,2020-06-11,80,26,0,RU,RU-NENETS-AUTONOMOUS-OKRUG
Nenets Autonomous Okrug,43997,2020-06-12,81,32,0,RU,RU-NENETS-AUTONOMOUS-OKRUG
Nenets Autonomous Okrug,43997,2020-06-13,81,32,0,RU,RU-NENETS-AUTONOMOUS-OKRUG
Nenets Autonomous Okrug,43997,2020-06-14,82,32,0,RU,RU-NENETS-AUTONOMOUS-OKRUG
Nizhny Novgorod Oblast,3234752,2020-06-08,12442,4878,140,RU,RU-NIZHNY-NOVGOROD-OBLAST
Nizhny Novgorod Oblast,3234752,2020-06-09,12734,5696,145,RU,RU-NIZHNY-NOVGOROD-OBLAST
Nizhny Novgorod Oblast,3234752,2020-06-10,13038,5975,150,RU,RU-NIZHNY-NOVGOROD-OBLAST
Nizhny Novgorod Oblast,3234752,2020-06-11,13341,6219,152,RU,RU-NIZHNY-NOVGOROD-OBLAST
Nizhny Novgorod Oblast,3234752,2020-06-12,13562,6580,159,RU,RU-NIZHNY-NOVGOROD-OBLAST
Nizhny Novgorod Oblast,3234752,2020-06-13,13780,6633,165,RU,RU-NIZHNY-NOVGOROD-OBLAST
Nizhny Novgorod Oblast,3234752,2020-06-14,13995,6758,168,RU,RU-NIZHNY-NOVGOROD-OBLAST
North Ossetia - Alania Republic,701765,2020-06-08,3324,3100,57,RU,RU-NORTH-OSSETIA-ALANIA-REPUBLIC
North Ossetia - Alania Republic,701765,2020-06-09,3364,3121,57,RU,RU-NORTH-OSSETIA-ALANIA-REPUBLIC
North Ossetia - Alania Republic,701765,2020-06-10,3403,3142,57,RU,RU-NORTH-OSSETIA-ALANIA-REPUBLIC
North Ossetia - Alania Republic,701765,2020-06-11,3440,3165,58,RU,RU-NORTH-OSSETIA-ALANIA-REPUBLIC
North Ossetia - Alania Republic,701765,2020-06-12,3477,3186,58,RU,RU-NORTH-OSSETIA-ALANIA-REPUBLIC
North Ossetia - Alania Republic,701765,2020-06-13,3513,3190,66,RU,RU-NORTH-OSSETIA-ALANIA-REPUBLIC
North Ossetia - Alania Republic,701765,2020-06-14,3547,3212,66,RU,RU-NORTH-OSSETIA-ALANIA-REPUBLIC
Novgorod Oblast,606476,2020-06-08,1734,438,10,RU,RU-NOVGOROD-OBLAST
Novgorod Oblast,606476,2020-06-09,1779,446,11,RU,RU-NOVGOROD-OBLAST
Novgorod Oblast,606476,2020-06-10,1823,458,11,RU,RU-NOVGOROD-OBLAST
Novgorod Oblast,606476,2020-06-11,1867,467,11,RU,RU-NOVGOROD-OBLAST
Novgorod Oblast,606476,2020-06-12,1913,472,12,RU,RU-NOVGOROD-OBLAST
Novgorod Oblast,606476,2020-06-13,1963,482,12,RU,RU-NOVGOROD-OBLAST
Novgorod Oblast,606476,2020-06-14,2011,483,12,RU,RU-NOVGOROD-OBLAST
Novosibirsk Oblast,2788849,2020-06-08,3648,1386,42,RU,RU-NOVOSIBIRSK-OBLAST
Novosibirsk Oblast,2788849,2020-06-09,3752,1455,44,RU,RU-NOVOSIBIRSK-OBLAST
Novosibirsk Oblast,2788849,2020-06-10,3858,1552,46,RU,RU-NOVOSIBIRSK-OBLAST
Novosibirsk Oblast,2788849,2020-06-11,3960,1791,48,RU,RU-NOVOSIBIRSK-OBLAST
Novosibirsk Oblast,2788849,2020-06-12,4069,1907,50,RU,RU-NOVOSIBIRSK-OBLAST
Novosibirsk Oblast,2788849,2020-06-13,4177,2050,53,RU,RU-NOVOSIBIRSK-OBLAST
Novosibirsk Oblast,2788849,2020-06-14,4285,2148,55,RU,RU-NOVOSIBIRSK-OBLAST
Omsk Oblast,1960081,2020-06-08,1776,689,18,RU,RU-OMSK-OBLAST
Omsk Oblast,1960081,2020-06-09,1851,758,18,RU,RU-OMSK-OBLAST
Omsk Oblast,1960081,2020-06-10,1930,968,18,RU,RU-OMSK-OBLAST
Omsk Oblast,1960081,2020-06-11,1977,1098,23,RU,RU-OMSK-OBLAST
Omsk Oblast,1960081,2020-06-12,2063,1189,23,RU,RU-OMSK-OBLAST
Omsk Oblast,1960081,2020-06-13,2148,1213,23,RU,RU-OMSK-OBLAST
Omsk Oblast,1960081,2020-06-14,2247,1218,23,RU,RU-OMSK-OBLAST
Orel Oblast,747247,2020-06-08,2967,1474,32,RU,RU-OREL-OBLAST
Orel Oblast,747247,2020-06-09,3092,1543,32,RU,RU-OREL-OBLAST
Orel Oblast,747247,2020-06-10,3181,1568,35,RU,RU-OREL-OBLAST
Orel Oblast,747247,2020-06-11,3283,1586,35,RU,RU-OREL-OBLAST
Orel Oblast,747247,2020-06-12,3392,1655,35,RU,RU-OREL-OBLAST
Orel Oblast,747247,2020-06-13,3473,1663,35,RU,RU-OREL-OBLAST
Orel Oblast,747247,2020-06-14,3559,1689,35,RU,RU-OREL-OBLAST
Orenburg Oblast,1977720,2020-06-08,2397,1642,8,RU,RU-ORENBURG-OBLAST
Orenburg Oblast,1977720,2020-06-09,2461,1704,8,RU,RU-ORENBURG-OBLAST
Orenburg Oblast,1977720,2020-06-10,2521,1757,10,RU,RU-ORENBURG-OBLAST
Orenburg Oblast,1977720,2020-06-11,2580,1827,10,RU,RU-ORENBURG-OBLAST
Orenburg Oblast,1977720,2020-06-12,2643,1872,11,RU,RU-ORENBURG-OBLAST
Orenburg Oblast,1977720,2020-06-13,2705,1893,11,RU,RU-ORENBURG-OBLAST
Orenburg Oblast,1977720,2020-06-14,2768,1924,11,RU,RU-ORENBURG-OBLAST
Penza Oblast,1331655,2020-06-08,3053,2433,26,RU,RU-PENZA-OBLAST
Penza Oblast,1331655,2020-06-09,3191,2531,28,RU,RU-PENZA-OBLAST
Penza Oblast,1331655,2020-06-10,3317,2651,28,RU,RU-PENZA-OBLAST
Penza Oblast,1331655,2020-06-11,3432,2728,28,RU,RU-PENZA-OBLAST
Penza Oblast,1331655,2020-06-12,3535,2823,28,RU,RU-PENZA-OBLAST
Penza Oblast,1331655,2020-06-13,3634,2850,30,RU,RU-PENZA-OBLAST
Penza Oblast,1331655,2020-06-14,3729,2887,31,RU,RU-PENZA-OBLAST
Perm Krai,2623122,2020-06-08,2202,1394,28,RU,RU-PERM-KRAI
Perm Krai,2623122,2020-06-09,2267,1474,28,RU,RU-PERM-KRAI
Perm Krai,2623122,2020-06-10,2360,1533,30,RU,RU-PERM-KRAI
Perm Krai,2623122,2020-06-11,2434,1634,32,RU,RU-PERM-KRAI
Perm Krai,2623122,2020-06-12,2506,1689,38,RU,RU-PERM-KRAI
Perm Krai,2623122,2020-06-13,2580,1705,38,RU,RU-PERM-KRAI
Perm Krai,2623122,2020-06-14,2687,1749,38,RU,RU-PERM-KRAI
Primorsky Krai,1913037,2020-06-08,2442,1464,23,RU,RU-PRIMORSKY-KRAI
Primorsky Krai,1913037,2020-06-09,2500,1529,24,RU,RU-PRIMORSKY-KRAI
Primorsky Krai,1913037,2020-06-10,2552,1614,25,RU,RU-PRIMORSKY-KRAI
Primorsky Krai,1913037,2020-06-11,2609,1614,25,RU,RU-PRIMORSKY-KRAI
Primorsky Krai,1913037,2020-06-12,2702,1634,26,RU,RU-PRIMORSKY-KRAI
Primorsky Krai,1913037,2020-06-13,2787,1662,26,RU,RU-PRIMORSKY-KRAI
Primorsky Krai,1913037,2020-06-14,2886,1684,26,RU,RU-PRIMORSKY-KRAI
Pskov Oblast,636546,2020-06-08,1269,440,12,RU,RU-PSKOV-OBLAST
Pskov Oblast,636546,2020-06-09,1306,454,12,RU,RU-PSKOV-OBLAST
Pskov Oblast,636546,2020-06-10,1366,475,12,RU,RU-PSKOV-OBLAST
Pskov Oblast,636546,2020-06-11,1425,486,12,RU,RU-PSKOV-OBLAST
Pskov Oblast,636546,2020-06-12,1535,506,16,RU,RU-PSKOV-OBLAST
Pskov Oblast,636546,2020-06-13,1635,507,19,RU,RU-PSKOV-OBLAST
Pskov Oblast,636546,2020-06-14,1740,517,19,RU,RU-PSKOV-OBLAST
Rostov Oblast,4220452,2020-06-08,6355,2343,48,RU,RU-ROSTOV-OBLAST
Rostov Oblast,4220452,2020-06-09,6542,2469,51,RU,RU-ROSTOV-OBLAST
Rostov Oblast,4220452,2020-06-10,6734,2550,54,RU,RU-ROSTOV-OBLAST
Rostov Oblast,4220452,2020-06-11,6954,2702,59,RU,RU-ROSTOV-OBLAST
Rostov Oblast,4220452,2020-06-12,7152,2831,64,RU,RU-ROSTOV-OBLAST
Rostov Oblast,4220452,2020-06-13,7314,2875,65,RU,RU-ROSTOV-OBLAST
Rostov Oblast,4220452,2020-06-14,7481,2931,67,RU,RU-ROSTOV-OBLAST
Ryazan Oblast,1121474,2020-06-08,4088,1458,10,RU,RU-RYAZAN-OBLAST
Ryazan Oblast,1121474,2020-06-09,4164,1611,10,RU,RU-RYAZAN-OBLAST
Ryazan Oblast,1121474,2020-06-10,4228,1747,10,RU,RU-RYAZAN-OBLAST
Ryazan Oblast,1121474,2020-06-11,4287,1875,11,RU,RU-RYAZAN-OBLAST
Ryazan Oblast,1121474,2020-06-12,4345,2007,11,RU,RU-RYAZAN-OBLAST
Ryazan Oblast,1121474,2020-06-13,4401,2025,12,RU,RU-RYAZAN-OBLAST
Ryazan Oblast,1121474,2020-06-14,4458,2046,12,RU,RU-RYAZAN-OBLAST
Saint Petersburg,5351935,2020-06-08,18835,7915,392,RU,RU-SAINT-PETERSBURG
Saint Petersburg,5351935,2020-06-09,19153,8101,433,RU,RU-SAINT-PETERSBURG
Saint Petersburg,5351935,2020-06-10,19466,8521,482,RU,RU-SAINT-PETERSBURG
Saint Petersburg,5351935,2020-06-11,19769,8864,520,RU,RU-SAINT-PETERSBURG
Saint Petersburg,5351935,2020-06-12,20043,9276,561,RU,RU-SAINT-PETERSBURG
Saint Petersburg,5351935,2020-06-13,20305,9561,569,RU,RU-SAINT-PETERSBURG
Saint Petersburg,5351935,2020-06-14,20561,9677,597,RU,RU-SAINT-PETERSBURG
Sakha (Yakutiya) Republic,964330,2020-06-08,2611,1343,15,RU,RU-SAKHA-YAKUTIYA-REPUBLIC
Sakha (Yakutiya) Republic,964330,2020-06-09,2686,1428,15,RU,RU-SAKHA-YAKUTIYA-REPUBLIC
Sakha (Yakutiya) Republic,964330,2020-06-10,2753,1560,19,RU,RU-SAKHA-YAKUTIYA-REPUBLIC
Sakha (Yakutiya) Republic,964330,2020-06-11,2822,1634,20,RU,RU-SAKHA-YAKUTIYA-REPUBLIC
Sakha (Yakutiya) Republic,964330,2020-06-12,2898,1751,20,RU,RU-SAKHA-YAKUTIYA-REPUBLIC
Sakha (Yakutiya) Republic,964330,2020-06-13,2968,1826,20,RU,RU-SAKHA-YAKUTIYA-REPUBLIC
Sakha (Yakutiya) Republic,964330,2020-06-14,3037,1862,20,RU,RU-SAKHA-YAKUTIYA-REPUBLIC
Sakhalin Oblast,490181,2020-06-08,204,71,0,RU,RU-SAKHALIN-OBLAST
Sakhalin Oblast,490181,2020-06-09,216,71,0,RU,RU-SAKHALIN-OBLAST
Sakhalin Oblast,490181,2020-06-10,250,71,0,RU,RU-SAKHALIN-OBLAST
Sakhalin Oblast,490181,2020-06-11,264,71,0,RU,RU-SAKHALIN-OBLAST
Sakhalin Oblast,490181,2020-06-12,305,71,0,RU,RU-SAKHALIN-OBLAST
Sakhalin Oblast,490181,2020-06-13,320,98,0,RU,RU-SAKHALIN-OBLAST
Sakhalin Oblast,490181,2020-06-14,330,98,0,RU,RU-SAKHALIN-OBLAST
Samara Oblast,3193514,2020-06-08,3200,1449,29,RU,RU-SAMARA-OBLAST
Samara Oblast,3193514,2020-06-09,3246,1485,32,RU,RU-SAMARA-OBLAST
Samara Oblast,3193514,2020-06-10,3359,1570,34,RU,RU-SAMARA-OBLAST
Samara Oblast,3193514,2020-06-11,3470,1651,37,RU,RU-SAMARA-OBLAST
Samara Oblast,3193514,2020-06-12,3548,1741,40,RU,RU-SAMARA-OBLAST
Samara Oblast,3193514,2020-06-13,3694,1847,43,RU,RU-SAMARA-OBLAST
Samara Oblast,3193514,2020-06-14,3804,1889,46,RU,RU-SAMARA-OBLAST
Saratov Oblast,2462950,2020-06-08,3900,1573,37,RU,RU-SARATOV-OBLAST
Saratov Oblast,2462950,2020-06-09,4015,1596,37,RU,RU-SARATOV-OBLAST
Saratov Oblast,2462950,2020-06-10,4132,1699,37,RU,RU-SARATOV-OBLAST
Saratov Oblast,2462950,2020-06-11,4246,1811,37,RU,RU-SARATOV-OBLAST
Saratov Oblast,2462950,2020-06-12,4362,1980,37,RU,RU-SARATOV-OBLAST
Saratov Oblast,2462950,2020-06-13,4480,2014,38,RU,RU-SARATOV-OBLAST
Saratov Oblast,2462950,2020-06-14,4606,2052,38,RU,RU-SARATOV-OBLAST
Smolensk Oblast,949348,2020-06-08,3157,1105,43,RU,RU-SMOLENSK-OBLAST
Smolensk Oblast,949348,2020-06-09,3300,1240,44,RU,RU-SMOLENSK-OBLAST
Smolensk Oblast,949348,2020-06-10,3432,1321,44,RU,RU-SMOLENSK-OBLAST
Smolensk Oblast,949348,2020-06-11,3539,1362,44,RU,RU-SMOLENSK-OBLAST
Smolensk Oblast,949348,2020-06-12,3609,1394,47,RU,RU-SMOLENSK-OBLAST
Smolensk Oblast,949348,2020-06-13,3712,1414,49,RU,RU-SMOLENSK-OBLAST
Smolensk Oblast,949348,2020-06-14,3791,1461,49,RU,RU-SMOLENSK-OBLAST
Stavropol Krai,2800674,2020-06-08,3167,1471,62,RU,RU-STAVROPOL-KRAI
Stavropol Krai,2800674,2020-06-09,3253,1538,63,RU,RU-STAVROPOL-KRAI
Stavropol Krai,2800674,2020-06-10,3338,1650,65,RU,RU-STAVROPOL-KRAI
Stavropol Krai,2800674,2020-06-11,3425,1739,66,RU,RU-STAVROPOL-KRAI
Stavropol Krai,2800674,2020-06-12,3509,1846,67,RU,RU-STAVROPOL-KRAI
Stavropol Krai,2800674,2020-06-13,3594,1860,68,RU,RU-STAVROPOL-KRAI
Stavropol Krai,2800674,2020-06-14,3677,1893,69,RU,RU-STAVROPOL-KRAI
Sverdlovsk Oblast,4325256,2020-06-08,7668,3273,43,RU,RU-SVERDLOVSK-OBLAST
Sverdlovsk Oblast,4325256,2020-06-09,7910,3495,46,RU,RU-SVERDLOVSK-OBLAST
Sverdlovsk Oblast,4325256,2020-06-10,8194,3642,48,RU,RU-SVERDLOVSK-OBLAST
Sverdlovsk Oblast,4325256,2020-06-11,8506,3790,48,RU,RU-SVERDLOVSK-OBLAST
Sverdlovsk Oblast,4325256,2020-06-12,8826,3912,48,RU,RU-SVERDLOVSK-OBLAST
Sverdlovsk Oblast,4325256,2020-06-13,9071,4021,50,RU,RU-SVERDLOVSK-OBLAST
Sverdlovsk Oblast,4325256,2020-06-14,9325,4144,50,RU,RU-SVERDLOVSK-OBLAST
Tambov Oblast,1033552,2020-06-08,3504,1534,8,RU,RU-TAMBOV-OBLAST
Tambov Oblast,1033552,2020-06-09,3569,1611,8,RU,RU-TAMBOV-OBLAST
Tambov Oblast,1033552,2020-06-10,3636,1677,8,RU,RU-TAMBOV-OBLAST
Tambov Oblast,1033552,2020-06-11,3704,1753,8,RU,RU-TAMBOV-OBLAST
Tambov Oblast,1033552,2020-06-12,3770,1788,10,RU,RU-TAMBOV-OBLAST
Tambov Oblast,1033552,2020-06-13,3834,1823,10,RU,RU-TAMBOV-OBLAST
Tambov Oblast,1033552,2020-06-14,3897,1847,10,RU,RU-TAMBOV-OBLAST
Tatarstan Republic,3894284,2020-06-08,3611,3543,10,RU,RU-TATARSTAN-REPUBLIC
Tatarstan Republic,3894284,2020-06-09,3665,3563,10,RU,RU-TATARSTAN-REPUBLIC
Tatarstan Republic,3894284,2020-06-10,3720,3586,10,RU,RU-TATARSTAN-REPUBLIC
Tatarstan Republic,3894284,2020-06-11,3774,3607,10,RU,RU-TATARSTAN-REPUBLIC
Tatarstan Republic,3894284,2020-06-12,3823,3611,10,RU,RU-TATARSTAN-REPUBLIC
Tatarstan Republic,3894284,2020-06-13,3868,3614,10,RU,RU-TATARSTAN-REPUBLIC
Tatarstan Republic,3894284,2020-06-14,3914,3617,10,RU,RU-TATARSTAN-REPUBLIC
Tomsk Oblast,1078280,2020-06-08,971,474,11,RU,RU-TOMSK-OBLAST
Tomsk Oblast,1078280,2020-06-09,1018,499,11,RU,RU-TOMSK-OBLAST
Tomsk Oblast,1078280,2020-06-10,1066,524,11,RU,RU-TOMSK-OBLAST
Tomsk Oblast,1078280,2020-06-11,1116,552,11,RU,RU-TOMSK-OBLAST
Tomsk Oblast,1078280,2020-06-12,1167,564,11,RU,RU-TOMSK-OBLAST
Tomsk Oblast,1078280,2020-06-13,1215,576,11,RU,RU-TOMSK-OBLAST
Tomsk Oblast,1078280,2020-06-14,1268,599,11,RU,RU-TOMSK-OBLAST
Tula Oblast,1491855,2020-06-08,4734,2441,49,RU,RU-TULA-OBLAST
Tula Oblast,1491855,2020-06-09,4843,2623,51,RU,RU-TULA-OBLAST
Tula Oblast,1491855,2020-06-10,4946,2787,51,RU,RU-TULA-OBLAST
Tula Oblast,1491855,2020-06-11,5047,2961,53,RU,RU-TULA-OBLAST
Tula Oblast,1491855,2020-06-12,5147,3170,56,RU,RU-TULA-OBLAST
Tula Oblast,1491855,2020-06-13,5245,3219,56,RU,RU-TULA-OBLAST
Tula Oblast,1491855,2020-06-14,5340,3255,58,RU,RU-TULA-OBLAST
Tver Oblast,1283873,2020-06-08,2147,1429,41,RU,RU-TVER-OBLAST
Tver Oblast,1283873,2020-06-09,2231,1478,44,RU,RU-TVER-OBLAST
Tver Oblast,1283873,2020-06-10,2314,1495,49,RU,RU-TVER-OBLAST
Tver Oblast,1283873,2020-06-11,2397,1573,49,RU,RU-TVER-OBLAST
Tver Oblast,1283873,2020-06-12,2488,1611,50,RU,RU-TVER-OBLAST
Tver Oblast,1283873,2020-06-13,2569,1619,50,RU,RU-TVER-OBLAST
Tver Oblast,1283873,2020-06-14,2650,1645,50,RU,RU-TVER-OBLAST
Tyumen Oblast,3692400,2020-06-08,1947,1067,12,RU,RU-TYUMEN-OBLAST
Tyumen Oblast,3692400,2020-06-09,1981,1084,12,RU,RU-TYUMEN-OBLAST
Tyumen Oblast,3692400,2020-06-10,2013,1144,12,RU,RU-TYUMEN-OBLAST
Tyumen Oblast,3692400,2020-06-11,2047,1176,12,RU,RU-TYUMEN-OBLAST
Tyumen Oblast,3692400,2020-06-12,2069,1222,13,RU,RU-TYUMEN-OBLAST
Tyumen Oblast,3692400,2020-06-13,2119,1234,13,RU,RU-TYUMEN-OBLAST
Tyumen Oblast,3692400,2020-06-14,2196,1251,14,RU,RU-TYUMEN-OBLAST
Tyva Republic,321722,2020-06-08,1738,273,2,RU,RU-TYVA-REPUBLIC
Tyva Republic,321722,2020-06-09,1835,337,2,RU,RU-TYVA-REPUBLIC
Tyva Republic,321722,2020-06-10,1914,359,2,RU,RU-TYVA-REPUBLIC
Tyva Republic,321722,2020-06-11,2027,368,2,RU,RU-TYVA-REPUBLIC
Tyva Republic,321722,2020-06-12,2203,373,2,RU,RU-TYVA-REPUBLIC
Tyva Republic,321722,2020-06-13,2304,378,2,RU,RU-TYVA-REPUBLIC
Tyva Republic,321722,2020-06-14,2494,386,2,RU,RU-TYVA-REPUBLIC
Udmurt Republic,1513044,2020-06-08,963,467,12,RU,RU-UDMURT-REPUBLIC
Udmurt Republic,1513044,2020-06-09,987,478,12,RU,RU-UDMURT-REPUBLIC
Udmurt Republic,1513044,2020-06-10,1011,502,12,RU,RU-UDMURT-REPUBLIC
Udmurt Republic,1513044,2020-06-11,1031,516,12,RU,RU-UDMURT-REPUBLIC
Udmurt Republic,1513044,2020-06-12,1053,551,12,RU,RU-UDMURT-REPUBLIC
Udmurt Republic,1513044,2020-06-13,1073,557,12,RU,RU-UDMURT-REPUBLIC
Udmurt Republic,1513044,2020-06-14,1094,559,12,RU,RU-UDMURT-REPUBLIC
Ulyanovsk Oblast,1246618,2020-06-08,3265,954,16,RU,RU-ULYANOVSK-OBLAST
Ulyanovsk Oblast,1246618,2020-06-09,3359,1013,16,RU,RU-ULYANOVSK-OBLAST
Ulyanovsk Oblast,1246618,2020-06-10,3450,1095,18,RU,RU-ULYANOVSK-OBLAST
Ulyanovsk Oblast,1246618,2020-06-11,3538,1201,18,RU,RU-ULYANOVSK-OBLAST
Ulyanovsk Oblast,1246618,2020-06-12,3633,1255,18,RU,RU-ULYANOVSK-OBLAST
Ulyanovsk Oblast,1246618,2020-06-13,3783,1267,18,RU,RU-ULYANOVSK-OBLAST
Ulyanovsk Oblast,1246618,2020-06-14,3902,1287,20,RU,RU-ULYANOVSK-OBLAST
Vladimir Oblast,1378337,2020-06-08,3151,1225,30,RU,RU-VLADIMIR-OBLAST
Vladimir Oblast,1378337,2020-06-09,3205,1356,34,RU,RU-VLADIMIR-OBLAST
Vladimir Oblast,1378337,2020-06-10,3260,1440,38,RU,RU-VLADIMIR-OBLAST
Vladimir Oblast,1378337,2020-06-11,3324,1503,42,RU,RU-VLADIMIR-OBLAST
Vladimir Oblast,1378337,2020-06-12,3390,1667,44,RU,RU-VLADIMIR-OBLAST
Vladimir Oblast,1378337,2020-06-13,3453,1721,45,RU,RU-VLADIMIR-OBLAST
Vladimir Oblast,1378337,2020-06-14,3512,1799,45,RU,RU-VLADIMIR-OBLAST
Volgograd Oblast,2521276,2020-06-08,4030,1428,23,RU,RU-VOLGOGRAD-OBLAST
Volgograd Oblast,2521276,2020-06-09,4122,1498,24,RU,RU-VOLGOGRAD-OBLAST
Volgograd Oblast,2521276,2020-06-10,4238,1551,24,RU,RU-VOLGOGRAD-OBLAST
Volgograd Oblast,2521276,2020-06-11,4346,1627,25,RU,RU-VOLGOGRAD-OBLAST
Volgograd Oblast,2521276,2020-06-12,4460,1732,25,RU,RU-VOLGOGRAD-OBLAST
Volgograd Oblast,2521276,2020-06-13,4569,1739,27,RU,RU-VOLGOGRAD-OBLAST
Volgograd Oblast,2521276,2020-06-14,4677,1740,27,RU,RU-VOLGOGRAD-OBLAST
Vologda Oblast,1176689,2020-06-08,1111,542,11,RU,RU-VOLOGDA-OBLAST
Vologda Oblast,1176689,2020-06-09,1137,567,11,RU,RU-VOLOGDA-OBLAST
Vologda Oblast,1176689,2020-06-10,1159,617,13,RU,RU-VOLOGDA-OBLAST
Vologda Oblast,1176689,2020-06-11,1189,661,13,RU,RU-VOLOGDA-OBLAST
Vologda Oblast,1176689,2020-06-12,1221,693,13,RU,RU-VOLOGDA-OBLAST
Vologda Oblast,1176689,2020-06-13,1254,748,13,RU,RU-VOLOGDA-OBLAST
Vologda Oblast,1176689,2020-06-14,1284,760,13,RU,RU-VOLOGDA-OBLAST
Voronezh Oblast,2333768,2020-06-08,3065,1699,16,RU,RU-VORONEZH-OBLAST
Voronezh Oblast,2333768,2020-06-09,3285,1739,16,RU,RU-VORONEZH-OBLAST
Voronezh Oblast,2333768,2020-06-10,3527,1817,17,RU,RU-VORONEZH-OBLAST
Voronezh Oblast,2333768,2020-06-11,3766,1859,19,RU,RU-VORONEZH-OBLAST
Voronezh Oblast,2333768,2020-06-12,3993,1944,21,RU,RU-VORONEZH-OBLAST
Voronezh Oblast,2333768,2020-06-13,4221,1953,21,RU,RU-VORONEZH-OBLAST
Voronezh Oblast,2333768,2020-06-14,4440,1986,22,RU,RU-VORONEZH-OBLAST
Yamalo-Nenets Autonomous Okrug,538547,2020-06-08,2777,1475,11,RU,RU-YAMALO-NENETS-AUTONOMOUS-OKRUG
Yamalo-Nenets Autonomous Okrug,538547,2020-06-09,2833,1475,13,RU,RU-YAMALO-NENETS-AUTONOMOUS-OKRUG
Yamalo-Nenets Autonomous Okrug,538547,2020-06-10,2887,1482,13,RU,RU-YAMALO-NENETS-AUTONOMOUS-OKRUG
Yamalo-Nenets Autonomous Okrug,538547,2020-06-11,2964,1485,13,RU,RU-YAMALO-NENETS-AUTONOMOUS-OKRUG
Yamalo-Nenets Autonomous Okrug,538547,2020-06-12,3086,1487,15,RU,RU-YAMALO-NENETS-AUTONOMOUS-OKRUG
Yamalo-Nenets Autonomous Okrug,538547,2020-06-13,3211,1491,15,RU,RU-YAMALO-NENETS-AUTONOMOUS-OKRUG
Yamalo-Nenets Autonomous Okrug,538547,2020-06-14,3325,1496,16,RU,RU-YAMALO-NENETS-AUTONOMOUS-OKRUG
Yaroslavl Oblast,1265684,2020-06-08,3714,1180,15,RU,RU-YAROSLAVL-OBLAST
Yaroslavl Oblast,1265684,2020-06-09,3781,1310,15,RU,RU-YAROSLAVL-OBLAST
Yaroslavl Oblast,1265684,2020-06-10,3844,1452,15,RU,RU-YAROSLAVL-OBLAST
Yaroslavl Oblast,1265684,2020-06-11,3903,1530,15,RU,RU-YAROSLAVL-OBLAST
Yaroslavl Oblast,1265684,2020-06-12,3963,1639,16,RU,RU-YAROSLAVL-OBLAST
Yaroslavl Oblast,1265684,2020-06-13,4020,1640,16,RU,RU-YAROSLAVL-OBLAST
Yaroslavl Oblast,1265684,2020-06-14,4073,1660,16,RU,RU-YAROSLAVL-OBLAST
Zabaykalsky Krai,1072806,2020-06-08,1551,862,29,RU,RU-ZABAYKALSKY-KRAI
Zabaykalsky Krai,1072806,2020-06-09,1634,942,31,RU,RU-ZABAYKALSKY-KRAI
Zabaykalsky Krai,1072806,2020-06-10,1704,951,32,RU,RU-ZABAYKALSKY-KRAI
Zabaykalsky Krai,1072806,2020-06-11,1765,996,38,RU,RU-ZABAYKALSKY-KRAI
Zabaykalsky Krai,1072806,2020-06-12,1841,1076,40,RU,RU-ZABAYKALSKY-KRAI
Zabaykalsky Krai,1072806,2020-06-13,1907,1109,40,RU,RU-ZABAYKALSKY-KRAI
Zabaykalsky Krai,1072806,2020-06-14,1996,1123,40,RU,RU-ZABAYKALSKY-KRAI
