state_name_en,population_number,reportDate,cases,recovered,deaths,countryCode,stateCode
Amazonas,426800,2020-06-08,771,0,27,PE,PE-AMAZONAS
Amazonas,426800,2020-06-09,823,0,27,PE,PE-AMAZONAS
Amazonas,426800,2020-06-10,926,0,27,PE,PE-AMAZONAS
Amazonas,426800,2020-06-11,995,0,27,PE,PE-AMAZONAS
Amazonas,426800,2020-06-12,995,0,27,PE,PE-AMAZONAS
Amazonas,426800,2020-06-13,1033,0,28,PE,PE-AMAZONAS
Amazonas,426800,2020-06-14,1102,0,29,PE,PE-AMAZONAS
Amazonas,426800,2020-06-15,1170,0,29,PE,PE-AMAZONAS
Amazonas,426800,2020-06-16,1179,0,29,PE,PE-AMAZONAS
Amazonas,426800,2020-06-17,1349,0,30,PE,PE-AMAZONAS
Ancash,1180600,2020-06-08,5386,0,312,PE,PE-ANCASH
Ancash,1180600,2020-06-09,5443,0,318,PE,PE-ANCASH
Ancash,1180600,2020-06-10,5736,0,335,PE,PE-ANCASH
Ancash,1180600,2020-06-11,5885,0,340,PE,PE-ANCASH
Ancash,1180600,2020-06-12,5885,0,340,PE,PE-ANCASH
Ancash,1180600,2020-06-13,6000,0,347,PE,PE-ANCASH
Ancash,1180600,2020-06-14,6155,0,358,PE,PE-ANCASH
Ancash,1180600,2020-06-15,6294,0,371,PE,PE-ANCASH
Ancash,1180600,2020-06-16,6410,0,378,PE,PE-ANCASH
Ancash,1180600,2020-06-17,6509,0,387,PE,PE-ANCASH
Apurimac,430700,2020-06-08,259,0,4,PE,PE-APURIMAC
Apurimac,430700,2020-06-09,288,0,5,PE,PE-APURIMAC
Apurimac,430700,2020-06-10,314,0,7,PE,PE-APURIMAC
Apurimac,430700,2020-06-11,319,0,7,PE,PE-APURIMAC
Apurimac,430700,2020-06-12,319,0,7,PE,PE-APURIMAC
Apurimac,430700,2020-06-13,331,0,7,PE,PE-APURIMAC
Apurimac,430700,2020-06-14,346,0,7,PE,PE-APURIMAC
Apurimac,430700,2020-06-15,348,0,8,PE,PE-APURIMAC
Apurimac,430700,2020-06-16,351,0,9,PE,PE-APURIMAC
Apurimac,430700,2020-06-17,353,0,9,PE,PE-APURIMAC
Arequipa,1497400,2020-06-08,4460,0,60,PE,PE-AREQUIPA
Arequipa,1497400,2020-06-09,4494,0,65,PE,PE-AREQUIPA
Arequipa,1497400,2020-06-10,4620,0,81,PE,PE-AREQUIPA
Arequipa,1497400,2020-06-11,4764,0,85,PE,PE-AREQUIPA
Arequipa,1497400,2020-06-12,4764,0,85,PE,PE-AREQUIPA
Arequipa,1497400,2020-06-13,4881,0,95,PE,PE-AREQUIPA
Arequipa,1497400,2020-06-14,5002,0,106,PE,PE-AREQUIPA
Arequipa,1497400,2020-06-15,5115,0,109,PE,PE-AREQUIPA
Arequipa,1497400,2020-06-16,5195,0,115,PE,PE-AREQUIPA
Arequipa,1497400,2020-06-17,5280,0,121,PE,PE-AREQUIPA
Ayacucho,668200,2020-06-08,910,0,8,PE,PE-AYACUCHO
Ayacucho,668200,2020-06-09,915,0,8,PE,PE-AYACUCHO
Ayacucho,668200,2020-06-10,995,0,8,PE,PE-AYACUCHO
Ayacucho,668200,2020-06-11,1028,0,11,PE,PE-AYACUCHO
Ayacucho,668200,2020-06-12,1028,0,11,PE,PE-AYACUCHO
Ayacucho,668200,2020-06-13,1071,0,11,PE,PE-AYACUCHO
Ayacucho,668200,2020-06-14,1102,0,11,PE,PE-AYACUCHO
Ayacucho,668200,2020-06-15,1157,0,11,PE,PE-AYACUCHO
Ayacucho,668200,2020-06-16,1171,0,11,PE,PE-AYACUCHO
Ayacucho,668200,2020-06-17,1220,0,11,PE,PE-AYACUCHO
Cajamarca,1453700,2020-06-08,935,0,10,PE,PE-CAJAMARCA
Cajamarca,1453700,2020-06-09,947,0,11,PE,PE-CAJAMARCA
Cajamarca,1453700,2020-06-10,1013,0,13,PE,PE-CAJAMARCA
Cajamarca,1453700,2020-06-11,1062,0,13,PE,PE-CAJAMARCA
Cajamarca,1453700,2020-06-12,1062,0,13,PE,PE-CAJAMARCA
Cajamarca,1453700,2020-06-13,1135,0,14,PE,PE-CAJAMARCA
Cajamarca,1453700,2020-06-14,1199,0,16,PE,PE-CAJAMARCA
Cajamarca,1453700,2020-06-15,1279,0,16,PE,PE-CAJAMARCA
Cajamarca,1453700,2020-06-16,1314,0,16,PE,PE-CAJAMARCA
Cajamarca,1453700,2020-06-17,1350,0,17,PE,PE-CAJAMARCA
Callao,1129900,2020-06-08,13865,0,389,PE,PE-CALLAO
Callao,1129900,2020-06-09,14017,0,391,PE,PE-CALLAO
Callao,1129900,2020-06-10,14489,0,410,PE,PE-CALLAO
Callao,1129900,2020-06-11,14830,0,418,PE,PE-CALLAO
Callao,1129900,2020-06-12,14830,0,418,PE,PE-CALLAO
Callao,1129900,2020-06-13,15200,0,434,PE,PE-CALLAO
Callao,1129900,2020-06-14,15556,0,439,PE,PE-CALLAO
Callao,1129900,2020-06-15,15807,0,452,PE,PE-CALLAO
Callao,1129900,2020-06-16,15955,0,464,PE,PE-CALLAO
Callao,1129900,2020-06-17,16115,0,477,PE,PE-CALLAO
Cusco,1357100,2020-06-08,1229,0,4,PE,PE-CUSCO
Cusco,1357100,2020-06-09,1260,0,5,PE,PE-CUSCO
Cusco,1357100,2020-06-10,1309,0,5,PE,PE-CUSCO
Cusco,1357100,2020-06-11,1344,0,5,PE,PE-CUSCO
Cusco,1357100,2020-06-12,1344,0,5,PE,PE-CUSCO
Cusco,1357100,2020-06-13,1368,0,6,PE,PE-CUSCO
Cusco,1357100,2020-06-14,1419,0,7,PE,PE-CUSCO
Cusco,1357100,2020-06-15,1436,0,9,PE,PE-CUSCO
Cusco,1357100,2020-06-16,1449,0,10,PE,PE-CUSCO
Cusco,1357100,2020-06-17,1458,0,11,PE,PE-CUSCO
Huancavelica,365300,2020-06-08,528,0,4,PE,PE-HUANCAVELICA
Huancavelica,365300,2020-06-09,569,0,4,PE,PE-HUANCAVELICA
Huancavelica,365300,2020-06-10,602,0,5,PE,PE-HUANCAVELICA
Huancavelica,365300,2020-06-11,612,0,5,PE,PE-HUANCAVELICA
Huancavelica,365300,2020-06-12,612,0,5,PE,PE-HUANCAVELICA
Huancavelica,365300,2020-06-13,635,0,5,PE,PE-HUANCAVELICA
Huancavelica,365300,2020-06-14,654,0,5,PE,PE-HUANCAVELICA
Huancavelica,365300,2020-06-15,659,0,6,PE,PE-HUANCAVELICA
Huancavelica,365300,2020-06-16,663,0,6,PE,PE-HUANCAVELICA
Huancavelica,365300,2020-06-17,679,0,7,PE,PE-HUANCAVELICA
Huanuco,760300,2020-06-08,1176,0,16,PE,PE-HUANUCO
Huanuco,760300,2020-06-09,1183,0,18,PE,PE-HUANUCO
Huanuco,760300,2020-06-10,1254,0,19,PE,PE-HUANUCO
Huanuco,760300,2020-06-11,1287,0,22,PE,PE-HUANUCO
Huanuco,760300,2020-06-12,1287,0,22,PE,PE-HUANUCO
Huanuco,760300,2020-06-13,1363,0,24,PE,PE-HUANUCO
Huanuco,760300,2020-06-14,1433,0,27,PE,PE-HUANUCO
Huanuco,760300,2020-06-15,1494,0,28,PE,PE-HUANUCO
Huanuco,760300,2020-06-16,1527,0,30,PE,PE-HUANUCO
Huanuco,760300,2020-06-17,1593,0,31,PE,PE-HUANUCO
Ica,975200,2020-06-08,4330,0,290,PE,PE-ICA
Ica,975200,2020-06-09,4375,0,292,PE,PE-ICA
Ica,975200,2020-06-10,4713,0,306,PE,PE-ICA
Ica,975200,2020-06-11,4893,0,317,PE,PE-ICA
Ica,975200,2020-06-12,4893,0,317,PE,PE-ICA
Ica,975200,2020-06-13,5101,0,328,PE,PE-ICA
Ica,975200,2020-06-14,5345,0,335,PE,PE-ICA
Ica,975200,2020-06-15,5456,0,346,PE,PE-ICA
Ica,975200,2020-06-16,5534,0,353,PE,PE-ICA
Ica,975200,2020-06-17,5653,0,356,PE,PE-ICA
Junin,1361500,2020-06-08,2158,0,24,PE,PE-JUNIN
Junin,1361500,2020-06-09,2194,0,25,PE,PE-JUNIN
Junin,1361500,2020-06-10,2298,0,29,PE,PE-JUNIN
Junin,1361500,2020-06-11,2393,0,34,PE,PE-JUNIN
Junin,1361500,2020-06-12,2393,0,34,PE,PE-JUNIN
Junin,1361500,2020-06-13,2483,0,37,PE,PE-JUNIN
Junin,1361500,2020-06-14,2545,0,37,PE,PE-JUNIN
Junin,1361500,2020-06-15,2626,0,43,PE,PE-JUNIN
Junin,1361500,2020-06-16,2680,0,46,PE,PE-JUNIN
Junin,1361500,2020-06-17,2726,0,46,PE,PE-JUNIN
La Libertad,2016800,2020-06-08,5841,0,244,PE,PE-LA-LIBERTAD
La Libertad,2016800,2020-06-09,5916,0,252,PE,PE-LA-LIBERTAD
La Libertad,2016800,2020-06-10,5916,0,252,PE,PE-LA-LIBERTAD
La Libertad,2016800,2020-06-11,6642,0,273,PE,PE-LA-LIBERTAD
La Libertad,2016800,2020-06-12,6642,0,273,PE,PE-LA-LIBERTAD
La Libertad,2016800,2020-06-13,6830,0,273,PE,PE-LA-LIBERTAD
La Libertad,2016800,2020-06-14,7026,0,317,PE,PE-LA-LIBERTAD
La Libertad,2016800,2020-06-15,7239,0,332,PE,PE-LA-LIBERTAD
La Libertad,2016800,2020-06-16,7391,0,348,PE,PE-LA-LIBERTAD
La Libertad,2016800,2020-06-17,7579,0,365,PE,PE-LA-LIBERTAD
Lambayeque,1310800,2020-06-08,9829,0,634,PE,PE-LAMBAYEQUE
Lambayeque,1310800,2020-06-09,9933,0,635,PE,PE-LAMBAYEQUE
Lambayeque,1310800,2020-06-10,10286,0,642,PE,PE-LAMBAYEQUE
Lambayeque,1310800,2020-06-11,10532,0,648,PE,PE-LAMBAYEQUE
Lambayeque,1310800,2020-06-12,10532,0,648,PE,PE-LAMBAYEQUE
Lambayeque,1310800,2020-06-13,10791,0,656,PE,PE-LAMBAYEQUE
Lambayeque,1310800,2020-06-14,11059,0,659,PE,PE-LAMBAYEQUE
Lambayeque,1310800,2020-06-15,11276,0,663,PE,PE-LAMBAYEQUE
Lambayeque,1310800,2020-06-16,11394,0,668,PE,PE-LAMBAYEQUE
Lambayeque,1310800,2020-06-17,11576,0,674,PE,PE-LAMBAYEQUE
Lima,10628500,2020-06-08,116159,0,2283,PE,PE-LIMA
Lima,10628500,2020-06-09,118036,0,2349,PE,PE-LIMA
Lima,10628500,2020-06-10,122883,0,2543,PE,PE-LIMA
Lima,10628500,2020-06-11,125640,0,2675,PE,PE-LIMA
Lima,10628500,2020-06-12,125640,0,2675,PE,PE-LIMA
Lima,10628500,2020-06-13,128700,0,2784,PE,PE-LIMA
Lima,10628500,2020-06-14,129865,0,2894,PE,PE-LIMA
Lima,10628500,2020-06-15,132186,0,2988,PE,PE-LIMA
Lima,10628500,2020-06-16,134008,0,3083,PE,PE-LIMA
Lima,10628500,2020-06-17,136464,0,3196,PE,PE-LIMA
Loreto,1027600,2020-06-08,6225,0,305,PE,PE-LORETO
Loreto,1027600,2020-06-09,6349,0,307,PE,PE-LORETO
Loreto,1027600,2020-06-10,6719,0,309,PE,PE-LORETO
Loreto,1027600,2020-06-11,7000,0,311,PE,PE-LORETO
Loreto,1027600,2020-06-12,7000,0,311,PE,PE-LORETO
Loreto,1027600,2020-06-13,7167,0,311,PE,PE-LORETO
Loreto,1027600,2020-06-14,7478,0,315,PE,PE-LORETO
Loreto,1027600,2020-06-15,7629,0,316,PE,PE-LORETO
Loreto,1027600,2020-06-16,7737,0,316,PE,PE-LORETO
Loreto,1027600,2020-06-17,7781,0,318,PE,PE-LORETO
Madre de Dios,173800,2020-06-08,744,0,11,PE,PE-MADRE-DE-DIOS
Madre de Dios,173800,2020-06-09,749,0,11,PE,PE-MADRE-DE-DIOS
Madre de Dios,173800,2020-06-10,832,0,13,PE,PE-MADRE-DE-DIOS
Madre de Dios,173800,2020-06-11,903,0,15,PE,PE-MADRE-DE-DIOS
Madre de Dios,173800,2020-06-12,903,0,15,PE,PE-MADRE-DE-DIOS
Madre de Dios,173800,2020-06-13,945,0,15,PE,PE-MADRE-DE-DIOS
Madre de Dios,173800,2020-06-14,995,0,16,PE,PE-MADRE-DE-DIOS
Madre de Dios,173800,2020-06-15,1047,0,18,PE,PE-MADRE-DE-DIOS
Madre de Dios,173800,2020-06-16,1050,0,19,PE,PE-MADRE-DE-DIOS
Madre de Dios,173800,2020-06-17,1096,0,19,PE,PE-MADRE-DE-DIOS
Moquegua,192700,2020-06-08,676,0,3,PE,PE-MOQUEGUA
Moquegua,192700,2020-06-09,712,0,4,PE,PE-MOQUEGUA
Moquegua,192700,2020-06-10,724,0,5,PE,PE-MOQUEGUA
Moquegua,192700,2020-06-11,728,0,5,PE,PE-MOQUEGUA
Moquegua,192700,2020-06-12,728,0,5,PE,PE-MOQUEGUA
Moquegua,192700,2020-06-13,738,0,6,PE,PE-MOQUEGUA
Moquegua,192700,2020-06-14,744,0,6,PE,PE-MOQUEGUA
Moquegua,192700,2020-06-15,746,0,6,PE,PE-MOQUEGUA
Moquegua,192700,2020-06-16,747,0,6,PE,PE-MOQUEGUA
Moquegua,192700,2020-06-17,768,0,6,PE,PE-MOQUEGUA
Pasco,271900,2020-06-08,574,0,11,PE,PE-PASCO
Pasco,271900,2020-06-09,643,0,11,PE,PE-PASCO
Pasco,271900,2020-06-10,679,0,13,PE,PE-PASCO
Pasco,271900,2020-06-11,700,0,13,PE,PE-PASCO
Pasco,271900,2020-06-12,700,0,13,PE,PE-PASCO
Pasco,271900,2020-06-13,729,0,13,PE,PE-PASCO
Pasco,271900,2020-06-14,747,0,13,PE,PE-PASCO
Pasco,271900,2020-06-15,759,0,13,PE,PE-PASCO
Pasco,271900,2020-06-16,794,0,14,PE,PE-PASCO
Pasco,271900,2020-06-17,817,0,15,PE,PE-PASCO
Piura,2048000,2020-06-08,10716,0,568,PE,PE-PIURA
Piura,2048000,2020-06-09,10886,0,573,PE,PE-PIURA
Piura,2048000,2020-06-10,10886,0,573,PE,PE-PIURA
Piura,2048000,2020-06-11,12177,0,593,PE,PE-PIURA
Piura,2048000,2020-06-12,12177,0,593,PE,PE-PIURA
Piura,2048000,2020-06-13,12768,0,593,PE,PE-PIURA
Piura,2048000,2020-06-14,13411,0,612,PE,PE-PIURA
Piura,2048000,2020-06-15,13799,0,623,PE,PE-PIURA
Piura,2048000,2020-06-16,14046,0,631,PE,PE-PIURA
Piura,2048000,2020-06-17,14220,0,642,PE,PE-PIURA
Puno,1238000,2020-06-08,468,0,9,PE,PE-PUNO
Puno,1238000,2020-06-09,471,0,9,PE,PE-PUNO
Puno,1238000,2020-06-10,497,0,9,PE,PE-PUNO
Puno,1238000,2020-06-11,526,0,9,PE,PE-PUNO
Puno,1238000,2020-06-12,526,0,9,PE,PE-PUNO
Puno,1238000,2020-06-13,545,0,10,PE,PE-PUNO
Puno,1238000,2020-06-14,556,0,12,PE,PE-PUNO
Puno,1238000,2020-06-15,566,0,13,PE,PE-PUNO
Puno,1238000,2020-06-16,585,0,13,PE,PE-PUNO
Puno,1238000,2020-06-17,589,0,13,PE,PE-PUNO
San Martin,899600,2020-06-08,1896,0,38,PE,PE-SAN-MARTIN
San Martin,899600,2020-06-09,1952,0,38,PE,PE-SAN-MARTIN
San Martin,899600,2020-06-10,2206,0,41,PE,PE-SAN-MARTIN
San Martin,899600,2020-06-11,2306,0,42,PE,PE-SAN-MARTIN
San Martin,899600,2020-06-12,2306,0,42,PE,PE-SAN-MARTIN
San Martin,899600,2020-06-13,2454,0,46,PE,PE-SAN-MARTIN
San Martin,899600,2020-06-14,2674,0,53,PE,PE-SAN-MARTIN
San Martin,899600,2020-06-15,2754,0,59,PE,PE-SAN-MARTIN
San Martin,899600,2020-06-16,2826,0,63,PE,PE-SAN-MARTIN
San Martin,899600,2020-06-17,2911,0,66,PE,PE-SAN-MARTIN
Tacna,371000,2020-06-08,493,0,5,PE,PE-TACNA
Tacna,371000,2020-06-09,535,0,5,PE,PE-TACNA
Tacna,371000,2020-06-10,563,0,5,PE,PE-TACNA
Tacna,371000,2020-06-11,572,0,5,PE,PE-TACNA
Tacna,371000,2020-06-12,572,0,5,PE,PE-TACNA
Tacna,371000,2020-06-13,582,0,5,PE,PE-TACNA
Tacna,371000,2020-06-14,596,0,5,PE,PE-TACNA
Tacna,371000,2020-06-15,607,0,5,PE,PE-TACNA
Tacna,371000,2020-06-16,611,0,6,PE,PE-TACNA
Tacna,371000,2020-06-17,624,0,6,PE,PE-TACNA
Tumbes,251500,2020-06-08,1581,0,89,PE,PE-TUMBES
Tumbes,251500,2020-06-09,1585,0,91,PE,PE-TUMBES
Tumbes,251500,2020-06-10,1686,0,93,PE,PE-TUMBES
Tumbes,251500,2020-06-11,1736,0,95,PE,PE-TUMBES
Tumbes,251500,2020-06-12,1736,0,95,PE,PE-TUMBES
Tumbes,251500,2020-06-13,1814,0,96,PE,PE-TUMBES
Tumbes,251500,2020-06-14,1879,0,97,PE,PE-TUMBES
Tumbes,251500,2020-06-15,1937,0,98,PE,PE-TUMBES
Tumbes,251500,2020-06-16,1975,0,99,PE,PE-TUMBES
Tumbes,251500,2020-06-17,2008,0,104,PE,PE-TUMBES
Ucayali,589100,2020-06-08,5306,0,117,PE,PE-UCAYALI
Ucayali,589100,2020-06-09,5421,0,117,PE,PE-UCAYALI
Ucayali,589100,2020-06-10,5648,0,119,PE,PE-UCAYALI
Ucayali,589100,2020-06-11,5914,0,120,PE,PE-UCAYALI
Ucayali,589100,2020-06-12,5914,0,120,PE,PE-UCAYALI
Ucayali,589100,2020-06-13,6085,0,122,PE,PE-UCAYALI
Ucayali,589100,2020-06-14,6244,0,122,PE,PE-UCAYALI
Ucayali,589100,2020-06-15,6350,0,126,PE,PE-UCAYALI
Ucayali,589100,2020-06-16,6400,0,127,PE,PE-UCAYALI
Ucayali,589100,2020-06-17,6438,0,129,PE,PE-UCAYALI
