state_name_en,population_number,reportDate,cases,recovered,deaths,countryCode,stateCode
England,55977200,2020-06-11,156018,0,36883,UK,UK-ENGLAND
England,55977200,2020-06-12,156410,0,37069,UK,UK-ENGLAND
England,55977200,2020-06-13,156782,0,37240,UK,UK-ENGLAND
England,55977200,2020-06-14,157074,0,37266,UK,UK-ENGLAND
England,55977200,2020-06-15,157293,0,37299,UK,UK-ENGLAND
England,55977200,2020-06-16,157545,0,37524,UK,UK-ENGLAND
England,55977200,2020-06-17,157797,0,37692,UK,UK-ENGLAND
England,55977200,2020-06-18,158078,0,37812,UK,UK-ENGLAND
England,55977200,2020-06-19,158401,0,37979,UK,UK-ENGLAND
England,55977200,2020-06-20,158725,0,38099,UK,UK-ENGLAND
England,55977200,2020-06-21,158940,0,38138,UK,UK-ENGLAND
England,55977200,2020-06-22,159118,0,38152,UK,UK-ENGLAND
England,55977200,2020-06-23,159328,0,38427,UK,UK-ENGLAND
England,55977200,2020-06-24,159435,0,38568,UK,UK-ENGLAND
England,55977200,2020-06-25,159696,0,38706,UK,UK-ENGLAND
England,55977200,2020-06-26,159958,0,38888,UK,UK-ENGLAND
England,55977200,2020-06-27,160150,0,38982,UK,UK-ENGLAND
England,55977200,2020-06-28,160292,0,39015,UK,UK-ENGLAND
England,55977200,2020-06-29,160391,0,39036,UK,UK-ENGLAND
England,55977200,2020-06-30,160587,0,39187,UK,UK-ENGLAND
England,55977200,2020-07-01,160764,0,39354,UK,UK-ENGLAND
England,55977200,2020-07-02,160764,0,39354,UK,UK-ENGLAND
England,55977200,2020-07-03,244412,0,39567,UK,UK-ENGLAND
England,55977200,2020-07-04,244991,0,39626,UK,UK-ENGLAND
England,55977200,2020-07-05,245483,0,39647,UK,UK-ENGLAND
England,55977200,2020-07-06,245814,0,39663,UK,UK-ENGLAND
England,55977200,2020-07-07,246386,0,39815,UK,UK-ENGLAND
England,55977200,2020-07-08,246992,0,39936,UK,UK-ENGLAND
England,55977200,2020-07-09,247609,0,40018,UK,UK-ENGLAND
England,55977200,2020-07-10,248089,0,40066,UK,UK-ENGLAND
England,55977200,2020-07-11,248895,0,40213,UK,UK-ENGLAND
England,55977200,2020-07-12,249510,0,40234,UK,UK-ENGLAND
England,55977200,2020-07-13,250007,0,40245,UK,UK-ENGLAND
England,55977200,2020-07-14,250379,0,40379,UK,UK-ENGLAND
England,55977200,2020-07-15,250885,0,40462,UK,UK-ENGLAND
England,55977200,2020-07-16,251482,0,40528,UK,UK-ENGLAND
England,55977200,2020-07-17,252117,0,40640,UK,UK-ENGLAND
England,55977200,2020-07-18,252913,0,40680,UK,UK-ENGLAND
England,55977200,2020-07-19,253585,0,40706,UK,UK-ENGLAND
England,55977200,2020-07-20,254120,0,40718,UK,UK-ENGLAND
England,55977200,2020-07-21,254519,0,40828,UK,UK-ENGLAND
England,55977200,2020-07-22,255038,0,40906,UK,UK-ENGLAND
England,55977200,2020-07-23,255740,0,40959,UK,UK-ENGLAND
England,55977200,2020-07-24,255740,0,40959,UK,UK-ENGLAND
Northern Ireland,1881600,2020-06-11,4822,0,537,UK,UK-NORTHERN-IRELAND
Northern Ireland,1881600,2020-06-12,4838,0,538,UK,UK-NORTHERN-IRELAND
Northern Ireland,1881600,2020-06-13,4841,0,539,UK,UK-NORTHERN-IRELAND
Northern Ireland,1881600,2020-06-14,4848,0,541,UK,UK-NORTHERN-IRELAND
Northern Ireland,1881600,2020-06-15,4852,0,541,UK,UK-NORTHERN-IRELAND
Northern Ireland,1881600,2020-06-16,4854,0,541,UK,UK-NORTHERN-IRELAND
Northern Ireland,1881600,2020-06-17,4862,0,542,UK,UK-NORTHERN-IRELAND
Northern Ireland,1881600,2020-06-18,4863,0,543,UK,UK-NORTHERN-IRELAND
Northern Ireland,1881600,2020-06-19,4866,0,543,UK,UK-NORTHERN-IRELAND
Northern Ireland,1881600,2020-06-20,4866,0,544,UK,UK-NORTHERN-IRELAND
Northern Ireland,1881600,2020-06-21,4870,0,545,UK,UK-NORTHERN-IRELAND
Northern Ireland,1881600,2020-06-22,4871,0,545,UK,UK-NORTHERN-IRELAND
Northern Ireland,1881600,2020-06-23,4871,0,545,UK,UK-NORTHERN-IRELAND
Northern Ireland,1881600,2020-06-24,4873,0,546,UK,UK-NORTHERN-IRELAND
Northern Ireland,1881600,2020-06-25,4874,0,547,UK,UK-NORTHERN-IRELAND
Northern Ireland,1881600,2020-06-26,4876,0,547,UK,UK-NORTHERN-IRELAND
Northern Ireland,1881600,2020-06-27,4877,0,548,UK,UK-NORTHERN-IRELAND
Northern Ireland,1881600,2020-06-28,4878,0,549,UK,UK-NORTHERN-IRELAND
Northern Ireland,1881600,2020-06-29,4880,0,550,UK,UK-NORTHERN-IRELAND
Northern Ireland,1881600,2020-06-30,4880,0,551,UK,UK-NORTHERN-IRELAND
Northern Ireland,1881600,2020-07-01,4880,0,551,UK,UK-NORTHERN-IRELAND
Northern Ireland,1881600,2020-07-02,4880,0,551,UK,UK-NORTHERN-IRELAND
Northern Ireland,1881600,2020-07-03,5747,0,552,UK,UK-NORTHERN-IRELAND
Northern Ireland,1881600,2020-07-04,5747,0,554,UK,UK-NORTHERN-IRELAND
Northern Ireland,1881600,2020-07-05,5747,0,554,UK,UK-NORTHERN-IRELAND
Northern Ireland,1881600,2020-07-06,5756,0,554,UK,UK-NORTHERN-IRELAND
Northern Ireland,1881600,2020-07-07,5761,0,554,UK,UK-NORTHERN-IRELAND
Northern Ireland,1881600,2020-07-08,5765,0,554,UK,UK-NORTHERN-IRELAND
Northern Ireland,1881600,2020-07-09,4894,0,554,UK,UK-NORTHERN-IRELAND
Northern Ireland,1881600,2020-07-10,5772,0,554,UK,UK-NORTHERN-IRELAND
Northern Ireland,1881600,2020-07-11,5772,0,554,UK,UK-NORTHERN-IRELAND
Northern Ireland,1881600,2020-07-12,5772,0,544,UK,UK-NORTHERN-IRELAND
Northern Ireland,1881600,2020-07-13,5788,0,554,UK,UK-NORTHERN-IRELAND
Northern Ireland,1881600,2020-07-14,5790,0,556,UK,UK-NORTHERN-IRELAND
Northern Ireland,1881600,2020-07-15,5799,0,556,UK,UK-NORTHERN-IRELAND
Northern Ireland,1881600,2020-07-16,5815,0,556,UK,UK-NORTHERN-IRELAND
Northern Ireland,1881600,2020-07-17,5834,0,556,UK,UK-NORTHERN-IRELAND
Northern Ireland,1881600,2020-07-18,5834,0,556,UK,UK-NORTHERN-IRELAND
Northern Ireland,1881600,2020-07-19,5834,0,556,UK,UK-NORTHERN-IRELAND
Northern Ireland,1881600,2020-07-20,5857,0,556,UK,UK-NORTHERN-IRELAND
Northern Ireland,1881600,2020-07-21,5859,0,556,UK,UK-NORTHERN-IRELAND
Northern Ireland,1881600,2020-07-22,5868,0,556,UK,UK-NORTHERN-IRELAND
Northern Ireland,1881600,2020-07-23,5876,0,556,UK,UK-NORTHERN-IRELAND
Northern Ireland,1881600,2020-07-24,5876,0,556,UK,UK-NORTHERN-IRELAND
Scotland,5463300,2020-06-11,15682,0,2434,UK,UK-SCOTLAND
Scotland,5463300,2020-06-12,15709,0,2439,UK,UK-SCOTLAND
Scotland,5463300,2020-06-13,15730,0,2442,UK,UK-SCOTLAND
Scotland,5463300,2020-06-14,15755,0,2447,UK,UK-SCOTLAND
Scotland,5463300,2020-06-15,15687,0,2448,UK,UK-SCOTLAND
Scotland,5463300,2020-06-16,15697,0,2448,UK,UK-SCOTLAND
Scotland,5463300,2020-06-17,15712,0,2453,UK,UK-SCOTLAND
Scotland,5463300,2020-06-18,15718,0,2462,UK,UK-SCOTLAND
Scotland,5463300,2020-06-19,15742,0,2464,UK,UK-SCOTLAND
Scotland,5463300,2020-06-20,15757,0,2470,UK,UK-SCOTLAND
Scotland,5463300,2020-06-21,15774,0,2472,UK,UK-SCOTLAND
Scotland,5463300,2020-06-22,15784,0,2472,UK,UK-SCOTLAND
Scotland,5463300,2020-06-23,15794,0,2472,UK,UK-SCOTLAND
Scotland,5463300,2020-06-24,15802,0,2476,UK,UK-SCOTLAND
Scotland,5463300,2020-06-25,15802,0,2480,UK,UK-SCOTLAND
Scotland,5463300,2020-06-26,15807,0,2482,UK,UK-SCOTLAND
Scotland,5463300,2020-06-27,15814,0,2482,UK,UK-SCOTLAND
Scotland,5463300,2020-06-28,15815,0,2482,UK,UK-SCOTLAND
Scotland,5463300,2020-06-29,15818,0,2482,UK,UK-SCOTLAND
Scotland,5463300,2020-06-30,15822,0,2482,UK,UK-SCOTLAND
Scotland,5463300,2020-07-01,15827,0,2485,UK,UK-SCOTLAND
Scotland,5463300,2020-07-02,15827,0,2485,UK,UK-SCOTLAND
Scotland,5463300,2020-07-03,18276,0,2487,UK,UK-SCOTLAND
Scotland,5463300,2020-07-04,18287,0,2488,UK,UK-SCOTLAND
Scotland,5463300,2020-07-05,18296,0,2488,UK,UK-SCOTLAND
Scotland,5463300,2020-07-06,18300,0,2488,UK,UK-SCOTLAND
Scotland,5463300,2020-07-07,18302,0,2488,UK,UK-SCOTLAND
Scotland,5463300,2020-07-08,18309,0,2489,UK,UK-SCOTLAND
Scotland,5463300,2020-07-09,15851,0,2490,UK,UK-SCOTLAND
Scotland,5463300,2020-07-10,18333,0,2490,UK,UK-SCOTLAND
Scotland,5463300,2020-07-11,18340,0,2490,UK,UK-SCOTLAND
Scotland,5463300,2020-07-12,18359,0,2490,UK,UK-SCOTLAND
Scotland,5463300,2020-07-13,18365,0,2490,UK,UK-SCOTLAND
Scotland,5463300,2020-07-14,18368,0,2490,UK,UK-SCOTLAND
Scotland,5463300,2020-07-15,18373,0,2490,UK,UK-SCOTLAND
Scotland,5463300,2020-07-16,18384,0,2490,UK,UK-SCOTLAND
Scotland,5463300,2020-07-17,18401,0,2491,UK,UK-SCOTLAND
Scotland,5463300,2020-07-18,18422,0,2491,UK,UK-SCOTLAND
Scotland,5463300,2020-07-19,18445,0,2491,UK,UK-SCOTLAND
Scotland,5463300,2020-07-20,18452,0,2491,UK,UK-SCOTLAND
Scotland,5463300,2020-07-21,18474,0,2491,UK,UK-SCOTLAND
Scotland,5463300,2020-07-22,18484,0,2491,UK,UK-SCOTLAND
Scotland,5463300,2020-07-23,18500,0,2491,UK,UK-SCOTLAND
Scotland,5463300,2020-07-24,18500,0,2491,UK,UK-SCOTLAND
Wales,3138600,2020-06-11,14581,0,1425,UK,UK-WALES
Wales,3138600,2020-06-12,14658,0,1435,UK,UK-WALES
Wales,3138600,2020-06-13,14703,0,1441,UK,UK-WALES
Wales,3138600,2020-06-14,14742,0,1444,UK,UK-WALES
Wales,3138600,2020-06-15,14804,0,1448,UK,UK-WALES
Wales,3138600,2020-06-16,14869,0,1456,UK,UK-WALES
Wales,3138600,2020-06-17,14922,0,1466,UK,UK-WALES
Wales,3138600,2020-06-18,14970,0,1471,UK,UK-WALES
Wales,3138600,2020-06-19,15001,0,1475,UK,UK-WALES
Wales,3138600,2020-06-20,15026,0,1476,UK,UK-WALES
Wales,3138600,2020-06-21,15126,0,1477,UK,UK-WALES
Wales,3138600,2020-06-22,15197,0,1478,UK,UK-WALES
Wales,3138600,2020-06-23,15295,0,1483,UK,UK-WALES
Wales,3138600,2020-06-24,15341,0,1491,UK,UK-WALES
Wales,3138600,2020-06-25,15466,0,1497,UK,UK-WALES
Wales,3138600,2020-06-26,15531,0,1497,UK,UK-WALES
Wales,3138600,2020-06-27,15577,0,1502,UK,UK-WALES
Wales,3138600,2020-06-28,15602,0,1504,UK,UK-WALES
Wales,3138600,2020-06-29,15717,0,1507,UK,UK-WALES
Wales,3138600,2020-06-30,15743,0,1510,UK,UK-WALES
Wales,3138600,2020-07-01,15775,0,1516,UK,UK-WALES
Wales,3138600,2020-07-02,15775,0,1516,UK,UK-WALES
Wales,3138600,2020-07-03,15841,0,1525,UK,UK-WALES
Wales,3138600,2020-07-04,15875,0,1530,UK,UK-WALES
Wales,3138600,2020-07-05,15890,0,1531,UK,UK-WALES
Wales,3138600,2020-07-06,15898,0,1531,UK,UK-WALES
Wales,3138600,2020-07-07,15900,0,1534,UK,UK-WALES
Wales,3138600,2020-07-08,15913,0,1538,UK,UK-WALES
Wales,3138600,2020-07-09,15929,0,1540,UK,UK-WALES
Wales,3138600,2020-07-10,15939,0,1540,UK,UK-WALES
Wales,3138600,2020-07-11,15946,0,1541,UK,UK-WALES
Wales,3138600,2020-07-12,15962,0,1541,UK,UK-WALES
Wales,3138600,2020-07-13,15973,0,1541,UK,UK-WALES
Wales,3138600,2020-07-14,16836,0,1543,UK,UK-WALES
Wales,3138600,2020-07-15,16854,0,1545,UK,UK-WALES
Wales,3138600,2020-07-16,16871,0,1545,UK,UK-WALES
Wales,3138600,2020-07-17,16887,0,1546,UK,UK-WALES
Wales,3138600,2020-07-18,16897,0,1546,UK,UK-WALES
Wales,3138600,2020-07-19,16928,0,1547,UK,UK-WALES
Wales,3138600,2020-07-20,16943,0,1547,UK,UK-WALES
Wales,3138600,2020-07-21,16965,0,1547,UK,UK-WALES
Wales,3138600,2020-07-22,16987,0,1548,UK,UK-WALES
Wales,3138600,2020-07-23,17030,0,1548,UK,UK-WALES
Wales,3138600,2020-07-24,17030,0,1548,UK,UK-WALES
