state_name_en,population_number,reportDate,cases,recovered,deaths,countryCode,stateCode
Alberta,4286134,2020-03-06,1,0,0,CA,CA-AB
Alberta,4286134,2020-03-07,2,0,0,CA,CA-AB
Alberta,4286134,2020-03-08,4,0,0,CA,CA-AB
Alberta,4286134,2020-03-09,7,0,0,CA,CA-AB
Alberta,4286134,2020-03-10,7,0,0,CA,CA-AB
Alberta,4286134,2020-03-11,19,0,0,CA,CA-AB
Alberta,4286134,2020-03-12,19,0,0,CA,CA-AB
Alberta,4286134,2020-03-13,23,0,0,CA,CA-AB
Alberta,4286134,2020-03-14,29,0,0,CA,CA-AB
Alberta,4286134,2020-03-15,39,0,0,CA,CA-AB
Alberta,4286134,2020-03-16,56,0,0,CA,CA-AB
Alberta,4286134,2020-03-17,74,0,0,CA,CA-AB
Alberta,4286134,2020-03-18,97,0,0,CA,CA-AB
Alberta,4286134,2020-03-19,119,0,0,CA,CA-AB
Alberta,4286134,2020-03-20,146,0,1,CA,CA-AB
Alberta,4286134,2020-03-21,195,0,1,CA,CA-AB
Alberta,4286134,2020-03-22,259,0,1,CA,CA-AB
Alberta,4286134,2020-03-23,259,0,1,CA,CA-AB
Alberta,4286134,2020-03-24,301,0,1,CA,CA-AB
Alberta,4286134,2020-03-25,358,0,2,CA,CA-AB
Alberta,4286134,2020-03-26,486,0,2,CA,CA-AB
Alberta,4286134,2020-03-27,542,0,2,CA,CA-AB
Alberta,4286134,2020-03-28,542,0,2,CA,CA-AB
Alberta,4286134,2020-03-29,621,0,2,CA,CA-AB
Alberta,4286134,2020-03-30,661,0,3,CA,CA-AB
Alberta,4286134,2020-03-31,690,0,8,CA,CA-AB
Alberta,4286134,2020-04-01,754,0,9,CA,CA-AB
Alberta,4286134,2020-04-02,871,0,11,CA,CA-AB
Alberta,4286134,2020-04-03,969,0,13,CA,CA-AB
Alberta,4286134,2020-04-04,1075,0,18,CA,CA-AB
Alberta,4286134,2020-04-05,1181,0,20,CA,CA-AB
Alberta,4286134,2020-04-06,1250,0,23,CA,CA-AB
Alberta,4286134,2020-04-07,1348,0,24,CA,CA-AB
Alberta,4286134,2020-04-08,1373,0,26,CA,CA-AB
Alberta,4286134,2020-04-09,1423,0,29,CA,CA-AB
Alberta,4286134,2020-04-10,1451,0,32,CA,CA-AB
Alberta,4286134,2020-04-11,1500,0,39,CA,CA-AB
Alberta,4286134,2020-04-12,1567,0,40,CA,CA-AB
Alberta,4286134,2020-04-13,1648,0,44,CA,CA-AB
Alberta,4286134,2020-04-14,1732,0,46,CA,CA-AB
Alberta,4286134,2020-04-15,1870,0,48,CA,CA-AB
Alberta,4286134,2020-04-16,1996,0,48,CA,CA-AB
Alberta,4286134,2020-04-17,2158,0,50,CA,CA-AB
Alberta,4286134,2020-04-18,2397,0,50,CA,CA-AB
Alberta,4286134,2020-04-19,2562,0,51,CA,CA-AB
Alberta,4286134,2020-04-20,2803,0,55,CA,CA-AB
Alberta,4286134,2020-04-21,2908,0,59,CA,CA-AB
Alberta,4286134,2020-04-22,3095,0,61,CA,CA-AB
Alberta,4286134,2020-04-23,3401,0,66,CA,CA-AB
Alberta,4286134,2020-04-24,3720,0,68,CA,CA-AB
Alberta,4286134,2020-04-25,4233,0,73,CA,CA-AB
Alberta,4286134,2020-04-26,4233,0,73,CA,CA-AB
Alberta,4286134,2020-04-27,4488,0,73,CA,CA-AB
Alberta,4286134,2020-04-28,4696,0,75,CA,CA-AB
Alberta,4286134,2020-04-29,4850,0,80,CA,CA-AB
Alberta,4286134,2020-04-30,5165,0,87,CA,CA-AB
Alberta,4286134,2020-05-01,5355,0,90,CA,CA-AB
Alberta,4286134,2020-05-02,5573,0,92,CA,CA-AB
Alberta,4286134,2020-05-03,5670,0,94,CA,CA-AB
British Columbia,4817160,2020-01-28,1,0,0,CA,CA-BC
British Columbia,4817160,2020-01-29,1,0,0,CA,CA-BC
British Columbia,4817160,2020-01-30,1,0,0,CA,CA-BC
British Columbia,4817160,2020-01-31,1,0,0,CA,CA-BC
British Columbia,4817160,2020-02-01,1,0,0,CA,CA-BC
British Columbia,4817160,2020-02-02,1,0,0,CA,CA-BC
British Columbia,4817160,2020-02-03,1,0,0,CA,CA-BC
British Columbia,4817160,2020-02-04,1,0,0,CA,CA-BC
British Columbia,4817160,2020-02-05,2,0,0,CA,CA-BC
British Columbia,4817160,2020-02-06,2,0,0,CA,CA-BC
British Columbia,4817160,2020-02-07,4,0,0,CA,CA-BC
British Columbia,4817160,2020-02-08,4,0,0,CA,CA-BC
British Columbia,4817160,2020-02-09,4,0,0,CA,CA-BC
British Columbia,4817160,2020-02-10,4,0,0,CA,CA-BC
British Columbia,4817160,2020-02-11,4,0,0,CA,CA-BC
British Columbia,4817160,2020-02-12,4,0,0,CA,CA-BC
British Columbia,4817160,2020-02-13,4,0,0,CA,CA-BC
British Columbia,4817160,2020-02-14,4,0,0,CA,CA-BC
British Columbia,4817160,2020-02-15,4,0,0,CA,CA-BC
British Columbia,4817160,2020-02-16,4,0,0,CA,CA-BC
British Columbia,4817160,2020-02-17,5,0,0,CA,CA-BC
British Columbia,4817160,2020-02-18,5,0,0,CA,CA-BC
British Columbia,4817160,2020-02-19,5,0,0,CA,CA-BC
British Columbia,4817160,2020-02-20,5,0,0,CA,CA-BC
British Columbia,4817160,2020-02-21,6,0,0,CA,CA-BC
British Columbia,4817160,2020-02-22,6,0,0,CA,CA-BC
British Columbia,4817160,2020-02-23,6,0,0,CA,CA-BC
British Columbia,4817160,2020-02-24,6,0,0,CA,CA-BC
British Columbia,4817160,2020-02-25,7,0,0,CA,CA-BC
British Columbia,4817160,2020-02-26,7,0,0,CA,CA-BC
British Columbia,4817160,2020-02-27,7,3,0,CA,CA-BC
British Columbia,4817160,2020-02-28,7,3,0,CA,CA-BC
British Columbia,4817160,2020-02-29,8,3,0,CA,CA-BC
British Columbia,4817160,2020-03-01,8,3,0,CA,CA-BC
British Columbia,4817160,2020-03-02,8,3,0,CA,CA-BC
British Columbia,4817160,2020-03-03,9,3,0,CA,CA-BC
British Columbia,4817160,2020-03-04,12,3,0,CA,CA-BC
British Columbia,4817160,2020-03-05,13,3,0,CA,CA-BC
British Columbia,4817160,2020-03-06,21,3,0,CA,CA-BC
British Columbia,4817160,2020-03-07,21,4,0,CA,CA-BC
British Columbia,4817160,2020-03-08,27,4,0,CA,CA-BC
British Columbia,4817160,2020-03-09,32,4,1,CA,CA-BC
British Columbia,4817160,2020-03-10,32,4,1,CA,CA-BC
British Columbia,4817160,2020-03-11,39,4,1,CA,CA-BC
British Columbia,4817160,2020-03-12,46,4,1,CA,CA-BC
British Columbia,4817160,2020-03-13,53,4,1,CA,CA-BC
British Columbia,4817160,2020-03-14,64,4,1,CA,CA-BC
British Columbia,4817160,2020-03-15,73,4,1,CA,CA-BC
British Columbia,4817160,2020-03-16,103,4,4,CA,CA-BC
British Columbia,4817160,2020-03-17,103,4,4,CA,CA-BC
British Columbia,4817160,2020-03-18,186,4,7,CA,CA-BC
British Columbia,4817160,2020-03-19,231,4,7,CA,CA-BC
British Columbia,4817160,2020-03-20,271,4,8,CA,CA-BC
British Columbia,4817160,2020-03-21,424,4,10,CA,CA-BC
British Columbia,4817160,2020-03-22,424,4,10,CA,CA-BC
British Columbia,4817160,2020-03-23,472,0,13,CA,CA-BC
British Columbia,4817160,2020-03-24,472,0,13,CA,CA-BC
British Columbia,4817160,2020-03-25,617,0,13,CA,CA-BC
British Columbia,4817160,2020-03-26,725,0,14,CA,CA-BC
British Columbia,4817160,2020-03-27,725,0,14,CA,CA-BC
British Columbia,4817160,2020-03-28,884,0,17,CA,CA-BC
British Columbia,4817160,2020-03-29,884,0,17,CA,CA-BC
British Columbia,4817160,2020-03-30,884,0,17,CA,CA-BC
British Columbia,4817160,2020-03-31,970,0,19,CA,CA-BC
British Columbia,4817160,2020-04-01,1013,0,24,CA,CA-BC
British Columbia,4817160,2020-04-02,1066,0,25,CA,CA-BC
British Columbia,4817160,2020-04-03,1121,0,31,CA,CA-BC
British Columbia,4817160,2020-04-04,1203,0,38,CA,CA-BC
British Columbia,4817160,2020-04-05,1203,0,38,CA,CA-BC
British Columbia,4817160,2020-04-06,1203,0,38,CA,CA-BC
British Columbia,4817160,2020-04-07,1266,0,39,CA,CA-BC
British Columbia,4817160,2020-04-08,1291,0,43,CA,CA-BC
British Columbia,4817160,2020-04-09,1336,0,48,CA,CA-BC
British Columbia,4817160,2020-04-10,1370,0,50,CA,CA-BC
British Columbia,4817160,2020-04-11,1410,0,55,CA,CA-BC
British Columbia,4817160,2020-04-12,1445,0,58,CA,CA-BC
British Columbia,4817160,2020-04-13,1445,0,58,CA,CA-BC
British Columbia,4817160,2020-04-14,1490,0,69,CA,CA-BC
British Columbia,4817160,2020-04-15,1517,0,72,CA,CA-BC
British Columbia,4817160,2020-04-16,1561,0,75,CA,CA-BC
British Columbia,4817160,2020-04-17,1575,0,77,CA,CA-BC
British Columbia,4817160,2020-04-18,1618,0,78,CA,CA-BC
British Columbia,4817160,2020-04-19,1647,0,81,CA,CA-BC
British Columbia,4817160,2020-04-20,1647,0,82,CA,CA-BC
British Columbia,4817160,2020-04-21,1699,0,86,CA,CA-BC
British Columbia,4817160,2020-04-22,1724,0,87,CA,CA-BC
British Columbia,4817160,2020-04-23,1795,0,93,CA,CA-BC
British Columbia,4817160,2020-04-24,1824,0,94,CA,CA-BC
British Columbia,4817160,2020-04-25,1948,0,100,CA,CA-BC
British Columbia,4817160,2020-04-26,1948,0,100,CA,CA-BC
British Columbia,4817160,2020-04-27,1948,0,100,CA,CA-BC
British Columbia,4817160,2020-04-28,1998,0,104,CA,CA-BC
British Columbia,4817160,2020-04-29,2053,0,106,CA,CA-BC
British Columbia,4817160,2020-04-30,2087,0,109,CA,CA-BC
British Columbia,4817160,2020-05-01,2112,0,111,CA,CA-BC
British Columbia,4817160,2020-05-02,2171,0,112,CA,CA-BC
British Columbia,4817160,2020-05-03,2171,0,114,CA,CA-BC
Manitoba,1338109,2020-03-13,3,0,0,CA,CA-MB
Manitoba,1338109,2020-03-14,4,0,0,CA,CA-MB
Manitoba,1338109,2020-03-15,4,0,0,CA,CA-MB
Manitoba,1338109,2020-03-16,7,0,0,CA,CA-MB
Manitoba,1338109,2020-03-17,8,0,0,CA,CA-MB
Manitoba,1338109,2020-03-18,15,0,0,CA,CA-MB
Manitoba,1338109,2020-03-19,17,0,0,CA,CA-MB
Manitoba,1338109,2020-03-20,17,0,0,CA,CA-MB
Manitoba,1338109,2020-03-21,18,0,0,CA,CA-MB
Manitoba,1338109,2020-03-22,19,0,0,CA,CA-MB
Manitoba,1338109,2020-03-23,20,0,0,CA,CA-MB
Manitoba,1338109,2020-03-24,21,0,0,CA,CA-MB
Manitoba,1338109,2020-03-25,35,0,0,CA,CA-MB
Manitoba,1338109,2020-03-26,36,0,0,CA,CA-MB
Manitoba,1338109,2020-03-27,39,0,1,CA,CA-MB
Manitoba,1338109,2020-03-28,64,0,1,CA,CA-MB
Manitoba,1338109,2020-03-29,72,0,1,CA,CA-MB
Manitoba,1338109,2020-03-30,96,0,1,CA,CA-MB
Manitoba,1338109,2020-03-31,103,0,1,CA,CA-MB
Manitoba,1338109,2020-04-01,127,0,1,CA,CA-MB
Manitoba,1338109,2020-04-02,167,0,1,CA,CA-MB
Manitoba,1338109,2020-04-03,182,0,2,CA,CA-MB
Manitoba,1338109,2020-04-04,182,0,2,CA,CA-MB
Manitoba,1338109,2020-04-05,194,0,2,CA,CA-MB
Manitoba,1338109,2020-04-06,203,0,2,CA,CA-MB
Manitoba,1338109,2020-04-07,204,0,2,CA,CA-MB
Manitoba,1338109,2020-04-08,217,0,3,CA,CA-MB
Manitoba,1338109,2020-04-09,221,0,3,CA,CA-MB
Manitoba,1338109,2020-04-10,224,0,3,CA,CA-MB
Manitoba,1338109,2020-04-11,243,0,4,CA,CA-MB
Manitoba,1338109,2020-04-12,242,0,4,CA,CA-MB
Manitoba,1338109,2020-04-13,246,0,4,CA,CA-MB
Manitoba,1338109,2020-04-14,246,0,4,CA,CA-MB
Manitoba,1338109,2020-04-15,246,0,4,CA,CA-MB
Manitoba,1338109,2020-04-16,250,0,5,CA,CA-MB
Manitoba,1338109,2020-04-17,250,0,5,CA,CA-MB
Manitoba,1338109,2020-04-18,253,0,5,CA,CA-MB
Manitoba,1338109,2020-04-19,254,0,5,CA,CA-MB
Manitoba,1338109,2020-04-20,254,0,6,CA,CA-MB
Manitoba,1338109,2020-04-21,255,0,6,CA,CA-MB
Manitoba,1338109,2020-04-22,257,0,6,CA,CA-MB
Manitoba,1338109,2020-04-23,257,0,6,CA,CA-MB
Manitoba,1338109,2020-04-24,263,0,6,CA,CA-MB
Manitoba,1338109,2020-04-25,267,0,6,CA,CA-MB
Manitoba,1338109,2020-04-26,271,0,6,CA,CA-MB
Manitoba,1338109,2020-04-27,273,0,6,CA,CA-MB
Manitoba,1338109,2020-04-28,273,0,6,CA,CA-MB
Manitoba,1338109,2020-04-29,275,0,6,CA,CA-MB
Manitoba,1338109,2020-04-30,277,0,6,CA,CA-MB
Manitoba,1338109,2020-05-01,281,0,6,CA,CA-MB
Manitoba,1338109,2020-05-02,282,0,6,CA,CA-MB
Manitoba,1338109,2020-05-03,282,0,6,CA,CA-MB
New Brunswick,759655,2020-03-11,1,0,0,CA,CA-NB
New Brunswick,759655,2020-03-12,1,0,0,CA,CA-NB
New Brunswick,759655,2020-03-13,1,0,0,CA,CA-NB
New Brunswick,759655,2020-03-14,1,0,0,CA,CA-NB
New Brunswick,759655,2020-03-15,2,0,0,CA,CA-NB
New Brunswick,759655,2020-03-16,6,0,0,CA,CA-NB
New Brunswick,759655,2020-03-17,8,0,0,CA,CA-NB
New Brunswick,759655,2020-03-18,11,0,0,CA,CA-NB
New Brunswick,759655,2020-03-19,11,0,0,CA,CA-NB
New Brunswick,759655,2020-03-20,11,0,0,CA,CA-NB
New Brunswick,759655,2020-03-21,17,0,0,CA,CA-NB
New Brunswick,759655,2020-03-22,17,0,0,CA,CA-NB
New Brunswick,759655,2020-03-23,17,0,0,CA,CA-NB
New Brunswick,759655,2020-03-24,18,0,0,CA,CA-NB
New Brunswick,759655,2020-03-25,18,0,0,CA,CA-NB
New Brunswick,759655,2020-03-26,33,0,0,CA,CA-NB
New Brunswick,759655,2020-03-27,45,0,0,CA,CA-NB
New Brunswick,759655,2020-03-28,51,0,0,CA,CA-NB
New Brunswick,759655,2020-03-29,51,0,0,CA,CA-NB
New Brunswick,759655,2020-03-30,66,0,0,CA,CA-NB
New Brunswick,759655,2020-03-31,70,0,0,CA,CA-NB
New Brunswick,759655,2020-04-01,70,0,0,CA,CA-NB
New Brunswick,759655,2020-04-02,91,0,0,CA,CA-NB
New Brunswick,759655,2020-04-03,91,0,0,CA,CA-NB
New Brunswick,759655,2020-04-04,91,0,0,CA,CA-NB
New Brunswick,759655,2020-04-05,98,0,0,CA,CA-NB
New Brunswick,759655,2020-04-06,103,0,0,CA,CA-NB
New Brunswick,759655,2020-04-07,103,0,0,CA,CA-NB
New Brunswick,759655,2020-04-08,105,0,0,CA,CA-NB
New Brunswick,759655,2020-04-09,108,0,0,CA,CA-NB
New Brunswick,759655,2020-04-10,111,0,0,CA,CA-NB
New Brunswick,759655,2020-04-11,112,0,0,CA,CA-NB
New Brunswick,759655,2020-04-12,114,0,0,CA,CA-NB
New Brunswick,759655,2020-04-13,116,0,0,CA,CA-NB
New Brunswick,759655,2020-04-14,116,0,0,CA,CA-NB
New Brunswick,759655,2020-04-15,117,0,0,CA,CA-NB
New Brunswick,759655,2020-04-16,117,0,0,CA,CA-NB
New Brunswick,759655,2020-04-17,117,0,0,CA,CA-NB
New Brunswick,759655,2020-04-18,117,0,0,CA,CA-NB
New Brunswick,759655,2020-04-19,118,0,0,CA,CA-NB
New Brunswick,759655,2020-04-20,118,0,0,CA,CA-NB
New Brunswick,759655,2020-04-21,118,0,0,CA,CA-NB
New Brunswick,759655,2020-04-22,118,0,0,CA,CA-NB
New Brunswick,759655,2020-04-23,118,0,0,CA,CA-NB
New Brunswick,759655,2020-04-24,118,0,0,CA,CA-NB
New Brunswick,759655,2020-04-25,118,0,0,CA,CA-NB
New Brunswick,759655,2020-04-26,118,0,0,CA,CA-NB
New Brunswick,759655,2020-04-27,118,0,0,CA,CA-NB
New Brunswick,759655,2020-04-28,118,0,0,CA,CA-NB
New Brunswick,759655,2020-04-29,118,0,0,CA,CA-NB
New Brunswick,759655,2020-04-30,118,0,0,CA,CA-NB
New Brunswick,759655,2020-05-01,118,0,0,CA,CA-NB
New Brunswick,759655,2020-05-02,118,0,0,CA,CA-NB
New Brunswick,759655,2020-05-03,118,0,0,CA,CA-NB
Newfoundland and Labrador,528817,2020-03-15,1,0,0,CA,CA-NL
Newfoundland and Labrador,528817,2020-03-16,1,0,0,CA,CA-NL
Newfoundland and Labrador,528817,2020-03-17,3,0,0,CA,CA-NL
Newfoundland and Labrador,528817,2020-03-18,3,0,0,CA,CA-NL
Newfoundland and Labrador,528817,2020-03-19,3,0,0,CA,CA-NL
Newfoundland and Labrador,528817,2020-03-20,4,0,0,CA,CA-NL
Newfoundland and Labrador,528817,2020-03-21,6,0,0,CA,CA-NL
Newfoundland and Labrador,528817,2020-03-22,6,0,0,CA,CA-NL
Newfoundland and Labrador,528817,2020-03-23,24,0,0,CA,CA-NL
Newfoundland and Labrador,528817,2020-03-24,35,0,0,CA,CA-NL
Newfoundland and Labrador,528817,2020-03-25,35,0,0,CA,CA-NL
Newfoundland and Labrador,528817,2020-03-26,82,0,0,CA,CA-NL
Newfoundland and Labrador,528817,2020-03-27,102,0,0,CA,CA-NL
Newfoundland and Labrador,528817,2020-03-28,120,0,0,CA,CA-NL
Newfoundland and Labrador,528817,2020-03-29,120,0,0,CA,CA-NL
Newfoundland and Labrador,528817,2020-03-30,148,0,0,CA,CA-NL
Newfoundland and Labrador,528817,2020-03-31,152,0,1,CA,CA-NL
Newfoundland and Labrador,528817,2020-04-01,175,0,1,CA,CA-NL
Newfoundland and Labrador,528817,2020-04-02,183,0,1,CA,CA-NL
Newfoundland and Labrador,528817,2020-04-03,183,0,1,CA,CA-NL
Newfoundland and Labrador,528817,2020-04-04,195,0,1,CA,CA-NL
Newfoundland and Labrador,528817,2020-04-05,203,0,1,CA,CA-NL
Newfoundland and Labrador,528817,2020-04-06,226,0,1,CA,CA-NL
Newfoundland and Labrador,528817,2020-04-07,226,0,1,CA,CA-NL
Newfoundland and Labrador,528817,2020-04-08,228,0,1,CA,CA-NL
Newfoundland and Labrador,528817,2020-04-09,232,0,2,CA,CA-NL
Newfoundland and Labrador,528817,2020-04-10,236,0,3,CA,CA-NL
Newfoundland and Labrador,528817,2020-04-11,241,0,3,CA,CA-NL
Newfoundland and Labrador,528817,2020-04-12,242,0,3,CA,CA-NL
Newfoundland and Labrador,528817,2020-04-13,244,0,3,CA,CA-NL
Newfoundland and Labrador,528817,2020-04-14,244,0,3,CA,CA-NL
Newfoundland and Labrador,528817,2020-04-15,247,0,3,CA,CA-NL
Newfoundland and Labrador,528817,2020-04-16,252,0,3,CA,CA-NL
Newfoundland and Labrador,528817,2020-04-17,256,0,3,CA,CA-NL
Newfoundland and Labrador,528817,2020-04-18,257,0,3,CA,CA-NL
Newfoundland and Labrador,528817,2020-04-19,257,0,3,CA,CA-NL
Newfoundland and Labrador,528817,2020-04-20,257,0,3,CA,CA-NL
Newfoundland and Labrador,528817,2020-04-21,257,0,3,CA,CA-NL
Newfoundland and Labrador,528817,2020-04-22,256,0,3,CA,CA-NL
Newfoundland and Labrador,528817,2020-04-23,256,0,3,CA,CA-NL
Newfoundland and Labrador,528817,2020-04-24,256,0,3,CA,CA-NL
Newfoundland and Labrador,528817,2020-04-25,257,0,3,CA,CA-NL
Newfoundland and Labrador,528817,2020-04-26,258,0,3,CA,CA-NL
Newfoundland and Labrador,528817,2020-04-27,258,0,3,CA,CA-NL
Newfoundland and Labrador,528817,2020-04-28,258,0,3,CA,CA-NL
Newfoundland and Labrador,528817,2020-04-29,258,0,3,CA,CA-NL
Newfoundland and Labrador,528817,2020-04-30,258,0,3,CA,CA-NL
Newfoundland and Labrador,528817,2020-05-01,259,0,3,CA,CA-NL
Newfoundland and Labrador,528817,2020-05-02,259,0,3,CA,CA-NL
Newfoundland and Labrador,528817,2020-05-03,259,0,3,CA,CA-NL
Nova Scotia,953869,2020-03-16,5,0,0,CA,CA-NS
Nova Scotia,953869,2020-03-17,7,0,0,CA,CA-NS
Nova Scotia,953869,2020-03-18,12,0,0,CA,CA-NS
Nova Scotia,953869,2020-03-19,14,0,0,CA,CA-NS
Nova Scotia,953869,2020-03-20,15,0,0,CA,CA-NS
Nova Scotia,953869,2020-03-21,21,0,0,CA,CA-NS
Nova Scotia,953869,2020-03-22,28,0,0,CA,CA-NS
Nova Scotia,953869,2020-03-23,41,0,0,CA,CA-NS
Nova Scotia,953869,2020-03-24,51,0,0,CA,CA-NS
Nova Scotia,953869,2020-03-25,68,0,0,CA,CA-NS
Nova Scotia,953869,2020-03-26,73,0,0,CA,CA-NS
Nova Scotia,953869,2020-03-27,90,0,0,CA,CA-NS
Nova Scotia,953869,2020-03-28,110,0,0,CA,CA-NS
Nova Scotia,953869,2020-03-29,122,0,0,CA,CA-NS
Nova Scotia,953869,2020-03-30,127,0,0,CA,CA-NS
Nova Scotia,953869,2020-03-31,147,0,0,CA,CA-NS
Nova Scotia,953869,2020-04-01,173,0,0,CA,CA-NS
Nova Scotia,953869,2020-04-02,193,0,0,CA,CA-NS
Nova Scotia,953869,2020-04-03,193,0,0,CA,CA-NS
Nova Scotia,953869,2020-04-04,236,0,0,CA,CA-NS
Nova Scotia,953869,2020-04-05,236,0,0,CA,CA-NS
Nova Scotia,953869,2020-04-06,293,0,0,CA,CA-NS
Nova Scotia,953869,2020-04-07,293,0,0,CA,CA-NS
Nova Scotia,953869,2020-04-08,310,0,1,CA,CA-NS
Nova Scotia,953869,2020-04-09,342,0,1,CA,CA-NS
Nova Scotia,953869,2020-04-10,373,0,2,CA,CA-NS
Nova Scotia,953869,2020-04-11,428,0,2,CA,CA-NS
Nova Scotia,953869,2020-04-12,445,0,2,CA,CA-NS
Nova Scotia,953869,2020-04-13,474,0,3,CA,CA-NS
Nova Scotia,953869,2020-04-14,517,0,3,CA,CA-NS
Nova Scotia,953869,2020-04-15,549,0,3,CA,CA-NS
Nova Scotia,953869,2020-04-16,579,0,3,CA,CA-NS
Nova Scotia,953869,2020-04-17,606,0,4,CA,CA-NS
Nova Scotia,953869,2020-04-18,649,0,7,CA,CA-NS
Nova Scotia,953869,2020-04-19,675,0,9,CA,CA-NS
Nova Scotia,953869,2020-04-20,721,0,9,CA,CA-NS
Nova Scotia,953869,2020-04-21,737,0,10,CA,CA-NS
Nova Scotia,953869,2020-04-22,772,0,12,CA,CA-NS
Nova Scotia,953869,2020-04-23,827,0,16,CA,CA-NS
Nova Scotia,953869,2020-04-24,850,0,16,CA,CA-NS
Nova Scotia,953869,2020-04-25,850,0,16,CA,CA-NS
Nova Scotia,953869,2020-04-26,850,0,16,CA,CA-NS
Nova Scotia,953869,2020-04-27,900,0,24,CA,CA-NS
Nova Scotia,953869,2020-04-28,915,0,27,CA,CA-NS
Nova Scotia,953869,2020-04-29,935,0,28,CA,CA-NS
Nova Scotia,953869,2020-04-30,947,0,28,CA,CA-NS
Nova Scotia,953869,2020-05-01,959,0,29,CA,CA-NS
Nova Scotia,953869,2020-05-02,963,0,31,CA,CA-NS
Nova Scotia,953869,2020-05-03,963,0,31,CA,CA-NS
Northwest Territories,44520,2020-03-21,1,0,0,CA,CA-NT
Northwest Territories,44520,2020-03-22,1,0,0,CA,CA-NT
Northwest Territories,44520,2020-03-23,1,0,0,CA,CA-NT
Northwest Territories,44520,2020-03-24,1,0,0,CA,CA-NT
Northwest Territories,44520,2020-03-25,1,0,0,CA,CA-NT
Northwest Territories,44520,2020-03-26,1,0,0,CA,CA-NT
Northwest Territories,44520,2020-03-27,1,0,0,CA,CA-NT
Northwest Territories,44520,2020-03-28,1,0,0,CA,CA-NT
Northwest Territories,44520,2020-03-29,1,0,0,CA,CA-NT
Northwest Territories,44520,2020-03-30,1,0,0,CA,CA-NT
Northwest Territories,44520,2020-03-31,1,0,0,CA,CA-NT
Northwest Territories,44520,2020-04-01,1,0,0,CA,CA-NT
Northwest Territories,44520,2020-04-02,2,0,0,CA,CA-NT
Northwest Territories,44520,2020-04-03,2,0,0,CA,CA-NT
Northwest Territories,44520,2020-04-04,4,0,0,CA,CA-NT
Northwest Territories,44520,2020-04-05,4,0,0,CA,CA-NT
Northwest Territories,44520,2020-04-06,5,0,0,CA,CA-NT
Northwest Territories,44520,2020-04-07,5,0,0,CA,CA-NT
Northwest Territories,44520,2020-04-08,5,0,0,CA,CA-NT
Northwest Territories,44520,2020-04-09,5,0,0,CA,CA-NT
Northwest Territories,44520,2020-04-10,5,0,0,CA,CA-NT
Northwest Territories,44520,2020-04-11,5,0,0,CA,CA-NT
Northwest Territories,44520,2020-04-12,5,0,0,CA,CA-NT
Northwest Territories,44520,2020-04-13,5,0,0,CA,CA-NT
Northwest Territories,44520,2020-04-14,5,0,0,CA,CA-NT
Northwest Territories,44520,2020-04-15,5,0,0,CA,CA-NT
Northwest Territories,44520,2020-04-16,5,0,0,CA,CA-NT
Northwest Territories,44520,2020-04-17,5,0,0,CA,CA-NT
Northwest Territories,44520,2020-04-18,5,0,0,CA,CA-NT
Northwest Territories,44520,2020-04-19,5,0,0,CA,CA-NT
Northwest Territories,44520,2020-04-20,5,0,0,CA,CA-NT
Northwest Territories,44520,2020-04-21,5,0,0,CA,CA-NT
Northwest Territories,44520,2020-04-22,5,0,0,CA,CA-NT
Northwest Territories,44520,2020-04-23,5,0,0,CA,CA-NT
Northwest Territories,44520,2020-04-24,5,0,0,CA,CA-NT
Northwest Territories,44520,2020-04-25,5,0,0,CA,CA-NT
Northwest Territories,44520,2020-04-26,5,0,0,CA,CA-NT
Northwest Territories,44520,2020-04-27,5,0,0,CA,CA-NT
Northwest Territories,44520,2020-04-28,5,0,0,CA,CA-NT
Northwest Territories,44520,2020-04-29,5,0,0,CA,CA-NT
Northwest Territories,44520,2020-04-30,5,0,0,CA,CA-NT
Northwest Territories,44520,2020-05-01,5,0,0,CA,CA-NT
Northwest Territories,44520,2020-05-02,5,0,0,CA,CA-NT
Northwest Territories,44520,2020-05-03,5,0,0,CA,CA-NT
Ontario,14193384,2020-01-27,1,0,0,CA,CA-ON
Ontario,14193384,2020-01-28,1,0,0,CA,CA-ON
Ontario,14193384,2020-01-29,1,0,0,CA,CA-ON
Ontario,14193384,2020-01-30,2,0,0,CA,CA-ON
Ontario,14193384,2020-01-31,3,0,0,CA,CA-ON
Ontario,14193384,2020-02-01,3,0,0,CA,CA-ON
Ontario,14193384,2020-02-02,3,0,0,CA,CA-ON
Ontario,14193384,2020-02-03,3,0,0,CA,CA-ON
Ontario,14193384,2020-02-04,3,0,0,CA,CA-ON
Ontario,14193384,2020-02-05,3,0,0,CA,CA-ON
Ontario,14193384,2020-02-06,3,0,0,CA,CA-ON
Ontario,14193384,2020-02-07,3,0,0,CA,CA-ON
Ontario,14193384,2020-02-08,3,0,0,CA,CA-ON
Ontario,14193384,2020-02-09,3,0,0,CA,CA-ON
Ontario,14193384,2020-02-10,3,0,0,CA,CA-ON
Ontario,14193384,2020-02-11,3,0,0,CA,CA-ON
Ontario,14193384,2020-02-12,3,1,0,CA,CA-ON
Ontario,14193384,2020-02-13,3,1,0,CA,CA-ON
Ontario,14193384,2020-02-14,3,1,0,CA,CA-ON
Ontario,14193384,2020-02-15,3,1,0,CA,CA-ON
Ontario,14193384,2020-02-16,3,1,0,CA,CA-ON
Ontario,14193384,2020-02-17,3,1,0,CA,CA-ON
Ontario,14193384,2020-02-18,3,1,0,CA,CA-ON
Ontario,14193384,2020-02-19,3,1,0,CA,CA-ON
Ontario,14193384,2020-02-20,3,1,0,CA,CA-ON
Ontario,14193384,2020-02-21,3,3,0,CA,CA-ON
Ontario,14193384,2020-02-22,3,3,0,CA,CA-ON
Ontario,14193384,2020-02-23,3,3,0,CA,CA-ON
Ontario,14193384,2020-02-24,4,3,0,CA,CA-ON
Ontario,14193384,2020-02-25,4,3,0,CA,CA-ON
Ontario,14193384,2020-02-26,4,3,0,CA,CA-ON
Ontario,14193384,2020-02-27,6,3,0,CA,CA-ON
Ontario,14193384,2020-02-28,6,3,0,CA,CA-ON
Ontario,14193384,2020-02-29,11,3,0,CA,CA-ON
Ontario,14193384,2020-03-01,15,3,0,CA,CA-ON
Ontario,14193384,2020-03-02,18,3,0,CA,CA-ON
Ontario,14193384,2020-03-03,20,3,0,CA,CA-ON
Ontario,14193384,2020-03-04,20,3,0,CA,CA-ON
Ontario,14193384,2020-03-05,22,3,0,CA,CA-ON
Ontario,14193384,2020-03-06,25,3,0,CA,CA-ON
Ontario,14193384,2020-03-07,28,4,0,CA,CA-ON
Ontario,14193384,2020-03-08,29,4,0,CA,CA-ON
Ontario,14193384,2020-03-09,34,4,0,CA,CA-ON
Ontario,14193384,2020-03-10,36,4,0,CA,CA-ON
Ontario,14193384,2020-03-11,41,4,0,CA,CA-ON
Ontario,14193384,2020-03-12,42,4,0,CA,CA-ON
Ontario,14193384,2020-03-13,59,4,0,CA,CA-ON
Ontario,14193384,2020-03-14,79,4,0,CA,CA-ON
Ontario,14193384,2020-03-15,104,4,0,CA,CA-ON
Ontario,14193384,2020-03-16,177,5,0,CA,CA-ON
Ontario,14193384,2020-03-17,185,5,1,CA,CA-ON
Ontario,14193384,2020-03-18,221,5,1,CA,CA-ON
Ontario,14193384,2020-03-19,257,5,1,CA,CA-ON
Ontario,14193384,2020-03-20,308,5,2,CA,CA-ON
Ontario,14193384,2020-03-21,377,6,3,CA,CA-ON
Ontario,14193384,2020-03-22,425,6,5,CA,CA-ON
Ontario,14193384,2020-03-23,503,0,6,CA,CA-ON
Ontario,14193384,2020-03-24,588,0,7,CA,CA-ON
Ontario,14193384,2020-03-25,688,0,8,CA,CA-ON
Ontario,14193384,2020-03-26,858,0,13,CA,CA-ON
Ontario,14193384,2020-03-27,994,0,18,CA,CA-ON
Ontario,14193384,2020-03-28,1144,0,18,CA,CA-ON
Ontario,14193384,2020-03-29,1355,0,21,CA,CA-ON
Ontario,14193384,2020-03-30,1706,0,21,CA,CA-ON
Ontario,14193384,2020-03-31,1966,0,33,CA,CA-ON
Ontario,14193384,2020-04-01,2392,0,37,CA,CA-ON
Ontario,14193384,2020-04-02,2793,0,53,CA,CA-ON
Ontario,14193384,2020-04-03,3255,0,67,CA,CA-ON
Ontario,14193384,2020-04-04,3630,0,94,CA,CA-ON
Ontario,14193384,2020-04-05,4038,0,119,CA,CA-ON
Ontario,14193384,2020-04-06,4347,0,150,CA,CA-ON
Ontario,14193384,2020-04-07,4726,0,153,CA,CA-ON
Ontario,14193384,2020-04-08,5276,0,153,CA,CA-ON
Ontario,14193384,2020-04-09,5759,0,200,CA,CA-ON
Ontario,14193384,2020-04-10,6237,0,222,CA,CA-ON
Ontario,14193384,2020-04-11,6648,0,253,CA,CA-ON
Ontario,14193384,2020-04-12,7049,0,274,CA,CA-ON
Ontario,14193384,2020-04-13,7470,0,291,CA,CA-ON
Ontario,14193384,2020-04-14,7953,0,334,CA,CA-ON
Ontario,14193384,2020-04-15,8447,0,385,CA,CA-ON
Ontario,14193384,2020-04-16,9808,0,490,CA,CA-ON
Ontario,14193384,2020-04-17,10366,0,519,CA,CA-ON
Ontario,14193384,2020-04-18,10456,0,524,CA,CA-ON
Ontario,14193384,2020-04-19,11150,0,564,CA,CA-ON
Ontario,14193384,2020-04-20,12063,0,624,CA,CA-ON
Ontario,14193384,2020-04-21,12441,0,660,CA,CA-ON
Ontario,14193384,2020-04-22,13324,0,753,CA,CA-ON
Ontario,14193384,2020-04-23,13700,0,788,CA,CA-ON
Ontario,14193384,2020-04-24,14496,0,854,CA,CA-ON
Ontario,14193384,2020-04-25,14964,0,909,CA,CA-ON
Ontario,14193384,2020-04-26,15534,0,949,CA,CA-ON
Ontario,14193384,2020-04-27,15960,0,1022,CA,CA-ON
Ontario,14193384,2020-04-28,16492,0,1072,CA,CA-ON
Ontario,14193384,2020-04-29,16937,0,1145,CA,CA-ON
Ontario,14193384,2020-04-30,17393,0,1201,CA,CA-ON
Ontario,14193384,2020-05-01,17721,0,1230,CA,CA-ON
Ontario,14193384,2020-05-02,18103,0,1283,CA,CA-ON
Ontario,14193384,2020-05-03,18409,0,1292,CA,CA-ON
Prince Edward Island,152021,2020-03-15,1,0,0,CA,CA-PE
Prince Edward Island,152021,2020-03-16,1,0,0,CA,CA-PE
Prince Edward Island,152021,2020-03-17,1,0,0,CA,CA-PE
Prince Edward Island,152021,2020-03-18,1,0,0,CA,CA-PE
Prince Edward Island,152021,2020-03-19,2,0,0,CA,CA-PE
Prince Edward Island,152021,2020-03-20,2,0,0,CA,CA-PE
Prince Edward Island,152021,2020-03-21,2,0,0,CA,CA-PE
Prince Edward Island,152021,2020-03-22,2,0,0,CA,CA-PE
Prince Edward Island,152021,2020-03-23,3,0,0,CA,CA-PE
Prince Edward Island,152021,2020-03-24,3,0,0,CA,CA-PE
Prince Edward Island,152021,2020-03-25,5,0,0,CA,CA-PE
Prince Edward Island,152021,2020-03-26,5,0,0,CA,CA-PE
Prince Edward Island,152021,2020-03-27,9,0,0,CA,CA-PE
Prince Edward Island,152021,2020-03-28,11,0,0,CA,CA-PE
Prince Edward Island,152021,2020-03-29,11,0,0,CA,CA-PE
Prince Edward Island,152021,2020-03-30,18,0,0,CA,CA-PE
Prince Edward Island,152021,2020-03-31,21,0,0,CA,CA-PE
Prince Edward Island,152021,2020-04-01,21,0,0,CA,CA-PE
Prince Edward Island,152021,2020-04-02,22,0,0,CA,CA-PE
Prince Edward Island,152021,2020-04-03,22,0,0,CA,CA-PE
Prince Edward Island,152021,2020-04-04,22,0,0,CA,CA-PE
Prince Edward Island,152021,2020-04-05,22,0,0,CA,CA-PE
Prince Edward Island,152021,2020-04-06,22,0,0,CA,CA-PE
Prince Edward Island,152021,2020-04-07,22,0,0,CA,CA-PE
Prince Edward Island,152021,2020-04-08,22,0,0,CA,CA-PE
Prince Edward Island,152021,2020-04-09,25,0,0,CA,CA-PE
Prince Edward Island,152021,2020-04-10,25,0,0,CA,CA-PE
Prince Edward Island,152021,2020-04-11,25,0,0,CA,CA-PE
Prince Edward Island,152021,2020-04-12,25,0,0,CA,CA-PE
Prince Edward Island,152021,2020-04-13,25,0,0,CA,CA-PE
Prince Edward Island,152021,2020-04-14,25,0,0,CA,CA-PE
Prince Edward Island,152021,2020-04-15,25,0,0,CA,CA-PE
Prince Edward Island,152021,2020-04-16,26,0,0,CA,CA-PE
Prince Edward Island,152021,2020-04-17,26,0,0,CA,CA-PE
Prince Edward Island,152021,2020-04-18,26,0,0,CA,CA-PE
Prince Edward Island,152021,2020-04-19,26,0,0,CA,CA-PE
Prince Edward Island,152021,2020-04-20,26,0,0,CA,CA-PE
Prince Edward Island,152021,2020-04-21,26,0,0,CA,CA-PE
Prince Edward Island,152021,2020-04-22,26,0,0,CA,CA-PE
Prince Edward Island,152021,2020-04-23,26,0,0,CA,CA-PE
Prince Edward Island,152021,2020-04-24,26,0,0,CA,CA-PE
Prince Edward Island,152021,2020-04-25,26,0,0,CA,CA-PE
Prince Edward Island,152021,2020-04-26,26,0,0,CA,CA-PE
Prince Edward Island,152021,2020-04-27,26,0,0,CA,CA-PE
Prince Edward Island,152021,2020-04-28,26,0,0,CA,CA-PE
Prince Edward Island,152021,2020-04-29,27,0,0,CA,CA-PE
Prince Edward Island,152021,2020-04-30,27,0,0,CA,CA-PE
Prince Edward Island,152021,2020-05-01,27,0,0,CA,CA-PE
Prince Edward Island,152021,2020-05-02,27,0,0,CA,CA-PE
Prince Edward Island,152021,2020-05-03,27,0,0,CA,CA-PE
Québec,8394034,2020-02-28,1,0,0,CA,CA-QC
Québec,8394034,2020-02-29,1,0,0,CA,CA-QC
Québec,8394034,2020-03-01,1,0,0,CA,CA-QC
Québec,8394034,2020-03-02,1,0,0,CA,CA-QC
Québec,8394034,2020-03-03,1,0,0,CA,CA-QC
Québec,8394034,2020-03-04,1,0,0,CA,CA-QC
Québec,8394034,2020-03-05,2,0,0,CA,CA-QC
Québec,8394034,2020-03-06,2,0,0,CA,CA-QC
Québec,8394034,2020-03-07,3,0,0,CA,CA-QC
Québec,8394034,2020-03-08,4,0,0,CA,CA-QC
Québec,8394034,2020-03-09,4,0,0,CA,CA-QC
Québec,8394034,2020-03-10,4,0,0,CA,CA-QC
Québec,8394034,2020-03-11,8,0,0,CA,CA-QC
Québec,8394034,2020-03-12,9,0,0,CA,CA-QC
Québec,8394034,2020-03-13,17,0,0,CA,CA-QC
Québec,8394034,2020-03-14,17,0,0,CA,CA-QC
Québec,8394034,2020-03-15,24,0,0,CA,CA-QC
Québec,8394034,2020-03-16,50,0,0,CA,CA-QC
Québec,8394034,2020-03-17,74,0,0,CA,CA-QC
Québec,8394034,2020-03-18,94,0,0,CA,CA-QC
Québec,8394034,2020-03-19,121,0,1,CA,CA-QC
Québec,8394034,2020-03-20,139,0,1,CA,CA-QC
Québec,8394034,2020-03-21,181,0,4,CA,CA-QC
Québec,8394034,2020-03-22,219,0,4,CA,CA-QC
Québec,8394034,2020-03-23,628,0,4,CA,CA-QC
Québec,8394034,2020-03-24,1013,0,4,CA,CA-QC
Québec,8394034,2020-03-25,1342,0,6,CA,CA-QC
Québec,8394034,2020-03-26,1632,0,8,CA,CA-QC
Québec,8394034,2020-03-27,2024,0,18,CA,CA-QC
Québec,8394034,2020-03-28,2498,0,22,CA,CA-QC
Québec,8394034,2020-03-29,2498,0,22,CA,CA-QC
Québec,8394034,2020-03-30,3430,0,22,CA,CA-QC
Québec,8394034,2020-03-31,4162,0,31,CA,CA-QC
Québec,8394034,2020-04-01,4611,0,33,CA,CA-QC
Québec,8394034,2020-04-02,5518,0,36,CA,CA-QC
Québec,8394034,2020-04-03,6101,0,61,CA,CA-QC
Québec,8394034,2020-04-04,6101,0,61,CA,CA-QC
Québec,8394034,2020-04-05,6997,0,75,CA,CA-QC
Québec,8394034,2020-04-06,8580,0,121,CA,CA-QC
Québec,8394034,2020-04-07,8580,0,121,CA,CA-QC
Québec,8394034,2020-04-08,9340,0,150,CA,CA-QC
Québec,8394034,2020-04-09,10031,0,175,CA,CA-QC
Québec,8394034,2020-04-10,10912,0,216,CA,CA-QC
Québec,8394034,2020-04-11,12292,0,289,CA,CA-QC
Québec,8394034,2020-04-12,12846,0,328,CA,CA-QC
Québec,8394034,2020-04-13,13557,0,360,CA,CA-QC
Québec,8394034,2020-04-14,14248,0,435,CA,CA-QC
Québec,8394034,2020-04-15,14860,0,487,CA,CA-QC
Québec,8394034,2020-04-16,15857,0,630,CA,CA-QC
Québec,8394034,2020-04-17,16798,0,688,CA,CA-QC
Québec,8394034,2020-04-18,17521,0,688,CA,CA-QC
Québec,8394034,2020-04-19,17950,0,820,CA,CA-QC
Québec,8394034,2020-04-20,19319,0,939,CA,CA-QC
Québec,8394034,2020-04-21,20126,0,1044,CA,CA-QC
Québec,8394034,2020-04-22,20965,0,1134,CA,CA-QC
Québec,8394034,2020-04-23,21838,0,1243,CA,CA-QC
Québec,8394034,2020-04-24,22616,0,1340,CA,CA-QC
Québec,8394034,2020-04-25,23267,0,1446,CA,CA-QC
Québec,8394034,2020-04-26,24109,0,1516,CA,CA-QC
Québec,8394034,2020-04-27,24983,0,1600,CA,CA-QC
Québec,8394034,2020-04-28,25761,0,1683,CA,CA-QC
Québec,8394034,2020-04-29,26610,0,1762,CA,CA-QC
Québec,8394034,2020-04-30,27550,0,1859,CA,CA-QC
Québec,8394034,2020-05-01,28656,0,2022,CA,CA-QC
Québec,8394034,2020-05-02,29664,0,2136,CA,CA-QC
Québec,8394034,2020-05-03,29664,0,2136,CA,CA-QC
Saskatchewan,1163925,2020-03-13,1,0,0,CA,CA-SK
Saskatchewan,1163925,2020-03-14,2,0,0,CA,CA-SK
Saskatchewan,1163925,2020-03-15,2,0,0,CA,CA-SK
Saskatchewan,1163925,2020-03-16,7,0,0,CA,CA-SK
Saskatchewan,1163925,2020-03-17,7,0,0,CA,CA-SK
Saskatchewan,1163925,2020-03-18,8,0,0,CA,CA-SK
Saskatchewan,1163925,2020-03-19,16,0,0,CA,CA-SK
Saskatchewan,1163925,2020-03-20,20,0,0,CA,CA-SK
Saskatchewan,1163925,2020-03-21,26,0,0,CA,CA-SK
Saskatchewan,1163925,2020-03-22,52,0,0,CA,CA-SK
Saskatchewan,1163925,2020-03-23,66,0,0,CA,CA-SK
Saskatchewan,1163925,2020-03-24,72,0,0,CA,CA-SK
Saskatchewan,1163925,2020-03-25,72,0,0,CA,CA-SK
Saskatchewan,1163925,2020-03-26,95,0,0,CA,CA-SK
Saskatchewan,1163925,2020-03-27,95,0,0,CA,CA-SK
Saskatchewan,1163925,2020-03-28,134,0,0,CA,CA-SK
Saskatchewan,1163925,2020-03-29,134,0,0,CA,CA-SK
Saskatchewan,1163925,2020-03-30,156,0,0,CA,CA-SK
Saskatchewan,1163925,2020-03-31,184,0,2,CA,CA-SK
Saskatchewan,1163925,2020-04-01,193,0,3,CA,CA-SK
Saskatchewan,1163925,2020-04-02,206,0,3,CA,CA-SK
Saskatchewan,1163925,2020-04-03,206,0,3,CA,CA-SK
Saskatchewan,1163925,2020-04-04,220,0,3,CA,CA-SK
Saskatchewan,1163925,2020-04-05,231,0,3,CA,CA-SK
Saskatchewan,1163925,2020-04-06,249,0,3,CA,CA-SK
Saskatchewan,1163925,2020-04-07,253,0,3,CA,CA-SK
Saskatchewan,1163925,2020-04-08,260,0,3,CA,CA-SK
Saskatchewan,1163925,2020-04-09,271,0,3,CA,CA-SK
Saskatchewan,1163925,2020-04-10,278,0,3,CA,CA-SK
Saskatchewan,1163925,2020-04-11,289,0,4,CA,CA-SK
Saskatchewan,1163925,2020-04-12,289,0,4,CA,CA-SK
Saskatchewan,1163925,2020-04-13,300,0,4,CA,CA-SK
Saskatchewan,1163925,2020-04-14,300,0,4,CA,CA-SK
Saskatchewan,1163925,2020-04-15,301,0,4,CA,CA-SK
Saskatchewan,1163925,2020-04-16,305,0,4,CA,CA-SK
Saskatchewan,1163925,2020-04-17,307,0,4,CA,CA-SK
Saskatchewan,1163925,2020-04-18,313,0,4,CA,CA-SK
Saskatchewan,1163925,2020-04-19,315,0,4,CA,CA-SK
Saskatchewan,1163925,2020-04-20,316,0,4,CA,CA-SK
Saskatchewan,1163925,2020-04-21,320,0,4,CA,CA-SK
Saskatchewan,1163925,2020-04-22,326,0,4,CA,CA-SK
Saskatchewan,1163925,2020-04-23,326,0,4,CA,CA-SK
Saskatchewan,1163925,2020-04-24,341,0,4,CA,CA-SK
Saskatchewan,1163925,2020-04-25,349,0,4,CA,CA-SK
Saskatchewan,1163925,2020-04-26,353,0,4,CA,CA-SK
Saskatchewan,1163925,2020-04-27,365,0,5,CA,CA-SK
Saskatchewan,1163925,2020-04-28,366,0,5,CA,CA-SK
Saskatchewan,1163925,2020-04-29,383,0,6,CA,CA-SK
Saskatchewan,1163925,2020-04-30,389,0,7,CA,CA-SK
Saskatchewan,1163925,2020-05-01,415,0,7,CA,CA-SK
Saskatchewan,1163925,2020-05-02,415,0,7,CA,CA-SK
Saskatchewan,1163925,2020-05-03,421,0,7,CA,CA-SK
Yukon,38459,2020-03-26,3,0,0,CA,CA-YT
Yukon,38459,2020-03-27,3,0,0,CA,CA-YT
Yukon,38459,2020-03-28,4,0,0,CA,CA-YT
Yukon,38459,2020-03-29,4,0,0,CA,CA-YT
Yukon,38459,2020-03-30,4,0,0,CA,CA-YT
Yukon,38459,2020-03-31,5,0,0,CA,CA-YT
Yukon,38459,2020-04-01,5,0,0,CA,CA-YT
Yukon,38459,2020-04-02,6,0,0,CA,CA-YT
Yukon,38459,2020-04-03,6,0,0,CA,CA-YT
Yukon,38459,2020-04-04,6,0,0,CA,CA-YT
Yukon,38459,2020-04-05,6,0,0,CA,CA-YT
Yukon,38459,2020-04-06,6,0,0,CA,CA-YT
Yukon,38459,2020-04-07,7,0,0,CA,CA-YT
Yukon,38459,2020-04-08,7,0,0,CA,CA-YT
Yukon,38459,2020-04-09,7,0,0,CA,CA-YT
Yukon,38459,2020-04-10,8,0,0,CA,CA-YT
Yukon,38459,2020-04-11,8,0,0,CA,CA-YT
Yukon,38459,2020-04-12,8,0,0,CA,CA-YT
Yukon,38459,2020-04-13,8,0,0,CA,CA-YT
Yukon,38459,2020-04-14,8,0,0,CA,CA-YT
Yukon,38459,2020-04-15,8,0,0,CA,CA-YT
Yukon,38459,2020-04-16,8,0,0,CA,CA-YT
Yukon,38459,2020-04-17,8,0,0,CA,CA-YT
Yukon,38459,2020-04-18,9,0,0,CA,CA-YT
Yukon,38459,2020-04-19,9,0,0,CA,CA-YT
Yukon,38459,2020-04-20,9,0,0,CA,CA-YT
Yukon,38459,2020-04-21,11,0,0,CA,CA-YT
Yukon,38459,2020-04-22,11,0,0,CA,CA-YT
Yukon,38459,2020-04-23,11,0,0,CA,CA-YT
Yukon,38459,2020-04-24,11,0,0,CA,CA-YT
Yukon,38459,2020-04-25,11,0,0,CA,CA-YT
Yukon,38459,2020-04-26,11,0,0,CA,CA-YT
Yukon,38459,2020-04-27,11,0,0,CA,CA-YT
Yukon,38459,2020-04-28,11,0,0,CA,CA-YT
Yukon,38459,2020-04-29,11,0,0,CA,CA-YT
Yukon,38459,2020-04-30,11,0,0,CA,CA-YT
Yukon,38459,2020-05-01,11,0,0,CA,CA-YT
Yukon,38459,2020-05-02,11,0,0,CA,CA-YT
Yukon,38459,2020-05-03,11,0,0,CA,CA-YT
