state_name_en,population_number,reportDate,cases,recovered,deaths,countryCode,stateCode
Aguascalientes,1312544,2020-05-21,558,384,21,MX,MX-AGUASCALIENTES
Aguascalientes,1312544,2020-05-22,586,402,21,MX,MX-AGUASCALIENTES
Aguascalientes,1312544,2020-05-23,609,405,25,MX,MX-AGUASCALIENTES
Aguascalientes,1312544,2020-05-24,614,412,26,MX,MX-AGUASCALIENTES
Aguascalientes,1312544,2020-05-25,616,433,26,MX,MX-AGUASCALIENTES
Aguascalientes,1312544,2020-05-26,649,464,26,MX,MX-AGUASCALIENTES
Aguascalientes,1312544,2020-05-27,676,473,30,MX,MX-AGUASCALIENTES
Aguascalientes,1312544,2020-05-28,716,494,32,MX,MX-AGUASCALIENTES
Aguascalientes,1312544,2020-05-29,769,523,33,MX,MX-AGUASCALIENTES
Aguascalientes,1312544,2020-05-30,797,545,33,MX,MX-AGUASCALIENTES
Aguascalientes,1312544,2020-05-31,816,557,35,MX,MX-AGUASCALIENTES
Aguascalientes,1312544,2020-06-01,816,574,35,MX,MX-AGUASCALIENTES
Aguascalientes,1312544,2020-06-02,841,596,35,MX,MX-AGUASCALIENTES
Aguascalientes,1312544,2020-06-03,890,616,35,MX,MX-AGUASCALIENTES
Aguascalientes,1312544,2020-06-04,939,650,36,MX,MX-AGUASCALIENTES
Aguascalientes,1312544,2020-06-05,1035,683,38,MX,MX-AGUASCALIENTES
Aguascalientes,1312544,2020-06-06,1072,703,48,MX,MX-AGUASCALIENTES
Aguascalientes,1312544,2020-06-07,1104,723,51,MX,MX-AGUASCALIENTES
Aguascalientes,1312544,2020-06-08,1104,752,51,MX,MX-AGUASCALIENTES
Aguascalientes,1312544,2020-06-09,1160,792,53,MX,MX-AGUASCALIENTES
Aguascalientes,1312544,2020-06-10,1222,835,56,MX,MX-AGUASCALIENTES
Aguascalientes,1312544,2020-06-11,1251,864,59,MX,MX-AGUASCALIENTES
Baja California,3315766,2020-05-21,3603,2536,606,MX,MX-BAJA-CALIFORNIA
Baja California,3315766,2020-05-22,3780,2603,637,MX,MX-BAJA-CALIFORNIA
Baja California,3315766,2020-05-23,3944,2741,648,MX,MX-BAJA-CALIFORNIA
Baja California,3315766,2020-05-24,4097,2826,653,MX,MX-BAJA-CALIFORNIA
Baja California,3315766,2020-05-25,4218,2906,696,MX,MX-BAJA-CALIFORNIA
Baja California,3315766,2020-05-26,4250,2992,705,MX,MX-BAJA-CALIFORNIA
Baja California,3315766,2020-05-27,4421,3077,740,MX,MX-BAJA-CALIFORNIA
Baja California,3315766,2020-05-28,4590,3185,773,MX,MX-BAJA-CALIFORNIA
Baja California,3315766,2020-05-29,4777,3249,808,MX,MX-BAJA-CALIFORNIA
Baja California,3315766,2020-05-30,4886,3391,821,MX,MX-BAJA-CALIFORNIA
Baja California,3315766,2020-05-31,5027,3463,864,MX,MX-BAJA-CALIFORNIA
Baja California,3315766,2020-06-01,5075,3568,865,MX,MX-BAJA-CALIFORNIA
Baja California,3315766,2020-06-02,5127,3701,871,MX,MX-BAJA-CALIFORNIA
Baja California,3315766,2020-06-03,5231,3830,879,MX,MX-BAJA-CALIFORNIA
Baja California,3315766,2020-06-04,5460,3905,1013,MX,MX-BAJA-CALIFORNIA
Baja California,3315766,2020-06-05,5604,3872,1137,MX,MX-BAJA-CALIFORNIA
Baja California,3315766,2020-06-06,5784,4006,1200,MX,MX-BAJA-CALIFORNIA
Baja California,3315766,2020-06-07,5976,4125,1230,MX,MX-BAJA-CALIFORNIA
Baja California,3315766,2020-06-08,6087,4230,1245,MX,MX-BAJA-CALIFORNIA
Baja California,3315766,2020-06-09,6138,4322,1257,MX,MX-BAJA-CALIFORNIA
Baja California,3315766,2020-06-10,6297,4425,1302,MX,MX-BAJA-CALIFORNIA
Baja California,3315766,2020-06-11,6436,4470,1387,MX,MX-BAJA-CALIFORNIA
Baja California Sur,712029,2020-05-21,476,397,28,MX,MX-BAJA-CALIFORNIA-SUR
Baja California Sur,712029,2020-05-22,502,406,29,MX,MX-BAJA-CALIFORNIA-SUR
Baja California Sur,712029,2020-05-23,504,412,31,MX,MX-BAJA-CALIFORNIA-SUR
Baja California Sur,712029,2020-05-24,521,416,31,MX,MX-BAJA-CALIFORNIA-SUR
Baja California Sur,712029,2020-05-25,533,426,31,MX,MX-BAJA-CALIFORNIA-SUR
Baja California Sur,712029,2020-05-26,541,430,32,MX,MX-BAJA-CALIFORNIA-SUR
Baja California Sur,712029,2020-05-27,549,440,32,MX,MX-BAJA-CALIFORNIA-SUR
Baja California Sur,712029,2020-05-28,557,453,32,MX,MX-BAJA-CALIFORNIA-SUR
Baja California Sur,712029,2020-05-29,568,465,33,MX,MX-BAJA-CALIFORNIA-SUR
Baja California Sur,712029,2020-05-30,594,474,34,MX,MX-BAJA-CALIFORNIA-SUR
Baja California Sur,712029,2020-05-31,606,482,35,MX,MX-BAJA-CALIFORNIA-SUR
Baja California Sur,712029,2020-06-01,631,497,35,MX,MX-BAJA-CALIFORNIA-SUR
Baja California Sur,712029,2020-06-02,643,515,35,MX,MX-BAJA-CALIFORNIA-SUR
Baja California Sur,712029,2020-06-03,660,529,35,MX,MX-BAJA-CALIFORNIA-SUR
Baja California Sur,712029,2020-06-04,698,547,35,MX,MX-BAJA-CALIFORNIA-SUR
Baja California Sur,712029,2020-06-05,714,556,38,MX,MX-BAJA-CALIFORNIA-SUR
Baja California Sur,712029,2020-06-06,735,569,41,MX,MX-BAJA-CALIFORNIA-SUR
Baja California Sur,712029,2020-06-07,754,584,43,MX,MX-BAJA-CALIFORNIA-SUR
Baja California Sur,712029,2020-06-08,765,604,43,MX,MX-BAJA-CALIFORNIA-SUR
Baja California Sur,712029,2020-06-09,786,616,45,MX,MX-BAJA-CALIFORNIA-SUR
Baja California Sur,712029,2020-06-10,812,633,47,MX,MX-BAJA-CALIFORNIA-SUR
Baja California Sur,712029,2020-06-11,869,649,47,MX,MX-BAJA-CALIFORNIA-SUR
Campeche,899931,2020-05-21,328,205,48,MX,MX-CAMPECHE
Campeche,899931,2020-05-22,354,210,50,MX,MX-CAMPECHE
Campeche,899931,2020-05-23,378,228,50,MX,MX-CAMPECHE
Campeche,899931,2020-05-24,406,240,54,MX,MX-CAMPECHE
Campeche,899931,2020-05-25,429,262,54,MX,MX-CAMPECHE
Campeche,899931,2020-05-26,443,284,57,MX,MX-CAMPECHE
Campeche,899931,2020-05-27,452,298,66,MX,MX-CAMPECHE
Campeche,899931,2020-05-28,486,308,70,MX,MX-CAMPECHE
Campeche,899931,2020-05-29,522,321,76,MX,MX-CAMPECHE
Campeche,899931,2020-05-30,535,331,81,MX,MX-CAMPECHE
Campeche,899931,2020-05-31,563,352,83,MX,MX-CAMPECHE
Campeche,899931,2020-06-01,583,366,90,MX,MX-CAMPECHE
Campeche,899931,2020-06-02,608,381,91,MX,MX-CAMPECHE
Campeche,899931,2020-06-03,612,398,92,MX,MX-CAMPECHE
Campeche,899931,2020-06-04,635,422,94,MX,MX-CAMPECHE
Campeche,899931,2020-06-05,679,437,103,MX,MX-CAMPECHE
Campeche,899931,2020-06-06,688,464,103,MX,MX-CAMPECHE
Campeche,899931,2020-06-07,727,494,105,MX,MX-CAMPECHE
Campeche,899931,2020-06-08,757,518,105,MX,MX-CAMPECHE
Campeche,899931,2020-06-09,792,556,106,MX,MX-CAMPECHE
Campeche,899931,2020-06-10,814,565,111,MX,MX-CAMPECHE
Campeche,899931,2020-06-11,848,578,116,MX,MX-CAMPECHE
Chiapas,5217908,2020-05-21,808,420,53,MX,MX-CHIAPAS
Chiapas,5217908,2020-05-22,895,441,64,MX,MX-CHIAPAS
Chiapas,5217908,2020-05-23,971,485,67,MX,MX-CHIAPAS
Chiapas,5217908,2020-05-24,1050,543,68,MX,MX-CHIAPAS
Chiapas,5217908,2020-05-25,1164,605,69,MX,MX-CHIAPAS
Chiapas,5217908,2020-05-26,1224,659,72,MX,MX-CHIAPAS
Chiapas,5217908,2020-05-27,1289,708,84,MX,MX-CHIAPAS
Chiapas,5217908,2020-05-28,1402,766,101,MX,MX-CHIAPAS
Chiapas,5217908,2020-05-29,1471,812,114,MX,MX-CHIAPAS
Chiapas,5217908,2020-05-30,1566,878,125,MX,MX-CHIAPAS
Chiapas,5217908,2020-05-31,1711,955,131,MX,MX-CHIAPAS
Chiapas,5217908,2020-06-01,1869,1010,135,MX,MX-CHIAPAS
Chiapas,5217908,2020-06-02,1928,1128,136,MX,MX-CHIAPAS
Chiapas,5217908,2020-06-03,2013,1198,146,MX,MX-CHIAPAS
Chiapas,5217908,2020-06-04,2039,1283,162,MX,MX-CHIAPAS
Chiapas,5217908,2020-06-05,2158,1360,170,MX,MX-CHIAPAS
Chiapas,5217908,2020-06-06,2283,1449,176,MX,MX-CHIAPAS
Chiapas,5217908,2020-06-07,2487,1579,192,MX,MX-CHIAPAS
Chiapas,5217908,2020-06-08,2610,1675,198,MX,MX-CHIAPAS
Chiapas,5217908,2020-06-09,2613,1795,208,MX,MX-CHIAPAS
Chiapas,5217908,2020-06-10,2779,1906,221,MX,MX-CHIAPAS
Chiapas,5217908,2020-06-11,2868,1979,243,MX,MX-CHIAPAS
Chihuahua,3556574,2020-05-21,1014,693,208,MX,MX-CHIHUAHUA
Chihuahua,3556574,2020-05-22,1093,746,224,MX,MX-CHIHUAHUA
Chihuahua,3556574,2020-05-23,1121,760,245,MX,MX-CHIHUAHUA
Chihuahua,3556574,2020-05-24,1170,791,246,MX,MX-CHIHUAHUA
Chihuahua,3556574,2020-05-25,1186,823,249,MX,MX-CHIHUAHUA
Chihuahua,3556574,2020-05-26,1193,843,255,MX,MX-CHIHUAHUA
Chihuahua,3556574,2020-05-27,1278,896,272,MX,MX-CHIHUAHUA
Chihuahua,3556574,2020-05-28,1356,946,286,MX,MX-CHIHUAHUA
Chihuahua,3556574,2020-05-29,1400,974,293,MX,MX-CHIHUAHUA
Chihuahua,3556574,2020-05-30,1505,1035,305,MX,MX-CHIHUAHUA
Chihuahua,3556574,2020-05-31,1569,1095,314,MX,MX-CHIHUAHUA
Chihuahua,3556574,2020-06-01,1616,1139,318,MX,MX-CHIHUAHUA
Chihuahua,3556574,2020-06-02,1627,1177,328,MX,MX-CHIHUAHUA
Chihuahua,3556574,2020-06-03,1696,1239,340,MX,MX-CHIHUAHUA
Chihuahua,3556574,2020-06-04,1731,1275,358,MX,MX-CHIHUAHUA
Chihuahua,3556574,2020-06-05,1771,1304,372,MX,MX-CHIHUAHUA
Chihuahua,3556574,2020-06-06,1807,1341,376,MX,MX-CHIHUAHUA
Chihuahua,3556574,2020-06-07,1829,1365,383,MX,MX-CHIHUAHUA
Chihuahua,3556574,2020-06-08,1909,1399,385,MX,MX-CHIHUAHUA
Chihuahua,3556574,2020-06-09,1917,1424,386,MX,MX-CHIHUAHUA
Chihuahua,3556574,2020-06-10,1963,1447,403,MX,MX-CHIHUAHUA
Chihuahua,3556574,2020-06-11,2073,1546,416,MX,MX-CHIHUAHUA
Mexico City,8918653,2020-05-21,15844,11208,1618,MX,MX-CIUDAD-DE-MEXICO
Mexico City,8918653,2020-05-22,16758,11665,1754,MX,MX-CIUDAD-DE-MEXICO
Mexico City,8918653,2020-05-23,17690,12341,1854,MX,MX-CIUDAD-DE-MEXICO
Mexico City,8918653,2020-05-24,18912,13112,1899,MX,MX-CIUDAD-DE-MEXICO
Mexico City,8918653,2020-05-25,19682,13900,1963,MX,MX-CIUDAD-DE-MEXICO
Mexico City,8918653,2020-05-26,20235,14557,2024,MX,MX-CIUDAD-DE-MEXICO
Mexico City,8918653,2020-05-27,20999,15160,2166,MX,MX-CIUDAD-DE-MEXICO
Mexico City,8918653,2020-05-28,21826,15693,2313,MX,MX-CIUDAD-DE-MEXICO
Mexico City,8918653,2020-05-29,22698,16299,2427,MX,MX-CIUDAD-DE-MEXICO
Mexico City,8918653,2020-05-30,23623,17060,2536,MX,MX-CIUDAD-DE-MEXICO
Mexico City,8918653,2020-05-31,24265,17626,2621,MX,MX-CIUDAD-DE-MEXICO
Mexico City,8918653,2020-06-01,25018,18286,2658,MX,MX-CIUDAD-DE-MEXICO
Mexico City,8918653,2020-06-02,25787,19099,2713,MX,MX-CIUDAD-DE-MEXICO
Mexico City,8918653,2020-06-03,26509,19750,2850,MX,MX-CIUDAD-DE-MEXICO
Mexico City,8918653,2020-06-04,27326,20521,3214,MX,MX-CIUDAD-DE-MEXICO
Mexico City,8918653,2020-06-05,28389,20988,3456,MX,MX-CIUDAD-DE-MEXICO
Mexico City,8918653,2020-06-06,29580,21649,3631,MX,MX-CIUDAD-DE-MEXICO
Mexico City,8918653,2020-06-07,30223,22254,3696,MX,MX-CIUDAD-DE-MEXICO
Mexico City,8918653,2020-06-08,30831,22860,3729,MX,MX-CIUDAD-DE-MEXICO
Mexico City,8918653,2020-06-09,31493,23716,3804,MX,MX-CIUDAD-DE-MEXICO
Mexico City,8918653,2020-06-10,32256,24424,3941,MX,MX-CIUDAD-DE-MEXICO
Mexico City,8918653,2020-06-11,33173,25068,4106,MX,MX-CIUDAD-DE-MEXICO
Coahuila,2954915,2020-05-21,749,564,59,MX,MX-COAHUILA
Coahuila,2954915,2020-05-22,772,578,62,MX,MX-COAHUILA
Coahuila,2954915,2020-05-23,813,598,64,MX,MX-COAHUILA
Coahuila,2954915,2020-05-24,816,617,64,MX,MX-COAHUILA
Coahuila,2954915,2020-05-25,824,635,65,MX,MX-COAHUILA
Coahuila,2954915,2020-05-26,876,656,68,MX,MX-COAHUILA
Coahuila,2954915,2020-05-27,917,687,67,MX,MX-COAHUILA
Coahuila,2954915,2020-05-28,965,696,72,MX,MX-COAHUILA
Coahuila,2954915,2020-05-29,980,711,73,MX,MX-COAHUILA
Coahuila,2954915,2020-05-30,1015,740,75,MX,MX-COAHUILA
Coahuila,2954915,2020-05-31,1084,768,77,MX,MX-COAHUILA
Coahuila,2954915,2020-06-01,1084,797,81,MX,MX-COAHUILA
Coahuila,2954915,2020-06-02,1088,834,81,MX,MX-COAHUILA
Coahuila,2954915,2020-06-03,1169,860,81,MX,MX-COAHUILA
Coahuila,2954915,2020-06-04,1254,915,88,MX,MX-COAHUILA
Coahuila,2954915,2020-06-05,1307,959,88,MX,MX-COAHUILA
Coahuila,2954915,2020-06-06,1350,994,91,MX,MX-COAHUILA
Coahuila,2954915,2020-06-07,1420,1048,92,MX,MX-COAHUILA
Coahuila,2954915,2020-06-08,1513,1088,95,MX,MX-COAHUILA
Coahuila,2954915,2020-06-09,1560,1137,100,MX,MX-COAHUILA
Coahuila,2954915,2020-06-10,1612,1194,104,MX,MX-COAHUILA
Coahuila,2954915,2020-06-11,1658,1236,105,MX,MX-COAHUILA
Colima,711235,2020-05-21,83,39,10,MX,MX-COLIMA
Colima,711235,2020-05-22,91,40,12,MX,MX-COLIMA
Colima,711235,2020-05-23,97,44,14,MX,MX-COLIMA
Colima,711235,2020-05-24,100,47,14,MX,MX-COLIMA
Colima,711235,2020-05-25,112,50,14,MX,MX-COLIMA
Colima,711235,2020-05-26,115,52,18,MX,MX-COLIMA
Colima,711235,2020-05-27,118,61,19,MX,MX-COLIMA
Colima,711235,2020-05-28,128,65,21,MX,MX-COLIMA
Colima,711235,2020-05-29,135,68,21,MX,MX-COLIMA
Colima,711235,2020-05-30,136,72,21,MX,MX-COLIMA
Colima,711235,2020-05-31,141,80,21,MX,MX-COLIMA
Colima,711235,2020-06-01,151,86,21,MX,MX-COLIMA
Colima,711235,2020-06-02,154,95,21,MX,MX-COLIMA
Colima,711235,2020-06-03,158,94,26,MX,MX-COLIMA
Colima,711235,2020-06-04,170,105,27,MX,MX-COLIMA
Colima,711235,2020-06-05,180,108,29,MX,MX-COLIMA
Colima,711235,2020-06-06,196,117,29,MX,MX-COLIMA
Colima,711235,2020-06-07,205,122,30,MX,MX-COLIMA
Colima,711235,2020-06-08,214,126,31,MX,MX-COLIMA
Colima,711235,2020-06-09,217,132,32,MX,MX-COLIMA
Colima,711235,2020-06-10,224,134,33,MX,MX-COLIMA
Colima,711235,2020-06-11,240,137,34,MX,MX-COLIMA
Durango,1754754,2020-05-21,189,116,20,MX,MX-DURANGO
Durango,1754754,2020-05-22,194,125,23,MX,MX-DURANGO
Durango,1754754,2020-05-23,211,132,26,MX,MX-DURANGO
Durango,1754754,2020-05-24,217,139,26,MX,MX-DURANGO
Durango,1754754,2020-05-25,233,142,26,MX,MX-DURANGO
Durango,1754754,2020-05-26,246,150,26,MX,MX-DURANGO
Durango,1754754,2020-05-27,249,157,27,MX,MX-DURANGO
Durango,1754754,2020-05-28,279,162,32,MX,MX-DURANGO
Durango,1754754,2020-05-29,304,169,33,MX,MX-DURANGO
Durango,1754754,2020-05-30,322,179,34,MX,MX-DURANGO
Durango,1754754,2020-05-31,365,189,37,MX,MX-DURANGO
Durango,1754754,2020-06-01,384,196,37,MX,MX-DURANGO
Durango,1754754,2020-06-02,400,210,37,MX,MX-DURANGO
Durango,1754754,2020-06-03,410,221,42,MX,MX-DURANGO
Durango,1754754,2020-06-04,470,240,44,MX,MX-DURANGO
Durango,1754754,2020-06-05,498,250,47,MX,MX-DURANGO
Durango,1754754,2020-06-06,536,264,49,MX,MX-DURANGO
Durango,1754754,2020-06-07,567,283,53,MX,MX-DURANGO
Durango,1754754,2020-06-08,627,307,53,MX,MX-DURANGO
Durango,1754754,2020-06-09,659,328,53,MX,MX-DURANGO
Durango,1754754,2020-06-10,683,352,54,MX,MX-DURANGO
Durango,1754754,2020-06-11,724,380,56,MX,MX-DURANGO
Guanajuato,5853677,2020-05-21,821,481,80,MX,MX-GUANAJUATO
Guanajuato,5853677,2020-05-22,897,517,84,MX,MX-GUANAJUATO
Guanajuato,5853677,2020-05-23,948,556,85,MX,MX-GUANAJUATO
Guanajuato,5853677,2020-05-24,1028,595,85,MX,MX-GUANAJUATO
Guanajuato,5853677,2020-05-25,1054,620,88,MX,MX-GUANAJUATO
Guanajuato,5853677,2020-05-26,1127,666,91,MX,MX-GUANAJUATO
Guanajuato,5853677,2020-05-27,1184,710,96,MX,MX-GUANAJUATO
Guanajuato,5853677,2020-05-28,1238,734,101,MX,MX-GUANAJUATO
Guanajuato,5853677,2020-05-29,1320,764,101,MX,MX-GUANAJUATO
Guanajuato,5853677,2020-05-30,1384,823,105,MX,MX-GUANAJUATO
Guanajuato,5853677,2020-05-31,1463,871,107,MX,MX-GUANAJUATO
Guanajuato,5853677,2020-06-01,1633,932,107,MX,MX-GUANAJUATO
Guanajuato,5853677,2020-06-02,1680,992,112,MX,MX-GUANAJUATO
Guanajuato,5853677,2020-06-03,1872,1052,116,MX,MX-GUANAJUATO
Guanajuato,5853677,2020-06-04,2009,1108,122,MX,MX-GUANAJUATO
Guanajuato,5853677,2020-06-05,2135,1134,125,MX,MX-GUANAJUATO
Guanajuato,5853677,2020-06-06,2278,1218,134,MX,MX-GUANAJUATO
Guanajuato,5853677,2020-06-07,2389,1313,136,MX,MX-GUANAJUATO
Guanajuato,5853677,2020-06-08,2500,1420,138,MX,MX-GUANAJUATO
Guanajuato,5853677,2020-06-09,2556,1556,141,MX,MX-GUANAJUATO
Guanajuato,5853677,2020-06-10,2718,1656,145,MX,MX-GUANAJUATO
Guanajuato,5853677,2020-06-11,2936,1778,159,MX,MX-GUANAJUATO
Guerrero,3533251,2020-05-21,927,572,136,MX,MX-GUERRERO
Guerrero,3533251,2020-05-22,984,599,147,MX,MX-GUERRERO
Guerrero,3533251,2020-05-23,1020,638,154,MX,MX-GUERRERO
Guerrero,3533251,2020-05-24,1086,689,163,MX,MX-GUERRERO
Guerrero,3533251,2020-05-25,1205,744,168,MX,MX-GUERRERO
Guerrero,3533251,2020-05-26,1301,795,174,MX,MX-GUERRERO
Guerrero,3533251,2020-05-27,1363,850,189,MX,MX-GUERRERO
Guerrero,3533251,2020-05-28,1421,902,210,MX,MX-GUERRERO
Guerrero,3533251,2020-05-29,1584,974,232,MX,MX-GUERRERO
Guerrero,3533251,2020-05-30,1643,1085,242,MX,MX-GUERRERO
Guerrero,3533251,2020-05-31,1827,1197,261,MX,MX-GUERRERO
Guerrero,3533251,2020-06-01,1893,1285,266,MX,MX-GUERRERO
Guerrero,3533251,2020-06-02,1951,1418,272,MX,MX-GUERRERO
Guerrero,3533251,2020-06-03,2052,1503,286,MX,MX-GUERRERO
Guerrero,3533251,2020-06-04,2134,1594,305,MX,MX-GUERRERO
Guerrero,3533251,2020-06-05,2158,1640,332,MX,MX-GUERRERO
Guerrero,3533251,2020-06-06,2325,1740,347,MX,MX-GUERRERO
Guerrero,3533251,2020-06-07,2415,1842,360,MX,MX-GUERRERO
Guerrero,3533251,2020-06-08,2551,1918,371,MX,MX-GUERRERO
Guerrero,3533251,2020-06-09,2561,1987,379,MX,MX-GUERRERO
Guerrero,3533251,2020-06-10,2668,2049,418,MX,MX-GUERRERO
Guerrero,3533251,2020-06-11,2887,2153,477,MX,MX-GUERRERO
Hidalgo,2858359,2020-05-21,1034,493,180,MX,MX-HIDALGO
Hidalgo,2858359,2020-05-22,1097,510,193,MX,MX-HIDALGO
Hidalgo,2858359,2020-05-23,1136,550,201,MX,MX-HIDALGO
Hidalgo,2858359,2020-05-24,1192,584,212,MX,MX-HIDALGO
Hidalgo,2858359,2020-05-25,1243,638,212,MX,MX-HIDALGO
Hidalgo,2858359,2020-05-26,1319,698,215,MX,MX-HIDALGO
Hidalgo,2858359,2020-05-27,1439,716,240,MX,MX-HIDALGO
Hidalgo,2858359,2020-05-28,1479,773,247,MX,MX-HIDALGO
Hidalgo,2858359,2020-05-29,1544,826,264,MX,MX-HIDALGO
Hidalgo,2858359,2020-05-30,1599,870,287,MX,MX-HIDALGO
Hidalgo,2858359,2020-05-31,1670,900,299,MX,MX-HIDALGO
Hidalgo,2858359,2020-06-01,1710,949,304,MX,MX-HIDALGO
Hidalgo,2858359,2020-06-02,1769,1026,318,MX,MX-HIDALGO
Hidalgo,2858359,2020-06-03,1898,1105,329,MX,MX-HIDALGO
Hidalgo,2858359,2020-06-04,2011,1163,365,MX,MX-HIDALGO
Hidalgo,2858359,2020-06-05,2077,1207,374,MX,MX-HIDALGO
Hidalgo,2858359,2020-06-06,2131,1276,386,MX,MX-HIDALGO
Hidalgo,2858359,2020-06-07,2196,1344,394,MX,MX-HIDALGO
Hidalgo,2858359,2020-06-08,2270,1393,402,MX,MX-HIDALGO
Hidalgo,2858359,2020-06-09,2291,1498,405,MX,MX-HIDALGO
Hidalgo,2858359,2020-06-10,2345,1549,413,MX,MX-HIDALGO
Hidalgo,2858359,2020-06-11,2460,1598,430,MX,MX-HIDALGO
Jalisco,7844830,2020-05-21,967,593,95,MX,MX-JALISCO
Jalisco,7844830,2020-05-22,1028,620,96,MX,MX-JALISCO
Jalisco,7844830,2020-05-23,1095,637,102,MX,MX-JALISCO
Jalisco,7844830,2020-05-24,1132,670,102,MX,MX-JALISCO
Jalisco,7844830,2020-05-25,1180,703,107,MX,MX-JALISCO
Jalisco,7844830,2020-05-26,1238,742,116,MX,MX-JALISCO
Jalisco,7844830,2020-05-27,1295,770,125,MX,MX-JALISCO
Jalisco,7844830,2020-05-28,1355,819,128,MX,MX-JALISCO
Jalisco,7844830,2020-05-29,1432,859,133,MX,MX-JALISCO
Jalisco,7844830,2020-05-30,1524,900,136,MX,MX-JALISCO
Jalisco,7844830,2020-05-31,1660,932,139,MX,MX-JALISCO
Jalisco,7844830,2020-06-01,1760,992,143,MX,MX-JALISCO
Jalisco,7844830,2020-06-02,1802,1049,151,MX,MX-JALISCO
Jalisco,7844830,2020-06-03,2025,1116,167,MX,MX-JALISCO
Jalisco,7844830,2020-06-04,2136,1163,183,MX,MX-JALISCO
Jalisco,7844830,2020-06-05,2289,1230,192,MX,MX-JALISCO
Jalisco,7844830,2020-06-06,2447,1294,213,MX,MX-JALISCO
Jalisco,7844830,2020-06-07,2653,1367,229,MX,MX-JALISCO
Jalisco,7844830,2020-06-08,2820,1478,241,MX,MX-JALISCO
Jalisco,7844830,2020-06-09,2988,1629,257,MX,MX-JALISCO
Jalisco,7844830,2020-06-10,3218,1742,272,MX,MX-JALISCO
Jalisco,7844830,2020-06-11,3309,1865,284,MX,MX-JALISCO
México,16187608,2020-05-21,9346,7365,563,MX,MX-MEXICO
México,16187608,2020-05-22,9661,7663,622,MX,MX-MEXICO
México,16187608,2020-05-23,10160,7914,809,MX,MX-MEXICO
México,16187608,2020-05-24,10606,8289,842,MX,MX-MEXICO
México,16187608,2020-05-25,11057,8730,846,MX,MX-MEXICO
México,16187608,2020-05-26,11523,9229,872,MX,MX-MEXICO
México,16187608,2020-05-27,12366,9674,943,MX,MX-MEXICO
México,16187608,2020-05-28,13140,10032,1002,MX,MX-MEXICO
México,16187608,2020-05-29,13679,10431,1046,MX,MX-MEXICO
México,16187608,2020-05-30,14063,10905,1087,MX,MX-MEXICO
México,16187608,2020-05-31,14334,11213,1148,MX,MX-MEXICO
México,16187608,2020-06-01,14862,11631,1159,MX,MX-MEXICO
México,16187608,2020-06-02,15210,12121,1168,MX,MX-MEXICO
México,16187608,2020-06-03,15720,12585,1205,MX,MX-MEXICO
México,16187608,2020-06-04,16320,13000,1305,MX,MX-MEXICO
México,16187608,2020-06-05,17158,13259,1475,MX,MX-MEXICO
México,16187608,2020-06-06,17815,13842,1531,MX,MX-MEXICO
México,16187608,2020-06-07,18175,14260,1548,MX,MX-MEXICO
México,16187608,2020-06-08,18552,14656,1563,MX,MX-MEXICO
México,16187608,2020-06-09,18993,15219,1621,MX,MX-MEXICO
México,16187608,2020-06-10,19692,15767,1651,MX,MX-MEXICO
México,16187608,2020-06-11,20723,16371,1761,MX,MX-MEXICO
Michoacan,4584471,2020-05-21,1094,665,97,MX,MX-MICHOACAN
Michoacan,4584471,2020-05-22,1163,703,107,MX,MX-MICHOACAN
Michoacan,4584471,2020-05-23,1249,763,110,MX,MX-MICHOACAN
Michoacan,4584471,2020-05-24,1330,804,115,MX,MX-MICHOACAN
Michoacan,4584471,2020-05-25,1368,871,116,MX,MX-MICHOACAN
Michoacan,4584471,2020-05-26,1402,935,119,MX,MX-MICHOACAN
Michoacan,4584471,2020-05-27,1495,987,132,MX,MX-MICHOACAN
Michoacan,4584471,2020-05-28,1613,1051,143,MX,MX-MICHOACAN
Michoacan,4584471,2020-05-29,1710,1135,150,MX,MX-MICHOACAN
Michoacan,4584471,2020-05-30,1810,1226,153,MX,MX-MICHOACAN
Michoacan,4584471,2020-05-31,1869,1278,163,MX,MX-MICHOACAN
Michoacan,4584471,2020-06-01,1913,1325,165,MX,MX-MICHOACAN
Michoacan,4584471,2020-06-02,1950,1394,169,MX,MX-MICHOACAN
Michoacan,4584471,2020-06-03,2022,1455,175,MX,MX-MICHOACAN
Michoacan,4584471,2020-06-04,2121,1534,194,MX,MX-MICHOACAN
Michoacan,4584471,2020-06-05,2213,1596,206,MX,MX-MICHOACAN
Michoacan,4584471,2020-06-06,2311,1669,220,MX,MX-MICHOACAN
Michoacan,4584471,2020-06-07,2325,1718,223,MX,MX-MICHOACAN
Michoacan,4584471,2020-06-08,2480,1809,228,MX,MX-MICHOACAN
Michoacan,4584471,2020-06-09,2562,1922,235,MX,MX-MICHOACAN
Michoacan,4584471,2020-06-10,2854,2045,245,MX,MX-MICHOACAN
Michoacan,4584471,2020-06-11,2971,2143,257,MX,MX-MICHOACAN
Morelos,1903811,2020-05-21,1115,675,205,MX,MX-MORELOS
Morelos,1903811,2020-05-22,1164,704,210,MX,MX-MORELOS
Morelos,1903811,2020-05-23,1134,686,228,MX,MX-MORELOS
Morelos,1903811,2020-05-24,1171,712,238,MX,MX-MORELOS
Morelos,1903811,2020-05-25,1213,745,236,MX,MX-MORELOS
Morelos,1903811,2020-05-26,1232,779,239,MX,MX-MORELOS
Morelos,1903811,2020-05-27,1220,754,248,MX,MX-MORELOS
Morelos,1903811,2020-05-28,1264,776,250,MX,MX-MORELOS
Morelos,1903811,2020-05-29,1302,782,259,MX,MX-MORELOS
Morelos,1903811,2020-05-30,1333,815,262,MX,MX-MORELOS
Morelos,1903811,2020-05-31,1391,847,262,MX,MX-MORELOS
Morelos,1903811,2020-06-01,1391,881,265,MX,MX-MORELOS
Morelos,1903811,2020-06-02,1397,911,270,MX,MX-MORELOS
Morelos,1903811,2020-06-03,1438,943,273,MX,MX-MORELOS
Morelos,1903811,2020-06-04,1464,933,281,MX,MX-MORELOS
Morelos,1903811,2020-06-05,1491,958,288,MX,MX-MORELOS
Morelos,1903811,2020-06-06,1540,982,295,MX,MX-MORELOS
Morelos,1903811,2020-06-07,1574,1027,296,MX,MX-MORELOS
Morelos,1903811,2020-06-08,1608,1067,298,MX,MX-MORELOS
Morelos,1903811,2020-06-09,1610,1097,298,MX,MX-MORELOS
Morelos,1903811,2020-06-10,1643,1117,312,MX,MX-MORELOS
Morelos,1903811,2020-06-11,1715,1142,319,MX,MX-MORELOS
Nayarit,1181050,2020-05-21,349,207,37,MX,MX-NAYARIT
Nayarit,1181050,2020-05-22,362,212,38,MX,MX-NAYARIT
Nayarit,1181050,2020-05-23,381,223,40,MX,MX-NAYARIT
Nayarit,1181050,2020-05-24,404,239,41,MX,MX-NAYARIT
Nayarit,1181050,2020-05-25,421,257,42,MX,MX-NAYARIT
Nayarit,1181050,2020-05-26,439,275,42,MX,MX-NAYARIT
Nayarit,1181050,2020-05-27,457,288,45,MX,MX-NAYARIT
Nayarit,1181050,2020-05-28,476,299,46,MX,MX-NAYARIT
Nayarit,1181050,2020-05-29,503,310,49,MX,MX-NAYARIT
Nayarit,1181050,2020-05-30,524,327,51,MX,MX-NAYARIT
Nayarit,1181050,2020-05-31,552,349,52,MX,MX-NAYARIT
Nayarit,1181050,2020-06-01,580,367,53,MX,MX-NAYARIT
Nayarit,1181050,2020-06-02,620,380,59,MX,MX-NAYARIT
Nayarit,1181050,2020-06-03,638,392,68,MX,MX-NAYARIT
Nayarit,1181050,2020-06-04,654,400,75,MX,MX-NAYARIT
Nayarit,1181050,2020-06-05,695,412,78,MX,MX-NAYARIT
Nayarit,1181050,2020-06-06,722,430,81,MX,MX-NAYARIT
Nayarit,1181050,2020-06-07,752,454,85,MX,MX-NAYARIT
Nayarit,1181050,2020-06-08,786,482,86,MX,MX-NAYARIT
Nayarit,1181050,2020-06-09,814,518,87,MX,MX-NAYARIT
Nayarit,1181050,2020-06-10,838,543,90,MX,MX-NAYARIT
Nayarit,1181050,2020-06-11,870,557,96,MX,MX-NAYARIT
Nuevo León,5119504,2020-05-21,1016,617,56,MX,MX-NUEVO-LEON
Nuevo León,5119504,2020-05-22,1036,645,58,MX,MX-NUEVO-LEON
Nuevo León,5119504,2020-05-23,1089,688,62,MX,MX-NUEVO-LEON
Nuevo León,5119504,2020-05-24,1120,719,62,MX,MX-NUEVO-LEON
Nuevo León,5119504,2020-05-25,1149,756,62,MX,MX-NUEVO-LEON
Nuevo León,5119504,2020-05-26,1168,800,67,MX,MX-NUEVO-LEON
Nuevo León,5119504,2020-05-27,1222,843,71,MX,MX-NUEVO-LEON
Nuevo León,5119504,2020-05-28,1288,899,76,MX,MX-NUEVO-LEON
Nuevo León,5119504,2020-05-29,1324,934,80,MX,MX-NUEVO-LEON
Nuevo León,5119504,2020-05-30,1361,975,85,MX,MX-NUEVO-LEON
Nuevo León,5119504,2020-05-31,1372,997,87,MX,MX-NUEVO-LEON
Nuevo León,5119504,2020-06-01,1419,1029,88,MX,MX-NUEVO-LEON
Nuevo León,5119504,2020-06-02,1481,1076,96,MX,MX-NUEVO-LEON
Nuevo León,5119504,2020-06-03,1523,1122,99,MX,MX-NUEVO-LEON
Nuevo León,5119504,2020-06-04,1626,1147,103,MX,MX-NUEVO-LEON
Nuevo León,5119504,2020-06-05,1725,1180,105,MX,MX-NUEVO-LEON
Nuevo León,5119504,2020-06-06,1758,1221,109,MX,MX-NUEVO-LEON
Nuevo León,5119504,2020-06-07,1798,1280,126,MX,MX-NUEVO-LEON
Nuevo León,5119504,2020-06-08,1915,1329,130,MX,MX-NUEVO-LEON
Nuevo León,5119504,2020-06-09,1967,1412,130,MX,MX-NUEVO-LEON
Nuevo León,5119504,2020-06-10,2010,1478,131,MX,MX-NUEVO-LEON
Nuevo León,5119504,2020-06-11,2121,1537,136,MX,MX-NUEVO-LEON
Oaxaca,3967889,2020-05-21,743,331,84,MX,MX-OAXACA
Oaxaca,3967889,2020-05-22,808,360,89,MX,MX-OAXACA
Oaxaca,3967889,2020-05-23,902,404,93,MX,MX-OAXACA
Oaxaca,3967889,2020-05-24,964,437,93,MX,MX-OAXACA
Oaxaca,3967889,2020-05-25,1001,495,100,MX,MX-OAXACA
Oaxaca,3967889,2020-05-26,1070,562,106,MX,MX-OAXACA
Oaxaca,3967889,2020-05-27,1109,630,114,MX,MX-OAXACA
Oaxaca,3967889,2020-05-28,1144,680,121,MX,MX-OAXACA
Oaxaca,3967889,2020-05-29,1186,719,130,MX,MX-OAXACA
Oaxaca,3967889,2020-05-30,1251,778,141,MX,MX-OAXACA
Oaxaca,3967889,2020-05-31,1333,837,148,MX,MX-OAXACA
Oaxaca,3967889,2020-06-01,1416,879,152,MX,MX-OAXACA
Oaxaca,3967889,2020-06-02,1512,984,162,MX,MX-OAXACA
Oaxaca,3967889,2020-06-03,1623,1068,166,MX,MX-OAXACA
Oaxaca,3967889,2020-06-04,1771,1154,198,MX,MX-OAXACA
Oaxaca,3967889,2020-06-05,1883,1225,205,MX,MX-OAXACA
Oaxaca,3967889,2020-06-06,2000,1300,215,MX,MX-OAXACA
Oaxaca,3967889,2020-06-07,2092,1371,224,MX,MX-OAXACA
Oaxaca,3967889,2020-06-08,2210,1436,232,MX,MX-OAXACA
Oaxaca,3967889,2020-06-09,2323,1569,236,MX,MX-OAXACA
Oaxaca,3967889,2020-06-10,2392,1641,250,MX,MX-OAXACA
Oaxaca,3967889,2020-06-11,2452,1692,266,MX,MX-OAXACA
Puebla,6168883,2020-05-21,1702,1038,231,MX,MX-PUEBLA
Puebla,6168883,2020-05-22,1803,1096,244,MX,MX-PUEBLA
Puebla,6168883,2020-05-23,1859,1141,244,MX,MX-PUEBLA
Puebla,6168883,2020-05-24,2015,1212,251,MX,MX-PUEBLA
Puebla,6168883,2020-05-25,2082,1278,257,MX,MX-PUEBLA
Puebla,6168883,2020-05-26,2165,1373,260,MX,MX-PUEBLA
Puebla,6168883,2020-05-27,2320,1478,268,MX,MX-PUEBLA
Puebla,6168883,2020-05-28,2458,1542,307,MX,MX-PUEBLA
Puebla,6168883,2020-05-29,2662,1637,335,MX,MX-PUEBLA
Puebla,6168883,2020-05-30,2843,1746,346,MX,MX-PUEBLA
Puebla,6168883,2020-05-31,2918,1827,349,MX,MX-PUEBLA
Puebla,6168883,2020-06-01,3046,1944,350,MX,MX-PUEBLA
Puebla,6168883,2020-06-02,3117,2073,359,MX,MX-PUEBLA
Puebla,6168883,2020-06-03,3239,2144,392,MX,MX-PUEBLA
Puebla,6168883,2020-06-04,3446,2280,433,MX,MX-PUEBLA
Puebla,6168883,2020-06-05,3611,2384,463,MX,MX-PUEBLA
Puebla,6168883,2020-06-06,3804,2474,525,MX,MX-PUEBLA
Puebla,6168883,2020-06-07,4014,2624,553,MX,MX-PUEBLA
Puebla,6168883,2020-06-08,4236,2763,564,MX,MX-PUEBLA
Puebla,6168883,2020-06-09,4369,2902,613,MX,MX-PUEBLA
Puebla,6168883,2020-06-10,4497,3010,652,MX,MX-PUEBLA
Puebla,6168883,2020-06-11,4742,3158,667,MX,MX-PUEBLA
Querétaro,2038372,2020-05-21,544,213,58,MX,MX-QUERETARO
Querétaro,2038372,2020-05-22,592,247,61,MX,MX-QUERETARO
Querétaro,2038372,2020-05-23,633,273,69,MX,MX-QUERETARO
Querétaro,2038372,2020-05-24,669,298,69,MX,MX-QUERETARO
Querétaro,2038372,2020-05-25,688,332,75,MX,MX-QUERETARO
Querétaro,2038372,2020-05-26,710,371,78,MX,MX-QUERETARO
Querétaro,2038372,2020-05-27,742,402,84,MX,MX-QUERETARO
Querétaro,2038372,2020-05-28,786,429,89,MX,MX-QUERETARO
Querétaro,2038372,2020-05-29,812,453,95,MX,MX-QUERETARO
Querétaro,2038372,2020-05-30,833,494,100,MX,MX-QUERETARO
Querétaro,2038372,2020-05-31,875,546,104,MX,MX-QUERETARO
Querétaro,2038372,2020-06-01,917,570,105,MX,MX-QUERETARO
Querétaro,2038372,2020-06-02,933,595,108,MX,MX-QUERETARO
Querétaro,2038372,2020-06-03,960,625,114,MX,MX-QUERETARO
Querétaro,2038372,2020-06-04,1017,660,124,MX,MX-QUERETARO
Querétaro,2038372,2020-06-05,1050,698,127,MX,MX-QUERETARO
Querétaro,2038372,2020-06-06,1106,724,139,MX,MX-QUERETARO
Querétaro,2038372,2020-06-07,1159,747,145,MX,MX-QUERETARO
Querétaro,2038372,2020-06-08,1179,777,148,MX,MX-QUERETARO
Querétaro,2038372,2020-06-09,1218,816,158,MX,MX-QUERETARO
Querétaro,2038372,2020-06-10,1257,833,168,MX,MX-QUERETARO
Querétaro,2038372,2020-06-11,1307,855,170,MX,MX-QUERETARO
Quintana Roo,1501562,2020-05-21,1392,923,271,MX,MX-QUINTANA-ROO
Quintana Roo,1501562,2020-05-22,1450,949,280,MX,MX-QUINTANA-ROO
Quintana Roo,1501562,2020-05-23,1530,1027,283,MX,MX-QUINTANA-ROO
Quintana Roo,1501562,2020-05-24,1580,1066,288,MX,MX-QUINTANA-ROO
Quintana Roo,1501562,2020-05-25,1609,1100,291,MX,MX-QUINTANA-ROO
Quintana Roo,1501562,2020-05-26,1641,1113,294,MX,MX-QUINTANA-ROO
Quintana Roo,1501562,2020-05-27,1683,1131,304,MX,MX-QUINTANA-ROO
Quintana Roo,1501562,2020-05-28,1729,1152,323,MX,MX-QUINTANA-ROO
Quintana Roo,1501562,2020-05-29,1776,1164,337,MX,MX-QUINTANA-ROO
Quintana Roo,1501562,2020-05-30,1815,1193,341,MX,MX-QUINTANA-ROO
Quintana Roo,1501562,2020-05-31,1850,1218,347,MX,MX-QUINTANA-ROO
Quintana Roo,1501562,2020-06-01,1882,1241,352,MX,MX-QUINTANA-ROO
Quintana Roo,1501562,2020-06-02,1926,1287,355,MX,MX-QUINTANA-ROO
Quintana Roo,1501562,2020-06-03,1956,1325,363,MX,MX-QUINTANA-ROO
Quintana Roo,1501562,2020-06-04,2010,1349,393,MX,MX-QUINTANA-ROO
Quintana Roo,1501562,2020-06-05,2072,1370,401,MX,MX-QUINTANA-ROO
Quintana Roo,1501562,2020-06-06,2116,1392,411,MX,MX-QUINTANA-ROO
Quintana Roo,1501562,2020-06-07,2161,1420,418,MX,MX-QUINTANA-ROO
Quintana Roo,1501562,2020-06-08,2179,1458,418,MX,MX-QUINTANA-ROO
Quintana Roo,1501562,2020-06-09,2197,1504,422,MX,MX-QUINTANA-ROO
Quintana Roo,1501562,2020-06-10,2235,1508,442,MX,MX-QUINTANA-ROO
Quintana Roo,1501562,2020-06-11,2283,1551,448,MX,MX-QUINTANA-ROO
San Luis Potosí,2717820,2020-05-21,524,310,24,MX,MX-SAN-LUIS-POTOSI
San Luis Potosí,2717820,2020-05-22,558,339,25,MX,MX-SAN-LUIS-POTOSI
San Luis Potosí,2717820,2020-05-23,595,371,26,MX,MX-SAN-LUIS-POTOSI
San Luis Potosí,2717820,2020-05-24,640,399,26,MX,MX-SAN-LUIS-POTOSI
San Luis Potosí,2717820,2020-05-25,692,422,36,MX,MX-SAN-LUIS-POTOSI
San Luis Potosí,2717820,2020-05-26,692,438,40,MX,MX-SAN-LUIS-POTOSI
San Luis Potosí,2717820,2020-05-27,734,455,41,MX,MX-SAN-LUIS-POTOSI
San Luis Potosí,2717820,2020-05-28,786,474,46,MX,MX-SAN-LUIS-POTOSI
San Luis Potosí,2717820,2020-05-29,815,506,49,MX,MX-SAN-LUIS-POTOSI
San Luis Potosí,2717820,2020-05-30,850,538,49,MX,MX-SAN-LUIS-POTOSI
San Luis Potosí,2717820,2020-05-31,882,557,50,MX,MX-SAN-LUIS-POTOSI
San Luis Potosí,2717820,2020-06-01,931,582,51,MX,MX-SAN-LUIS-POTOSI
San Luis Potosí,2717820,2020-06-02,957,612,54,MX,MX-SAN-LUIS-POTOSI
San Luis Potosí,2717820,2020-06-03,984,644,57,MX,MX-SAN-LUIS-POTOSI
San Luis Potosí,2717820,2020-06-04,1026,689,57,MX,MX-SAN-LUIS-POTOSI
San Luis Potosí,2717820,2020-06-05,1086,720,60,MX,MX-SAN-LUIS-POTOSI
San Luis Potosí,2717820,2020-06-06,1124,762,62,MX,MX-SAN-LUIS-POTOSI
San Luis Potosí,2717820,2020-06-07,1192,810,65,MX,MX-SAN-LUIS-POTOSI
San Luis Potosí,2717820,2020-06-08,1230,851,65,MX,MX-SAN-LUIS-POTOSI
San Luis Potosí,2717820,2020-06-09,1301,886,69,MX,MX-SAN-LUIS-POTOSI
San Luis Potosí,2717820,2020-06-10,1375,917,79,MX,MX-SAN-LUIS-POTOSI
San Luis Potosí,2717820,2020-06-11,1424,960,83,MX,MX-SAN-LUIS-POTOSI
Sinaloa,2966321,2020-05-21,2161,1476,326,MX,MX-SINALOA
Sinaloa,2966321,2020-05-22,2243,1525,354,MX,MX-SINALOA
Sinaloa,2966321,2020-05-23,2328,1584,366,MX,MX-SINALOA
Sinaloa,2966321,2020-05-24,2438,1642,380,MX,MX-SINALOA
Sinaloa,2966321,2020-05-25,2587,1740,390,MX,MX-SINALOA
Sinaloa,2966321,2020-05-26,2794,1831,406,MX,MX-SINALOA
Sinaloa,2966321,2020-05-27,2813,1895,427,MX,MX-SINALOA
Sinaloa,2966321,2020-05-28,2903,1967,431,MX,MX-SINALOA
Sinaloa,2966321,2020-05-29,3014,2045,448,MX,MX-SINALOA
Sinaloa,2966321,2020-05-30,3125,2193,460,MX,MX-SINALOA
Sinaloa,2966321,2020-05-31,3261,2283,488,MX,MX-SINALOA
Sinaloa,2966321,2020-06-01,3421,2369,501,MX,MX-SINALOA
Sinaloa,2966321,2020-06-02,3580,2465,522,MX,MX-SINALOA
Sinaloa,2966321,2020-06-03,3699,2560,548,MX,MX-SINALOA
Sinaloa,2966321,2020-06-04,3903,2687,624,MX,MX-SINALOA
Sinaloa,2966321,2020-06-05,4036,2795,646,MX,MX-SINALOA
Sinaloa,2966321,2020-06-06,4237,2936,673,MX,MX-SINALOA
Sinaloa,2966321,2020-06-07,4405,3079,684,MX,MX-SINALOA
Sinaloa,2966321,2020-06-08,4551,3211,708,MX,MX-SINALOA
Sinaloa,2966321,2020-06-09,4762,3376,732,MX,MX-SINALOA
Sinaloa,2966321,2020-06-10,4866,3479,774,MX,MX-SINALOA
Sinaloa,2966321,2020-06-11,5062,3599,800,MX,MX-SINALOA
Sonora,2850330,2020-05-21,1020,712,49,MX,MX-SONORA
Sonora,2850330,2020-05-22,1124,774,53,MX,MX-SONORA
Sonora,2850330,2020-05-23,1194,825,56,MX,MX-SONORA
Sonora,2850330,2020-05-24,1264,879,63,MX,MX-SONORA
Sonora,2850330,2020-05-25,1440,956,69,MX,MX-SONORA
Sonora,2850330,2020-05-26,1451,1019,72,MX,MX-SONORA
Sonora,2850330,2020-05-27,1576,1087,84,MX,MX-SONORA
Sonora,2850330,2020-05-28,1613,1156,88,MX,MX-SONORA
Sonora,2850330,2020-05-29,1650,1216,91,MX,MX-SONORA
Sonora,2850330,2020-05-30,1803,1317,102,MX,MX-SONORA
Sonora,2850330,2020-05-31,1865,1409,109,MX,MX-SONORA
Sonora,2850330,2020-06-01,2091,1539,111,MX,MX-SONORA
Sonora,2850330,2020-06-02,2142,1640,116,MX,MX-SONORA
Sonora,2850330,2020-06-03,2334,1741,132,MX,MX-SONORA
Sonora,2850330,2020-06-04,2467,1875,142,MX,MX-SONORA
Sonora,2850330,2020-06-05,2676,2013,156,MX,MX-SONORA
Sonora,2850330,2020-06-06,2727,2120,165,MX,MX-SONORA
Sonora,2850330,2020-06-07,2865,2246,176,MX,MX-SONORA
Sonora,2850330,2020-06-08,2984,2378,177,MX,MX-SONORA
Sonora,2850330,2020-06-09,3049,2514,180,MX,MX-SONORA
Sonora,2850330,2020-06-10,3310,2682,203,MX,MX-SONORA
Sonora,2850330,2020-06-11,3376,2821,216,MX,MX-SONORA
Tabasco,2395272,2020-05-21,2716,1695,346,MX,MX-TABASCO
Tabasco,2395272,2020-05-22,2824,1796,361,MX,MX-TABASCO
Tabasco,2395272,2020-05-23,2930,1909,371,MX,MX-TABASCO
Tabasco,2395272,2020-05-24,3044,1996,387,MX,MX-TABASCO
Tabasco,2395272,2020-05-25,3148,2114,393,MX,MX-TABASCO
Tabasco,2395272,2020-05-26,3236,2214,416,MX,MX-TABASCO
Tabasco,2395272,2020-05-27,3360,2308,424,MX,MX-TABASCO
Tabasco,2395272,2020-05-28,3484,2394,436,MX,MX-TABASCO
Tabasco,2395272,2020-05-29,3672,2491,470,MX,MX-TABASCO
Tabasco,2395272,2020-05-30,3872,2639,485,MX,MX-TABASCO
Tabasco,2395272,2020-05-31,4009,2731,508,MX,MX-TABASCO
Tabasco,2395272,2020-06-01,4142,2820,520,MX,MX-TABASCO
Tabasco,2395272,2020-06-02,4323,2937,533,MX,MX-TABASCO
Tabasco,2395272,2020-06-03,4609,3060,562,MX,MX-TABASCO
Tabasco,2395272,2020-06-04,4807,3258,592,MX,MX-TABASCO
Tabasco,2395272,2020-06-05,4997,3384,610,MX,MX-TABASCO
Tabasco,2395272,2020-06-06,5068,3518,626,MX,MX-TABASCO
Tabasco,2395272,2020-06-07,5293,3660,640,MX,MX-TABASCO
Tabasco,2395272,2020-06-08,5474,3793,650,MX,MX-TABASCO
Tabasco,2395272,2020-06-09,5667,4004,665,MX,MX-TABASCO
Tabasco,2395272,2020-06-10,5750,4112,685,MX,MX-TABASCO
Tabasco,2395272,2020-06-11,5949,4240,693,MX,MX-TABASCO
Tamaulipas,3441698,2020-05-21,1077,765,74,MX,MX-TAMAULIPAS
Tamaulipas,3441698,2020-05-22,1105,791,76,MX,MX-TAMAULIPAS
Tamaulipas,3441698,2020-05-23,1126,807,80,MX,MX-TAMAULIPAS
Tamaulipas,3441698,2020-05-24,1183,834,82,MX,MX-TAMAULIPAS
Tamaulipas,3441698,2020-05-25,1212,867,83,MX,MX-TAMAULIPAS
Tamaulipas,3441698,2020-05-26,1289,905,86,MX,MX-TAMAULIPAS
Tamaulipas,3441698,2020-05-27,1300,937,89,MX,MX-TAMAULIPAS
Tamaulipas,3441698,2020-05-28,1360,968,95,MX,MX-TAMAULIPAS
Tamaulipas,3441698,2020-05-29,1441,1020,97,MX,MX-TAMAULIPAS
Tamaulipas,3441698,2020-05-30,1504,1081,102,MX,MX-TAMAULIPAS
Tamaulipas,3441698,2020-05-31,1554,1116,107,MX,MX-TAMAULIPAS
Tamaulipas,3441698,2020-06-01,1557,1146,108,MX,MX-TAMAULIPAS
Tamaulipas,3441698,2020-06-02,1646,1214,109,MX,MX-TAMAULIPAS
Tamaulipas,3441698,2020-06-03,1730,1276,116,MX,MX-TAMAULIPAS
Tamaulipas,3441698,2020-06-04,1793,1335,126,MX,MX-TAMAULIPAS
Tamaulipas,3441698,2020-06-05,1848,1396,129,MX,MX-TAMAULIPAS
Tamaulipas,3441698,2020-06-06,1952,1449,140,MX,MX-TAMAULIPAS
Tamaulipas,3441698,2020-06-07,2077,1526,148,MX,MX-TAMAULIPAS
Tamaulipas,3441698,2020-06-08,2179,1588,156,MX,MX-TAMAULIPAS
Tamaulipas,3441698,2020-06-09,2305,1704,158,MX,MX-TAMAULIPAS
Tamaulipas,3441698,2020-06-10,2395,1771,166,MX,MX-TAMAULIPAS
Tamaulipas,3441698,2020-06-11,2506,1865,174,MX,MX-TAMAULIPAS
Tlaxcala,1272847,2020-05-21,650,335,109,MX,MX-TLAXCALA
Tlaxcala,1272847,2020-05-22,677,363,117,MX,MX-TLAXCALA
Tlaxcala,1272847,2020-05-23,691,393,119,MX,MX-TLAXCALA
Tlaxcala,1272847,2020-05-24,749,413,121,MX,MX-TLAXCALA
Tlaxcala,1272847,2020-05-25,782,450,122,MX,MX-TLAXCALA
Tlaxcala,1272847,2020-05-26,827,478,134,MX,MX-TLAXCALA
Tlaxcala,1272847,2020-05-27,858,506,134,MX,MX-TLAXCALA
Tlaxcala,1272847,2020-05-28,944,534,135,MX,MX-TLAXCALA
Tlaxcala,1272847,2020-05-29,947,569,137,MX,MX-TLAXCALA
Tlaxcala,1272847,2020-05-30,974,593,147,MX,MX-TLAXCALA
Tlaxcala,1272847,2020-05-31,1001,623,148,MX,MX-TLAXCALA
Tlaxcala,1272847,2020-06-01,1042,661,148,MX,MX-TLAXCALA
Tlaxcala,1272847,2020-06-02,1064,704,150,MX,MX-TLAXCALA
Tlaxcala,1272847,2020-06-03,1115,754,151,MX,MX-TLAXCALA
Tlaxcala,1272847,2020-06-04,1151,806,155,MX,MX-TLAXCALA
Tlaxcala,1272847,2020-06-05,1206,818,170,MX,MX-TLAXCALA
Tlaxcala,1272847,2020-06-06,1257,854,183,MX,MX-TLAXCALA
Tlaxcala,1272847,2020-06-07,1317,888,186,MX,MX-TLAXCALA
Tlaxcala,1272847,2020-06-08,1336,917,187,MX,MX-TLAXCALA
Tlaxcala,1272847,2020-06-09,1413,965,192,MX,MX-TLAXCALA
Tlaxcala,1272847,2020-06-10,1449,995,197,MX,MX-TLAXCALA
Tlaxcala,1272847,2020-06-11,1492,1032,204,MX,MX-TLAXCALA
Veracruz,8112505,2020-05-21,2288,1460,274,MX,MX-VERACRUZ
Veracruz,8112505,2020-05-22,2430,1548,292,MX,MX-VERACRUZ
Veracruz,8112505,2020-05-23,2601,1638,331,MX,MX-VERACRUZ
Veracruz,8112505,2020-05-24,2689,1746,341,MX,MX-VERACRUZ
Veracruz,8112505,2020-05-25,2769,1857,365,MX,MX-VERACRUZ
Veracruz,8112505,2020-05-26,2944,1972,372,MX,MX-VERACRUZ
Veracruz,8112505,2020-05-27,3258,2113,416,MX,MX-VERACRUZ
Veracruz,8112505,2020-05-28,3374,2230,430,MX,MX-VERACRUZ
Veracruz,8112505,2020-05-29,3470,2314,460,MX,MX-VERACRUZ
Veracruz,8112505,2020-05-30,3562,2438,495,MX,MX-VERACRUZ
Veracruz,8112505,2020-05-31,3624,2535,506,MX,MX-VERACRUZ
Veracruz,8112505,2020-06-01,3716,2656,518,MX,MX-VERACRUZ
Veracruz,8112505,2020-06-02,4008,2837,537,MX,MX-VERACRUZ
Veracruz,8112505,2020-06-03,4311,3000,581,MX,MX-VERACRUZ
Veracruz,8112505,2020-06-04,4367,3085,649,MX,MX-VERACRUZ
Veracruz,8112505,2020-06-05,4586,3176,682,MX,MX-VERACRUZ
Veracruz,8112505,2020-06-06,4871,3372,721,MX,MX-VERACRUZ
Veracruz,8112505,2020-06-07,5007,3515,748,MX,MX-VERACRUZ
Veracruz,8112505,2020-06-08,5136,3659,750,MX,MX-VERACRUZ
Veracruz,8112505,2020-06-09,5283,3846,774,MX,MX-VERACRUZ
Veracruz,8112505,2020-06-10,5529,4002,815,MX,MX-VERACRUZ
Veracruz,8112505,2020-06-11,5751,4125,870,MX,MX-VERACRUZ
Yucatán,2097175,2020-05-21,1244,797,97,MX,MX-YUCATAN
Yucatán,2097175,2020-05-22,1323,835,100,MX,MX-YUCATAN
Yucatán,2097175,2020-05-23,1365,872,109,MX,MX-YUCATAN
Yucatán,2097175,2020-05-24,1419,910,110,MX,MX-YUCATAN
Yucatán,2097175,2020-05-25,1487,963,116,MX,MX-YUCATAN
Yucatán,2097175,2020-05-26,1522,1009,123,MX,MX-YUCATAN
Yucatán,2097175,2020-05-27,1567,1047,128,MX,MX-YUCATAN
Yucatán,2097175,2020-05-28,1602,1081,132,MX,MX-YUCATAN
Yucatán,2097175,2020-05-29,1661,1119,139,MX,MX-YUCATAN
Yucatán,2097175,2020-05-30,1696,1177,142,MX,MX-YUCATAN
Yucatán,2097175,2020-05-31,1771,1226,146,MX,MX-YUCATAN
Yucatán,2097175,2020-06-01,1823,1263,155,MX,MX-YUCATAN
Yucatán,2097175,2020-06-02,1863,1312,164,MX,MX-YUCATAN
Yucatán,2097175,2020-06-03,1919,1335,173,MX,MX-YUCATAN
Yucatán,2097175,2020-06-04,1961,1381,193,MX,MX-YUCATAN
Yucatán,2097175,2020-06-05,2012,1427,202,MX,MX-YUCATAN
Yucatán,2097175,2020-06-06,2059,1479,207,MX,MX-YUCATAN
Yucatán,2097175,2020-06-07,2100,1524,208,MX,MX-YUCATAN
Yucatán,2097175,2020-06-08,2130,1590,208,MX,MX-YUCATAN
Yucatán,2097175,2020-06-09,2150,1637,211,MX,MX-YUCATAN
Yucatán,2097175,2020-06-10,2195,1681,219,MX,MX-YUCATAN
Yucatán,2097175,2020-06-11,2285,1715,225,MX,MX-YUCATAN
Zacatecas,1579209,2020-05-21,212,134,27,MX,MX-ZACATECAS
Zacatecas,1579209,2020-05-22,213,140,27,MX,MX-ZACATECAS
Zacatecas,1579209,2020-05-23,223,146,27,MX,MX-ZACATECAS
Zacatecas,1579209,2020-05-24,230,148,27,MX,MX-ZACATECAS
Zacatecas,1579209,2020-05-25,236,159,27,MX,MX-ZACATECAS
Zacatecas,1579209,2020-05-26,243,161,28,MX,MX-ZACATECAS
Zacatecas,1579209,2020-05-27,251,170,29,MX,MX-ZACATECAS
Zacatecas,1579209,2020-05-28,261,174,29,MX,MX-ZACATECAS
Zacatecas,1579209,2020-05-29,272,182,31,MX,MX-ZACATECAS
Zacatecas,1579209,2020-05-30,279,185,32,MX,MX-ZACATECAS
Zacatecas,1579209,2020-05-31,284,188,33,MX,MX-ZACATECAS
Zacatecas,1579209,2020-06-01,292,192,34,MX,MX-ZACATECAS
Zacatecas,1579209,2020-06-02,301,202,35,MX,MX-ZACATECAS
Zacatecas,1579209,2020-06-03,311,209,38,MX,MX-ZACATECAS
Zacatecas,1579209,2020-06-04,322,216,39,MX,MX-ZACATECAS
Zacatecas,1579209,2020-06-05,341,219,41,MX,MX-ZACATECAS
Zacatecas,1579209,2020-06-06,347,233,43,MX,MX-ZACATECAS
Zacatecas,1579209,2020-06-07,368,238,44,MX,MX-ZACATECAS
Zacatecas,1579209,2020-06-08,380,243,44,MX,MX-ZACATECAS
Zacatecas,1579209,2020-06-09,388,254,46,MX,MX-ZACATECAS
Zacatecas,1579209,2020-06-10,403,256,50,MX,MX-ZACATECAS
Zacatecas,1579209,2020-06-11,423,266,53,MX,MX-ZACATECAS
