state_name_en,population_number,reportDate,cases,recovered,deaths,countryCode,stateCode
Aichi,7552239,2020-06-08,510,463,34,JP,JP-AICHI
Aichi,7552239,2020-06-09,510,465,34,JP,JP-AICHI
Aichi,7552239,2020-06-10,512,465,34,JP,JP-AICHI
Aichi,7552239,2020-06-11,512,465,34,JP,JP-AICHI
Akita,966490,2020-06-08,16,16,0,JP,JP-AKITA
Akita,966490,2020-06-09,16,16,0,JP,JP-AKITA
Akita,966490,2020-06-10,16,16,0,JP,JP-AKITA
Akita,966490,2020-06-11,16,16,0,JP,JP-AKITA
Aomori,1246371,2020-06-08,27,26,1,JP,JP-AOMORI
Aomori,1246371,2020-06-09,27,26,1,JP,JP-AOMORI
Aomori,1246371,2020-06-10,27,26,1,JP,JP-AOMORI
Aomori,1246371,2020-06-11,27,26,1,JP,JP-AOMORI
Chiba,6259382,2020-06-08,912,844,45,JP,JP-CHIBA
Chiba,6259382,2020-06-09,922,846,45,JP,JP-CHIBA
Chiba,6259382,2020-06-10,922,847,45,JP,JP-CHIBA
Chiba,6259382,2020-06-11,925,847,45,JP,JP-CHIBA
Ehime,1339215,2020-06-08,82,70,4,JP,JP-EHIME
Ehime,1339215,2020-06-09,82,66,4,JP,JP-EHIME
Ehime,1339215,2020-06-10,82,68,4,JP,JP-EHIME
Ehime,1339215,2020-06-11,82,68,4,JP,JP-EHIME
Fukui,767937,2020-06-08,122,113,8,JP,JP-FUKUI
Fukui,767937,2020-06-09,122,113,8,JP,JP-FUKUI
Fukui,767937,2020-06-10,122,113,8,JP,JP-FUKUI
Fukui,767937,2020-06-11,122,113,8,JP,JP-FUKUI
Fukuoka,5103679,2020-06-08,802,642,28,JP,JP-FUKUOKA
Fukuoka,5103679,2020-06-09,805,645,27,JP,JP-FUKUOKA
Fukuoka,5103679,2020-06-10,807,650,28,JP,JP-FUKUOKA
Fukuoka,5103679,2020-06-11,809,650,28,JP,JP-FUKUOKA
Fukushima,1845519,2020-06-08,81,78,0,JP,JP-FUKUSHIMA
Fukushima,1845519,2020-06-09,81,78,0,JP,JP-FUKUSHIMA
Fukushima,1845519,2020-06-10,81,78,0,JP,JP-FUKUSHIMA
Fukushima,1845519,2020-06-11,81,78,0,JP,JP-FUKUSHIMA
Gifu,1986587,2020-06-08,152,142,7,JP,JP-GIFU
Gifu,1986587,2020-06-09,152,142,7,JP,JP-GIFU
Gifu,1986587,2020-06-10,153,142,7,JP,JP-GIFU
Gifu,1986587,2020-06-11,153,142,7,JP,JP-GIFU
Gunma,1942456,2020-06-08,151,125,19,JP,JP-GUNMA
Gunma,1942456,2020-06-09,151,126,19,JP,JP-GUNMA
Gunma,1942456,2020-06-10,151,126,19,JP,JP-GUNMA
Gunma,1942456,2020-06-11,151,126,19,JP,JP-GUNMA
Hiroshima,2804177,2020-06-08,165,162,3,JP,JP-HIROSHIMA
Hiroshima,2804177,2020-06-09,165,162,3,JP,JP-HIROSHIMA
Hiroshima,2804177,2020-06-10,165,162,3,JP,JP-HIROSHIMA
Hiroshima,2804177,2020-06-11,165,162,3,JP,JP-HIROSHIMA
Hokkaido,5250049,2020-06-08,1116,881,91,JP,JP-HOKKAIDO
Hokkaido,5250049,2020-06-09,1123,888,91,JP,JP-HOKKAIDO
Hokkaido,5250049,2020-06-10,1128,906,91,JP,JP-HOKKAIDO
Hokkaido,5250049,2020-06-11,1135,906,91,JP,JP-HOKKAIDO
Hyogo,5466190,2020-06-08,699,652,43,JP,JP-HYOGO
Hyogo,5466190,2020-06-09,699,652,43,JP,JP-HYOGO
Hyogo,5466190,2020-06-10,699,652,43,JP,JP-HYOGO
Hyogo,5466190,2020-06-11,699,652,43,JP,JP-HYOGO
Ibaraki,2860307,2020-06-08,168,155,10,JP,JP-IBARAKI
Ibaraki,2860307,2020-06-09,168,155,10,JP,JP-IBARAKI
Ibaraki,2860307,2020-06-10,168,155,10,JP,JP-IBARAKI
Ibaraki,2860307,2020-06-11,168,155,10,JP,JP-IBARAKI
Ishikawa,1137649,2020-06-08,299,238,27,JP,JP-ISHIKAWA
Ishikawa,1137649,2020-06-09,299,239,27,JP,JP-ISHIKAWA
Ishikawa,1137649,2020-06-10,299,239,27,JP,JP-ISHIKAWA
Ishikawa,1137649,2020-06-11,299,239,27,JP,JP-ISHIKAWA
Kagawa,956347,2020-06-08,28,28,0,JP,JP-KAGAWA
Kagawa,956347,2020-06-09,28,28,0,JP,JP-KAGAWA
Kagawa,956347,2020-06-10,28,28,0,JP,JP-KAGAWA
Kagawa,956347,2020-06-11,28,28,0,JP,JP-KAGAWA
Kagoshima,1602273,2020-06-08,10,10,0,JP,JP-KAGOSHIMA
Kagoshima,1602273,2020-06-09,10,10,0,JP,JP-KAGOSHIMA
Kagoshima,1602273,2020-06-10,10,10,0,JP,JP-KAGOSHIMA
Kagoshima,1602273,2020-06-11,10,10,0,JP,JP-KAGOSHIMA
Kanagawa,9198268,2020-06-08,1396,1163,89,JP,JP-KANAGAWA
Kanagawa,9198268,2020-06-09,1397,1182,90,JP,JP-KANAGAWA
Kanagawa,9198268,2020-06-10,1397,1186,90,JP,JP-KANAGAWA
Kanagawa,9198268,2020-06-11,1397,1194,90,JP,JP-KANAGAWA
Kochi,698029,2020-06-08,74,71,3,JP,JP-KOCHI
Kochi,698029,2020-06-09,74,71,3,JP,JP-KOCHI
Kochi,698029,2020-06-10,74,71,3,JP,JP-KOCHI
Kochi,698029,2020-06-11,74,71,3,JP,JP-KOCHI
Kumamoto,1747567,2020-06-08,47,44,3,JP,JP-KUMAMOTO
Kumamoto,1747567,2020-06-09,47,44,3,JP,JP-KUMAMOTO
Kumamoto,1747567,2020-06-10,47,44,3,JP,JP-KUMAMOTO
Kumamoto,1747567,2020-06-11,47,44,3,JP,JP-KUMAMOTO
Kyoto,2582957,2020-06-08,359,332,18,JP,JP-KYOTO
Kyoto,2582957,2020-06-09,360,334,18,JP,JP-KYOTO
Kyoto,2582957,2020-06-10,360,337,18,JP,JP-KYOTO
Kyoto,2582957,2020-06-11,360,337,18,JP,JP-KYOTO
Mie,1780882,2020-06-08,45,44,1,JP,JP-MIE
Mie,1780882,2020-06-09,45,44,1,JP,JP-MIE
Mie,1780882,2020-06-10,45,44,1,JP,JP-MIE
Mie,1780882,2020-06-11,45,44,1,JP,JP-MIE
Miyagi,2306365,2020-06-08,88,87,1,JP,JP-MIYAGI
Miyagi,2306365,2020-06-09,88,87,1,JP,JP-MIYAGI
Miyagi,2306365,2020-06-10,88,87,1,JP,JP-MIYAGI
Miyagi,2306365,2020-06-11,88,87,1,JP,JP-MIYAGI
Miyazaki,1073301,2020-06-08,17,17,0,JP,JP-MIYAZAKI
Miyazaki,1073301,2020-06-09,17,17,0,JP,JP-MIYAZAKI
Miyazaki,1073301,2020-06-10,17,17,0,JP,JP-MIYAZAKI
Miyazaki,1073301,2020-06-11,17,17,0,JP,JP-MIYAZAKI
Nagano,2048790,2020-06-08,75,71,0,JP,JP-NAGANO
Nagano,2048790,2020-06-09,75,71,0,JP,JP-NAGANO
Nagano,2048790,2020-06-10,75,72,0,JP,JP-NAGANO
Nagano,2048790,2020-06-11,75,72,0,JP,JP-NAGANO
Nagasaki,1326524,2020-06-08,17,16,1,JP,JP-NAGASAKI
Nagasaki,1326524,2020-06-09,17,16,1,JP,JP-NAGASAKI
Nagasaki,1326524,2020-06-10,17,16,1,JP,JP-NAGASAKI
Nagasaki,1326524,2020-06-11,17,16,1,JP,JP-NAGASAKI
Nara,1330123,2020-06-08,92,89,2,JP,JP-NARA
Nara,1330123,2020-06-09,92,89,2,JP,JP-NARA
Nara,1330123,2020-06-10,92,89,2,JP,JP-NARA
Nara,1330123,2020-06-11,92,89,2,JP,JP-NARA
Niigata,2223106,2020-06-08,82,81,0,JP,JP-NIIGATA
Niigata,2223106,2020-06-09,82,81,0,JP,JP-NIIGATA
Niigata,2223106,2020-06-10,82,81,0,JP,JP-NIIGATA
Niigata,2223106,2020-06-11,82,81,0,JP,JP-NIIGATA
Oita,1135434,2020-06-08,60,58,1,JP,JP-OITA
Oita,1135434,2020-06-09,60,59,1,JP,JP-OITA
Oita,1135434,2020-06-10,60,59,1,JP,JP-OITA
Oita,1135434,2020-06-11,60,59,1,JP,JP-OITA
Okayama,1889586,2020-06-08,25,25,0,JP,JP-OKAYAMA
Okayama,1889586,2020-06-09,25,25,0,JP,JP-OKAYAMA
Okayama,1889586,2020-06-10,25,25,0,JP,JP-OKAYAMA
Okayama,1889586,2020-06-11,25,25,0,JP,JP-OKAYAMA
Okinawa,1453168,2020-06-08,145,137,6,JP,JP-OKINAWA
Okinawa,1453168,2020-06-09,145,139,6,JP,JP-OKINAWA
Okinawa,1453168,2020-06-10,145,139,6,JP,JP-OKINAWA
Okinawa,1453168,2020-06-11,145,139,6,JP,JP-OKINAWA
Osaka,8809363,2020-06-08,1785,1635,84,JP,JP-OSAKA
Osaka,8809363,2020-06-09,1785,1646,84,JP,JP-OSAKA
Osaka,8809363,2020-06-10,1785,1655,85,JP,JP-OSAKA
Osaka,8809363,2020-06-11,1786,1655,85,JP,JP-OSAKA
Saga,814711,2020-06-08,45,45,0,JP,JP-SAGA
Saga,814711,2020-06-09,45,45,0,JP,JP-SAGA
Saga,814711,2020-06-10,45,45,0,JP,JP-SAGA
Saga,814711,2020-06-11,45,45,0,JP,JP-SAGA
Saitama,7349693,2020-06-08,1007,920,51,JP,JP-SAITAMA
Saitama,7349693,2020-06-09,1008,928,51,JP,JP-SAITAMA
Saitama,7349693,2020-06-10,1014,929,51,JP,JP-SAITAMA
Saitama,7349693,2020-06-11,1017,929,51,JP,JP-SAITAMA
Shiga,1413943,2020-06-08,100,97,1,JP,JP-SHIGA
Shiga,1413943,2020-06-09,100,97,1,JP,JP-SHIGA
Shiga,1413943,2020-06-10,100,97,1,JP,JP-SHIGA
Shiga,1413943,2020-06-11,100,97,1,JP,JP-SHIGA
Shimane,674346,2020-06-08,24,23,0,JP,JP-SHIMANE
Shimane,674346,2020-06-09,24,23,0,JP,JP-SHIMANE
Shimane,674346,2020-06-10,24,23,0,JP,JP-SHIMANE
Shimane,674346,2020-06-11,24,23,0,JP,JP-SHIMANE
Shizuoka,3643528,2020-06-08,76,73,1,JP,JP-SHIZUOKA
Shizuoka,3643528,2020-06-09,76,73,1,JP,JP-SHIZUOKA
Shizuoka,3643528,2020-06-10,77,73,1,JP,JP-SHIZUOKA
Shizuoka,3643528,2020-06-11,77,73,1,JP,JP-SHIZUOKA
Tochigi,1933990,2020-06-08,66,60,0,JP,JP-TOCHIGI
Tochigi,1933990,2020-06-09,66,60,0,JP,JP-TOCHIGI
Tochigi,1933990,2020-06-10,66,60,0,JP,JP-TOCHIGI
Tochigi,1933990,2020-06-11,66,62,0,JP,JP-TOCHIGI
Tokushima,727977,2020-06-08,5,4,1,JP,JP-TOKUSHIMA
Tokushima,727977,2020-06-09,5,4,1,JP,JP-TOKUSHIMA
Tokushima,727977,2020-06-10,5,4,1,JP,JP-TOKUSHIMA
Tokushima,727977,2020-06-11,5,4,1,JP,JP-TOKUSHIMA
Tokyo,13920663,2020-06-08,5400,4716,311,JP,JP-TOKYO
Tokyo,13920663,2020-06-09,5412,4758,311,JP,JP-TOKYO
Tokyo,13920663,2020-06-10,5430,4785,311,JP,JP-TOKYO
Tokyo,13920663,2020-06-11,5452,4785,311,JP,JP-TOKYO
Tottori,555558,2020-06-08,3,3,0,JP,JP-TOTTORI
Tottori,555558,2020-06-09,3,3,0,JP,JP-TOTTORI
Tottori,555558,2020-06-10,3,3,0,JP,JP-TOTTORI
Tottori,555558,2020-06-11,3,3,0,JP,JP-TOTTORI
Toyama,1043502,2020-06-08,227,199,22,JP,JP-TOYAMA
Toyama,1043502,2020-06-09,227,199,22,JP,JP-TOYAMA
Toyama,1043502,2020-06-10,227,202,22,JP,JP-TOYAMA
Toyama,1043502,2020-06-11,227,202,22,JP,JP-TOYAMA
Wakayama,924933,2020-06-08,63,60,3,JP,JP-WAKAYAMA
Wakayama,924933,2020-06-09,63,60,3,JP,JP-WAKAYAMA
Wakayama,924933,2020-06-10,63,60,3,JP,JP-WAKAYAMA
Wakayama,924933,2020-06-11,63,60,3,JP,JP-WAKAYAMA
Yamagata,1077666,2020-06-08,69,67,0,JP,JP-YAMAGATA
Yamagata,1077666,2020-06-09,69,67,0,JP,JP-YAMAGATA
Yamagata,1077666,2020-06-10,69,67,0,JP,JP-YAMAGATA
Yamagata,1077666,2020-06-11,69,67,0,JP,JP-YAMAGATA
Yamaguchi,1358336,2020-06-08,37,36,0,JP,JP-YAMAGUCHI
Yamaguchi,1358336,2020-06-09,37,36,0,JP,JP-YAMAGUCHI
Yamaguchi,1358336,2020-06-10,37,36,0,JP,JP-YAMAGUCHI
Yamaguchi,1358336,2020-06-11,37,36,0,JP,JP-YAMAGUCHI
Yamanashi,810956,2020-06-08,67,62,1,JP,JP-YAMANASHI
Yamanashi,810956,2020-06-09,68,63,1,JP,JP-YAMANASHI
Yamanashi,810956,2020-06-10,68,63,1,JP,JP-YAMANASHI
Yamanashi,810956,2020-06-11,68,64,1,JP,JP-YAMANASHI
