state_name_en,population_number,reportDate,cases,recovered,deaths,countryCode,stateCode
Azad Jammu and Kashmir,4045366,2020-06-11,488,219,9,PK,PK-AZAD-JAMMU-AND-KASHMIR
Balochistan,12344408,2020-06-11,7335,2592,73,PK,PK-BALOCHISTAN
Gilgit-Baltistan,1013584,2020-06-11,1018,633,14,PK,PK-GILGIT-BALTISTAN
Islamabad,2006572,2020-06-11,6236,1164,62,PK,PK-ISLAMABAD
Khyber Pakhtunkhwa,30523371,2020-06-11,15206,3771,619,PK,PK-KHYBER-PAKHTUNKHWA
Punjab,110012442,2020-06-11,45463,9005,841,PK,PK-PUNJAB
Sindh,47886051,2020-06-11,43790,21007,738,PK,PK-SINDH
