state_name_en,population_number,reportDate,cases,recovered,deaths,countryCode,stateCode
Abruzzo,1311580,2020-05-15,3148,1313,381,IT,IT-ABRUZZO
Abruzzo,1311580,2020-05-16,3178,1372,383,IT,IT-ABRUZZO
Abruzzo,1311580,2020-05-17,3186,1379,385,IT,IT-ABRUZZO
Abruzzo,1311580,2020-05-18,3193,1392,388,IT,IT-ABRUZZO
Abruzzo,1311580,2020-05-19,3197,1419,389,IT,IT-ABRUZZO
Abruzzo,1311580,2020-05-20,3205,1499,389,IT,IT-ABRUZZO
Abruzzo,1311580,2020-05-21,3212,1549,391,IT,IT-ABRUZZO
Abruzzo,1311580,2020-05-22,3220,1647,394,IT,IT-ABRUZZO
Abruzzo,1311580,2020-05-23,3221,1659,394,IT,IT-ABRUZZO
Abruzzo,1311580,2020-05-24,3226,1736,398,IT,IT-ABRUZZO
Abruzzo,1311580,2020-05-25,3227,1781,400,IT,IT-ABRUZZO
Abruzzo,1311580,2020-05-26,3230,1921,400,IT,IT-ABRUZZO
Abruzzo,1311580,2020-05-27,3235,1969,400,IT,IT-ABRUZZO
Abruzzo,1311580,2020-05-28,3237,2011,402,IT,IT-ABRUZZO
Abruzzo,1311580,2020-05-29,3237,2063,404,IT,IT-ABRUZZO
Abruzzo,1311580,2020-05-30,3237,2063,404,IT,IT-ABRUZZO
Abruzzo,1311580,2020-05-31,3222,2064,405,IT,IT-ABRUZZO
Abruzzo,1311580,2020-06-01,3245,2093,408,IT,IT-ABRUZZO
Abruzzo,1311580,2020-06-02,3249,2093,413,IT,IT-ABRUZZO
Abruzzo,1311580,2020-06-03,3252,2102,414,IT,IT-ABRUZZO
Abruzzo,1311580,2020-06-04,3255,2136,415,IT,IT-ABRUZZO
Abruzzo,1311580,2020-06-05,3257,2172,415,IT,IT-ABRUZZO
Abruzzo,1311580,2020-06-06,3258,2187,418,IT,IT-ABRUZZO
Abruzzo,1311580,2020-06-07,3265,2194,418,IT,IT-ABRUZZO
Abruzzo,1311580,2020-06-08,3265,2215,418,IT,IT-ABRUZZO
Abruzzo,1311580,2020-06-09,3266,2248,451,IT,IT-ABRUZZO
Abruzzo,1311580,2020-06-10,3266,2263,453,IT,IT-ABRUZZO
Abruzzo,1311580,2020-06-11,3267,2275,453,IT,IT-ABRUZZO
Abruzzo,1311580,2020-06-12,3271,2290,453,IT,IT-ABRUZZO
Abruzzo,1311580,2020-06-13,3275,2312,454,IT,IT-ABRUZZO
Abruzzo,1311580,2020-06-14,3279,2312,456,IT,IT-ABRUZZO
Abruzzo,1311580,2020-06-15,3279,2337,456,IT,IT-ABRUZZO
Abruzzo,1311580,2020-06-16,3280,2355,457,IT,IT-ABRUZZO
Abruzzo,1311580,2020-06-17,3281,2386,457,IT,IT-ABRUZZO
Abruzzo,1311580,2020-06-18,3281,2389,458,IT,IT-ABRUZZO
Abruzzo,1311580,2020-06-19,3280,2414,459,IT,IT-ABRUZZO
Abruzzo,1311580,2020-06-20,3281,2418,459,IT,IT-ABRUZZO
Abruzzo,1311580,2020-06-21,3281,2419,459,IT,IT-ABRUZZO
Abruzzo,1311580,2020-06-22,3282,2428,460,IT,IT-ABRUZZO
Abruzzo,1311580,2020-06-23,3282,2431,460,IT,IT-ABRUZZO
Abruzzo,1311580,2020-06-24,3283,2444,461,IT,IT-ABRUZZO
Abruzzo,1311580,2020-06-25,3284,2452,461,IT,IT-ABRUZZO
Abruzzo,1311580,2020-06-26,3285,2466,461,IT,IT-ABRUZZO
Abruzzo,1311580,2020-06-27,3285,2487,461,IT,IT-ABRUZZO
Abruzzo,1311580,2020-06-28,3286,2540,462,IT,IT-ABRUZZO
Abruzzo,1311580,2020-06-29,3287,2543,462,IT,IT-ABRUZZO
Abruzzo,1311580,2020-06-30,3287,2626,464,IT,IT-ABRUZZO
Abruzzo,1311580,2020-07-01,3289,2655,464,IT,IT-ABRUZZO
Abruzzo,1311580,2020-07-02,3292,2668,464,IT,IT-ABRUZZO
Abruzzo,1311580,2020-07-03,3298,2678,464,IT,IT-ABRUZZO
Abruzzo,1311580,2020-07-04,3305,2682,464,IT,IT-ABRUZZO
Abruzzo,1311580,2020-07-05,3309,2682,464,IT,IT-ABRUZZO
Abruzzo,1311580,2020-07-06,3309,2689,464,IT,IT-ABRUZZO
Abruzzo,1311580,2020-07-07,3309,2692,464,IT,IT-ABRUZZO
Abruzzo,1311580,2020-07-08,3310,2701,464,IT,IT-ABRUZZO
Abruzzo,1311580,2020-07-09,3318,2707,464,IT,IT-ABRUZZO
Abruzzo,1311580,2020-07-10,3321,2709,464,IT,IT-ABRUZZO
Abruzzo,1311580,2020-07-11,3323,2712,464,IT,IT-ABRUZZO
Abruzzo,1311580,2020-07-12,3328,2713,465,IT,IT-ABRUZZO
Abruzzo,1311580,2020-07-13,3328,2719,466,IT,IT-ABRUZZO
Abruzzo,1311580,2020-07-14,3328,2719,466,IT,IT-ABRUZZO
Basilicata,562869,2020-05-15,389,242,27,IT,IT-BASILICATA
Basilicata,562869,2020-05-16,390,250,27,IT,IT-BASILICATA
Basilicata,562869,2020-05-17,392,261,27,IT,IT-BASILICATA
Basilicata,562869,2020-05-18,392,272,27,IT,IT-BASILICATA
Basilicata,562869,2020-05-19,393,282,27,IT,IT-BASILICATA
Basilicata,562869,2020-05-20,393,293,27,IT,IT-BASILICATA
Basilicata,562869,2020-05-21,394,307,27,IT,IT-BASILICATA
Basilicata,562869,2020-05-22,394,318,27,IT,IT-BASILICATA
Basilicata,562869,2020-05-23,398,330,27,IT,IT-BASILICATA
Basilicata,562869,2020-05-24,399,333,27,IT,IT-BASILICATA
Basilicata,562869,2020-05-25,399,336,27,IT,IT-BASILICATA
Basilicata,562869,2020-05-26,399,336,27,IT,IT-BASILICATA
Basilicata,562869,2020-05-27,399,336,27,IT,IT-BASILICATA
Basilicata,562869,2020-05-28,399,338,27,IT,IT-BASILICATA
Basilicata,562869,2020-05-29,399,339,27,IT,IT-BASILICATA
Basilicata,562869,2020-05-30,399,341,27,IT,IT-BASILICATA
Basilicata,562869,2020-05-31,399,343,27,IT,IT-BASILICATA
Basilicata,562869,2020-06-01,399,344,27,IT,IT-BASILICATA
Basilicata,562869,2020-06-02,399,348,27,IT,IT-BASILICATA
Basilicata,562869,2020-06-03,399,349,27,IT,IT-BASILICATA
Basilicata,562869,2020-06-04,399,352,27,IT,IT-BASILICATA
Basilicata,562869,2020-06-05,399,354,27,IT,IT-BASILICATA
Basilicata,562869,2020-06-06,399,355,27,IT,IT-BASILICATA
Basilicata,562869,2020-06-07,399,358,27,IT,IT-BASILICATA
Basilicata,562869,2020-06-08,399,359,27,IT,IT-BASILICATA
Basilicata,562869,2020-06-09,400,359,27,IT,IT-BASILICATA
Basilicata,562869,2020-06-10,400,362,27,IT,IT-BASILICATA
Basilicata,562869,2020-06-11,401,362,27,IT,IT-BASILICATA
Basilicata,562869,2020-06-12,401,362,27,IT,IT-BASILICATA
Basilicata,562869,2020-06-13,401,363,27,IT,IT-BASILICATA
Basilicata,562869,2020-06-14,401,363,27,IT,IT-BASILICATA
Basilicata,562869,2020-06-15,401,363,27,IT,IT-BASILICATA
Basilicata,562869,2020-06-16,401,364,27,IT,IT-BASILICATA
Basilicata,562869,2020-06-17,401,364,27,IT,IT-BASILICATA
Basilicata,562869,2020-06-18,401,364,27,IT,IT-BASILICATA
Basilicata,562869,2020-06-19,401,366,27,IT,IT-BASILICATA
Basilicata,562869,2020-06-20,401,366,27,IT,IT-BASILICATA
Basilicata,562869,2020-06-21,401,366,27,IT,IT-BASILICATA
Basilicata,562869,2020-06-22,401,366,27,IT,IT-BASILICATA
Basilicata,562869,2020-06-23,401,366,27,IT,IT-BASILICATA
Basilicata,562869,2020-06-24,401,367,27,IT,IT-BASILICATA
Basilicata,562869,2020-06-25,401,367,27,IT,IT-BASILICATA
Basilicata,562869,2020-06-26,401,367,27,IT,IT-BASILICATA
Basilicata,562869,2020-06-27,401,367,27,IT,IT-BASILICATA
Basilicata,562869,2020-06-28,401,372,27,IT,IT-BASILICATA
Basilicata,562869,2020-06-29,402,372,27,IT,IT-BASILICATA
Basilicata,562869,2020-06-30,402,372,27,IT,IT-BASILICATA
Basilicata,562869,2020-07-01,402,373,27,IT,IT-BASILICATA
Basilicata,562869,2020-07-02,402,373,27,IT,IT-BASILICATA
Basilicata,562869,2020-07-03,404,373,27,IT,IT-BASILICATA
Basilicata,562869,2020-07-04,404,373,27,IT,IT-BASILICATA
Basilicata,562869,2020-07-05,404,373,27,IT,IT-BASILICATA
Basilicata,562869,2020-07-06,404,373,27,IT,IT-BASILICATA
Basilicata,562869,2020-07-07,404,373,27,IT,IT-BASILICATA
Basilicata,562869,2020-07-08,405,373,27,IT,IT-BASILICATA
Basilicata,562869,2020-07-09,405,373,27,IT,IT-BASILICATA
Basilicata,562869,2020-07-10,405,373,27,IT,IT-BASILICATA
Basilicata,562869,2020-07-11,406,374,27,IT,IT-BASILICATA
Basilicata,562869,2020-07-12,406,374,27,IT,IT-BASILICATA
Basilicata,562869,2020-07-13,406,374,27,IT,IT-BASILICATA
Basilicata,562869,2020-07-14,406,374,27,IT,IT-BASILICATA
P.A. Bolzano,530009,2020-05-15,2578,1929,290,IT,IT-BOLZANO
P.A. Bolzano,530009,2020-05-16,2578,1945,290,IT,IT-BOLZANO
P.A. Bolzano,530009,2020-05-17,2581,1977,290,IT,IT-BOLZANO
P.A. Bolzano,530009,2020-05-18,2582,1984,291,IT,IT-BOLZANO
P.A. Bolzano,530009,2020-05-19,2587,1988,291,IT,IT-BOLZANO
P.A. Bolzano,530009,2020-05-20,2587,2024,291,IT,IT-BOLZANO
P.A. Bolzano,530009,2020-05-21,2587,2046,291,IT,IT-BOLZANO
P.A. Bolzano,530009,2020-05-22,2590,2075,291,IT,IT-BOLZANO
P.A. Bolzano,530009,2020-05-23,2590,2085,291,IT,IT-BOLZANO
P.A. Bolzano,530009,2020-05-24,2593,2107,291,IT,IT-BOLZANO
P.A. Bolzano,530009,2020-05-25,2593,2118,291,IT,IT-BOLZANO
P.A. Bolzano,530009,2020-05-26,2593,2123,291,IT,IT-BOLZANO
P.A. Bolzano,530009,2020-05-27,2593,2131,291,IT,IT-BOLZANO
P.A. Bolzano,530009,2020-05-28,2595,2147,291,IT,IT-BOLZANO
P.A. Bolzano,530009,2020-05-29,2595,2150,291,IT,IT-BOLZANO
P.A. Bolzano,530009,2020-05-30,2596,2168,291,IT,IT-BOLZANO
P.A. Bolzano,530009,2020-05-31,2597,2179,291,IT,IT-BOLZANO
P.A. Bolzano,530009,2020-06-01,2598,2184,291,IT,IT-BOLZANO
P.A. Bolzano,530009,2020-06-02,2598,2187,291,IT,IT-BOLZANO
P.A. Bolzano,530009,2020-06-03,2598,2187,291,IT,IT-BOLZANO
P.A. Bolzano,530009,2020-06-04,2598,2194,292,IT,IT-BOLZANO
P.A. Bolzano,530009,2020-06-05,2599,2206,292,IT,IT-BOLZANO
P.A. Bolzano,530009,2020-06-06,2600,2208,292,IT,IT-BOLZANO
P.A. Bolzano,530009,2020-06-07,2603,2214,292,IT,IT-BOLZANO
P.A. Bolzano,530009,2020-06-08,2604,2215,292,IT,IT-BOLZANO
P.A. Bolzano,530009,2020-06-09,2604,2217,292,IT,IT-BOLZANO
P.A. Bolzano,530009,2020-06-10,2604,2218,292,IT,IT-BOLZANO
P.A. Bolzano,530009,2020-06-11,2606,2215,292,IT,IT-BOLZANO
P.A. Bolzano,530009,2020-06-12,2608,2216,291,IT,IT-BOLZANO
P.A. Bolzano,530009,2020-06-13,2610,2224,291,IT,IT-BOLZANO
P.A. Bolzano,530009,2020-06-14,2613,2227,291,IT,IT-BOLZANO
P.A. Bolzano,530009,2020-06-15,2611,2225,292,IT,IT-BOLZANO
P.A. Bolzano,530009,2020-06-16,2611,2226,292,IT,IT-BOLZANO
P.A. Bolzano,530009,2020-06-17,2611,2232,292,IT,IT-BOLZANO
P.A. Bolzano,530009,2020-06-18,2613,2236,292,IT,IT-BOLZANO
P.A. Bolzano,530009,2020-06-19,2615,2248,292,IT,IT-BOLZANO
P.A. Bolzano,530009,2020-06-20,2618,2250,292,IT,IT-BOLZANO
P.A. Bolzano,530009,2020-06-21,2622,2255,292,IT,IT-BOLZANO
P.A. Bolzano,530009,2020-06-22,2633,2252,292,IT,IT-BOLZANO
P.A. Bolzano,530009,2020-06-23,2633,2252,292,IT,IT-BOLZANO
P.A. Bolzano,530009,2020-06-24,2634,2252,292,IT,IT-BOLZANO
P.A. Bolzano,530009,2020-06-25,2634,2255,292,IT,IT-BOLZANO
P.A. Bolzano,530009,2020-06-26,2634,2257,292,IT,IT-BOLZANO
P.A. Bolzano,530009,2020-06-27,2636,2257,292,IT,IT-BOLZANO
P.A. Bolzano,530009,2020-06-28,2637,2260,292,IT,IT-BOLZANO
P.A. Bolzano,530009,2020-06-29,2639,2262,292,IT,IT-BOLZANO
P.A. Bolzano,530009,2020-06-30,2639,2263,292,IT,IT-BOLZANO
P.A. Bolzano,530009,2020-07-01,2642,2266,292,IT,IT-BOLZANO
P.A. Bolzano,530009,2020-07-02,2642,2266,292,IT,IT-BOLZANO
P.A. Bolzano,530009,2020-07-03,2642,2267,292,IT,IT-BOLZANO
P.A. Bolzano,530009,2020-07-04,2645,2268,292,IT,IT-BOLZANO
P.A. Bolzano,530009,2020-07-05,2647,2270,292,IT,IT-BOLZANO
P.A. Bolzano,530009,2020-07-06,2647,2272,292,IT,IT-BOLZANO
P.A. Bolzano,530009,2020-07-07,2648,2273,292,IT,IT-BOLZANO
P.A. Bolzano,530009,2020-07-08,2650,2275,292,IT,IT-BOLZANO
P.A. Bolzano,530009,2020-07-09,2653,2277,292,IT,IT-BOLZANO
P.A. Bolzano,530009,2020-07-10,2658,2280,292,IT,IT-BOLZANO
P.A. Bolzano,530009,2020-07-11,2661,2287,292,IT,IT-BOLZANO
P.A. Bolzano,530009,2020-07-12,2666,2286,292,IT,IT-BOLZANO
P.A. Bolzano,530009,2020-07-13,2673,2286,292,IT,IT-BOLZANO
P.A. Bolzano,530009,2020-07-14,2673,2286,292,IT,IT-BOLZANO
Calabria,1947131,2020-05-15,1144,544,95,IT,IT-CALABRIA
Calabria,1947131,2020-05-16,1151,582,95,IT,IT-CALABRIA
Calabria,1947131,2020-05-17,1151,634,95,IT,IT-CALABRIA
Calabria,1947131,2020-05-18,1151,655,95,IT,IT-CALABRIA
Calabria,1947131,2020-05-19,1153,676,95,IT,IT-CALABRIA
Calabria,1947131,2020-05-20,1156,707,96,IT,IT-CALABRIA
Calabria,1947131,2020-05-21,1156,734,96,IT,IT-CALABRIA
Calabria,1947131,2020-05-22,1157,759,96,IT,IT-CALABRIA
Calabria,1947131,2020-05-23,1157,773,96,IT,IT-CALABRIA
Calabria,1947131,2020-05-24,1157,786,96,IT,IT-CALABRIA
Calabria,1947131,2020-05-25,1157,797,96,IT,IT-CALABRIA
Calabria,1947131,2020-05-26,1157,823,96,IT,IT-CALABRIA
Calabria,1947131,2020-05-27,1158,872,96,IT,IT-CALABRIA
Calabria,1947131,2020-05-28,1158,892,96,IT,IT-CALABRIA
Calabria,1947131,2020-05-29,1158,902,97,IT,IT-CALABRIA
Calabria,1947131,2020-05-30,1158,910,97,IT,IT-CALABRIA
Calabria,1947131,2020-05-31,1158,917,97,IT,IT-CALABRIA
Calabria,1947131,2020-06-01,1158,926,97,IT,IT-CALABRIA
Calabria,1947131,2020-06-02,1158,949,97,IT,IT-CALABRIA
Calabria,1947131,2020-06-03,1158,951,97,IT,IT-CALABRIA
Calabria,1947131,2020-06-04,1158,959,97,IT,IT-CALABRIA
Calabria,1947131,2020-06-05,1159,965,97,IT,IT-CALABRIA
Calabria,1947131,2020-06-06,1159,971,97,IT,IT-CALABRIA
Calabria,1947131,2020-06-07,1159,971,97,IT,IT-CALABRIA
Calabria,1947131,2020-06-08,1159,985,97,IT,IT-CALABRIA
Calabria,1947131,2020-06-09,1159,994,97,IT,IT-CALABRIA
Calabria,1947131,2020-06-10,1159,1008,97,IT,IT-CALABRIA
Calabria,1947131,2020-06-11,1161,1012,97,IT,IT-CALABRIA
Calabria,1947131,2020-06-12,1161,1017,97,IT,IT-CALABRIA
Calabria,1947131,2020-06-13,1162,1020,97,IT,IT-CALABRIA
Calabria,1947131,2020-06-14,1162,1021,97,IT,IT-CALABRIA
Calabria,1947131,2020-06-15,1162,1028,97,IT,IT-CALABRIA
Calabria,1947131,2020-06-16,1162,1029,97,IT,IT-CALABRIA
Calabria,1947131,2020-06-17,1162,1032,97,IT,IT-CALABRIA
Calabria,1947131,2020-06-18,1165,1033,97,IT,IT-CALABRIA
Calabria,1947131,2020-06-19,1165,1034,97,IT,IT-CALABRIA
Calabria,1947131,2020-06-20,1167,1040,97,IT,IT-CALABRIA
Calabria,1947131,2020-06-21,1173,1040,97,IT,IT-CALABRIA
Calabria,1947131,2020-06-22,1174,1044,97,IT,IT-CALABRIA
Calabria,1947131,2020-06-23,1175,1050,97,IT,IT-CALABRIA
Calabria,1947131,2020-06-24,1175,1050,97,IT,IT-CALABRIA
Calabria,1947131,2020-06-25,1175,1050,97,IT,IT-CALABRIA
Calabria,1947131,2020-06-26,1178,1051,97,IT,IT-CALABRIA
Calabria,1947131,2020-06-27,1179,1051,97,IT,IT-CALABRIA
Calabria,1947131,2020-06-28,1180,1057,97,IT,IT-CALABRIA
Calabria,1947131,2020-06-29,1180,1057,97,IT,IT-CALABRIA
Calabria,1947131,2020-06-30,1181,1057,97,IT,IT-CALABRIA
Calabria,1947131,2020-07-01,1181,1058,97,IT,IT-CALABRIA
Calabria,1947131,2020-07-02,1181,1059,97,IT,IT-CALABRIA
Calabria,1947131,2020-07-03,1182,1060,97,IT,IT-CALABRIA
Calabria,1947131,2020-07-04,1183,1060,97,IT,IT-CALABRIA
Calabria,1947131,2020-07-05,1183,1060,97,IT,IT-CALABRIA
Calabria,1947131,2020-07-06,1183,1060,97,IT,IT-CALABRIA
Calabria,1947131,2020-07-07,1184,1060,97,IT,IT-CALABRIA
Calabria,1947131,2020-07-08,1185,1060,97,IT,IT-CALABRIA
Calabria,1947131,2020-07-09,1185,1060,97,IT,IT-CALABRIA
Calabria,1947131,2020-07-10,1186,1062,97,IT,IT-CALABRIA
Calabria,1947131,2020-07-11,1188,1062,97,IT,IT-CALABRIA
Calabria,1947131,2020-07-12,1216,1062,97,IT,IT-CALABRIA
Calabria,1947131,2020-07-13,1216,1062,97,IT,IT-CALABRIA
Calabria,1947131,2020-07-14,1216,1062,97,IT,IT-CALABRIA
Campania,5801692,2020-05-15,4654,2522,396,IT,IT-CAMPANIA
Campania,5801692,2020-05-16,4668,2562,396,IT,IT-CAMPANIA
Campania,5801692,2020-05-17,4684,2592,396,IT,IT-CAMPANIA
Campania,5801692,2020-05-18,4695,2623,399,IT,IT-CAMPANIA
Campania,5801692,2020-05-19,4707,2790,399,IT,IT-CAMPANIA
Campania,5801692,2020-05-20,4714,2871,401,IT,IT-CAMPANIA
Campania,5801692,2020-05-21,4723,2947,403,IT,IT-CAMPANIA
Campania,5801692,2020-05-22,4733,3037,404,IT,IT-CAMPANIA
Campania,5801692,2020-05-23,4744,3067,404,IT,IT-CAMPANIA
Campania,5801692,2020-05-24,4749,3076,405,IT,IT-CAMPANIA
Campania,5801692,2020-05-25,4755,3137,405,IT,IT-CAMPANIA
Campania,5801692,2020-05-26,4767,3178,405,IT,IT-CAMPANIA
Campania,5801692,2020-05-27,4773,3221,406,IT,IT-CAMPANIA
Campania,5801692,2020-05-28,4777,3355,410,IT,IT-CAMPANIA
Campania,5801692,2020-05-29,4787,3390,411,IT,IT-CAMPANIA
Campania,5801692,2020-05-30,4797,3405,411,IT,IT-CAMPANIA
Campania,5801692,2020-05-31,4802,3410,412,IT,IT-CAMPANIA
Campania,5801692,2020-06-01,4806,3454,413,IT,IT-CAMPANIA
Campania,5801692,2020-06-02,4809,3504,415,IT,IT-CAMPANIA
Campania,5801692,2020-06-03,4821,3537,415,IT,IT-CAMPANIA
Campania,5801692,2020-06-04,4822,3572,420,IT,IT-CAMPANIA
Campania,5801692,2020-06-05,4822,3623,425,IT,IT-CAMPANIA
Campania,5801692,2020-06-06,4822,3658,426,IT,IT-CAMPANIA
Campania,5801692,2020-06-07,4826,3675,426,IT,IT-CAMPANIA
Campania,5801692,2020-06-08,4828,3685,426,IT,IT-CAMPANIA
Campania,5801692,2020-06-09,4833,3732,426,IT,IT-CAMPANIA
Campania,5801692,2020-06-10,4834,3764,428,IT,IT-CAMPANIA
Campania,5801692,2020-06-11,4837,3797,430,IT,IT-CAMPANIA
Campania,5801692,2020-06-12,4608,3832,430,IT,IT-CAMPANIA
Campania,5801692,2020-06-13,4608,3841,430,IT,IT-CAMPANIA
Campania,5801692,2020-06-14,4609,3860,430,IT,IT-CAMPANIA
Campania,5801692,2020-06-15,4613,3894,430,IT,IT-CAMPANIA
Campania,5801692,2020-06-16,4613,3910,430,IT,IT-CAMPANIA
Campania,5801692,2020-06-17,4614,3925,431,IT,IT-CAMPANIA
Campania,5801692,2020-06-18,4615,3942,431,IT,IT-CAMPANIA
Campania,5801692,2020-06-19,4615,4059,431,IT,IT-CAMPANIA
Campania,5801692,2020-06-20,4615,4059,431,IT,IT-CAMPANIA
Campania,5801692,2020-06-21,4617,4060,431,IT,IT-CAMPANIA
Campania,5801692,2020-06-22,4624,4060,431,IT,IT-CAMPANIA
Campania,5801692,2020-06-23,4634,4062,431,IT,IT-CAMPANIA
Campania,5801692,2020-06-24,4645,4066,431,IT,IT-CAMPANIA
Campania,5801692,2020-06-25,4662,4067,431,IT,IT-CAMPANIA
Campania,5801692,2020-06-26,4665,4070,431,IT,IT-CAMPANIA
Campania,5801692,2020-06-27,4665,4071,431,IT,IT-CAMPANIA
Campania,5801692,2020-06-28,4665,4071,431,IT,IT-CAMPANIA
Campania,5801692,2020-06-29,4666,4073,431,IT,IT-CAMPANIA
Campania,5801692,2020-06-30,4690,4077,432,IT,IT-CAMPANIA
Campania,5801692,2020-07-01,4699,4078,432,IT,IT-CAMPANIA
Campania,5801692,2020-07-02,4702,4080,432,IT,IT-CAMPANIA
Campania,5801692,2020-07-03,4712,4083,432,IT,IT-CAMPANIA
Campania,5801692,2020-07-04,4714,4084,432,IT,IT-CAMPANIA
Campania,5801692,2020-07-05,4719,4086,432,IT,IT-CAMPANIA
Campania,5801692,2020-07-06,4746,4087,432,IT,IT-CAMPANIA
Campania,5801692,2020-07-07,4747,4089,432,IT,IT-CAMPANIA
Campania,5801692,2020-07-08,4750,4090,432,IT,IT-CAMPANIA
Campania,5801692,2020-07-09,4755,4091,432,IT,IT-CAMPANIA
Campania,5801692,2020-07-10,4762,4093,432,IT,IT-CAMPANIA
Campania,5801692,2020-07-11,4769,4095,432,IT,IT-CAMPANIA
Campania,5801692,2020-07-12,4772,4094,432,IT,IT-CAMPANIA
Campania,5801692,2020-07-13,4779,4094,432,IT,IT-CAMPANIA
Campania,5801692,2020-07-14,4779,4094,432,IT,IT-CAMPANIA
Emilia-Romagna,4459477,2020-05-15,27110,17166,3943,IT,IT-EMILIA-ROMAGNA
Emilia-Romagna,4459477,2020-05-16,27182,17370,3960,IT,IT-EMILIA-ROMAGNA
Emilia-Romagna,4459477,2020-05-17,27232,17603,3973,IT,IT-EMILIA-ROMAGNA
Emilia-Romagna,4459477,2020-05-18,27267,17756,3986,IT,IT-EMILIA-ROMAGNA
Emilia-Romagna,4459477,2020-05-19,27314,17987,3997,IT,IT-EMILIA-ROMAGNA
Emilia-Romagna,4459477,2020-05-20,27364,18258,4008,IT,IT-EMILIA-ROMAGNA
Emilia-Romagna,4459477,2020-05-21,27417,18466,4025,IT,IT-EMILIA-ROMAGNA
Emilia-Romagna,4459477,2020-05-22,27470,18703,4037,IT,IT-EMILIA-ROMAGNA
Emilia-Romagna,4459477,2020-05-23,27513,18896,4047,IT,IT-EMILIA-ROMAGNA
Emilia-Romagna,4459477,2020-05-24,27558,19046,4055,IT,IT-EMILIA-ROMAGNA
Emilia-Romagna,4459477,2020-05-25,27587,19160,4068,IT,IT-EMILIA-ROMAGNA
Emilia-Romagna,4459477,2020-05-26,27611,19389,4076,IT,IT-EMILIA-ROMAGNA
Emilia-Romagna,4459477,2020-05-27,27627,19546,4083,IT,IT-EMILIA-ROMAGNA
Emilia-Romagna,4459477,2020-05-28,27701,19857,4094,IT,IT-EMILIA-ROMAGNA
Emilia-Romagna,4459477,2020-05-29,27739,20073,4102,IT,IT-EMILIA-ROMAGNA
Emilia-Romagna,4459477,2020-05-30,27759,20373,4107,IT,IT-EMILIA-ROMAGNA
Emilia-Romagna,4459477,2020-05-31,27790,20513,4114,IT,IT-EMILIA-ROMAGNA
Emilia-Romagna,4459477,2020-06-01,27809,20617,4124,IT,IT-EMILIA-ROMAGNA
Emilia-Romagna,4459477,2020-06-02,27828,20780,4136,IT,IT-EMILIA-ROMAGNA
Emilia-Romagna,4459477,2020-06-03,27842,20856,4147,IT,IT-EMILIA-ROMAGNA
Emilia-Romagna,4459477,2020-06-04,27860,21018,4154,IT,IT-EMILIA-ROMAGNA
Emilia-Romagna,4459477,2020-06-05,27877,21198,4167,IT,IT-EMILIA-ROMAGNA
Emilia-Romagna,4459477,2020-06-06,27894,21307,4171,IT,IT-EMILIA-ROMAGNA
Emilia-Romagna,4459477,2020-06-07,27908,21405,4175,IT,IT-EMILIA-ROMAGNA
Emilia-Romagna,4459477,2020-06-08,27928,21467,4179,IT,IT-EMILIA-ROMAGNA
Emilia-Romagna,4459477,2020-06-09,27946,21605,4185,IT,IT-EMILIA-ROMAGNA
Emilia-Romagna,4459477,2020-06-10,27970,21717,4192,IT,IT-EMILIA-ROMAGNA
Emilia-Romagna,4459477,2020-06-11,27995,21803,4192,IT,IT-EMILIA-ROMAGNA
Emilia-Romagna,4459477,2020-06-12,28028,22015,4196,IT,IT-EMILIA-ROMAGNA
Emilia-Romagna,4459477,2020-06-13,28056,22130,4199,IT,IT-EMILIA-ROMAGNA
Emilia-Romagna,4459477,2020-06-14,28073,22232,4204,IT,IT-EMILIA-ROMAGNA
Emilia-Romagna,4459477,2020-06-15,28084,22377,4207,IT,IT-EMILIA-ROMAGNA
Emilia-Romagna,4459477,2020-06-16,28097,22483,4209,IT,IT-EMILIA-ROMAGNA
Emilia-Romagna,4459477,2020-06-17,28111,22551,4215,IT,IT-EMILIA-ROMAGNA
Emilia-Romagna,4459477,2020-06-18,28143,22643,4219,IT,IT-EMILIA-ROMAGNA
Emilia-Romagna,4459477,2020-06-19,28170,22727,4224,IT,IT-EMILIA-ROMAGNA
Emilia-Romagna,4459477,2020-06-20,28198,22761,4230,IT,IT-EMILIA-ROMAGNA
Emilia-Romagna,4459477,2020-06-21,28221,22818,4231,IT,IT-EMILIA-ROMAGNA
Emilia-Romagna,4459477,2020-06-22,28243,22854,4235,IT,IT-EMILIA-ROMAGNA
Emilia-Romagna,4459477,2020-06-23,28260,22935,4236,IT,IT-EMILIA-ROMAGNA
Emilia-Romagna,4459477,2020-06-24,28304,22985,4245,IT,IT-EMILIA-ROMAGNA
Emilia-Romagna,4459477,2020-06-25,28351,23034,4249,IT,IT-EMILIA-ROMAGNA
Emilia-Romagna,4459477,2020-06-26,28393,23097,4252,IT,IT-EMILIA-ROMAGNA
Emilia-Romagna,4459477,2020-06-27,28435,23142,4252,IT,IT-EMILIA-ROMAGNA
Emilia-Romagna,4459477,2020-06-28,28456,23161,4253,IT,IT-EMILIA-ROMAGNA
Emilia-Romagna,4459477,2020-06-29,28472,23185,4255,IT,IT-EMILIA-ROMAGNA
Emilia-Romagna,4459477,2020-06-30,28492,23222,4260,IT,IT-EMILIA-ROMAGNA
Emilia-Romagna,4459477,2020-07-01,28508,23242,4264,IT,IT-EMILIA-ROMAGNA
Emilia-Romagna,4459477,2020-07-02,28535,23267,4265,IT,IT-EMILIA-ROMAGNA
Emilia-Romagna,4459477,2020-07-03,28562,23284,4267,IT,IT-EMILIA-ROMAGNA
Emilia-Romagna,4459477,2020-07-04,28613,23309,4267,IT,IT-EMILIA-ROMAGNA
Emilia-Romagna,4459477,2020-07-05,28637,23340,4268,IT,IT-EMILIA-ROMAGNA
Emilia-Romagna,4459477,2020-07-06,28675,23343,4268,IT,IT-EMILIA-ROMAGNA
Emilia-Romagna,4459477,2020-07-07,28706,23377,4269,IT,IT-EMILIA-ROMAGNA
Emilia-Romagna,4459477,2020-07-08,28755,23415,4269,IT,IT-EMILIA-ROMAGNA
Emilia-Romagna,4459477,2020-07-09,28769,23434,4269,IT,IT-EMILIA-ROMAGNA
Emilia-Romagna,4459477,2020-07-10,28822,23440,4269,IT,IT-EMILIA-ROMAGNA
Emilia-Romagna,4459477,2020-07-11,28869,23481,4269,IT,IT-EMILIA-ROMAGNA
Emilia-Romagna,4459477,2020-07-12,28940,23491,4269,IT,IT-EMILIA-ROMAGNA
Emilia-Romagna,4459477,2020-07-13,28958,23496,4269,IT,IT-EMILIA-ROMAGNA
Emilia-Romagna,4459477,2020-07-14,28958,23496,4269,IT,IT-EMILIA-ROMAGNA
Friuli Venezia Giulia,1215220,2020-05-15,3175,2116,318,IT,IT-FRIULI-VENEZIA-GIULIA
Friuli Venezia Giulia,1215220,2020-05-16,3183,2184,319,IT,IT-FRIULI-VENEZIA-GIULIA
Friuli Venezia Giulia,1215220,2020-05-17,3191,2218,319,IT,IT-FRIULI-VENEZIA-GIULIA
Friuli Venezia Giulia,1215220,2020-05-18,3198,2257,320,IT,IT-FRIULI-VENEZIA-GIULIA
Friuli Venezia Giulia,1215220,2020-05-19,3203,2283,320,IT,IT-FRIULI-VENEZIA-GIULIA
Friuli Venezia Giulia,1215220,2020-05-20,3209,2291,322,IT,IT-FRIULI-VENEZIA-GIULIA
Friuli Venezia Giulia,1215220,2020-05-21,3215,2314,323,IT,IT-FRIULI-VENEZIA-GIULIA
Friuli Venezia Giulia,1215220,2020-05-22,3227,2417,325,IT,IT-FRIULI-VENEZIA-GIULIA
Friuli Venezia Giulia,1215220,2020-05-23,3233,2447,327,IT,IT-FRIULI-VENEZIA-GIULIA
Friuli Venezia Giulia,1215220,2020-05-24,3236,2495,329,IT,IT-FRIULI-VENEZIA-GIULIA
Friuli Venezia Giulia,1215220,2020-05-25,3240,2525,329,IT,IT-FRIULI-VENEZIA-GIULIA
Friuli Venezia Giulia,1215220,2020-05-26,3251,2547,329,IT,IT-FRIULI-VENEZIA-GIULIA
Friuli Venezia Giulia,1215220,2020-05-27,3255,2568,331,IT,IT-FRIULI-VENEZIA-GIULIA
Friuli Venezia Giulia,1215220,2020-05-28,3262,2593,333,IT,IT-FRIULI-VENEZIA-GIULIA
Friuli Venezia Giulia,1215220,2020-05-29,3267,2611,333,IT,IT-FRIULI-VENEZIA-GIULIA
Friuli Venezia Giulia,1215220,2020-05-30,3271,2633,333,IT,IT-FRIULI-VENEZIA-GIULIA
Friuli Venezia Giulia,1215220,2020-05-31,3273,2662,333,IT,IT-FRIULI-VENEZIA-GIULIA
Friuli Venezia Giulia,1215220,2020-06-01,3274,2673,335,IT,IT-FRIULI-VENEZIA-GIULIA
Friuli Venezia Giulia,1215220,2020-06-02,3276,2696,336,IT,IT-FRIULI-VENEZIA-GIULIA
Friuli Venezia Giulia,1215220,2020-06-03,3276,2707,336,IT,IT-FRIULI-VENEZIA-GIULIA
Friuli Venezia Giulia,1215220,2020-06-04,3279,2730,336,IT,IT-FRIULI-VENEZIA-GIULIA
Friuli Venezia Giulia,1215220,2020-06-05,3280,2762,338,IT,IT-FRIULI-VENEZIA-GIULIA
Friuli Venezia Giulia,1215220,2020-06-06,3283,2784,338,IT,IT-FRIULI-VENEZIA-GIULIA
Friuli Venezia Giulia,1215220,2020-06-07,3283,2793,339,IT,IT-FRIULI-VENEZIA-GIULIA
Friuli Venezia Giulia,1215220,2020-06-08,3284,2800,340,IT,IT-FRIULI-VENEZIA-GIULIA
Friuli Venezia Giulia,1215220,2020-06-09,3284,2816,340,IT,IT-FRIULI-VENEZIA-GIULIA
Friuli Venezia Giulia,1215220,2020-06-10,3286,2832,341,IT,IT-FRIULI-VENEZIA-GIULIA
Friuli Venezia Giulia,1215220,2020-06-11,3287,2833,342,IT,IT-FRIULI-VENEZIA-GIULIA
Friuli Venezia Giulia,1215220,2020-06-12,3290,2840,342,IT,IT-FRIULI-VENEZIA-GIULIA
Friuli Venezia Giulia,1215220,2020-06-13,3296,2848,343,IT,IT-FRIULI-VENEZIA-GIULIA
Friuli Venezia Giulia,1215220,2020-06-14,3296,2850,343,IT,IT-FRIULI-VENEZIA-GIULIA
Friuli Venezia Giulia,1215220,2020-06-15,3296,2854,343,IT,IT-FRIULI-VENEZIA-GIULIA
Friuli Venezia Giulia,1215220,2020-06-16,3297,2855,343,IT,IT-FRIULI-VENEZIA-GIULIA
Friuli Venezia Giulia,1215220,2020-06-17,3299,2857,343,IT,IT-FRIULI-VENEZIA-GIULIA
Friuli Venezia Giulia,1215220,2020-06-18,3301,2861,343,IT,IT-FRIULI-VENEZIA-GIULIA
Friuli Venezia Giulia,1215220,2020-06-19,3303,2875,343,IT,IT-FRIULI-VENEZIA-GIULIA
Friuli Venezia Giulia,1215220,2020-06-20,3304,2877,344,IT,IT-FRIULI-VENEZIA-GIULIA
Friuli Venezia Giulia,1215220,2020-06-21,3305,2883,344,IT,IT-FRIULI-VENEZIA-GIULIA
Friuli Venezia Giulia,1215220,2020-06-22,3305,2889,344,IT,IT-FRIULI-VENEZIA-GIULIA
Friuli Venezia Giulia,1215220,2020-06-23,3305,2890,344,IT,IT-FRIULI-VENEZIA-GIULIA
Friuli Venezia Giulia,1215220,2020-06-24,3305,2904,344,IT,IT-FRIULI-VENEZIA-GIULIA
Friuli Venezia Giulia,1215220,2020-06-25,3305,2907,345,IT,IT-FRIULI-VENEZIA-GIULIA
Friuli Venezia Giulia,1215220,2020-06-26,3307,2914,345,IT,IT-FRIULI-VENEZIA-GIULIA
Friuli Venezia Giulia,1215220,2020-06-27,3307,2920,345,IT,IT-FRIULI-VENEZIA-GIULIA
Friuli Venezia Giulia,1215220,2020-06-28,3308,2925,345,IT,IT-FRIULI-VENEZIA-GIULIA
Friuli Venezia Giulia,1215220,2020-06-29,3308,2927,345,IT,IT-FRIULI-VENEZIA-GIULIA
Friuli Venezia Giulia,1215220,2020-06-30,3308,2918,345,IT,IT-FRIULI-VENEZIA-GIULIA
Friuli Venezia Giulia,1215220,2020-07-01,3312,2911,345,IT,IT-FRIULI-VENEZIA-GIULIA
Friuli Venezia Giulia,1215220,2020-07-02,3314,2907,345,IT,IT-FRIULI-VENEZIA-GIULIA
Friuli Venezia Giulia,1215220,2020-07-03,3318,2905,345,IT,IT-FRIULI-VENEZIA-GIULIA
Friuli Venezia Giulia,1215220,2020-07-04,3326,2908,345,IT,IT-FRIULI-VENEZIA-GIULIA
Friuli Venezia Giulia,1215220,2020-07-05,3326,2908,345,IT,IT-FRIULI-VENEZIA-GIULIA
Friuli Venezia Giulia,1215220,2020-07-06,3326,2910,345,IT,IT-FRIULI-VENEZIA-GIULIA
Friuli Venezia Giulia,1215220,2020-07-07,3327,2910,345,IT,IT-FRIULI-VENEZIA-GIULIA
Friuli Venezia Giulia,1215220,2020-07-08,3331,2904,345,IT,IT-FRIULI-VENEZIA-GIULIA
Friuli Venezia Giulia,1215220,2020-07-09,3332,2912,345,IT,IT-FRIULI-VENEZIA-GIULIA
Friuli Venezia Giulia,1215220,2020-07-10,3333,2910,345,IT,IT-FRIULI-VENEZIA-GIULIA
Friuli Venezia Giulia,1215220,2020-07-11,3335,2911,345,IT,IT-FRIULI-VENEZIA-GIULIA
Friuli Venezia Giulia,1215220,2020-07-12,3335,2911,345,IT,IT-FRIULI-VENEZIA-GIULIA
Friuli Venezia Giulia,1215220,2020-07-13,3335,2910,345,IT,IT-FRIULI-VENEZIA-GIULIA
Friuli Venezia Giulia,1215220,2020-07-14,3335,2910,345,IT,IT-FRIULI-VENEZIA-GIULIA
Lazio,5879082,2020-05-15,7364,2672,604,IT,IT-LAZIO
Lazio,5879082,2020-05-16,7396,2758,616,IT,IT-LAZIO
Lazio,5879082,2020-05-17,7446,2914,622,IT,IT-LAZIO
Lazio,5879082,2020-05-18,7485,3031,628,IT,IT-LAZIO
Lazio,5879082,2020-05-19,7505,3079,640,IT,IT-LAZIO
Lazio,5879082,2020-05-20,7533,3100,647,IT,IT-LAZIO
Lazio,5879082,2020-05-21,7558,3259,662,IT,IT-LAZIO
Lazio,5879082,2020-05-22,7589,3285,669,IT,IT-LAZIO
Lazio,5879082,2020-05-23,7607,3350,676,IT,IT-LAZIO
Lazio,5879082,2020-05-24,7627,3374,684,IT,IT-LAZIO
Lazio,5879082,2020-05-25,7643,3401,688,IT,IT-LAZIO
Lazio,5879082,2020-05-26,7661,3430,693,IT,IT-LAZIO
Lazio,5879082,2020-05-27,7672,3483,701,IT,IT-LAZIO
Lazio,5879082,2020-05-28,7693,3580,708,IT,IT-LAZIO
Lazio,5879082,2020-05-29,7709,3825,721,IT,IT-LAZIO
Lazio,5879082,2020-05-30,7715,3932,728,IT,IT-LAZIO
Lazio,5879082,2020-05-31,7728,4010,735,IT,IT-LAZIO
Lazio,5879082,2020-06-01,7738,4105,739,IT,IT-LAZIO
Lazio,5879082,2020-06-02,7743,4155,741,IT,IT-LAZIO
Lazio,5879082,2020-06-03,7753,4188,747,IT,IT-LAZIO
Lazio,5879082,2020-06-04,7764,4260,750,IT,IT-LAZIO
Lazio,5879082,2020-06-05,7773,4309,754,IT,IT-LAZIO
Lazio,5879082,2020-06-06,7801,4346,758,IT,IT-LAZIO
Lazio,5879082,2020-06-07,7812,4362,760,IT,IT-LAZIO
Lazio,5879082,2020-06-08,7828,4450,763,IT,IT-LAZIO
Lazio,5879082,2020-06-09,7851,4515,766,IT,IT-LAZIO
Lazio,5879082,2020-06-10,7869,4533,770,IT,IT-LAZIO
Lazio,5879082,2020-06-11,7889,4596,776,IT,IT-LAZIO
Lazio,5879082,2020-06-12,7916,4913,781,IT,IT-LAZIO
Lazio,5879082,2020-06-13,7941,5778,806,IT,IT-LAZIO
Lazio,5879082,2020-06-14,7955,5825,808,IT,IT-LAZIO
Lazio,5879082,2020-06-15,7958,5855,811,IT,IT-LAZIO
Lazio,5879082,2020-06-16,7967,6024,814,IT,IT-LAZIO
Lazio,5879082,2020-06-17,7977,6120,818,IT,IT-LAZIO
Lazio,5879082,2020-06-18,7986,6167,822,IT,IT-LAZIO
Lazio,5879082,2020-06-19,7995,6181,826,IT,IT-LAZIO
Lazio,5879082,2020-06-20,8009,6195,827,IT,IT-LAZIO
Lazio,5879082,2020-06-21,8017,6199,827,IT,IT-LAZIO
Lazio,5879082,2020-06-22,8025,6250,830,IT,IT-LAZIO
Lazio,5879082,2020-06-23,8033,6315,832,IT,IT-LAZIO
Lazio,5879082,2020-06-24,8039,6337,833,IT,IT-LAZIO
Lazio,5879082,2020-06-25,8051,6354,835,IT,IT-LAZIO
Lazio,5879082,2020-06-26,8064,6412,836,IT,IT-LAZIO
Lazio,5879082,2020-06-27,8082,6418,837,IT,IT-LAZIO
Lazio,5879082,2020-06-28,8096,6418,837,IT,IT-LAZIO
Lazio,5879082,2020-06-29,8105,6428,837,IT,IT-LAZIO
Lazio,5879082,2020-06-30,8110,6437,837,IT,IT-LAZIO
Lazio,5879082,2020-07-01,8119,6448,839,IT,IT-LAZIO
Lazio,5879082,2020-07-02,8130,6460,839,IT,IT-LAZIO
Lazio,5879082,2020-07-03,8141,6475,840,IT,IT-LAZIO
Lazio,5879082,2020-07-04,8172,6477,841,IT,IT-LAZIO
Lazio,5879082,2020-07-05,8186,6484,841,IT,IT-LAZIO
Lazio,5879082,2020-07-06,8205,6493,842,IT,IT-LAZIO
Lazio,5879082,2020-07-07,8210,6495,842,IT,IT-LAZIO
Lazio,5879082,2020-07-08,8224,6508,842,IT,IT-LAZIO
Lazio,5879082,2020-07-09,8252,6520,843,IT,IT-LAZIO
Lazio,5879082,2020-07-10,8275,6530,844,IT,IT-LAZIO
Lazio,5879082,2020-07-11,8294,6535,844,IT,IT-LAZIO
Lazio,5879082,2020-07-12,8314,6557,844,IT,IT-LAZIO
Lazio,5879082,2020-07-13,8338,6601,845,IT,IT-LAZIO
Lazio,5879082,2020-07-14,8338,6601,845,IT,IT-LAZIO
Liguria,1550640,2020-05-15,9060,5121,1336,IT,IT-LIGURIA
Liguria,1550640,2020-05-16,9111,5232,1346,IT,IT-LIGURIA
Liguria,1550640,2020-05-17,9159,5348,1355,IT,IT-LIGURIA
Liguria,1550640,2020-05-18,9191,5485,1367,IT,IT-LIGURIA
Liguria,1550640,2020-05-19,9257,5617,1376,IT,IT-LIGURIA
Liguria,1550640,2020-05-20,9289,5725,1386,IT,IT-LIGURIA
Liguria,1550640,2020-05-21,9344,5872,1397,IT,IT-LIGURIA
Liguria,1550640,2020-05-22,9389,6074,1407,IT,IT-LIGURIA
Liguria,1550640,2020-05-23,9427,6279,1414,IT,IT-LIGURIA
Liguria,1550640,2020-05-24,9480,6437,1419,IT,IT-LIGURIA
Liguria,1550640,2020-05-25,9497,6516,1425,IT,IT-LIGURIA
Liguria,1550640,2020-05-26,9550,6681,1431,IT,IT-LIGURIA
Liguria,1550640,2020-05-27,9589,6882,1438,IT,IT-LIGURIA
Liguria,1550640,2020-05-28,9605,7015,1445,IT,IT-LIGURIA
Liguria,1550640,2020-05-29,9619,7173,1452,IT,IT-LIGURIA
Liguria,1550640,2020-05-30,9651,7411,1459,IT,IT-LIGURIA
Liguria,1550640,2020-05-31,9663,7529,1465,IT,IT-LIGURIA
Liguria,1550640,2020-06-01,9719,7641,1467,IT,IT-LIGURIA
Liguria,1550640,2020-06-02,9734,7720,1468,IT,IT-LIGURIA
Liguria,1550640,2020-06-03,9751,7764,1473,IT,IT-LIGURIA
Liguria,1550640,2020-06-04,9772,7899,1479,IT,IT-LIGURIA
Liguria,1550640,2020-06-05,9786,8056,1486,IT,IT-LIGURIA
Liguria,1550640,2020-06-06,9799,8062,1492,IT,IT-LIGURIA
Liguria,1550640,2020-06-07,9812,8070,1499,IT,IT-LIGURIA
Liguria,1550640,2020-06-08,9826,8073,1505,IT,IT-LIGURIA
Liguria,1550640,2020-06-09,9834,8076,1509,IT,IT-LIGURIA
Liguria,1550640,2020-06-10,9854,8096,1513,IT,IT-LIGURIA
Liguria,1550640,2020-06-11,9864,8100,1514,IT,IT-LIGURIA
Liguria,1550640,2020-06-12,9871,8106,1516,IT,IT-LIGURIA
Liguria,1550640,2020-06-13,9875,8113,1518,IT,IT-LIGURIA
Liguria,1550640,2020-06-14,9879,8115,1521,IT,IT-LIGURIA
Liguria,1550640,2020-06-15,9887,8116,1525,IT,IT-LIGURIA
Liguria,1550640,2020-06-16,9891,8120,1529,IT,IT-LIGURIA
Liguria,1550640,2020-06-17,9896,8120,1532,IT,IT-LIGURIA
Liguria,1550640,2020-06-18,9903,8121,1536,IT,IT-LIGURIA
Liguria,1550640,2020-06-19,9910,8121,1540,IT,IT-LIGURIA
Liguria,1550640,2020-06-20,9920,8125,1545,IT,IT-LIGURIA
Liguria,1550640,2020-06-21,9927,8130,1549,IT,IT-LIGURIA
Liguria,1550640,2020-06-22,9935,8133,1552,IT,IT-LIGURIA
Liguria,1550640,2020-06-23,9939,8131,1553,IT,IT-LIGURIA
Liguria,1550640,2020-06-24,9940,8124,1555,IT,IT-LIGURIA
Liguria,1550640,2020-06-25,9954,8139,1556,IT,IT-LIGURIA
Liguria,1550640,2020-06-26,9958,8138,1556,IT,IT-LIGURIA
Liguria,1550640,2020-06-27,9963,8138,1557,IT,IT-LIGURIA
Liguria,1550640,2020-06-28,9967,8137,1558,IT,IT-LIGURIA
Liguria,1550640,2020-06-29,9974,8139,1558,IT,IT-LIGURIA
Liguria,1550640,2020-06-30,9977,8139,1558,IT,IT-LIGURIA
Liguria,1550640,2020-07-01,9982,8144,1558,IT,IT-LIGURIA
Liguria,1550640,2020-07-02,9984,8145,1558,IT,IT-LIGURIA
Liguria,1550640,2020-07-03,9987,8146,1558,IT,IT-LIGURIA
Liguria,1550640,2020-07-04,9991,8150,1558,IT,IT-LIGURIA
Liguria,1550640,2020-07-05,9999,8152,1558,IT,IT-LIGURIA
Liguria,1550640,2020-07-06,10001,8154,1558,IT,IT-LIGURIA
Liguria,1550640,2020-07-07,10003,8160,1558,IT,IT-LIGURIA
Liguria,1550640,2020-07-08,10006,8161,1558,IT,IT-LIGURIA
Liguria,1550640,2020-07-09,10010,8174,1558,IT,IT-LIGURIA
Liguria,1550640,2020-07-10,10025,8203,1558,IT,IT-LIGURIA
Liguria,1550640,2020-07-11,10031,8219,1559,IT,IT-LIGURIA
Liguria,1550640,2020-07-12,10031,8233,1559,IT,IT-LIGURIA
Liguria,1550640,2020-07-13,10032,8255,1559,IT,IT-LIGURIA
Liguria,1550640,2020-07-14,10032,8255,1559,IT,IT-LIGURIA
Lombardia,10060574,2020-05-15,84119,40962,15411,IT,IT-LOMBARDIA
Lombardia,10060574,2020-05-16,84518,41389,15450,IT,IT-LOMBARDIA
Lombardia,10060574,2020-05-17,84844,41895,15519,IT,IT-LOMBARDIA
Lombardia,10060574,2020-05-18,85019,42403,15543,IT,IT-LOMBARDIA
Lombardia,10060574,2020-05-19,85481,42593,15597,IT,IT-LOMBARDIA
Lombardia,10060574,2020-05-20,85775,43442,15662,IT,IT-LOMBARDIA
Lombardia,10060574,2020-05-21,86091,43649,15727,IT,IT-LOMBARDIA
Lombardia,10060574,2020-05-22,86384,44667,15784,IT,IT-LOMBARDIA
Lombardia,10060574,2020-05-23,86825,45355,15840,IT,IT-LOMBARDIA
Lombardia,10060574,2020-05-24,87110,45656,15840,IT,IT-LOMBARDIA
Lombardia,10060574,2020-05-25,87258,46169,15874,IT,IT-LOMBARDIA
Lombardia,10060574,2020-05-26,87417,47044,15896,IT,IT-LOMBARDIA
Lombardia,10060574,2020-05-27,87801,47810,15954,IT,IT-LOMBARDIA
Lombardia,10060574,2020-05-28,88183,49296,15974,IT,IT-LOMBARDIA
Lombardia,10060574,2020-05-29,88537,49842,16012,IT,IT-LOMBARDIA
Lombardia,10060574,2020-05-30,88758,50870,16079,IT,IT-LOMBARDIA
Lombardia,10060574,2020-05-31,88968,51860,16112,IT,IT-LOMBARDIA
Lombardia,10060574,2020-06-01,89018,52026,16131,IT,IT-LOMBARDIA
Lombardia,10060574,2020-06-02,89205,52807,16143,IT,IT-LOMBARDIA
Lombardia,10060574,2020-06-03,89442,53046,16172,IT,IT-LOMBARDIA
Lombardia,10060574,2020-06-04,89526,53101,16201,IT,IT-LOMBARDIA
Lombardia,10060574,2020-06-05,89928,53853,16222,IT,IT-LOMBARDIA
Lombardia,10060574,2020-06-06,90070,54322,16249,IT,IT-LOMBARDIA
Lombardia,10060574,2020-06-07,90195,54505,16270,IT,IT-LOMBARDIA
Lombardia,10060574,2020-06-08,90389,54768,16302,IT,IT-LOMBARDIA
Lombardia,10060574,2020-06-09,90581,55967,16317,IT,IT-LOMBARDIA
Lombardia,10060574,2020-06-10,90680,56474,16349,IT,IT-LOMBARDIA
Lombardia,10060574,2020-06-11,90932,57218,16374,IT,IT-LOMBARDIA
Lombardia,10060574,2020-06-12,91204,57775,16405,IT,IT-LOMBARDIA
Lombardia,10060574,2020-06-13,91414,58201,16428,IT,IT-LOMBARDIA
Lombardia,10060574,2020-06-14,91658,59220,16449,IT,IT-LOMBARDIA
Lombardia,10060574,2020-06-15,91917,59484,16457,IT,IT-LOMBARDIA
Lombardia,10060574,2020-06-16,92060,60361,16466,IT,IT-LOMBARDIA
Lombardia,10060574,2020-06-17,92302,60850,16480,IT,IT-LOMBARDIA
Lombardia,10060574,2020-06-18,92518,61355,16516,IT,IT-LOMBARDIA
Lombardia,10060574,2020-06-19,92675,62096,16534,IT,IT-LOMBARDIA
Lombardia,10060574,2020-06-20,92840,62372,16557,IT,IT-LOMBARDIA
Lombardia,10060574,2020-06-21,92968,62555,16570,IT,IT-LOMBARDIA
Lombardia,10060574,2020-06-22,93111,62900,16573,IT,IT-LOMBARDIA
Lombardia,10060574,2020-06-23,93173,63691,16579,IT,IT-LOMBARDIA
Lombardia,10060574,2020-06-24,93261,64448,16586,IT,IT-LOMBARDIA
Lombardia,10060574,2020-06-25,93431,64831,16608,IT,IT-LOMBARDIA
Lombardia,10060574,2020-06-26,93587,65323,16624,IT,IT-LOMBARDIA
Lombardia,10060574,2020-06-27,93664,66046,16626,IT,IT-LOMBARDIA
Lombardia,10060574,2020-06-28,93761,66175,16639,IT,IT-LOMBARDIA
Lombardia,10060574,2020-06-29,93839,66376,16640,IT,IT-LOMBARDIA
Lombardia,10060574,2020-06-30,93901,67197,16644,IT,IT-LOMBARDIA
Lombardia,10060574,2020-07-01,94010,67422,16650,IT,IT-LOMBARDIA
Lombardia,10060574,2020-07-02,94108,67610,16671,IT,IT-LOMBARDIA
Lombardia,10060574,2020-07-03,94223,67871,16675,IT,IT-LOMBARDIA
Lombardia,10060574,2020-07-04,94318,68201,16691,IT,IT-LOMBARDIA
Lombardia,10060574,2020-07-05,94416,68274,16697,IT,IT-LOMBARDIA
Lombardia,10060574,2020-07-06,94527,68335,16700,IT,IT-LOMBARDIA
Lombardia,10060574,2020-07-07,94580,68793,16713,IT,IT-LOMBARDIA
Lombardia,10060574,2020-07-08,94651,69466,16725,IT,IT-LOMBARDIA
Lombardia,10060574,2020-07-09,94770,69683,16730,IT,IT-LOMBARDIA
Lombardia,10060574,2020-07-10,94905,69828,16736,IT,IT-LOMBARDIA
Lombardia,10060574,2020-07-11,94972,70020,16740,IT,IT-LOMBARDIA
Lombardia,10060574,2020-07-12,95049,70297,16748,IT,IT-LOMBARDIA
Lombardia,10060574,2020-07-13,95143,70375,16757,IT,IT-LOMBARDIA
Lombardia,10060574,2020-07-14,95143,70375,16757,IT,IT-LOMBARDIA
Marche,1525271,2020-05-15,6619,2847,977,IT,IT-MARCHE
Marche,1525271,2020-05-16,6642,3003,982,IT,IT-MARCHE
Marche,1525271,2020-05-17,6667,3118,984,IT,IT-MARCHE
Marche,1525271,2020-05-18,6678,3379,984,IT,IT-MARCHE
Marche,1525271,2020-05-19,6675,3561,986,IT,IT-MARCHE
Marche,1525271,2020-05-20,6677,3716,987,IT,IT-MARCHE
Marche,1525271,2020-05-21,6689,3867,990,IT,IT-MARCHE
Marche,1525271,2020-05-22,6697,3939,990,IT,IT-MARCHE
Marche,1525271,2020-05-23,6701,3995,993,IT,IT-MARCHE
Marche,1525271,2020-05-24,6714,4028,994,IT,IT-MARCHE
Marche,1525271,2020-05-25,6716,4059,995,IT,IT-MARCHE
Marche,1525271,2020-05-26,6718,4147,996,IT,IT-MARCHE
Marche,1525271,2020-05-27,6718,4272,996,IT,IT-MARCHE
Marche,1525271,2020-05-28,6719,4376,997,IT,IT-MARCHE
Marche,1525271,2020-05-29,6723,4385,986,IT,IT-MARCHE
Marche,1525271,2020-05-30,6727,4393,987,IT,IT-MARCHE
Marche,1525271,2020-05-31,6730,4405,987,IT,IT-MARCHE
Marche,1525271,2020-06-01,6730,4416,987,IT,IT-MARCHE
Marche,1525271,2020-06-02,6734,4421,987,IT,IT-MARCHE
Marche,1525271,2020-06-03,6735,4438,987,IT,IT-MARCHE
Marche,1525271,2020-06-04,6738,4447,988,IT,IT-MARCHE
Marche,1525271,2020-06-05,6740,4458,989,IT,IT-MARCHE
Marche,1525271,2020-06-06,6742,4556,991,IT,IT-MARCHE
Marche,1525271,2020-06-07,6745,4595,991,IT,IT-MARCHE
Marche,1525271,2020-06-08,6747,4681,991,IT,IT-MARCHE
Marche,1525271,2020-06-09,6747,4763,992,IT,IT-MARCHE
Marche,1525271,2020-06-10,6750,4811,992,IT,IT-MARCHE
Marche,1525271,2020-06-11,6751,4857,992,IT,IT-MARCHE
Marche,1525271,2020-06-12,6752,5009,993,IT,IT-MARCHE
Marche,1525271,2020-06-13,6754,5084,993,IT,IT-MARCHE
Marche,1525271,2020-06-14,6758,5139,993,IT,IT-MARCHE
Marche,1525271,2020-06-15,6762,5152,993,IT,IT-MARCHE
Marche,1525271,2020-06-16,6763,5168,994,IT,IT-MARCHE
Marche,1525271,2020-06-17,6764,5185,994,IT,IT-MARCHE
Marche,1525271,2020-06-18,6768,5197,994,IT,IT-MARCHE
Marche,1525271,2020-06-19,6768,5214,994,IT,IT-MARCHE
Marche,1525271,2020-06-20,6768,5235,994,IT,IT-MARCHE
Marche,1525271,2020-06-21,6768,5247,994,IT,IT-MARCHE
Marche,1525271,2020-06-22,6774,5275,994,IT,IT-MARCHE
Marche,1525271,2020-06-23,6775,5288,994,IT,IT-MARCHE
Marche,1525271,2020-06-24,6779,5314,994,IT,IT-MARCHE
Marche,1525271,2020-06-25,6781,5330,991,IT,IT-MARCHE
Marche,1525271,2020-06-26,6783,5385,991,IT,IT-MARCHE
Marche,1525271,2020-06-27,6785,5437,991,IT,IT-MARCHE
Marche,1525271,2020-06-28,6785,5474,991,IT,IT-MARCHE
Marche,1525271,2020-06-29,6785,5520,991,IT,IT-MARCHE
Marche,1525271,2020-06-30,6785,5528,991,IT,IT-MARCHE
Marche,1525271,2020-07-01,6786,5551,987,IT,IT-MARCHE
Marche,1525271,2020-07-02,6789,5564,987,IT,IT-MARCHE
Marche,1525271,2020-07-03,6789,5575,987,IT,IT-MARCHE
Marche,1525271,2020-07-04,6789,5599,987,IT,IT-MARCHE
Marche,1525271,2020-07-05,6790,5609,987,IT,IT-MARCHE
Marche,1525271,2020-07-06,6790,5614,987,IT,IT-MARCHE
Marche,1525271,2020-07-07,6791,5619,987,IT,IT-MARCHE
Marche,1525271,2020-07-08,6794,5623,987,IT,IT-MARCHE
Marche,1525271,2020-07-09,6798,5638,987,IT,IT-MARCHE
Marche,1525271,2020-07-10,6799,5644,987,IT,IT-MARCHE
Marche,1525271,2020-07-11,6803,5647,987,IT,IT-MARCHE
Marche,1525271,2020-07-12,6804,5650,987,IT,IT-MARCHE
Marche,1525271,2020-07-13,6804,5658,987,IT,IT-MARCHE
Marche,1525271,2020-07-14,6804,5658,987,IT,IT-MARCHE
Molise,305617,2020-05-15,407,158,22,IT,IT-MOLISE
Molise,305617,2020-05-16,410,173,22,IT,IT-MOLISE
Molise,305617,2020-05-17,411,173,22,IT,IT-MOLISE
Molise,305617,2020-05-18,422,183,22,IT,IT-MOLISE
Molise,305617,2020-05-19,422,188,22,IT,IT-MOLISE
Molise,305617,2020-05-20,422,202,22,IT,IT-MOLISE
Molise,305617,2020-05-21,423,207,22,IT,IT-MOLISE
Molise,305617,2020-05-22,426,220,22,IT,IT-MOLISE
Molise,305617,2020-05-23,431,220,22,IT,IT-MOLISE
Molise,305617,2020-05-24,432,227,22,IT,IT-MOLISE
Molise,305617,2020-05-25,432,233,22,IT,IT-MOLISE
Molise,305617,2020-05-26,432,236,22,IT,IT-MOLISE
Molise,305617,2020-05-27,434,246,22,IT,IT-MOLISE
Molise,305617,2020-05-28,435,250,22,IT,IT-MOLISE
Molise,305617,2020-05-29,436,252,22,IT,IT-MOLISE
Molise,305617,2020-05-30,436,258,22,IT,IT-MOLISE
Molise,305617,2020-05-31,436,269,22,IT,IT-MOLISE
Molise,305617,2020-06-01,436,279,22,IT,IT-MOLISE
Molise,305617,2020-06-02,436,281,22,IT,IT-MOLISE
Molise,305617,2020-06-03,436,287,22,IT,IT-MOLISE
Molise,305617,2020-06-04,436,288,23,IT,IT-MOLISE
Molise,305617,2020-06-05,436,291,23,IT,IT-MOLISE
Molise,305617,2020-06-06,436,292,23,IT,IT-MOLISE
Molise,305617,2020-06-07,436,293,23,IT,IT-MOLISE
Molise,305617,2020-06-08,436,294,23,IT,IT-MOLISE
Molise,305617,2020-06-09,438,295,23,IT,IT-MOLISE
Molise,305617,2020-06-10,439,296,23,IT,IT-MOLISE
Molise,305617,2020-06-11,439,300,23,IT,IT-MOLISE
Molise,305617,2020-06-12,439,302,23,IT,IT-MOLISE
Molise,305617,2020-06-13,439,319,23,IT,IT-MOLISE
Molise,305617,2020-06-14,439,342,23,IT,IT-MOLISE
Molise,305617,2020-06-15,439,346,23,IT,IT-MOLISE
Molise,305617,2020-06-16,439,351,23,IT,IT-MOLISE
Molise,305617,2020-06-17,440,355,23,IT,IT-MOLISE
Molise,305617,2020-06-18,440,357,23,IT,IT-MOLISE
Molise,305617,2020-06-19,441,365,23,IT,IT-MOLISE
Molise,305617,2020-06-20,441,365,23,IT,IT-MOLISE
Molise,305617,2020-06-21,441,378,23,IT,IT-MOLISE
Molise,305617,2020-06-22,444,378,23,IT,IT-MOLISE
Molise,305617,2020-06-23,444,378,23,IT,IT-MOLISE
Molise,305617,2020-06-24,444,378,23,IT,IT-MOLISE
Molise,305617,2020-06-25,444,385,23,IT,IT-MOLISE
Molise,305617,2020-06-26,445,393,23,IT,IT-MOLISE
Molise,305617,2020-06-27,445,396,23,IT,IT-MOLISE
Molise,305617,2020-06-28,445,396,23,IT,IT-MOLISE
Molise,305617,2020-06-29,445,396,23,IT,IT-MOLISE
Molise,305617,2020-06-30,445,397,23,IT,IT-MOLISE
Molise,305617,2020-07-01,445,397,23,IT,IT-MOLISE
Molise,305617,2020-07-02,445,401,23,IT,IT-MOLISE
Molise,305617,2020-07-03,445,401,23,IT,IT-MOLISE
Molise,305617,2020-07-04,445,401,23,IT,IT-MOLISE
Molise,305617,2020-07-05,445,401,23,IT,IT-MOLISE
Molise,305617,2020-07-06,445,401,23,IT,IT-MOLISE
Molise,305617,2020-07-07,445,404,23,IT,IT-MOLISE
Molise,305617,2020-07-08,445,405,23,IT,IT-MOLISE
Molise,305617,2020-07-09,445,407,23,IT,IT-MOLISE
Molise,305617,2020-07-10,445,407,23,IT,IT-MOLISE
Molise,305617,2020-07-11,445,410,23,IT,IT-MOLISE
Molise,305617,2020-07-12,446,410,23,IT,IT-MOLISE
Molise,305617,2020-07-13,446,410,23,IT,IT-MOLISE
Molise,305617,2020-07-14,446,410,23,IT,IT-MOLISE
Sardegna,1639591,2020-05-15,1348,762,125,IT,IT-PARDEGNA
Sardegna,1639591,2020-05-16,1352,812,125,IT,IT-PARDEGNA
Sardegna,1639591,2020-05-17,1353,823,125,IT,IT-PARDEGNA
Sardegna,1639591,2020-05-18,1353,847,126,IT,IT-PARDEGNA
Sardegna,1639591,2020-05-19,1354,887,126,IT,IT-PARDEGNA
Sardegna,1639591,2020-05-20,1355,898,126,IT,IT-PARDEGNA
Sardegna,1639591,2020-05-21,1356,911,127,IT,IT-PARDEGNA
Sardegna,1639591,2020-05-22,1356,922,128,IT,IT-PARDEGNA
Sardegna,1639591,2020-05-23,1356,940,129,IT,IT-PARDEGNA
Sardegna,1639591,2020-05-24,1356,982,129,IT,IT-PARDEGNA
Sardegna,1639591,2020-05-25,1354,994,129,IT,IT-PARDEGNA
Sardegna,1639591,2020-05-26,1354,1000,130,IT,IT-PARDEGNA
Sardegna,1639591,2020-05-27,1355,1010,130,IT,IT-PARDEGNA
Sardegna,1639591,2020-05-28,1355,1025,130,IT,IT-PARDEGNA
Sardegna,1639591,2020-05-29,1356,1036,130,IT,IT-PARDEGNA
Sardegna,1639591,2020-05-30,1356,1040,130,IT,IT-PARDEGNA
Sardegna,1639591,2020-05-31,1356,1041,130,IT,IT-PARDEGNA
Sardegna,1639591,2020-06-01,1357,1065,131,IT,IT-PARDEGNA
Sardegna,1639591,2020-06-02,1357,1071,131,IT,IT-PARDEGNA
Sardegna,1639591,2020-06-03,1357,1080,131,IT,IT-PARDEGNA
Sardegna,1639591,2020-06-04,1357,1118,131,IT,IT-PARDEGNA
Sardegna,1639591,2020-06-05,1359,1161,131,IT,IT-PARDEGNA
Sardegna,1639591,2020-06-06,1362,1171,131,IT,IT-PARDEGNA
Sardegna,1639591,2020-06-07,1362,1172,131,IT,IT-PARDEGNA
Sardegna,1639591,2020-06-08,1362,1175,131,IT,IT-PARDEGNA
Sardegna,1639591,2020-06-09,1361,1176,131,IT,IT-PARDEGNA
Sardegna,1639591,2020-06-10,1361,1180,131,IT,IT-PARDEGNA
Sardegna,1639591,2020-06-11,1362,1188,131,IT,IT-PARDEGNA
Sardegna,1639591,2020-06-12,1363,1190,131,IT,IT-PARDEGNA
Sardegna,1639591,2020-06-13,1363,1197,132,IT,IT-PARDEGNA
Sardegna,1639591,2020-06-14,1363,1198,132,IT,IT-PARDEGNA
Sardegna,1639591,2020-06-15,1363,1198,132,IT,IT-PARDEGNA
Sardegna,1639591,2020-06-16,1365,1200,132,IT,IT-PARDEGNA
Sardegna,1639591,2020-06-17,1366,1203,132,IT,IT-PARDEGNA
Sardegna,1639591,2020-06-18,1367,1204,132,IT,IT-PARDEGNA
Sardegna,1639591,2020-06-19,1368,1206,132,IT,IT-PARDEGNA
Sardegna,1639591,2020-06-20,1369,1209,132,IT,IT-PARDEGNA
Sardegna,1639591,2020-06-21,1369,1209,132,IT,IT-PARDEGNA
Sardegna,1639591,2020-06-22,1369,1209,132,IT,IT-PARDEGNA
Sardegna,1639591,2020-06-23,1360,1213,132,IT,IT-PARDEGNA
Sardegna,1639591,2020-06-24,1361,1214,132,IT,IT-PARDEGNA
Sardegna,1639591,2020-06-25,1362,1216,132,IT,IT-PARDEGNA
Sardegna,1639591,2020-06-26,1362,1218,132,IT,IT-PARDEGNA
Sardegna,1639591,2020-06-27,1363,1218,132,IT,IT-PARDEGNA
Sardegna,1639591,2020-06-28,1364,1218,132,IT,IT-PARDEGNA
Sardegna,1639591,2020-06-29,1364,1218,132,IT,IT-PARDEGNA
Sardegna,1639591,2020-06-30,1366,1219,133,IT,IT-PARDEGNA
Sardegna,1639591,2020-07-01,1366,1222,133,IT,IT-PARDEGNA
Sardegna,1639591,2020-07-02,1368,1222,133,IT,IT-PARDEGNA
Sardegna,1639591,2020-07-03,1369,1222,133,IT,IT-PARDEGNA
Sardegna,1639591,2020-07-04,1369,1223,133,IT,IT-PARDEGNA
Sardegna,1639591,2020-07-05,1370,1225,133,IT,IT-PARDEGNA
Sardegna,1639591,2020-07-06,1371,1227,134,IT,IT-PARDEGNA
Sardegna,1639591,2020-07-07,1371,1224,134,IT,IT-PARDEGNA
Sardegna,1639591,2020-07-08,1371,1227,134,IT,IT-PARDEGNA
Sardegna,1639591,2020-07-09,1371,1227,134,IT,IT-PARDEGNA
Sardegna,1639591,2020-07-10,1372,1228,134,IT,IT-PARDEGNA
Sardegna,1639591,2020-07-11,1372,1229,134,IT,IT-PARDEGNA
Sardegna,1639591,2020-07-12,1372,1229,134,IT,IT-PARDEGNA
Sardegna,1639591,2020-07-13,1373,1229,134,IT,IT-PARDEGNA
Sardegna,1639591,2020-07-14,1373,1229,134,IT,IT-PARDEGNA
Piemonte,4356406,2020-05-15,29346,14676,3557,IT,IT-PIEMONTE
Piemonte,4356406,2020-05-16,29483,15187,3594,IT,IT-PIEMONTE
Piemonte,4356406,2020-05-17,29547,15696,3612,IT,IT-PIEMONTE
Piemonte,4356406,2020-05-18,29619,16113,3632,IT,IT-PIEMONTE
Piemonte,4356406,2020-05-19,29727,16413,3679,IT,IT-PIEMONTE
Piemonte,4356406,2020-05-20,29885,17016,3718,IT,IT-PIEMONTE
Piemonte,4356406,2020-05-21,29990,17538,3742,IT,IT-PIEMONTE
Piemonte,4356406,2020-05-22,30077,17868,3757,IT,IT-PIEMONTE
Piemonte,4356406,2020-05-23,30137,18341,3771,IT,IT-PIEMONTE
Piemonte,4356406,2020-05-24,30180,18694,3783,IT,IT-PIEMONTE
Piemonte,4356406,2020-05-25,30228,18934,3798,IT,IT-PIEMONTE
Piemonte,4356406,2020-05-26,30314,19561,3812,IT,IT-PIEMONTE
Piemonte,4356406,2020-05-27,30387,20095,3828,IT,IT-PIEMONTE
Piemonte,4356406,2020-05-28,30445,20535,3838,IT,IT-PIEMONTE
Piemonte,4356406,2020-05-29,30501,20992,3851,IT,IT-PIEMONTE
Piemonte,4356406,2020-05-30,30583,21435,3858,IT,IT-PIEMONTE
Piemonte,4356406,2020-05-31,30637,21609,3867,IT,IT-PIEMONTE
Piemonte,4356406,2020-06-01,30658,21720,3876,IT,IT-PIEMONTE
Piemonte,4356406,2020-06-02,30715,22003,3884,IT,IT-PIEMONTE
Piemonte,4356406,2020-06-03,30734,22150,3898,IT,IT-PIEMONTE
Piemonte,4356406,2020-06-04,30758,22292,3910,IT,IT-PIEMONTE
Piemonte,4356406,2020-06-05,30807,22511,3927,IT,IT-PIEMONTE
Piemonte,4356406,2020-06-06,30845,22744,3934,IT,IT-PIEMONTE
Piemonte,4356406,2020-06-07,30855,22952,3941,IT,IT-PIEMONTE
Piemonte,4356406,2020-06-08,30869,23049,3954,IT,IT-PIEMONTE
Piemonte,4356406,2020-06-09,30890,23258,3961,IT,IT-PIEMONTE
Piemonte,4356406,2020-06-10,30916,23568,3976,IT,IT-PIEMONTE
Piemonte,4356406,2020-06-11,30958,23787,3988,IT,IT-PIEMONTE
Piemonte,4356406,2020-06-12,30989,24096,3996,IT,IT-PIEMONTE
Piemonte,4356406,2020-06-13,31029,24203,4006,IT,IT-PIEMONTE
Piemonte,4356406,2020-06-14,31059,24399,4012,IT,IT-PIEMONTE
Piemonte,4356406,2020-06-15,31061,24445,4012,IT,IT-PIEMONTE
Piemonte,4356406,2020-06-16,31090,24622,4018,IT,IT-PIEMONTE
Piemonte,4356406,2020-06-17,31131,24720,4026,IT,IT-PIEMONTE
Piemonte,4356406,2020-06-18,31162,24840,4032,IT,IT-PIEMONTE
Piemonte,4356406,2020-06-19,31188,24971,4039,IT,IT-PIEMONTE
Piemonte,4356406,2020-06-20,31215,25082,4045,IT,IT-PIEMONTE
Piemonte,4356406,2020-06-21,31241,25177,4051,IT,IT-PIEMONTE
Piemonte,4356406,2020-06-22,31248,25223,4055,IT,IT-PIEMONTE
Piemonte,4356406,2020-06-23,31254,25325,4059,IT,IT-PIEMONTE
Piemonte,4356406,2020-06-24,31276,25480,4066,IT,IT-PIEMONTE
Piemonte,4356406,2020-06-25,31296,25544,4071,IT,IT-PIEMONTE
Piemonte,4356406,2020-06-26,31311,25649,4077,IT,IT-PIEMONTE
Piemonte,4356406,2020-06-27,31322,25739,4080,IT,IT-PIEMONTE
Piemonte,4356406,2020-06-28,31336,25756,4085,IT,IT-PIEMONTE
Piemonte,4356406,2020-06-29,31338,25761,4087,IT,IT-PIEMONTE
Piemonte,4356406,2020-06-30,31349,25836,4090,IT,IT-PIEMONTE
Piemonte,4356406,2020-07-01,31365,25921,4091,IT,IT-PIEMONTE
Piemonte,4356406,2020-07-02,31378,25983,4096,IT,IT-PIEMONTE
Piemonte,4356406,2020-07-03,31394,26019,4100,IT,IT-PIEMONTE
Piemonte,4356406,2020-07-04,31405,26086,4102,IT,IT-PIEMONTE
Piemonte,4356406,2020-07-05,31423,26104,4102,IT,IT-PIEMONTE
Piemonte,4356406,2020-07-06,31429,26117,4104,IT,IT-PIEMONTE
Piemonte,4356406,2020-07-07,31434,26154,4107,IT,IT-PIEMONTE
Piemonte,4356406,2020-07-08,31459,26212,4107,IT,IT-PIEMONTE
Piemonte,4356406,2020-07-09,31475,26243,4108,IT,IT-PIEMONTE
Piemonte,4356406,2020-07-10,31485,26300,4110,IT,IT-PIEMONTE
Piemonte,4356406,2020-07-11,31494,26314,4111,IT,IT-PIEMONTE
Piemonte,4356406,2020-07-12,31498,26329,4111,IT,IT-PIEMONTE
Piemonte,4356406,2020-07-13,31504,26339,4112,IT,IT-PIEMONTE
Piemonte,4356406,2020-07-14,31504,26339,4112,IT,IT-PIEMONTE
Puglia,4029053,2020-05-15,4366,1724,461,IT,IT-PUGLIA
Puglia,4029053,2020-05-16,4374,1807,463,IT,IT-PUGLIA
Puglia,4029053,2020-05-17,4379,1892,470,IT,IT-PUGLIA
Puglia,4029053,2020-05-18,4386,1920,471,IT,IT-PUGLIA
Puglia,4029053,2020-05-19,4396,1982,473,IT,IT-PUGLIA
Puglia,4029053,2020-05-20,4407,2027,478,IT,IT-PUGLIA
Puglia,4029053,2020-05-21,4413,2096,478,IT,IT-PUGLIA
Puglia,4029053,2020-05-22,4440,2120,482,IT,IT-PUGLIA
Puglia,4029053,2020-05-23,4448,2157,486,IT,IT-PUGLIA
Puglia,4029053,2020-05-24,4458,2178,487,IT,IT-PUGLIA
Puglia,4029053,2020-05-25,4467,2298,491,IT,IT-PUGLIA
Puglia,4029053,2020-05-26,4469,2436,494,IT,IT-PUGLIA
Puglia,4029053,2020-05-27,4479,2471,495,IT,IT-PUGLIA
Puglia,4029053,2020-05-28,4481,2590,496,IT,IT-PUGLIA
Puglia,4029053,2020-05-29,4482,2699,500,IT,IT-PUGLIA
Puglia,4029053,2020-05-30,4490,2768,500,IT,IT-PUGLIA
Puglia,4029053,2020-05-31,4494,2813,504,IT,IT-PUGLIA
Puglia,4029053,2020-06-01,4498,2837,506,IT,IT-PUGLIA
Puglia,4029053,2020-06-02,4498,2939,508,IT,IT-PUGLIA
Puglia,4029053,2020-06-03,4499,2952,511,IT,IT-PUGLIA
Puglia,4029053,2020-06-04,4503,3022,514,IT,IT-PUGLIA
Puglia,4029053,2020-06-05,4507,3140,521,IT,IT-PUGLIA
Puglia,4029053,2020-06-06,4511,3231,522,IT,IT-PUGLIA
Puglia,4029053,2020-06-07,4511,3253,525,IT,IT-PUGLIA
Puglia,4029053,2020-06-08,4512,3289,525,IT,IT-PUGLIA
Puglia,4029053,2020-06-09,4512,3373,526,IT,IT-PUGLIA
Puglia,4029053,2020-06-10,4512,3426,529,IT,IT-PUGLIA
Puglia,4029053,2020-06-11,4513,3516,530,IT,IT-PUGLIA
Puglia,4029053,2020-06-12,4515,3544,532,IT,IT-PUGLIA
Puglia,4029053,2020-06-13,4515,3561,532,IT,IT-PUGLIA
Puglia,4029053,2020-06-14,4515,3565,532,IT,IT-PUGLIA
Puglia,4029053,2020-06-15,4516,3572,534,IT,IT-PUGLIA
Puglia,4029053,2020-06-16,4516,3628,535,IT,IT-PUGLIA
Puglia,4029053,2020-06-17,4516,3656,536,IT,IT-PUGLIA
Puglia,4029053,2020-06-18,4519,3675,538,IT,IT-PUGLIA
Puglia,4029053,2020-06-19,4520,3727,538,IT,IT-PUGLIA
Puglia,4029053,2020-06-20,4525,3765,540,IT,IT-PUGLIA
Puglia,4029053,2020-06-21,4527,3765,540,IT,IT-PUGLIA
Puglia,4029053,2020-06-22,4527,3769,540,IT,IT-PUGLIA
Puglia,4029053,2020-06-23,4529,3797,542,IT,IT-PUGLIA
Puglia,4029053,2020-06-24,4529,3809,543,IT,IT-PUGLIA
Puglia,4029053,2020-06-25,4530,3814,543,IT,IT-PUGLIA
Puglia,4029053,2020-06-26,4531,3835,543,IT,IT-PUGLIA
Puglia,4029053,2020-06-27,4531,3841,543,IT,IT-PUGLIA
Puglia,4029053,2020-06-28,4531,3842,543,IT,IT-PUGLIA
Puglia,4029053,2020-06-29,4531,3843,543,IT,IT-PUGLIA
Puglia,4029053,2020-06-30,4531,3857,545,IT,IT-PUGLIA
Puglia,4029053,2020-07-01,4530,3873,545,IT,IT-PUGLIA
Puglia,4029053,2020-07-02,4530,3876,545,IT,IT-PUGLIA
Puglia,4029053,2020-07-03,4533,3879,545,IT,IT-PUGLIA
Puglia,4029053,2020-07-04,4536,3880,545,IT,IT-PUGLIA
Puglia,4029053,2020-07-05,4536,3881,545,IT,IT-PUGLIA
Puglia,4029053,2020-07-06,4536,3898,545,IT,IT-PUGLIA
Puglia,4029053,2020-07-07,4535,3910,546,IT,IT-PUGLIA
Puglia,4029053,2020-07-08,4536,3912,546,IT,IT-PUGLIA
Puglia,4029053,2020-07-09,4536,3916,546,IT,IT-PUGLIA
Puglia,4029053,2020-07-10,4540,3922,546,IT,IT-PUGLIA
Puglia,4029053,2020-07-11,4541,3924,546,IT,IT-PUGLIA
Puglia,4029053,2020-07-12,4541,3924,546,IT,IT-PUGLIA
Puglia,4029053,2020-07-13,4541,3926,547,IT,IT-PUGLIA
Puglia,4029053,2020-07-14,4541,3926,547,IT,IT-PUGLIA
Sicilia,4999891,2020-05-15,3374,1351,263,IT,IT-SICILIA
Sicilia,4999891,2020-05-16,3382,1458,265,IT,IT-SICILIA
Sicilia,4999891,2020-05-17,3388,1566,267,IT,IT-SICILIA
Sicilia,4999891,2020-05-18,3395,1589,267,IT,IT-SICILIA
Sicilia,4999891,2020-05-19,3403,1611,268,IT,IT-SICILIA
Sicilia,4999891,2020-05-20,3411,1620,268,IT,IT-SICILIA
Sicilia,4999891,2020-05-21,3417,1627,268,IT,IT-SICILIA
Sicilia,4999891,2020-05-22,3421,1634,268,IT,IT-SICILIA
Sicilia,4999891,2020-05-23,3421,1640,269,IT,IT-SICILIA
Sicilia,4999891,2020-05-24,3423,1701,269,IT,IT-SICILIA
Sicilia,4999891,2020-05-25,3427,1724,270,IT,IT-SICILIA
Sicilia,4999891,2020-05-26,3430,1729,271,IT,IT-SICILIA
Sicilia,4999891,2020-05-27,3435,1845,272,IT,IT-SICILIA
Sicilia,4999891,2020-05-28,3438,2021,272,IT,IT-SICILIA
Sicilia,4999891,2020-05-29,3440,2031,272,IT,IT-SICILIA
Sicilia,4999891,2020-05-30,3442,2170,273,IT,IT-SICILIA
Sicilia,4999891,2020-05-31,3443,2183,274,IT,IT-SICILIA
Sicilia,4999891,2020-06-01,3443,2202,274,IT,IT-SICILIA
Sicilia,4999891,2020-06-02,3447,2206,275,IT,IT-SICILIA
Sicilia,4999891,2020-06-03,3447,2292,275,IT,IT-SICILIA
Sicilia,4999891,2020-06-04,3447,2292,276,IT,IT-SICILIA
Sicilia,4999891,2020-06-05,3448,2300,276,IT,IT-SICILIA
Sicilia,4999891,2020-06-06,3450,2308,276,IT,IT-SICILIA
Sicilia,4999891,2020-06-07,3451,2312,277,IT,IT-SICILIA
Sicilia,4999891,2020-06-08,3452,2321,278,IT,IT-SICILIA
Sicilia,4999891,2020-06-09,3454,2323,278,IT,IT-SICILIA
Sicilia,4999891,2020-06-10,3455,2324,278,IT,IT-SICILIA
Sicilia,4999891,2020-06-11,3455,2327,279,IT,IT-SICILIA
Sicilia,4999891,2020-06-12,3455,2335,279,IT,IT-SICILIA
Sicilia,4999891,2020-06-13,3456,2335,279,IT,IT-SICILIA
Sicilia,4999891,2020-06-14,3457,2341,279,IT,IT-SICILIA
Sicilia,4999891,2020-06-15,3458,2373,280,IT,IT-SICILIA
Sicilia,4999891,2020-06-16,3460,2374,280,IT,IT-SICILIA
Sicilia,4999891,2020-06-17,3462,2377,280,IT,IT-SICILIA
Sicilia,4999891,2020-06-18,3464,2547,280,IT,IT-SICILIA
Sicilia,4999891,2020-06-19,3070,2640,280,IT,IT-SICILIA
Sicilia,4999891,2020-06-20,3070,2650,280,IT,IT-SICILIA
Sicilia,4999891,2020-06-21,3072,2651,280,IT,IT-SICILIA
Sicilia,4999891,2020-06-22,3072,2651,280,IT,IT-SICILIA
Sicilia,4999891,2020-06-23,3073,2661,280,IT,IT-SICILIA
Sicilia,4999891,2020-06-24,3074,2662,280,IT,IT-SICILIA
Sicilia,4999891,2020-06-25,3076,2666,280,IT,IT-SICILIA
Sicilia,4999891,2020-06-26,3076,2666,281,IT,IT-SICILIA
Sicilia,4999891,2020-06-27,3077,2666,281,IT,IT-SICILIA
Sicilia,4999891,2020-06-28,3077,2666,281,IT,IT-SICILIA
Sicilia,4999891,2020-06-29,3078,2670,281,IT,IT-SICILIA
Sicilia,4999891,2020-06-30,3080,2670,282,IT,IT-SICILIA
Sicilia,4999891,2020-07-01,3081,2673,282,IT,IT-SICILIA
Sicilia,4999891,2020-07-02,3090,2674,282,IT,IT-SICILIA
Sicilia,4999891,2020-07-03,3091,2674,282,IT,IT-SICILIA
Sicilia,4999891,2020-07-04,3094,2674,282,IT,IT-SICILIA
Sicilia,4999891,2020-07-05,3094,2674,282,IT,IT-SICILIA
Sicilia,4999891,2020-07-06,3095,2674,282,IT,IT-SICILIA
Sicilia,4999891,2020-07-07,3096,2674,282,IT,IT-SICILIA
Sicilia,4999891,2020-07-08,3097,2687,283,IT,IT-SICILIA
Sicilia,4999891,2020-07-09,3098,2687,283,IT,IT-SICILIA
Sicilia,4999891,2020-07-10,3098,2691,283,IT,IT-SICILIA
Sicilia,4999891,2020-07-11,3099,2693,283,IT,IT-SICILIA
Sicilia,4999891,2020-07-12,3099,2693,283,IT,IT-SICILIA
Sicilia,4999891,2020-07-13,3100,2694,283,IT,IT-SICILIA
Sicilia,4999891,2020-07-14,3100,2694,283,IT,IT-SICILIA
Toscana,3729641,2020-05-15,9883,5739,976,IT,IT-TOSCANA
Toscana,3729641,2020-05-16,9913,5991,979,IT,IT-TOSCANA
Toscana,3729641,2020-05-17,9948,6162,984,IT,IT-TOSCANA
Toscana,3729641,2020-05-18,9961,6399,989,IT,IT-TOSCANA
Toscana,3729641,2020-05-19,9968,6653,992,IT,IT-TOSCANA
Toscana,3729641,2020-05-20,9982,6867,998,IT,IT-TOSCANA
Toscana,3729641,2020-05-21,10000,7119,1004,IT,IT-TOSCANA
Toscana,3729641,2020-05-22,10035,7240,1009,IT,IT-TOSCANA
Toscana,3729641,2020-05-23,10047,7270,1011,IT,IT-TOSCANA
Toscana,3729641,2020-05-24,10062,7349,1013,IT,IT-TOSCANA
Toscana,3729641,2020-05-25,10067,7416,1015,IT,IT-TOSCANA
Toscana,3729641,2020-05-26,10070,7527,1021,IT,IT-TOSCANA
Toscana,3729641,2020-05-27,10082,7595,1027,IT,IT-TOSCANA
Toscana,3729641,2020-05-28,10086,7677,1029,IT,IT-TOSCANA
Toscana,3729641,2020-05-29,10088,7802,1031,IT,IT-TOSCANA
Toscana,3729641,2020-05-30,10100,7897,1037,IT,IT-TOSCANA
Toscana,3729641,2020-05-31,10104,7952,1041,IT,IT-TOSCANA
Toscana,3729641,2020-06-01,10107,7977,1048,IT,IT-TOSCANA
Toscana,3729641,2020-06-02,10117,8053,1053,IT,IT-TOSCANA
Toscana,3729641,2020-06-03,10121,8093,1055,IT,IT-TOSCANA
Toscana,3729641,2020-06-04,10122,8180,1059,IT,IT-TOSCANA
Toscana,3729641,2020-06-05,10129,8209,1063,IT,IT-TOSCANA
Toscana,3729641,2020-06-06,10134,8281,1068,IT,IT-TOSCANA
Toscana,3729641,2020-06-07,10135,8315,1070,IT,IT-TOSCANA
Toscana,3729641,2020-06-08,10144,8349,1074,IT,IT-TOSCANA
Toscana,3729641,2020-06-09,10145,8440,1077,IT,IT-TOSCANA
Toscana,3729641,2020-06-10,10148,8531,1078,IT,IT-TOSCANA
Toscana,3729641,2020-06-11,10158,8558,1079,IT,IT-TOSCANA
Toscana,3729641,2020-06-12,10165,8575,1080,IT,IT-TOSCANA
Toscana,3729641,2020-06-13,10172,8588,1082,IT,IT-TOSCANA
Toscana,3729641,2020-06-14,10180,8596,1085,IT,IT-TOSCANA
Toscana,3729641,2020-06-15,10188,8611,1088,IT,IT-TOSCANA
Toscana,3729641,2020-06-16,10191,8637,1091,IT,IT-TOSCANA
Toscana,3729641,2020-06-17,10193,8657,1092,IT,IT-TOSCANA
Toscana,3729641,2020-06-18,10195,8664,1093,IT,IT-TOSCANA
Toscana,3729641,2020-06-19,10205,8687,1095,IT,IT-TOSCANA
Toscana,3729641,2020-06-20,10207,8698,1095,IT,IT-TOSCANA
Toscana,3729641,2020-06-21,10210,8750,1095,IT,IT-TOSCANA
Toscana,3729641,2020-06-22,10211,8752,1099,IT,IT-TOSCANA
Toscana,3729641,2020-06-23,10217,8780,1100,IT,IT-TOSCANA
Toscana,3729641,2020-06-24,10222,8791,1101,IT,IT-TOSCANA
Toscana,3729641,2020-06-25,10224,8799,1101,IT,IT-TOSCANA
Toscana,3729641,2020-06-26,10226,8809,1103,IT,IT-TOSCANA
Toscana,3729641,2020-06-27,10238,8817,1103,IT,IT-TOSCANA
Toscana,3729641,2020-06-28,10243,8817,1103,IT,IT-TOSCANA
Toscana,3729641,2020-06-29,10248,8817,1104,IT,IT-TOSCANA
Toscana,3729641,2020-06-30,10250,8817,1104,IT,IT-TOSCANA
Toscana,3729641,2020-07-01,10254,8825,1106,IT,IT-TOSCANA
Toscana,3729641,2020-07-02,10258,8825,1109,IT,IT-TOSCANA
Toscana,3729641,2020-07-03,10267,8832,1112,IT,IT-TOSCANA
Toscana,3729641,2020-07-04,10276,8838,1114,IT,IT-TOSCANA
Toscana,3729641,2020-07-05,10285,8841,1114,IT,IT-TOSCANA
Toscana,3729641,2020-07-06,10287,8841,1114,IT,IT-TOSCANA
Toscana,3729641,2020-07-07,10306,8851,1116,IT,IT-TOSCANA
Toscana,3729641,2020-07-08,10313,8854,1118,IT,IT-TOSCANA
Toscana,3729641,2020-07-09,10314,8857,1120,IT,IT-TOSCANA
Toscana,3729641,2020-07-10,10316,8865,1121,IT,IT-TOSCANA
Toscana,3729641,2020-07-11,10321,8869,1122,IT,IT-TOSCANA
Toscana,3729641,2020-07-12,10322,8869,1122,IT,IT-TOSCANA
Toscana,3729641,2020-07-13,10326,8869,1122,IT,IT-TOSCANA
Toscana,3729641,2020-07-14,10326,8869,1122,IT,IT-TOSCANA
P.A. Trento,539898,2020-05-15,4318,3461,451,IT,IT-TRENTO
P.A. Trento,539898,2020-05-16,4326,3528,453,IT,IT-TRENTO
P.A. Trento,539898,2020-05-17,4338,3584,453,IT,IT-TRENTO
P.A. Trento,539898,2020-05-18,4351,3650,453,IT,IT-TRENTO
P.A. Trento,539898,2020-05-19,4358,3699,455,IT,IT-TRENTO
P.A. Trento,539898,2020-05-20,4368,3787,455,IT,IT-TRENTO
P.A. Trento,539898,2020-05-21,4378,3857,455,IT,IT-TRENTO
P.A. Trento,539898,2020-05-22,4388,3326,455,IT,IT-TRENTO
P.A. Trento,539898,2020-05-23,4395,3374,456,IT,IT-TRENTO
P.A. Trento,539898,2020-05-24,4404,3412,457,IT,IT-TRENTO
P.A. Trento,539898,2020-05-25,4405,3430,458,IT,IT-TRENTO
P.A. Trento,539898,2020-05-26,4415,3441,461,IT,IT-TRENTO
P.A. Trento,539898,2020-05-27,4422,3483,462,IT,IT-TRENTO
P.A. Trento,539898,2020-05-28,4425,3505,462,IT,IT-TRENTO
P.A. Trento,539898,2020-05-29,4428,3556,462,IT,IT-TRENTO
P.A. Trento,539898,2020-05-30,4429,3601,462,IT,IT-TRENTO
P.A. Trento,539898,2020-05-31,4430,3664,462,IT,IT-TRENTO
P.A. Trento,539898,2020-06-01,4432,3677,462,IT,IT-TRENTO
P.A. Trento,539898,2020-06-02,4432,3686,463,IT,IT-TRENTO
P.A. Trento,539898,2020-06-03,4433,3748,463,IT,IT-TRENTO
P.A. Trento,539898,2020-06-04,4433,3762,464,IT,IT-TRENTO
P.A. Trento,539898,2020-06-05,4433,3846,464,IT,IT-TRENTO
P.A. Trento,539898,2020-06-06,4434,3866,464,IT,IT-TRENTO
P.A. Trento,539898,2020-06-07,4435,3889,464,IT,IT-TRENTO
P.A. Trento,539898,2020-06-08,4436,3891,464,IT,IT-TRENTO
P.A. Trento,539898,2020-06-09,4439,3894,464,IT,IT-TRENTO
P.A. Trento,539898,2020-06-10,4439,3895,464,IT,IT-TRENTO
P.A. Trento,539898,2020-06-11,4441,3906,464,IT,IT-TRENTO
P.A. Trento,539898,2020-06-12,4443,3911,464,IT,IT-TRENTO
P.A. Trento,539898,2020-06-13,4446,3912,464,IT,IT-TRENTO
P.A. Trento,539898,2020-06-14,4447,3917,464,IT,IT-TRENTO
P.A. Trento,539898,2020-06-15,4448,3917,465,IT,IT-TRENTO
P.A. Trento,539898,2020-06-16,4448,3919,465,IT,IT-TRENTO
P.A. Trento,539898,2020-06-17,4449,3926,465,IT,IT-TRENTO
P.A. Trento,539898,2020-06-18,4457,3933,465,IT,IT-TRENTO
P.A. Trento,539898,2020-06-19,4458,3936,466,IT,IT-TRENTO
P.A. Trento,539898,2020-06-20,4458,3941,466,IT,IT-TRENTO
P.A. Trento,539898,2020-06-21,4463,3944,466,IT,IT-TRENTO
P.A. Trento,539898,2020-06-22,4464,3945,466,IT,IT-TRENTO
P.A. Trento,539898,2020-06-23,4465,3948,466,IT,IT-TRENTO
P.A. Trento,539898,2020-06-24,4852,4395,405,IT,IT-TRENTO
P.A. Trento,539898,2020-06-25,4855,4398,405,IT,IT-TRENTO
P.A. Trento,539898,2020-06-26,4859,4402,405,IT,IT-TRENTO
P.A. Trento,539898,2020-06-27,4860,4404,405,IT,IT-TRENTO
P.A. Trento,539898,2020-06-28,4863,4404,405,IT,IT-TRENTO
P.A. Trento,539898,2020-06-29,4863,4405,405,IT,IT-TRENTO
P.A. Trento,539898,2020-06-30,4863,4408,405,IT,IT-TRENTO
P.A. Trento,539898,2020-07-01,4864,4412,405,IT,IT-TRENTO
P.A. Trento,539898,2020-07-02,4865,4414,405,IT,IT-TRENTO
P.A. Trento,539898,2020-07-03,4871,4420,405,IT,IT-TRENTO
P.A. Trento,539898,2020-07-04,4873,4420,405,IT,IT-TRENTO
P.A. Trento,539898,2020-07-05,4873,4426,405,IT,IT-TRENTO
P.A. Trento,539898,2020-07-06,4873,4431,405,IT,IT-TRENTO
P.A. Trento,539898,2020-07-07,4876,4431,405,IT,IT-TRENTO
P.A. Trento,539898,2020-07-08,4876,4434,405,IT,IT-TRENTO
P.A. Trento,539898,2020-07-09,4876,4438,405,IT,IT-TRENTO
P.A. Trento,539898,2020-07-10,4879,4447,405,IT,IT-TRENTO
P.A. Trento,539898,2020-07-11,4881,4448,405,IT,IT-TRENTO
P.A. Trento,539898,2020-07-12,4881,4450,405,IT,IT-TRENTO
P.A. Trento,539898,2020-07-13,4881,4450,405,IT,IT-TRENTO
P.A. Trento,539898,2020-07-14,4881,4450,405,IT,IT-TRENTO
Umbria,882015,2020-05-15,1422,1259,73,IT,IT-UMBRIA
Umbria,882015,2020-05-16,1422,1268,73,IT,IT-UMBRIA
Umbria,882015,2020-05-17,1424,1273,73,IT,IT-UMBRIA
Umbria,882015,2020-05-18,1424,1274,73,IT,IT-UMBRIA
Umbria,882015,2020-05-19,1427,1287,74,IT,IT-UMBRIA
Umbria,882015,2020-05-20,1427,1287,74,IT,IT-UMBRIA
Umbria,882015,2020-05-21,1429,1294,74,IT,IT-UMBRIA
Umbria,882015,2020-05-22,1429,1296,74,IT,IT-UMBRIA
Umbria,882015,2020-05-23,1430,1300,74,IT,IT-UMBRIA
Umbria,882015,2020-05-24,1430,1302,75,IT,IT-UMBRIA
Umbria,882015,2020-05-25,1430,1309,75,IT,IT-UMBRIA
Umbria,882015,2020-05-26,1431,1314,75,IT,IT-UMBRIA
Umbria,882015,2020-05-27,1431,1324,75,IT,IT-UMBRIA
Umbria,882015,2020-05-28,1431,1323,75,IT,IT-UMBRIA
Umbria,882015,2020-05-29,1431,1324,76,IT,IT-UMBRIA
Umbria,882015,2020-05-30,1431,1324,76,IT,IT-UMBRIA
Umbria,882015,2020-05-31,1431,1324,76,IT,IT-UMBRIA
Umbria,882015,2020-06-01,1431,1324,76,IT,IT-UMBRIA
Umbria,882015,2020-06-02,1431,1324,76,IT,IT-UMBRIA
Umbria,882015,2020-06-03,1431,1324,76,IT,IT-UMBRIA
Umbria,882015,2020-06-04,1431,1324,76,IT,IT-UMBRIA
Umbria,882015,2020-06-05,1431,1326,76,IT,IT-UMBRIA
Umbria,882015,2020-06-06,1431,1327,76,IT,IT-UMBRIA
Umbria,882015,2020-06-07,1432,1327,76,IT,IT-UMBRIA
Umbria,882015,2020-06-08,1432,1327,76,IT,IT-UMBRIA
Umbria,882015,2020-06-09,1435,1330,76,IT,IT-UMBRIA
Umbria,882015,2020-06-10,1436,1332,76,IT,IT-UMBRIA
Umbria,882015,2020-06-11,1436,1334,76,IT,IT-UMBRIA
Umbria,882015,2020-06-12,1436,1336,76,IT,IT-UMBRIA
Umbria,882015,2020-06-13,1436,1339,76,IT,IT-UMBRIA
Umbria,882015,2020-06-14,1436,1339,77,IT,IT-UMBRIA
Umbria,882015,2020-06-15,1436,1341,77,IT,IT-UMBRIA
Umbria,882015,2020-06-16,1437,1342,77,IT,IT-UMBRIA
Umbria,882015,2020-06-17,1437,1342,77,IT,IT-UMBRIA
Umbria,882015,2020-06-18,1437,1344,77,IT,IT-UMBRIA
Umbria,882015,2020-06-19,1438,1344,77,IT,IT-UMBRIA
Umbria,882015,2020-06-20,1438,1343,78,IT,IT-UMBRIA
Umbria,882015,2020-06-21,1438,1345,78,IT,IT-UMBRIA
Umbria,882015,2020-06-22,1438,1347,78,IT,IT-UMBRIA
Umbria,882015,2020-06-23,1438,1348,78,IT,IT-UMBRIA
Umbria,882015,2020-06-24,1439,1349,79,IT,IT-UMBRIA
Umbria,882015,2020-06-25,1439,1350,79,IT,IT-UMBRIA
Umbria,882015,2020-06-26,1440,1351,79,IT,IT-UMBRIA
Umbria,882015,2020-06-27,1440,1350,80,IT,IT-UMBRIA
Umbria,882015,2020-06-28,1440,1351,80,IT,IT-UMBRIA
Umbria,882015,2020-06-29,1440,1351,80,IT,IT-UMBRIA
Umbria,882015,2020-06-30,1441,1351,80,IT,IT-UMBRIA
Umbria,882015,2020-07-01,1441,1351,80,IT,IT-UMBRIA
Umbria,882015,2020-07-02,1444,1353,80,IT,IT-UMBRIA
Umbria,882015,2020-07-03,1446,1356,80,IT,IT-UMBRIA
Umbria,882015,2020-07-04,1447,1358,80,IT,IT-UMBRIA
Umbria,882015,2020-07-05,1447,1358,80,IT,IT-UMBRIA
Umbria,882015,2020-07-06,1447,1358,80,IT,IT-UMBRIA
Umbria,882015,2020-07-07,1447,1359,80,IT,IT-UMBRIA
Umbria,882015,2020-07-08,1447,1360,80,IT,IT-UMBRIA
Umbria,882015,2020-07-09,1447,1360,80,IT,IT-UMBRIA
Umbria,882015,2020-07-10,1448,1360,80,IT,IT-UMBRIA
Umbria,882015,2020-07-11,1448,1360,80,IT,IT-UMBRIA
Umbria,882015,2020-07-12,1450,1361,80,IT,IT-UMBRIA
Umbria,882015,2020-07-13,1450,1362,80,IT,IT-UMBRIA
Umbria,882015,2020-07-14,1450,1362,80,IT,IT-UMBRIA
Valle d'Aosta,125666,2020-05-15,1172,953,142,IT,IT-VALLE-D-AOSTA
Valle d'Aosta,125666,2020-05-16,1173,956,142,IT,IT-VALLE-D-AOSTA
Valle d'Aosta,125666,2020-05-17,1173,962,143,IT,IT-VALLE-D-AOSTA
Valle d'Aosta,125666,2020-05-18,1174,971,143,IT,IT-VALLE-D-AOSTA
Valle d'Aosta,125666,2020-05-19,1175,983,143,IT,IT-VALLE-D-AOSTA
Valle d'Aosta,125666,2020-05-20,1175,986,143,IT,IT-VALLE-D-AOSTA
Valle d'Aosta,125666,2020-05-21,1176,990,143,IT,IT-VALLE-D-AOSTA
Valle d'Aosta,125666,2020-05-22,1177,991,143,IT,IT-VALLE-D-AOSTA
Valle d'Aosta,125666,2020-05-23,1177,999,143,IT,IT-VALLE-D-AOSTA
Valle d'Aosta,125666,2020-05-24,1178,1003,143,IT,IT-VALLE-D-AOSTA
Valle d'Aosta,125666,2020-05-25,1179,1003,143,IT,IT-VALLE-D-AOSTA
Valle d'Aosta,125666,2020-05-26,1181,1007,143,IT,IT-VALLE-D-AOSTA
Valle d'Aosta,125666,2020-05-27,1181,1011,143,IT,IT-VALLE-D-AOSTA
Valle d'Aosta,125666,2020-05-28,1182,1016,143,IT,IT-VALLE-D-AOSTA
Valle d'Aosta,125666,2020-05-29,1182,1020,143,IT,IT-VALLE-D-AOSTA
Valle d'Aosta,125666,2020-05-30,1183,1023,143,IT,IT-VALLE-D-AOSTA
Valle d'Aosta,125666,2020-05-31,1184,1026,143,IT,IT-VALLE-D-AOSTA
Valle d'Aosta,125666,2020-06-01,1187,1027,143,IT,IT-VALLE-D-AOSTA
Valle d'Aosta,125666,2020-06-02,1187,1031,143,IT,IT-VALLE-D-AOSTA
Valle d'Aosta,125666,2020-06-03,1187,1031,143,IT,IT-VALLE-D-AOSTA
Valle d'Aosta,125666,2020-06-04,1187,1034,143,IT,IT-VALLE-D-AOSTA
Valle d'Aosta,125666,2020-06-05,1187,1034,143,IT,IT-VALLE-D-AOSTA
Valle d'Aosta,125666,2020-06-06,1189,1033,144,IT,IT-VALLE-D-AOSTA
Valle d'Aosta,125666,2020-06-07,1191,1038,144,IT,IT-VALLE-D-AOSTA
Valle d'Aosta,125666,2020-06-08,1191,1039,144,IT,IT-VALLE-D-AOSTA
Valle d'Aosta,125666,2020-06-09,1191,1039,144,IT,IT-VALLE-D-AOSTA
Valle d'Aosta,125666,2020-06-10,1191,1041,144,IT,IT-VALLE-D-AOSTA
Valle d'Aosta,125666,2020-06-11,1191,1041,144,IT,IT-VALLE-D-AOSTA
Valle d'Aosta,125666,2020-06-12,1191,1038,144,IT,IT-VALLE-D-AOSTA
Valle d'Aosta,125666,2020-06-13,1191,1040,144,IT,IT-VALLE-D-AOSTA
Valle d'Aosta,125666,2020-06-14,1191,1040,144,IT,IT-VALLE-D-AOSTA
Valle d'Aosta,125666,2020-06-15,1191,1035,144,IT,IT-VALLE-D-AOSTA
Valle d'Aosta,125666,2020-06-16,1191,1037,144,IT,IT-VALLE-D-AOSTA
Valle d'Aosta,125666,2020-06-17,1191,1039,144,IT,IT-VALLE-D-AOSTA
Valle d'Aosta,125666,2020-06-18,1191,1040,145,IT,IT-VALLE-D-AOSTA
Valle d'Aosta,125666,2020-06-19,1191,1041,146,IT,IT-VALLE-D-AOSTA
Valle d'Aosta,125666,2020-06-20,1193,1041,146,IT,IT-VALLE-D-AOSTA
Valle d'Aosta,125666,2020-06-21,1193,1042,146,IT,IT-VALLE-D-AOSTA
Valle d'Aosta,125666,2020-06-22,1193,1042,146,IT,IT-VALLE-D-AOSTA
Valle d'Aosta,125666,2020-06-23,1193,1042,146,IT,IT-VALLE-D-AOSTA
Valle d'Aosta,125666,2020-06-24,1194,1042,146,IT,IT-VALLE-D-AOSTA
Valle d'Aosta,125666,2020-06-25,1194,1043,146,IT,IT-VALLE-D-AOSTA
Valle d'Aosta,125666,2020-06-26,1194,1044,146,IT,IT-VALLE-D-AOSTA
Valle d'Aosta,125666,2020-06-27,1194,1044,146,IT,IT-VALLE-D-AOSTA
Valle d'Aosta,125666,2020-06-28,1194,1044,146,IT,IT-VALLE-D-AOSTA
Valle d'Aosta,125666,2020-06-29,1194,1045,146,IT,IT-VALLE-D-AOSTA
Valle d'Aosta,125666,2020-06-30,1195,1045,146,IT,IT-VALLE-D-AOSTA
Valle d'Aosta,125666,2020-07-01,1195,1046,146,IT,IT-VALLE-D-AOSTA
Valle d'Aosta,125666,2020-07-02,1195,1046,146,IT,IT-VALLE-D-AOSTA
Valle d'Aosta,125666,2020-07-03,1196,1046,146,IT,IT-VALLE-D-AOSTA
Valle d'Aosta,125666,2020-07-04,1196,1046,146,IT,IT-VALLE-D-AOSTA
Valle d'Aosta,125666,2020-07-05,1196,1045,146,IT,IT-VALLE-D-AOSTA
Valle d'Aosta,125666,2020-07-06,1196,1045,146,IT,IT-VALLE-D-AOSTA
Valle d'Aosta,125666,2020-07-07,1196,1045,146,IT,IT-VALLE-D-AOSTA
Valle d'Aosta,125666,2020-07-08,1196,1045,146,IT,IT-VALLE-D-AOSTA
Valle d'Aosta,125666,2020-07-09,1196,1045,146,IT,IT-VALLE-D-AOSTA
Valle d'Aosta,125666,2020-07-10,1196,1045,146,IT,IT-VALLE-D-AOSTA
Valle d'Aosta,125666,2020-07-11,1196,1047,146,IT,IT-VALLE-D-AOSTA
Valle d'Aosta,125666,2020-07-12,1196,1047,146,IT,IT-VALLE-D-AOSTA
Valle d'Aosta,125666,2020-07-13,1196,1047,146,IT,IT-VALLE-D-AOSTA
Valle d'Aosta,125666,2020-07-14,1196,1047,146,IT,IT-VALLE-D-AOSTA
Veneto,4905854,2020-05-15,18889,12688,1762,IT,IT-VENETO
Veneto,4905854,2020-05-16,18928,12983,1783,IT,IT-VENETO
Veneto,4905854,2020-05-17,18941,13106,1794,IT,IT-VENETO
Veneto,4905854,2020-05-18,18950,13143,1803,IT,IT-VENETO
Veneto,4905854,2020-05-19,18997,13423,1820,IT,IT-VENETO
Veneto,4905854,2020-05-20,19030,13666,1832,IT,IT-VENETO
Veneto,4905854,2020-05-21,19038,13911,1841,IT,IT-VENETO
Veneto,4905854,2020-05-22,19059,14182,1854,IT,IT-VENETO
Veneto,4905854,2020-05-23,19069,14363,1865,IT,IT-VENETO
Veneto,4905854,2020-05-24,19086,14557,1869,IT,IT-VENETO
Veneto,4905854,2020-05-25,19097,14641,1878,IT,IT-VENETO
Veneto,4905854,2020-05-26,19105,14788,1886,IT,IT-VENETO
Veneto,4905854,2020-05-27,19113,14931,1895,IT,IT-VENETO
Veneto,4905854,2020-05-28,19125,15202,1898,IT,IT-VENETO
Veneto,4905854,2020-05-29,19134,15379,1906,IT,IT-VENETO
Veneto,4905854,2020-05-30,19146,15618,1916,IT,IT-VENETO
Veneto,4905854,2020-05-31,19152,15734,1918,IT,IT-VENETO
Veneto,4905854,2020-06-01,19154,15768,1918,IT,IT-VENETO
Veneto,4905854,2020-06-02,19162,15838,1921,IT,IT-VENETO
Veneto,4905854,2020-06-03,19164,15856,1921,IT,IT-VENETO
Veneto,4905854,2020-06-04,19168,15915,1934,IT,IT-VENETO
Veneto,4905854,2020-06-05,19174,16007,1938,IT,IT-VENETO
Veneto,4905854,2020-06-06,19182,16069,1949,IT,IT-VENETO
Veneto,4905854,2020-06-07,19183,16144,1954,IT,IT-VENETO
Veneto,4905854,2020-06-08,19187,16152,1955,IT,IT-VENETO
Veneto,4905854,2020-06-09,19191,16226,1961,IT,IT-VENETO
Veneto,4905854,2020-06-10,19194,16268,1961,IT,IT-VENETO
Veneto,4905854,2020-06-11,19199,16313,1964,IT,IT-VENETO
Veneto,4905854,2020-06-12,19199,16383,1967,IT,IT-VENETO
Veneto,4905854,2020-06-13,19212,16457,1977,IT,IT-VENETO
Veneto,4905854,2020-06-14,19219,16469,1978,IT,IT-VENETO
Veneto,4905854,2020-06-15,19220,16487,1978,IT,IT-VENETO
Veneto,4905854,2020-06-16,19221,16521,1982,IT,IT-VENETO
Veneto,4905854,2020-06-17,19225,16558,1987,IT,IT-VENETO
Veneto,4905854,2020-06-18,19233,16632,1994,IT,IT-VENETO
Veneto,4905854,2020-06-19,19235,16655,1998,IT,IT-VENETO
Veneto,4905854,2020-06-20,19238,16661,2002,IT,IT-VENETO
Veneto,4905854,2020-06-21,19245,16660,2002,IT,IT-VENETO
Veneto,4905854,2020-06-22,19247,16659,2003,IT,IT-VENETO
Veneto,4905854,2020-06-23,19250,16682,2004,IT,IT-VENETO
Veneto,4905854,2020-06-24,19253,16700,2004,IT,IT-VENETO
Veneto,4905854,2020-06-25,19257,16724,2006,IT,IT-VENETO
Veneto,4905854,2020-06-26,19262,16768,2007,IT,IT-VENETO
Veneto,4905854,2020-06-27,19264,16775,2007,IT,IT-VENETO
Veneto,4905854,2020-06-28,19275,16807,2008,IT,IT-VENETO
Veneto,4905854,2020-06-29,19278,16808,2008,IT,IT-VENETO
Veneto,4905854,2020-06-30,19286,16812,2012,IT,IT-VENETO
Veneto,4905854,2020-07-01,19289,16849,2022,IT,IT-VENETO
Veneto,4905854,2020-07-02,19309,16890,2022,IT,IT-VENETO
Veneto,4905854,2020-07-03,19314,16901,2023,IT,IT-VENETO
Veneto,4905854,2020-07-04,19318,16907,2023,IT,IT-VENETO
Veneto,4905854,2020-07-05,19326,16915,2023,IT,IT-VENETO
Veneto,4905854,2020-07-06,19327,16919,2024,IT,IT-VENETO
Veneto,4905854,2020-07-07,19341,16922,2034,IT,IT-VENETO
Veneto,4905854,2020-07-08,19348,16928,2034,IT,IT-VENETO
Veneto,4905854,2020-07-09,19358,16929,2037,IT,IT-VENETO
Veneto,4905854,2020-07-10,19369,16936,2039,IT,IT-VENETO
Veneto,4905854,2020-07-11,19379,16942,2039,IT,IT-VENETO
Veneto,4905854,2020-07-12,19395,16948,2039,IT,IT-VENETO
Veneto,4905854,2020-07-13,19401,16950,2039,IT,IT-VENETO
Veneto,4905854,2020-07-14,19401,16950,2039,IT,IT-VENETO
