state_name_en,population_number,reportDate,cases,recovered,deaths,countryCode,stateCode
Azad Jammu and Kashmir,4045366,2020-06-11,488,219,9,PK,PK-AZAD-JAMMU-AND-KASHMIR
Azad Jammu and Kashmir,4045366,2020-06-12,534,237,10,PK,PK-AZAD-JAMMU-AND-KASHMIR
Azad Jammu and Kashmir,4045366,2020-06-13,574,242,11,PK,PK-AZAD-JAMMU-AND-KASHMIR
Azad Jammu and Kashmir,4045366,2020-06-14,604,250,12,PK,PK-AZAD-JAMMU-AND-KASHMIR
Azad Jammu and Kashmir,4045366,2020-06-15,647,254,13,PK,PK-AZAD-JAMMU-AND-KASHMIR
Azad Jammu and Kashmir,4045366,2020-06-16,663,264,13,PK,PK-AZAD-JAMMU-AND-KASHMIR
Azad Jammu and Kashmir,4045366,2020-06-17,703,290,13,PK,PK-AZAD-JAMMU-AND-KASHMIR
Azad Jammu and Kashmir,4045366,2020-06-18,740,302,15,PK,PK-AZAD-JAMMU-AND-KASHMIR
Azad Jammu and Kashmir,4045366,2020-06-19,769,312,15,PK,PK-AZAD-JAMMU-AND-KASHMIR
Azad Jammu and Kashmir,4045366,2020-06-20,803,317,17,PK,PK-AZAD-JAMMU-AND-KASHMIR
Azad Jammu and Kashmir,4045366,2020-06-21,813,336,19,PK,PK-AZAD-JAMMU-AND-KASHMIR
Azad Jammu and Kashmir,4045366,2020-06-22,845,348,20,PK,PK-AZAD-JAMMU-AND-KASHMIR
Azad Jammu and Kashmir,4045366,2020-06-23,869,350,22,PK,PK-AZAD-JAMMU-AND-KASHMIR
Azad Jammu and Kashmir,4045366,2020-06-24,892,366,23,PK,PK-AZAD-JAMMU-AND-KASHMIR
Azad Jammu and Kashmir,4045366,2020-06-25,930,390,25,PK,PK-AZAD-JAMMU-AND-KASHMIR
Azad Jammu and Kashmir,4045366,2020-06-26,962,395,25,PK,PK-AZAD-JAMMU-AND-KASHMIR
Azad Jammu and Kashmir,4045366,2020-06-27,1003,446,28,PK,PK-AZAD-JAMMU-AND-KASHMIR
Azad Jammu and Kashmir,4045366,2020-06-28,1027,465,28,PK,PK-AZAD-JAMMU-AND-KASHMIR
Azad Jammu and Kashmir,4045366,2020-06-29,1049,520,28,PK,PK-AZAD-JAMMU-AND-KASHMIR
Azad Jammu and Kashmir,4045366,2020-06-30,1065,539,28,PK,PK-AZAD-JAMMU-AND-KASHMIR
Azad Jammu and Kashmir,4045366,2020-07-01,1093,550,30,PK,PK-AZAD-JAMMU-AND-KASHMIR
Azad Jammu and Kashmir,4045366,2020-07-02,1135,557,32,PK,PK-AZAD-JAMMU-AND-KASHMIR
Azad Jammu and Kashmir,4045366,2020-07-03,1160,686,33,PK,PK-AZAD-JAMMU-AND-KASHMIR
Azad Jammu and Kashmir,4045366,2020-07-04,1214,686,34,PK,PK-AZAD-JAMMU-AND-KASHMIR
Azad Jammu and Kashmir,4045366,2020-07-05,1288,688,35,PK,PK-AZAD-JAMMU-AND-KASHMIR
Azad Jammu and Kashmir,4045366,2020-07-06,1342,690,36,PK,PK-AZAD-JAMMU-AND-KASHMIR
Azad Jammu and Kashmir,4045366,2020-07-07,1383,741,36,PK,PK-AZAD-JAMMU-AND-KASHMIR
Azad Jammu and Kashmir,4045366,2020-07-08,1419,788,40,PK,PK-AZAD-JAMMU-AND-KASHMIR
Azad Jammu and Kashmir,4045366,2020-07-09,1459,828,40,PK,PK-AZAD-JAMMU-AND-KASHMIR
Azad Jammu and Kashmir,4045366,2020-07-10,1485,860,41,PK,PK-AZAD-JAMMU-AND-KASHMIR
Azad Jammu and Kashmir,4045366,2020-07-11,1532,894,42,PK,PK-AZAD-JAMMU-AND-KASHMIR
Azad Jammu and Kashmir,4045366,2020-07-12,1564,942,43,PK,PK-AZAD-JAMMU-AND-KASHMIR
Azad Jammu and Kashmir,4045366,2020-07-13,1599,978,44,PK,PK-AZAD-JAMMU-AND-KASHMIR
Azad Jammu and Kashmir,4045366,2020-07-14,1655,1029,45,PK,PK-AZAD-JAMMU-AND-KASHMIR
Balochistan,12344408,2020-06-11,7335,2592,73,PK,PK-BALOCHISTAN
Balochistan,12344408,2020-06-12,7673,2673,75,PK,PK-BALOCHISTAN
Balochistan,12344408,2020-06-13,7866,2722,80,PK,PK-BALOCHISTAN
Balochistan,12344408,2020-06-14,8028,2795,83,PK,PK-BALOCHISTAN
Balochistan,12344408,2020-06-15,8177,2859,85,PK,PK-BALOCHISTAN
Balochistan,12344408,2020-06-16,8327,2916,85,PK,PK-BALOCHISTAN
Balochistan,12344408,2020-06-17,8437,3023,89,PK,PK-BALOCHISTAN
Balochistan,12344408,2020-06-18,8794,3051,93,PK,PK-BALOCHISTAN
Balochistan,12344408,2020-06-19,8998,3140,99,PK,PK-BALOCHISTAN
Balochistan,12344408,2020-06-20,9162,3289,100,PK,PK-BALOCHISTAN
Balochistan,12344408,2020-06-21,9328,3472,100,PK,PK-BALOCHISTAN
Balochistan,12344408,2020-06-22,9475,3650,102,PK,PK-BALOCHISTAN
Balochistan,12344408,2020-06-23,9587,3670,104,PK,PK-BALOCHISTAN
Balochistan,12344408,2020-06-24,9634,3694,106,PK,PK-BALOCHISTAN
Balochistan,12344408,2020-06-25,9817,3710,108,PK,PK-BALOCHISTAN
Balochistan,12344408,2020-06-26,9946,3737,109,PK,PK-BALOCHISTAN
Balochistan,12344408,2020-06-27,10116,3768,113,PK,PK-BALOCHISTAN
Balochistan,12344408,2020-06-28,10261,3810,114,PK,PK-BALOCHISTAN
Balochistan,12344408,2020-06-29,10376,3939,116,PK,PK-BALOCHISTAN
Balochistan,12344408,2020-06-30,10426,4197,119,PK,PK-BALOCHISTAN
Balochistan,12344408,2020-07-01,10476,4484,121,PK,PK-BALOCHISTAN
Balochistan,12344408,2020-07-02,10608,4764,121,PK,PK-BALOCHISTAN
Balochistan,12344408,2020-07-03,10666,5073,122,PK,PK-BALOCHISTAN
Balochistan,12344408,2020-07-04,10717,5331,122,PK,PK-BALOCHISTAN
Balochistan,12344408,2020-07-05,10766,5688,123,PK,PK-BALOCHISTAN
Balochistan,12344408,2020-07-06,10814,5885,123,PK,PK-BALOCHISTAN
Balochistan,12344408,2020-07-07,10841,6131,124,PK,PK-BALOCHISTAN
Balochistan,12344408,2020-07-08,10919,6432,124,PK,PK-BALOCHISTAN
Balochistan,12344408,2020-07-09,11052,6658,124,PK,PK-BALOCHISTAN
Balochistan,12344408,2020-07-10,11099,6931,125,PK,PK-BALOCHISTAN
Balochistan,12344408,2020-07-11,11128,7224,126,PK,PK-BALOCHISTAN
Balochistan,12344408,2020-07-12,11157,7421,126,PK,PK-BALOCHISTAN
Balochistan,12344408,2020-07-13,11185,7598,126,PK,PK-BALOCHISTAN
Balochistan,12344408,2020-07-14,11192,7812,126,PK,PK-BALOCHISTAN
Gilgit-Baltistan,1013584,2020-06-11,1018,633,14,PK,PK-GILGIT-BALTISTAN
Gilgit-Baltistan,1013584,2020-06-12,1030,673,15,PK,PK-GILGIT-BALTISTAN
Gilgit-Baltistan,1013584,2020-06-13,1044,676,16,PK,PK-GILGIT-BALTISTAN
Gilgit-Baltistan,1013584,2020-06-14,1095,691,16,PK,PK-GILGIT-BALTISTAN
Gilgit-Baltistan,1013584,2020-06-15,1129,716,16,PK,PK-GILGIT-BALTISTAN
Gilgit-Baltistan,1013584,2020-06-16,1143,728,17,PK,PK-GILGIT-BALTISTAN
Gilgit-Baltistan,1013584,2020-06-17,1164,738,17,PK,PK-GILGIT-BALTISTAN
Gilgit-Baltistan,1013584,2020-06-18,1213,768,18,PK,PK-GILGIT-BALTISTAN
Gilgit-Baltistan,1013584,2020-06-19,1225,794,18,PK,PK-GILGIT-BALTISTAN
Gilgit-Baltistan,1013584,2020-06-20,1253,816,21,PK,PK-GILGIT-BALTISTAN
Gilgit-Baltistan,1013584,2020-06-21,1278,837,21,PK,PK-GILGIT-BALTISTAN
Gilgit-Baltistan,1013584,2020-06-22,1288,865,22,PK,PK-GILGIT-BALTISTAN
Gilgit-Baltistan,1013584,2020-06-23,1326,946,22,PK,PK-GILGIT-BALTISTAN
Gilgit-Baltistan,1013584,2020-06-24,1337,961,23,PK,PK-GILGIT-BALTISTAN
Gilgit-Baltistan,1013584,2020-06-25,1365,995,23,PK,PK-GILGIT-BALTISTAN
Gilgit-Baltistan,1013584,2020-06-26,1398,999,23,PK,PK-GILGIT-BALTISTAN
Gilgit-Baltistan,1013584,2020-06-27,1417,1027,23,PK,PK-GILGIT-BALTISTAN
Gilgit-Baltistan,1013584,2020-06-28,1423,1062,24,PK,PK-GILGIT-BALTISTAN
Gilgit-Baltistan,1013584,2020-06-29,1442,1099,24,PK,PK-GILGIT-BALTISTAN
Gilgit-Baltistan,1013584,2020-06-30,1470,1117,24,PK,PK-GILGIT-BALTISTAN
Gilgit-Baltistan,1013584,2020-07-01,1489,1128,26,PK,PK-GILGIT-BALTISTAN
Gilgit-Baltistan,1013584,2020-07-02,1511,1146,28,PK,PK-GILGIT-BALTISTAN
Gilgit-Baltistan,1013584,2020-07-03,1524,1173,28,PK,PK-GILGIT-BALTISTAN
Gilgit-Baltistan,1013584,2020-07-04,1536,1185,28,PK,PK-GILGIT-BALTISTAN
Gilgit-Baltistan,1013584,2020-07-05,1545,1198,28,PK,PK-GILGIT-BALTISTAN
Gilgit-Baltistan,1013584,2020-07-06,1561,1203,28,PK,PK-GILGIT-BALTISTAN
Gilgit-Baltistan,1013584,2020-07-07,1587,1224,30,PK,PK-GILGIT-BALTISTAN
Gilgit-Baltistan,1013584,2020-07-08,1595,1232,30,PK,PK-GILGIT-BALTISTAN
Gilgit-Baltistan,1013584,2020-07-09,1605,1272,31,PK,PK-GILGIT-BALTISTAN
Gilgit-Baltistan,1013584,2020-07-10,1619,1290,34,PK,PK-GILGIT-BALTISTAN
Gilgit-Baltistan,1013584,2020-07-11,1630,1303,36,PK,PK-GILGIT-BALTISTAN
Gilgit-Baltistan,1013584,2020-07-12,1658,1316,36,PK,PK-GILGIT-BALTISTAN
Gilgit-Baltistan,1013584,2020-07-13,1671,1319,36,PK,PK-GILGIT-BALTISTAN
Gilgit-Baltistan,1013584,2020-07-14,1694,1370,36,PK,PK-GILGIT-BALTISTAN
Islamabad,2006572,2020-06-11,6236,1164,62,PK,PK-ISLAMABAD
Islamabad,2006572,2020-06-12,6699,1164,65,PK,PK-ISLAMABAD
Islamabad,2006572,2020-06-13,7163,1671,71,PK,PK-ISLAMABAD
Islamabad,2006572,2020-06-14,7934,1671,75,PK,PK-ISLAMABAD
Islamabad,2006572,2020-06-15,8569,2037,78,PK,PK-ISLAMABAD
Islamabad,2006572,2020-06-16,8857,2037,83,PK,PK-ISLAMABAD
Islamabad,2006572,2020-06-17,9242,2439,90,PK,PK-ISLAMABAD
Islamabad,2006572,2020-06-18,9637,2439,94,PK,PK-ISLAMABAD
Islamabad,2006572,2020-06-19,9941,2770,95,PK,PK-ISLAMABAD
Islamabad,2006572,2020-06-20,10279,2770,95,PK,PK-ISLAMABAD
Islamabad,2006572,2020-06-21,10662,4380,98,PK,PK-ISLAMABAD
Islamabad,2006572,2020-06-22,10912,4681,101,PK,PK-ISLAMABAD
Islamabad,2006572,2020-06-23,11219,5012,106,PK,PK-ISLAMABAD
Islamabad,2006572,2020-06-24,11483,5012,108,PK,PK-ISLAMABAD
Islamabad,2006572,2020-06-25,11710,5424,115,PK,PK-ISLAMABAD
Islamabad,2006572,2020-06-26,11981,5839,119,PK,PK-ISLAMABAD
Islamabad,2006572,2020-06-27,12206,6529,120,PK,PK-ISLAMABAD
Islamabad,2006572,2020-06-28,12395,6532,122,PK,PK-ISLAMABAD
Islamabad,2006572,2020-06-29,12643,6916,127,PK,PK-ISLAMABAD
Islamabad,2006572,2020-06-30,12775,7261,128,PK,PK-ISLAMABAD
Islamabad,2006572,2020-07-01,12912,7261,128,PK,PK-ISLAMABAD
Islamabad,2006572,2020-07-02,13082,7850,129,PK,PK-ISLAMABAD
Islamabad,2006572,2020-07-03,13195,8264,129,PK,PK-ISLAMABAD
Islamabad,2006572,2020-07-04,13292,8610,130,PK,PK-ISLAMABAD
Islamabad,2006572,2020-07-05,13409,8955,134,PK,PK-ISLAMABAD
Islamabad,2006572,2020-07-06,13494,9156,137,PK,PK-ISLAMABAD
Islamabad,2006572,2020-07-07,13557,9403,140,PK,PK-ISLAMABAD
Islamabad,2006572,2020-07-08,13650,9655,140,PK,PK-ISLAMABAD
Islamabad,2006572,2020-07-09,13731,9939,142,PK,PK-ISLAMABAD
Islamabad,2006572,2020-07-10,13829,10240,146,PK,PK-ISLAMABAD
Islamabad,2006572,2020-07-11,13927,10441,147,PK,PK-ISLAMABAD
Islamabad,2006572,2020-07-12,14023,10645,152,PK,PK-ISLAMABAD
Islamabad,2006572,2020-07-13,14108,10883,153,PK,PK-ISLAMABAD
Islamabad,2006572,2020-07-14,14202,11327,155,PK,PK-ISLAMABAD
Khyber Pakhtunkhwa,30523371,2020-06-11,15206,3771,619,PK,PK-KHYBER-PAKHTUNKHWA
Khyber Pakhtunkhwa,30523371,2020-06-12,15787,3907,632,PK,PK-KHYBER-PAKHTUNKHWA
Khyber Pakhtunkhwa,30523371,2020-06-13,16415,4072,642,PK,PK-KHYBER-PAKHTUNKHWA
Khyber Pakhtunkhwa,30523371,2020-06-14,17450,4291,661,PK,PK-KHYBER-PAKHTUNKHWA
Khyber Pakhtunkhwa,30523371,2020-06-15,18013,4539,675,PK,PK-KHYBER-PAKHTUNKHWA
Khyber Pakhtunkhwa,30523371,2020-06-16,18472,4692,707,PK,PK-KHYBER-PAKHTUNKHWA
Khyber Pakhtunkhwa,30523371,2020-06-17,19107,4922,731,PK,PK-KHYBER-PAKHTUNKHWA
Khyber Pakhtunkhwa,30523371,2020-06-18,19613,5137,755,PK,PK-KHYBER-PAKHTUNKHWA
Khyber Pakhtunkhwa,30523371,2020-06-19,20182,5441,773,PK,PK-KHYBER-PAKHTUNKHWA
Khyber Pakhtunkhwa,30523371,2020-06-20,20790,5623,789,PK,PK-KHYBER-PAKHTUNKHWA
Khyber Pakhtunkhwa,30523371,2020-06-21,21444,6063,808,PK,PK-KHYBER-PAKHTUNKHWA
Khyber Pakhtunkhwa,30523371,2020-06-22,21997,6536,821,PK,PK-KHYBER-PAKHTUNKHWA
Khyber Pakhtunkhwa,30523371,2020-06-23,22633,6869,843,PK,PK-KHYBER-PAKHTUNKHWA
Khyber Pakhtunkhwa,30523371,2020-06-24,23388,9385,855,PK,PK-KHYBER-PAKHTUNKHWA
Khyber Pakhtunkhwa,30523371,2020-06-25,23887,11097,869,PK,PK-KHYBER-PAKHTUNKHWA
Khyber Pakhtunkhwa,30523371,2020-06-26,24303,11449,879,PK,PK-KHYBER-PAKHTUNKHWA
Khyber Pakhtunkhwa,30523371,2020-06-27,24943,11804,890,PK,PK-KHYBER-PAKHTUNKHWA
Khyber Pakhtunkhwa,30523371,2020-06-28,25380,12149,914,PK,PK-KHYBER-PAKHTUNKHWA
Khyber Pakhtunkhwa,30523371,2020-06-29,25778,12348,922,PK,PK-KHYBER-PAKHTUNKHWA
Khyber Pakhtunkhwa,30523371,2020-06-30,26115,12626,935,PK,PK-KHYBER-PAKHTUNKHWA
Khyber Pakhtunkhwa,30523371,2020-07-01,26598,13067,951,PK,PK-KHYBER-PAKHTUNKHWA
Khyber Pakhtunkhwa,30523371,2020-07-02,26938,13584,973,PK,PK-KHYBER-PAKHTUNKHWA
Khyber Pakhtunkhwa,30523371,2020-07-03,27170,14715,983,PK,PK-KHYBER-PAKHTUNKHWA
Khyber Pakhtunkhwa,30523371,2020-07-04,27506,15520,1002,PK,PK-KHYBER-PAKHTUNKHWA
Khyber Pakhtunkhwa,30523371,2020-07-05,27843,16242,1020,PK,PK-KHYBER-PAKHTUNKHWA
Khyber Pakhtunkhwa,30523371,2020-07-06,28116,16428,1028,PK,PK-KHYBER-PAKHTUNKHWA
Khyber Pakhtunkhwa,30523371,2020-07-07,28236,16549,1038,PK,PK-KHYBER-PAKHTUNKHWA
Khyber Pakhtunkhwa,30523371,2020-07-08,28681,17266,1045,PK,PK-KHYBER-PAKHTUNKHWA
Khyber Pakhtunkhwa,30523371,2020-07-09,29052,18791,1054,PK,PK-KHYBER-PAKHTUNKHWA
Khyber Pakhtunkhwa,30523371,2020-07-10,29406,19503,1063,PK,PK-KHYBER-PAKHTUNKHWA
Khyber Pakhtunkhwa,30523371,2020-07-11,29775,20271,1074,PK,PK-KHYBER-PAKHTUNKHWA
Khyber Pakhtunkhwa,30523371,2020-07-12,30078,20762,1087,PK,PK-KHYBER-PAKHTUNKHWA
Khyber Pakhtunkhwa,30523371,2020-07-13,30486,21158,1099,PK,PK-KHYBER-PAKHTUNKHWA
Khyber Pakhtunkhwa,30523371,2020-07-14,30747,21312,1106,PK,PK-KHYBER-PAKHTUNKHWA
Punjab,110012442,2020-06-11,45463,9005,841,PK,PK-PUNJAB
Punjab,110012442,2020-06-12,47382,9546,890,PK,PK-PUNJAB
Punjab,110012442,2020-06-13,50087,17560,938,PK,PK-PUNJAB
Punjab,110012442,2020-06-14,52601,17650,969,PK,PK-PUNJAB
Punjab,110012442,2020-06-15,54138,17710,1031,PK,PK-PUNJAB
Punjab,110012442,2020-06-16,55878,17730,1081,PK,PK-PUNJAB
Punjab,110012442,2020-06-17,58239,17780,1149,PK,PK-PUNJAB
Punjab,110012442,2020-06-18,60138,17825,1202,PK,PK-PUNJAB
Punjab,110012442,2020-06-19,61678,17892,1265,PK,PK-PUNJAB
Punjab,110012442,2020-06-20,64216,17964,1347,PK,PK-PUNJAB
Punjab,110012442,2020-06-21,65739,18692,1407,PK,PK-PUNJAB
Punjab,110012442,2020-06-22,66943,19100,1435,PK,PK-PUNJAB
Punjab,110012442,2020-06-23,68308,19580,1495,PK,PK-PUNJAB
Punjab,110012442,2020-06-24,69536,19935,1516,PK,PK-PUNJAB
Punjab,110012442,2020-06-25,71191,20262,1602,PK,PK-PUNJAB
Punjab,110012442,2020-06-26,71987,21009,1629,PK,PK-PUNJAB
Punjab,110012442,2020-06-27,72880,21340,1656,PK,PK-PUNJAB
Punjab,110012442,2020-06-28,74202,25162,1673,PK,PK-PUNJAB
Punjab,110012442,2020-06-29,74778,26062,1681,PK,PK-PUNJAB
Punjab,110012442,2020-06-30,75501,27147,1727,PK,PK-PUNJAB
Punjab,110012442,2020-07-01,76262,27488,1762,PK,PK-PUNJAB
Punjab,110012442,2020-07-02,77740,28266,1784,PK,PK-PUNJAB
Punjab,110012442,2020-07-03,78956,33786,1819,PK,PK-PUNJAB
Punjab,110012442,2020-07-04,80297,42854,1844,PK,PK-PUNJAB
Punjab,110012442,2020-07-05,81317,44671,1871,PK,PK-PUNJAB
Punjab,110012442,2020-07-06,81963,45122,1884,PK,PK-PUNJAB
Punjab,110012442,2020-07-07,82669,47054,1899,PK,PK-PUNJAB
Punjab,110012442,2020-07-08,83599,50916,1929,PK,PK-PUNJAB
Punjab,110012442,2020-07-09,84587,51450,1955,PK,PK-PUNJAB
Punjab,110012442,2020-07-10,85261,52641,1972,PK,PK-PUNJAB
Punjab,110012442,2020-07-11,85991,53836,1985,PK,PK-PUNJAB
Punjab,110012442,2020-07-12,86556,55175,2006,PK,PK-PUNJAB
Punjab,110012442,2020-07-13,87043,58023,2013,PK,PK-PUNJAB
Punjab,110012442,2020-07-14,87492,63977,2026,PK,PK-PUNJAB
Sindh,47886051,2020-06-11,43790,21007,738,PK,PK-SINDH
Sindh,47886051,2020-06-12,46828,22047,776,PK,PK-SINDH
Sindh,47886051,2020-06-13,49256,23113,793,PK,PK-SINDH
Sindh,47886051,2020-06-14,51518,24387,816,PK,PK-SINDH
Sindh,47886051,2020-06-15,53805,25606,831,PK,PK-SINDH
Sindh,47886051,2020-06-16,55581,28023,853,PK,PK-SINDH
Sindh,47886051,2020-06-17,57868,29245,886,PK,PK-SINDH
Sindh,47886051,2020-06-18,59983,29693,916,PK,PK-SINDH
Sindh,47886051,2020-06-19,62269,31034,964,PK,PK-SINDH
Sindh,47886051,2020-06-20,65163,32725,1013,PK,PK-SINDH
Sindh,47886051,2020-06-21,67353,34112,1048,PK,PK-SINDH
Sindh,47886051,2020-06-22,69628,36278,1089,PK,PK-SINDH
Sindh,47886051,2020-06-23,71092,37044,1103,PK,PK-SINDH
Sindh,47886051,2020-06-24,72656,38401,1124,PK,PK-SINDH
Sindh,47886051,2020-06-25,74070,39429,1161,PK,PK-SINDH
Sindh,47886051,2020-06-26,75168,40740,1178,PK,PK-SINDH
Sindh,47886051,2020-06-27,76318,41992,1205,PK,PK-SINDH
Sindh,47886051,2020-06-28,78267,43444,1243,PK,PK-SINDH
Sindh,47886051,2020-06-29,80446,44523,1269,PK,PK-SINDH
Sindh,47886051,2020-06-30,81985,45616,1343,PK,PK-SINDH
Sindh,47886051,2020-07-01,84640,46824,1377,PK,PK-SINDH
Sindh,47886051,2020-07-02,86795,48527,1406,PK,PK-SINDH
Sindh,47886051,2020-07-03,89225,49926,1437,PK,PK-SINDH
Sindh,47886051,2020-07-04,90721,50908,1459,PK,PK-SINDH
Sindh,47886051,2020-07-05,92306,52388,1501,PK,PK-SINDH
Sindh,47886051,2020-07-06,94528,53165,1526,PK,PK-SINDH
Sindh,47886051,2020-07-07,96236,53855,1572,PK,PK-SINDH
Sindh,47886051,2020-07-08,97626,54676,1614,PK,PK-SINDH
Sindh,47886051,2020-07-09,99362,56373,1637,PK,PK-SINDH
Sindh,47886051,2020-07-10,100900,57627,1677,PK,PK-SINDH
Sindh,47886051,2020-07-11,102368,59165,1713,PK,PK-SINDH
Sindh,47886051,2020-07-12,103836,60439,1747,PK,PK-SINDH
Sindh,47886051,2020-07-13,105533,61958,1795,PK,PK-SINDH
Sindh,47886051,2020-07-14,106622,63829,1826,PK,PK-SINDH
