state_name_en,population_number,reportDate,cases,recovered,deaths,countryCode,stateCode
Andalusia,8384408,2020-05-15,12401,10148,1344,ES,ES-ANDALUSIA
Andalusia,8384408,2020-05-16,12420,10319,1355,ES,ES-ANDALUSIA
Andalusia,8384408,2020-05-17,12420,10319,1355,ES,ES-ANDALUSIA
Andalusia,8384408,2020-05-18,12458,10671,1358,ES,ES-ANDALUSIA
Andalusia,8384408,2020-05-19,12471,10671,1358,ES,ES-ANDALUSIA
Andalusia,8384408,2020-05-20,12502,10671,1371,ES,ES-ANDALUSIA
Andalusia,8384408,2020-05-21,12547,0,1375,ES,ES-ANDALUSIA
Andalusia,8384408,2020-05-22,12576,0,1377,ES,ES-ANDALUSIA
Andalusia,8384408,2020-05-23,12597,0,1389,ES,ES-ANDALUSIA
Andalusia,8384408,2020-05-24,12600,0,1391,ES,ES-ANDALUSIA
Andalusia,8384408,2020-05-25,12450,0,1334,ES,ES-ANDALUSIA
Andalusia,8384408,2020-05-26,12612,10671,1404,ES,ES-ANDALUSIA
Andalusia,8384408,2020-05-27,12612,10671,1404,ES,ES-ANDALUSIA
Andalusia,8384408,2020-05-28,12639,10671,1404,ES,ES-ANDALUSIA
Andalusia,8384408,2020-05-29,12655,10671,1404,ES,ES-ANDALUSIA
Andalusia,8384408,2020-05-30,12668,10671,1404,ES,ES-ANDALUSIA
Andalusia,8384408,2020-05-31,12673,10671,1404,ES,ES-ANDALUSIA
Andalusia,8384408,2020-06-01,12679,10671,1404,ES,ES-ANDALUSIA
Andalusia,8384408,2020-06-02,12708,10671,1404,ES,ES-ANDALUSIA
Andalusia,8384408,2020-06-03,12726,10671,1404,ES,ES-ANDALUSIA
Andalusia,8384408,2020-06-04,12743,10671,1404,ES,ES-ANDALUSIA
Andalusia,8384408,2020-06-05,12759,10671,1404,ES,ES-ANDALUSIA
Andalusia,8384408,2020-06-06,12776,10671,1404,ES,ES-ANDALUSIA
Andalusia,8384408,2020-06-07,12783,10671,1404,ES,ES-ANDALUSIA
Andalusia,8384408,2020-06-08,12783,10671,1404,ES,ES-ANDALUSIA
Aragon,1308728,2020-05-15,5432,3534,837,ES,ES-ARAGON
Aragon,1308728,2020-05-16,5456,3655,838,ES,ES-ARAGON
Aragon,1308728,2020-05-17,5456,3655,838,ES,ES-ARAGON
Aragon,1308728,2020-05-18,5503,3772,838,ES,ES-ARAGON
Aragon,1308728,2020-05-19,5520,3772,843,ES,ES-ARAGON
Aragon,1308728,2020-05-20,5551,3772,843,ES,ES-ARAGON
Aragon,1308728,2020-05-21,5588,0,848,ES,ES-ARAGON
Aragon,1308728,2020-05-22,5618,0,858,ES,ES-ARAGON
Aragon,1308728,2020-05-23,5627,0,858,ES,ES-ARAGON
Aragon,1308728,2020-05-24,5646,0,858,ES,ES-ARAGON
Aragon,1308728,2020-05-25,5600,0,826,ES,ES-ARAGON
Aragon,1308728,2020-05-26,5600,3772,826,ES,ES-ARAGON
Aragon,1308728,2020-05-27,5600,3772,826,ES,ES-ARAGON
Aragon,1308728,2020-05-28,5656,3772,826,ES,ES-ARAGON
Aragon,1308728,2020-05-29,5671,3772,826,ES,ES-ARAGON
Aragon,1308728,2020-05-30,5680,3772,826,ES,ES-ARAGON
Aragon,1308728,2020-05-31,5691,3772,826,ES,ES-ARAGON
Aragon,1308728,2020-06-01,5695,3772,826,ES,ES-ARAGON
Aragon,1308728,2020-06-02,5711,3772,826,ES,ES-ARAGON
Aragon,1308728,2020-06-03,5731,3772,826,ES,ES-ARAGON
Aragon,1308728,2020-06-04,5734,3772,826,ES,ES-ARAGON
Aragon,1308728,2020-06-05,5757,3772,826,ES,ES-ARAGON
Aragon,1308728,2020-06-06,5770,3772,826,ES,ES-ARAGON
Aragon,1308728,2020-06-07,5781,3772,826,ES,ES-ARAGON
Aragon,1308728,2020-06-08,5781,3772,826,ES,ES-ARAGON
Asturias,1028244,2020-05-15,2359,1053,310,ES,ES-ASTURIAS
Asturias,1028244,2020-05-16,2366,1055,313,ES,ES-ASTURIAS
Asturias,1028244,2020-05-17,2366,1055,313,ES,ES-ASTURIAS
Asturias,1028244,2020-05-18,2369,1063,317,ES,ES-ASTURIAS
Asturias,1028244,2020-05-19,2373,1063,303,ES,ES-ASTURIAS
Asturias,1028244,2020-05-20,2374,1063,304,ES,ES-ASTURIAS
Asturias,1028244,2020-05-21,2374,0,307,ES,ES-ASTURIAS
Asturias,1028244,2020-05-22,2376,0,307,ES,ES-ASTURIAS
Asturias,1028244,2020-05-23,2377,0,307,ES,ES-ASTURIAS
Asturias,1028244,2020-05-24,2397,0,308,ES,ES-ASTURIAS
Asturias,1028244,2020-05-25,2380,0,288,ES,ES-ASTURIAS
Asturias,1028244,2020-05-26,2399,1063,310,ES,ES-ASTURIAS
Asturias,1028244,2020-05-27,2399,1063,310,ES,ES-ASTURIAS
Asturias,1028244,2020-05-28,2400,1063,310,ES,ES-ASTURIAS
Asturias,1028244,2020-05-29,2401,1063,310,ES,ES-ASTURIAS
Asturias,1028244,2020-05-30,2421,1063,310,ES,ES-ASTURIAS
Asturias,1028244,2020-05-31,2424,1063,310,ES,ES-ASTURIAS
Asturias,1028244,2020-06-01,2425,1063,310,ES,ES-ASTURIAS
Asturias,1028244,2020-06-02,2425,1063,310,ES,ES-ASTURIAS
Asturias,1028244,2020-06-03,2425,1063,310,ES,ES-ASTURIAS
Asturias,1028244,2020-06-04,2425,1063,311,ES,ES-ASTURIAS
Asturias,1028244,2020-06-05,2424,1063,312,ES,ES-ASTURIAS
Asturias,1028244,2020-06-06,2426,1063,313,ES,ES-ASTURIAS
Asturias,1028244,2020-06-07,2427,1063,314,ES,ES-ASTURIAS
Asturias,1028244,2020-06-08,2427,1063,314,ES,ES-ASTURIAS
Baleares,1128908,2020-05-15,1967,1513,216,ES,ES-BALEARES
Baleares,1128908,2020-05-16,1982,1519,216,ES,ES-BALEARES
Baleares,1128908,2020-05-17,1982,1519,216,ES,ES-BALEARES
Baleares,1128908,2020-05-18,1993,1533,218,ES,ES-BALEARES
Baleares,1128908,2020-05-19,2005,1533,219,ES,ES-BALEARES
Baleares,1128908,2020-05-20,2018,1533,221,ES,ES-BALEARES
Baleares,1128908,2020-05-21,2024,0,221,ES,ES-BALEARES
Baleares,1128908,2020-05-22,2037,0,222,ES,ES-BALEARES
Baleares,1128908,2020-05-23,2039,0,222,ES,ES-BALEARES
Baleares,1128908,2020-05-24,2041,0,222,ES,ES-BALEARES
Baleares,1128908,2020-05-25,2035,0,211,ES,ES-BALEARES
Baleares,1128908,2020-05-26,2111,1533,209,ES,ES-BALEARES
Baleares,1128908,2020-05-27,2111,1533,209,ES,ES-BALEARES
Baleares,1128908,2020-05-28,2124,1533,209,ES,ES-BALEARES
Baleares,1128908,2020-05-29,2129,1533,209,ES,ES-BALEARES
Baleares,1128908,2020-05-30,2137,1533,209,ES,ES-BALEARES
Baleares,1128908,2020-05-31,2141,1533,209,ES,ES-BALEARES
Baleares,1128908,2020-06-01,2142,1533,209,ES,ES-BALEARES
Baleares,1128908,2020-06-02,2150,1533,209,ES,ES-BALEARES
Baleares,1128908,2020-06-03,2157,1533,209,ES,ES-BALEARES
Baleares,1128908,2020-06-04,2164,1533,209,ES,ES-BALEARES
Baleares,1128908,2020-06-05,2110,1533,209,ES,ES-BALEARES
Baleares,1128908,2020-06-06,2118,1533,209,ES,ES-BALEARES
Baleares,1128908,2020-06-07,2125,1533,209,ES,ES-BALEARES
Baleares,1128908,2020-06-08,2125,1533,209,ES,ES-BALEARES
Comunidad Valenciana,4963703,2020-05-15,10813,9708,1358,ES,ES-C-VALENCIANA
Comunidad Valenciana,4963703,2020-05-16,10850,9761,1365,ES,ES-C-VALENCIANA
Comunidad Valenciana,4963703,2020-05-17,10850,9761,1365,ES,ES-C-VALENCIANA
Comunidad Valenciana,4963703,2020-05-18,10914,9970,1370,ES,ES-C-VALENCIANA
Comunidad Valenciana,4963703,2020-05-19,10962,9970,1370,ES,ES-C-VALENCIANA
Comunidad Valenciana,4963703,2020-05-20,10949,9970,1378,ES,ES-C-VALENCIANA
Comunidad Valenciana,4963703,2020-05-21,10987,0,1383,ES,ES-C-VALENCIANA
Comunidad Valenciana,4963703,2020-05-22,11021,0,1389,ES,ES-C-VALENCIANA
Comunidad Valenciana,4963703,2020-05-23,11051,0,1390,ES,ES-C-VALENCIANA
Comunidad Valenciana,4963703,2020-05-24,11073,0,1393,ES,ES-C-VALENCIANA
Comunidad Valenciana,4963703,2020-05-25,11056,0,1331,ES,ES-C-VALENCIANA
Comunidad Valenciana,4963703,2020-05-26,11089,9970,1332,ES,ES-C-VALENCIANA
Comunidad Valenciana,4963703,2020-05-27,11089,9970,1332,ES,ES-C-VALENCIANA
Comunidad Valenciana,4963703,2020-05-28,11160,9970,1332,ES,ES-C-VALENCIANA
Comunidad Valenciana,4963703,2020-05-29,11191,9970,1334,ES,ES-C-VALENCIANA
Comunidad Valenciana,4963703,2020-05-30,11199,9970,1332,ES,ES-C-VALENCIANA
Comunidad Valenciana,4963703,2020-05-31,11201,9970,1332,ES,ES-C-VALENCIANA
Comunidad Valenciana,4963703,2020-06-01,11228,9970,1332,ES,ES-C-VALENCIANA
Comunidad Valenciana,4963703,2020-06-02,11238,9970,1332,ES,ES-C-VALENCIANA
Comunidad Valenciana,4963703,2020-06-03,11254,9970,1332,ES,ES-C-VALENCIANA
Comunidad Valenciana,4963703,2020-06-04,11265,9970,1332,ES,ES-C-VALENCIANA
Comunidad Valenciana,4963703,2020-06-05,11285,9970,1332,ES,ES-C-VALENCIANA
Comunidad Valenciana,4963703,2020-06-06,11300,9970,1332,ES,ES-C-VALENCIANA
Comunidad Valenciana,4963703,2020-06-07,11314,9970,1332,ES,ES-C-VALENCIANA
Comunidad Valenciana,4963703,2020-06-08,11314,9970,1332,ES,ES-C-VALENCIANA
Canary Islands,2127685,2020-05-15,2280,1506,151,ES,ES-CANARIAS
Canary Islands,2127685,2020-05-16,2284,1524,151,ES,ES-CANARIAS
Canary Islands,2127685,2020-05-17,2284,1524,151,ES,ES-CANARIAS
Canary Islands,2127685,2020-05-18,2294,1537,153,ES,ES-CANARIAS
Canary Islands,2127685,2020-05-19,2294,1537,155,ES,ES-CANARIAS
Canary Islands,2127685,2020-05-20,2300,1537,155,ES,ES-CANARIAS
Canary Islands,2127685,2020-05-21,2307,0,155,ES,ES-CANARIAS
Canary Islands,2127685,2020-05-22,2312,0,155,ES,ES-CANARIAS
Canary Islands,2127685,2020-05-23,2321,0,157,ES,ES-CANARIAS
Canary Islands,2127685,2020-05-24,2322,0,157,ES,ES-CANARIAS
Canary Islands,2127685,2020-05-25,2317,0,150,ES,ES-CANARIAS
Canary Islands,2127685,2020-05-26,2323,1537,150,ES,ES-CANARIAS
Canary Islands,2127685,2020-05-27,2323,1537,150,ES,ES-CANARIAS
Canary Islands,2127685,2020-05-28,2327,1537,151,ES,ES-CANARIAS
Canary Islands,2127685,2020-05-29,2333,1537,151,ES,ES-CANARIAS
Canary Islands,2127685,2020-05-30,2343,1537,151,ES,ES-CANARIAS
Canary Islands,2127685,2020-05-31,2345,1537,151,ES,ES-CANARIAS
Canary Islands,2127685,2020-06-01,2347,1537,151,ES,ES-CANARIAS
Canary Islands,2127685,2020-06-02,2351,1537,151,ES,ES-CANARIAS
Canary Islands,2127685,2020-06-03,2357,1537,151,ES,ES-CANARIAS
Canary Islands,2127685,2020-06-04,2361,1537,151,ES,ES-CANARIAS
Canary Islands,2127685,2020-06-05,2362,1537,151,ES,ES-CANARIAS
Canary Islands,2127685,2020-06-06,2364,1537,151,ES,ES-CANARIAS
Canary Islands,2127685,2020-06-07,2369,1537,151,ES,ES-CANARIAS
Canary Islands,2127685,2020-06-08,2369,1537,151,ES,ES-CANARIAS
Cantabria,580229,2020-05-15,2263,2152,206,ES,ES-CANTABRIA
Cantabria,580229,2020-05-16,2265,2195,206,ES,ES-CANTABRIA
Cantabria,580229,2020-05-17,2265,2195,206,ES,ES-CANTABRIA
Cantabria,580229,2020-05-18,2271,2287,207,ES,ES-CANTABRIA
Cantabria,580229,2020-05-19,2273,2287,208,ES,ES-CANTABRIA
Cantabria,580229,2020-05-20,2277,2287,209,ES,ES-CANTABRIA
Cantabria,580229,2020-05-21,2279,0,209,ES,ES-CANTABRIA
Cantabria,580229,2020-05-22,2284,0,209,ES,ES-CANTABRIA
Cantabria,580229,2020-05-23,2287,0,209,ES,ES-CANTABRIA
Cantabria,580229,2020-05-24,2289,0,209,ES,ES-CANTABRIA
Cantabria,580229,2020-05-25,2283,0,202,ES,ES-CANTABRIA
Cantabria,580229,2020-05-26,2283,2287,202,ES,ES-CANTABRIA
Cantabria,580229,2020-05-27,2283,2287,202,ES,ES-CANTABRIA
Cantabria,580229,2020-05-28,2297,2287,202,ES,ES-CANTABRIA
Cantabria,580229,2020-05-29,2298,2287,202,ES,ES-CANTABRIA
Cantabria,580229,2020-05-30,2298,2287,202,ES,ES-CANTABRIA
Cantabria,580229,2020-05-31,2303,2287,202,ES,ES-CANTABRIA
Cantabria,580229,2020-06-01,2303,2287,202,ES,ES-CANTABRIA
Cantabria,580229,2020-06-02,2314,2287,202,ES,ES-CANTABRIA
Cantabria,580229,2020-06-03,2316,2287,202,ES,ES-CANTABRIA
Cantabria,580229,2020-06-04,2316,2287,202,ES,ES-CANTABRIA
Cantabria,580229,2020-06-05,2320,2287,202,ES,ES-CANTABRIA
Cantabria,580229,2020-06-06,2320,2287,202,ES,ES-CANTABRIA
Cantabria,580229,2020-06-07,2321,2287,202,ES,ES-CANTABRIA
Cantabria,580229,2020-06-08,2321,2287,202,ES,ES-CANTABRIA
Castilla - La Mancha,2026808,2020-05-15,16513,6294,2870,ES,ES-CASTILLA-LAMANCHA
Castilla - La Mancha,2026808,2020-05-16,16587,6328,2883,ES,ES-CASTILLA-LAMANCHA
Castilla - La Mancha,2026808,2020-05-17,16587,6328,2883,ES,ES-CASTILLA-LAMANCHA
Castilla - La Mancha,2026808,2020-05-18,16648,6392,2898,ES,ES-CASTILLA-LAMANCHA
Castilla - La Mancha,2026808,2020-05-19,16677,6392,2900,ES,ES-CASTILLA-LAMANCHA
Castilla - La Mancha,2026808,2020-05-20,16739,6392,2913,ES,ES-CASTILLA-LAMANCHA
Castilla - La Mancha,2026808,2020-05-21,16789,0,2919,ES,ES-CASTILLA-LAMANCHA
Castilla - La Mancha,2026808,2020-05-22,16830,0,2929,ES,ES-CASTILLA-LAMANCHA
Castilla - La Mancha,2026808,2020-05-23,16855,0,2934,ES,ES-CASTILLA-LAMANCHA
Castilla - La Mancha,2026808,2020-05-24,16889,0,2940,ES,ES-CASTILLA-LAMANCHA
Castilla - La Mancha,2026808,2020-05-25,16909,0,2788,ES,ES-CASTILLA-LAMANCHA
Castilla - La Mancha,2026808,2020-05-26,16992,6392,2945,ES,ES-CASTILLA-LAMANCHA
Castilla - La Mancha,2026808,2020-05-27,16992,6392,2945,ES,ES-CASTILLA-LAMANCHA
Castilla - La Mancha,2026808,2020-05-28,17068,6392,2945,ES,ES-CASTILLA-LAMANCHA
Castilla - La Mancha,2026808,2020-05-29,17122,6392,2945,ES,ES-CASTILLA-LAMANCHA
Castilla - La Mancha,2026808,2020-05-30,17184,6392,2945,ES,ES-CASTILLA-LAMANCHA
Castilla - La Mancha,2026808,2020-05-31,17234,6392,2945,ES,ES-CASTILLA-LAMANCHA
Castilla - La Mancha,2026808,2020-06-01,17259,6392,2945,ES,ES-CASTILLA-LAMANCHA
Castilla - La Mancha,2026808,2020-06-02,17310,6392,2945,ES,ES-CASTILLA-LAMANCHA
Castilla - La Mancha,2026808,2020-06-03,17355,6392,2945,ES,ES-CASTILLA-LAMANCHA
Castilla - La Mancha,2026808,2020-06-04,17393,6392,2945,ES,ES-CASTILLA-LAMANCHA
Castilla - La Mancha,2026808,2020-06-05,17431,6392,2945,ES,ES-CASTILLA-LAMANCHA
Castilla - La Mancha,2026808,2020-06-06,17472,6392,2945,ES,ES-CASTILLA-LAMANCHA
Castilla - La Mancha,2026808,2020-06-07,17505,6392,2945,ES,ES-CASTILLA-LAMANCHA
Castilla - La Mancha,2026808,2020-06-08,17505,6392,2945,ES,ES-CASTILLA-LAMANCHA
Castilla y Leon,2409164,2020-05-15,18272,7672,1930,ES,ES-CASTILLA-Y-LEON
Castilla y Leon,2409164,2020-05-16,18369,7735,1940,ES,ES-CASTILLA-Y-LEON
Castilla y Leon,2409164,2020-05-17,18369,7735,1940,ES,ES-CASTILLA-Y-LEON
Castilla y Leon,2409164,2020-05-18,18512,8716,1953,ES,ES-CASTILLA-Y-LEON
Castilla y Leon,2409164,2020-05-19,18549,8716,1960,ES,ES-CASTILLA-Y-LEON
Castilla y Leon,2409164,2020-05-20,18586,8716,1960,ES,ES-CASTILLA-Y-LEON
Castilla y Leon,2409164,2020-05-21,18627,0,1960,ES,ES-CASTILLA-Y-LEON
Castilla y Leon,2409164,2020-05-22,18674,0,1961,ES,ES-CASTILLA-Y-LEON
Castilla y Leon,2409164,2020-05-23,18737,0,1961,ES,ES-CASTILLA-Y-LEON
Castilla y Leon,2409164,2020-05-24,18789,0,1961,ES,ES-CASTILLA-Y-LEON
Castilla y Leon,2409164,2020-05-25,18555,0,1913,ES,ES-CASTILLA-Y-LEON
Castilla y Leon,2409164,2020-05-26,18591,8716,1922,ES,ES-CASTILLA-Y-LEON
Castilla y Leon,2409164,2020-05-27,18591,8716,1922,ES,ES-CASTILLA-Y-LEON
Castilla y Leon,2409164,2020-05-28,18682,8716,1922,ES,ES-CASTILLA-Y-LEON
Castilla y Leon,2409164,2020-05-29,18747,8716,1922,ES,ES-CASTILLA-Y-LEON
Castilla y Leon,2409164,2020-05-30,18804,8716,1923,ES,ES-CASTILLA-Y-LEON
Castilla y Leon,2409164,2020-05-31,18863,8716,1924,ES,ES-CASTILLA-Y-LEON
Castilla y Leon,2409164,2020-06-01,18907,8716,1924,ES,ES-CASTILLA-Y-LEON
Castilla y Leon,2409164,2020-06-02,18925,8716,1924,ES,ES-CASTILLA-Y-LEON
Castilla y Leon,2409164,2020-06-03,18956,8716,1925,ES,ES-CASTILLA-Y-LEON
Castilla y Leon,2409164,2020-06-04,19009,8716,1928,ES,ES-CASTILLA-Y-LEON
Castilla y Leon,2409164,2020-06-05,19042,8716,1928,ES,ES-CASTILLA-Y-LEON
Castilla y Leon,2409164,2020-06-06,19104,8716,1928,ES,ES-CASTILLA-Y-LEON
Castilla y Leon,2409164,2020-06-07,19161,8716,1928,ES,ES-CASTILLA-Y-LEON
Castilla y Leon,2409164,2020-06-08,19161,8716,1928,ES,ES-CASTILLA-Y-LEON
Catalonia,7600065,2020-05-15,55464,25904,5882,ES,ES-CATALONIA
Catalonia,7600065,2020-05-16,55685,26067,5915,ES,ES-CATALONIA
Catalonia,7600065,2020-05-17,55685,26067,5915,ES,ES-CATALONIA
Catalonia,7600065,2020-05-18,55921,26203,5956,ES,ES-CATALONIA
Catalonia,7600065,2020-05-19,55825,26203,5981,ES,ES-CATALONIA
Catalonia,7600065,2020-05-20,55888,26203,6021,ES,ES-CATALONIA
Catalonia,7600065,2020-05-21,55888,0,6021,ES,ES-CATALONIA
Catalonia,7600065,2020-05-22,57036,0,6656,ES,ES-CATALONIA
Catalonia,7600065,2020-05-23,57114,0,6663,ES,ES-CATALONIA
Catalonia,7600065,2020-05-24,57148,0,6701,ES,ES-CATALONIA
Catalonia,7600065,2020-05-25,57320,0,5575,ES,ES-CATALONIA
Catalonia,7600065,2020-05-26,57569,26203,5583,ES,ES-CATALONIA
Catalonia,7600065,2020-05-27,57569,26203,5583,ES,ES-CATALONIA
Catalonia,7600065,2020-05-28,58427,26203,5584,ES,ES-CATALONIA
Catalonia,7600065,2020-05-29,58699,26203,5584,ES,ES-CATALONIA
Catalonia,7600065,2020-05-30,59003,26203,5587,ES,ES-CATALONIA
Catalonia,7600065,2020-05-31,59013,26203,5587,ES,ES-CATALONIA
Catalonia,7600065,2020-06-01,59019,26203,5587,ES,ES-CATALONIA
Catalonia,7600065,2020-06-02,59035,26203,5587,ES,ES-CATALONIA
Catalonia,7600065,2020-06-03,59112,26203,5587,ES,ES-CATALONIA
Catalonia,7600065,2020-06-04,59163,26203,5587,ES,ES-CATALONIA
Catalonia,7600065,2020-06-05,59182,26203,5587,ES,ES-CATALONIA
Catalonia,7600065,2020-06-06,59199,26203,5587,ES,ES-CATALONIA
Catalonia,7600065,2020-06-07,59209,26203,5587,ES,ES-CATALONIA
Catalonia,7600065,2020-06-08,59209,26203,5587,ES,ES-CATALONIA
Ceuta,85144,2020-05-15,116,160,4,ES,ES-CEUTA
Ceuta,85144,2020-05-16,116,163,4,ES,ES-CEUTA
Ceuta,85144,2020-05-17,116,163,4,ES,ES-CEUTA
Ceuta,85144,2020-05-18,116,163,4,ES,ES-CEUTA
Ceuta,85144,2020-05-19,117,163,4,ES,ES-CEUTA
Ceuta,85144,2020-05-20,119,163,4,ES,ES-CEUTA
Ceuta,85144,2020-05-21,119,0,4,ES,ES-CEUTA
Ceuta,85144,2020-05-22,124,0,4,ES,ES-CEUTA
Ceuta,85144,2020-05-23,125,0,4,ES,ES-CEUTA
Ceuta,85144,2020-05-24,124,0,4,ES,ES-CEUTA
Ceuta,85144,2020-05-25,124,0,4,ES,ES-CEUTA
Ceuta,85144,2020-05-26,124,163,5,ES,ES-CEUTA
Ceuta,85144,2020-05-27,124,163,5,ES,ES-CEUTA
Ceuta,85144,2020-05-28,129,163,4,ES,ES-CEUTA
Ceuta,85144,2020-05-29,145,163,4,ES,ES-CEUTA
Ceuta,85144,2020-05-30,145,163,4,ES,ES-CEUTA
Ceuta,85144,2020-05-31,145,163,4,ES,ES-CEUTA
Ceuta,85144,2020-06-01,146,163,4,ES,ES-CEUTA
Ceuta,85144,2020-06-02,155,163,4,ES,ES-CEUTA
Ceuta,85144,2020-06-03,155,163,4,ES,ES-CEUTA
Ceuta,85144,2020-06-04,163,163,4,ES,ES-CEUTA
Ceuta,85144,2020-06-05,163,163,4,ES,ES-CEUTA
Ceuta,85144,2020-06-06,163,163,4,ES,ES-CEUTA
Ceuta,85144,2020-06-07,163,163,4,ES,ES-CEUTA
Ceuta,85144,2020-06-08,163,163,4,ES,ES-CEUTA
Extremadura,1072863,2020-05-15,2933,2587,494,ES,ES-EXTREMADURA
Extremadura,1072863,2020-05-16,2958,2609,497,ES,ES-EXTREMADURA
Extremadura,1072863,2020-05-17,2958,2609,497,ES,ES-EXTREMADURA
Extremadura,1072863,2020-05-18,2948,2652,500,ES,ES-EXTREMADURA
Extremadura,1072863,2020-05-19,2953,2652,504,ES,ES-EXTREMADURA
Extremadura,1072863,2020-05-20,3040,2652,504,ES,ES-EXTREMADURA
Extremadura,1072863,2020-05-21,3042,0,505,ES,ES-EXTREMADURA
Extremadura,1072863,2020-05-22,3044,0,506,ES,ES-EXTREMADURA
Extremadura,1072863,2020-05-23,3048,0,507,ES,ES-EXTREMADURA
Extremadura,1072863,2020-05-24,3047,0,506,ES,ES-EXTREMADURA
Extremadura,1072863,2020-05-25,2952,0,506,ES,ES-EXTREMADURA
Extremadura,1072863,2020-05-26,2955,2652,507,ES,ES-EXTREMADURA
Extremadura,1072863,2020-05-27,2955,2652,507,ES,ES-EXTREMADURA
Extremadura,1072863,2020-05-28,2961,2652,507,ES,ES-EXTREMADURA
Extremadura,1072863,2020-05-29,2963,2652,507,ES,ES-EXTREMADURA
Extremadura,1072863,2020-05-30,2964,2652,508,ES,ES-EXTREMADURA
Extremadura,1072863,2020-05-31,2966,2652,508,ES,ES-EXTREMADURA
Extremadura,1072863,2020-06-01,2966,2652,508,ES,ES-EXTREMADURA
Extremadura,1072863,2020-06-02,2971,2652,508,ES,ES-EXTREMADURA
Extremadura,1072863,2020-06-03,2974,2652,508,ES,ES-EXTREMADURA
Extremadura,1072863,2020-06-04,2973,2652,508,ES,ES-EXTREMADURA
Extremadura,1072863,2020-06-05,2976,2652,508,ES,ES-EXTREMADURA
Extremadura,1072863,2020-06-06,2977,2652,508,ES,ES-EXTREMADURA
Extremadura,1072863,2020-06-07,2977,2652,508,ES,ES-EXTREMADURA
Extremadura,1072863,2020-06-08,2977,2652,508,ES,ES-EXTREMADURA
Galicia,2701743,2020-05-15,9323,8283,601,ES,ES-GALICIA
Galicia,2701743,2020-05-16,9041,8409,604,ES,ES-GALICIA
Galicia,2701743,2020-05-17,9041,8409,604,ES,ES-GALICIA
Galicia,2701743,2020-05-18,9056,9204,607,ES,ES-GALICIA
Galicia,2701743,2020-05-19,9058,9204,607,ES,ES-GALICIA
Galicia,2701743,2020-05-20,9067,9204,607,ES,ES-GALICIA
Galicia,2701743,2020-05-21,9077,0,608,ES,ES-GALICIA
Galicia,2701743,2020-05-22,9084,0,609,ES,ES-GALICIA
Galicia,2701743,2020-05-23,9098,0,610,ES,ES-GALICIA
Galicia,2701743,2020-05-24,9105,0,613,ES,ES-GALICIA
Galicia,2701743,2020-05-25,9079,0,607,ES,ES-GALICIA
Galicia,2701743,2020-05-26,9108,9204,607,ES,ES-GALICIA
Galicia,2701743,2020-05-27,9108,9204,607,ES,ES-GALICIA
Galicia,2701743,2020-05-28,9115,9204,608,ES,ES-GALICIA
Galicia,2701743,2020-05-29,9117,9204,608,ES,ES-GALICIA
Galicia,2701743,2020-05-30,9120,9204,609,ES,ES-GALICIA
Galicia,2701743,2020-05-31,9119,9204,609,ES,ES-GALICIA
Galicia,2701743,2020-06-01,9129,9204,609,ES,ES-GALICIA
Galicia,2701743,2020-06-02,9130,9204,609,ES,ES-GALICIA
Galicia,2701743,2020-06-03,9132,9204,609,ES,ES-GALICIA
Galicia,2701743,2020-06-04,9134,9204,609,ES,ES-GALICIA
Galicia,2701743,2020-06-05,9146,9204,609,ES,ES-GALICIA
Galicia,2701743,2020-06-06,9144,9204,609,ES,ES-GALICIA
Galicia,2701743,2020-06-07,9145,9204,609,ES,ES-GALICIA
Galicia,2701743,2020-06-08,9145,9204,609,ES,ES-GALICIA
La Rioja,315675,2020-05-15,4016,2927,348,ES,ES-LA-RIOJA
La Rioja,315675,2020-05-16,4020,2990,348,ES,ES-LA-RIOJA
La Rioja,315675,2020-05-17,4020,2990,348,ES,ES-LA-RIOJA
La Rioja,315675,2020-05-18,4024,3107,351,ES,ES-LA-RIOJA
La Rioja,315675,2020-05-19,4027,3107,352,ES,ES-LA-RIOJA
La Rioja,315675,2020-05-20,4033,3107,353,ES,ES-LA-RIOJA
La Rioja,315675,2020-05-21,4033,0,354,ES,ES-LA-RIOJA
La Rioja,315675,2020-05-22,4036,0,356,ES,ES-LA-RIOJA
La Rioja,315675,2020-05-23,4036,0,357,ES,ES-LA-RIOJA
La Rioja,315675,2020-05-24,4036,0,358,ES,ES-LA-RIOJA
La Rioja,315675,2020-05-25,4041,0,358,ES,ES-LA-RIOJA
La Rioja,315675,2020-05-26,4044,3107,360,ES,ES-LA-RIOJA
La Rioja,315675,2020-05-27,4044,3107,360,ES,ES-LA-RIOJA
La Rioja,315675,2020-05-28,4044,3107,360,ES,ES-LA-RIOJA
La Rioja,315675,2020-05-29,4048,3107,360,ES,ES-LA-RIOJA
La Rioja,315675,2020-05-30,4051,3107,360,ES,ES-LA-RIOJA
La Rioja,315675,2020-05-31,4051,3107,361,ES,ES-LA-RIOJA
La Rioja,315675,2020-06-01,4051,3107,361,ES,ES-LA-RIOJA
La Rioja,315675,2020-06-02,4052,3107,361,ES,ES-LA-RIOJA
La Rioja,315675,2020-06-03,4053,3107,361,ES,ES-LA-RIOJA
La Rioja,315675,2020-06-04,4054,3107,362,ES,ES-LA-RIOJA
La Rioja,315675,2020-06-05,4056,3107,362,ES,ES-LA-RIOJA
La Rioja,315675,2020-06-06,4057,3107,362,ES,ES-LA-RIOJA
La Rioja,315675,2020-06-07,4061,3107,362,ES,ES-LA-RIOJA
La Rioja,315675,2020-06-08,4061,3107,362,ES,ES-LA-RIOJA
Madrid,6578079,2020-05-15,66005,40383,8809,ES,ES-MADRID
Madrid,6578079,2020-05-16,66210,40586,8826,ES,ES-MADRID
Madrid,6578079,2020-05-17,66210,40586,8826,ES,ES-MADRID
Madrid,6578079,2020-05-18,66302,40736,8863,ES,ES-MADRID
Madrid,6578079,2020-05-19,66643,40736,8894,ES,ES-MADRID
Madrid,6578079,2020-05-20,66860,40736,8912,ES,ES-MADRID
Madrid,6578079,2020-05-21,67049,0,8931,ES,ES-MADRID
Madrid,6578079,2020-05-22,67425,0,8944,ES,ES-MADRID
Madrid,6578079,2020-05-23,67610,0,8956,ES,ES-MADRID
Madrid,6578079,2020-05-24,67871,0,8977,ES,ES-MADRID
Madrid,6578079,2020-05-25,67932,0,8686,ES,ES-MADRID
Madrid,6578079,2020-05-26,68066,40736,8691,ES,ES-MADRID
Madrid,6578079,2020-05-27,68066,40736,8691,ES,ES-MADRID
Madrid,6578079,2020-05-28,68451,40736,8691,ES,ES-MADRID
Madrid,6578079,2020-05-29,68597,40736,8691,ES,ES-MADRID
Madrid,6578079,2020-05-30,68740,40736,8691,ES,ES-MADRID
Madrid,6578079,2020-05-31,68830,40736,8691,ES,ES-MADRID
Madrid,6578079,2020-06-01,68852,40736,8691,ES,ES-MADRID
Madrid,6578079,2020-06-02,68960,40736,8691,ES,ES-MADRID
Madrid,6578079,2020-06-03,69112,40736,8691,ES,ES-MADRID
Madrid,6578079,2020-06-04,69236,40736,8691,ES,ES-MADRID
Madrid,6578079,2020-06-05,69423,40736,8691,ES,ES-MADRID
Madrid,6578079,2020-06-06,69562,40736,8691,ES,ES-MADRID
Madrid,6578079,2020-06-07,69641,40736,8691,ES,ES-MADRID
Madrid,6578079,2020-06-08,69641,40736,8691,ES,ES-MADRID
Melilla,86384,2020-05-15,119,119,2,ES,ES-MELILLA
Melilla,86384,2020-05-16,119,122,2,ES,ES-MELILLA
Melilla,86384,2020-05-17,119,122,2,ES,ES-MELILLA
Melilla,86384,2020-05-18,121,125,2,ES,ES-MELILLA
Melilla,86384,2020-05-19,121,125,2,ES,ES-MELILLA
Melilla,86384,2020-05-20,121,125,2,ES,ES-MELILLA
Melilla,86384,2020-05-21,121,0,2,ES,ES-MELILLA
Melilla,86384,2020-05-22,121,0,2,ES,ES-MELILLA
Melilla,86384,2020-05-23,121,0,2,ES,ES-MELILLA
Melilla,86384,2020-05-24,121,0,2,ES,ES-MELILLA
Melilla,86384,2020-05-25,121,0,2,ES,ES-MELILLA
Melilla,86384,2020-05-26,121,125,2,ES,ES-MELILLA
Melilla,86384,2020-05-27,121,125,2,ES,ES-MELILLA
Melilla,86384,2020-05-28,121,125,2,ES,ES-MELILLA
Melilla,86384,2020-05-29,121,125,2,ES,ES-MELILLA
Melilla,86384,2020-05-30,121,125,2,ES,ES-MELILLA
Melilla,86384,2020-05-31,121,125,2,ES,ES-MELILLA
Melilla,86384,2020-06-01,121,125,2,ES,ES-MELILLA
Melilla,86384,2020-06-02,122,125,2,ES,ES-MELILLA
Melilla,86384,2020-06-03,122,125,2,ES,ES-MELILLA
Melilla,86384,2020-06-04,122,125,2,ES,ES-MELILLA
Melilla,86384,2020-06-05,122,125,2,ES,ES-MELILLA
Melilla,86384,2020-06-06,122,125,2,ES,ES-MELILLA
Melilla,86384,2020-06-07,122,125,2,ES,ES-MELILLA
Melilla,86384,2020-06-08,122,125,2,ES,ES-MELILLA
Murcia,1478509,2020-05-15,1534,2034,143,ES,ES-MURCIA
Murcia,1478509,2020-05-16,1542,2073,144,ES,ES-MURCIA
Murcia,1478509,2020-05-17,1542,2073,144,ES,ES-MURCIA
Murcia,1478509,2020-05-18,1556,2180,145,ES,ES-MURCIA
Murcia,1478509,2020-05-19,1558,2180,145,ES,ES-MURCIA
Murcia,1478509,2020-05-20,1560,2180,148,ES,ES-MURCIA
Murcia,1478509,2020-05-21,1570,0,149,ES,ES-MURCIA
Murcia,1478509,2020-05-22,1572,0,149,ES,ES-MURCIA
Murcia,1478509,2020-05-23,1575,0,149,ES,ES-MURCIA
Murcia,1478509,2020-05-24,1579,0,149,ES,ES-MURCIA
Murcia,1478509,2020-05-25,1573,0,139,ES,ES-MURCIA
Murcia,1478509,2020-05-26,1587,2180,148,ES,ES-MURCIA
Murcia,1478509,2020-05-27,1587,2180,148,ES,ES-MURCIA
Murcia,1478509,2020-05-28,1593,2180,148,ES,ES-MURCIA
Murcia,1478509,2020-05-29,1595,2180,148,ES,ES-MURCIA
Murcia,1478509,2020-05-30,1597,2180,148,ES,ES-MURCIA
Murcia,1478509,2020-05-31,1597,2180,148,ES,ES-MURCIA
Murcia,1478509,2020-06-01,1599,2180,148,ES,ES-MURCIA
Murcia,1478509,2020-06-02,1603,2180,148,ES,ES-MURCIA
Murcia,1478509,2020-06-03,1605,2180,148,ES,ES-MURCIA
Murcia,1478509,2020-06-04,1613,2180,148,ES,ES-MURCIA
Murcia,1478509,2020-06-05,1616,2180,148,ES,ES-MURCIA
Murcia,1478509,2020-06-06,1616,2180,148,ES,ES-MURCIA
Murcia,1478509,2020-06-07,1616,2180,148,ES,ES-MURCIA
Murcia,1478509,2020-06-08,1616,2180,148,ES,ES-MURCIA
Navarra,647554,2020-05-15,5116,3550,500,ES,ES-NAVARRA
Navarra,647554,2020-05-16,5137,3658,501,ES,ES-NAVARRA
Navarra,647554,2020-05-17,5137,3658,501,ES,ES-NAVARRA
Navarra,647554,2020-05-18,5178,3905,503,ES,ES-NAVARRA
Navarra,647554,2020-05-19,5202,3905,503,ES,ES-NAVARRA
Navarra,647554,2020-05-20,5136,3905,503,ES,ES-NAVARRA
Navarra,647554,2020-05-21,5195,0,506,ES,ES-NAVARRA
Navarra,647554,2020-05-22,5200,0,508,ES,ES-NAVARRA
Navarra,647554,2020-05-23,5205,0,509,ES,ES-NAVARRA
Navarra,647554,2020-05-24,5219,0,509,ES,ES-NAVARRA
Navarra,647554,2020-05-25,5195,0,490,ES,ES-NAVARRA
Navarra,647554,2020-05-26,5199,3905,490,ES,ES-NAVARRA
Navarra,647554,2020-05-27,5199,3905,490,ES,ES-NAVARRA
Navarra,647554,2020-05-28,5223,3905,490,ES,ES-NAVARRA
Navarra,647554,2020-05-29,5238,3905,490,ES,ES-NAVARRA
Navarra,647554,2020-05-30,5247,3905,490,ES,ES-NAVARRA
Navarra,647554,2020-05-31,5254,3905,490,ES,ES-NAVARRA
Navarra,647554,2020-06-01,5259,3905,490,ES,ES-NAVARRA
Navarra,647554,2020-06-02,5259,3905,490,ES,ES-NAVARRA
Navarra,647554,2020-06-03,5261,3905,490,ES,ES-NAVARRA
Navarra,647554,2020-06-04,5265,3905,490,ES,ES-NAVARRA
Navarra,647554,2020-06-05,5275,3905,490,ES,ES-NAVARRA
Navarra,647554,2020-06-06,5285,3905,490,ES,ES-NAVARRA
Navarra,647554,2020-06-07,5288,3905,490,ES,ES-NAVARRA
Navarra,647554,2020-06-08,5288,3905,490,ES,ES-NAVARRA
Pais Vasco,2199088,2020-05-15,13257,15256,1454,ES,ES-PAIS-VASCO
Pais Vasco,2199088,2020-05-16,13291,15678,1455,ES,ES-PAIS-VASCO
Pais Vasco,2199088,2020-05-17,13291,15678,1455,ES,ES-PAIS-VASCO
Pais Vasco,2199088,2020-05-18,13422,16160,1466,ES,ES-PAIS-VASCO
Pais Vasco,2199088,2020-05-19,13409,16160,1470,ES,ES-PAIS-VASCO
Pais Vasco,2199088,2020-05-20,13435,16160,1480,ES,ES-PAIS-VASCO
Pais Vasco,2199088,2020-05-21,13421,0,1483,ES,ES-PAIS-VASCO
Pais Vasco,2199088,2020-05-22,13454,0,1487,ES,ES-PAIS-VASCO
Pais Vasco,2199088,2020-05-23,13467,0,1494,ES,ES-PAIS-VASCO
Pais Vasco,2199088,2020-05-24,13476,0,1494,ES,ES-PAIS-VASCO
Pais Vasco,2199088,2020-05-25,13478,0,1424,ES,ES-PAIS-VASCO
Pais Vasco,2199088,2020-05-26,13486,16160,1424,ES,ES-PAIS-VASCO
Pais Vasco,2199088,2020-05-27,13486,16160,1424,ES,ES-PAIS-VASCO
Pais Vasco,2199088,2020-05-28,13489,16160,1424,ES,ES-PAIS-VASCO
Pais Vasco,2199088,2020-05-29,13494,16160,1424,ES,ES-PAIS-VASCO
Pais Vasco,2199088,2020-05-30,13506,16160,1424,ES,ES-PAIS-VASCO
Pais Vasco,2199088,2020-05-31,13508,16160,1424,ES,ES-PAIS-VASCO
Pais Vasco,2199088,2020-06-01,13511,16160,1424,ES,ES-PAIS-VASCO
Pais Vasco,2199088,2020-06-02,13513,16160,1424,ES,ES-PAIS-VASCO
Pais Vasco,2199088,2020-06-03,13523,16160,1424,ES,ES-PAIS-VASCO
Pais Vasco,2199088,2020-06-04,13527,16160,1424,ES,ES-PAIS-VASCO
Pais Vasco,2199088,2020-06-05,13529,16160,1424,ES,ES-PAIS-VASCO
Pais Vasco,2199088,2020-06-06,13535,16160,1424,ES,ES-PAIS-VASCO
Pais Vasco,2199088,2020-06-07,13542,16160,1424,ES,ES-PAIS-VASCO
Pais Vasco,2199088,2020-06-08,13542,16160,1424,ES,ES-PAIS-VASCO
other,0,2020-05-21,0,150376,0,ES,ES-XX
other,0,2020-05-22,0,150376,0,ES,ES-XX
other,0,2020-05-23,0,150376,0,ES,ES-XX
other,0,2020-05-24,0,150376,0,ES,ES-XX
other,0,2020-05-25,0,150376,0,ES,ES-XX
other,0,2020-05-26,0,0,0,ES,ES-XX
other,0,2020-05-27,0,0,0,ES,ES-XX
other,0,2020-05-28,0,0,0,ES,ES-XX
other,0,2020-05-29,0,0,0,ES,ES-XX
other,0,2020-05-30,0,0,0,ES,ES-XX
other,0,2020-05-31,0,0,0,ES,ES-XX
other,0,2020-06-01,0,0,0,ES,ES-XX
other,0,2020-06-02,0,0,0,ES,ES-XX
other,0,2020-06-03,0,0,0,ES,ES-XX
other,0,2020-06-04,0,0,0,ES,ES-XX
other,0,2020-06-05,0,0,0,ES,ES-XX
other,0,2020-06-06,0,0,0,ES,ES-XX
other,0,2020-06-07,0,0,0,ES,ES-XX
other,0,2020-06-08,0,0,0,ES,ES-XX
