state_name_en,population_number,reportDate,cases,recovered,deaths,countryCode,stateCode
Aichi,7552239,2020-06-08,510,463,34,JP,JP-AICHI
Aichi,7552239,2020-06-09,510,465,34,JP,JP-AICHI
Aichi,7552239,2020-06-10,512,465,34,JP,JP-AICHI
Aichi,7552239,2020-06-11,512,465,34,JP,JP-AICHI
Aichi,7552239,2020-06-12,514,465,34,JP,JP-AICHI
Aichi,7552239,2020-06-13,514,467,34,JP,JP-AICHI
Aichi,7552239,2020-06-14,515,467,34,JP,JP-AICHI
Aichi,7552239,2020-06-15,515,467,34,JP,JP-AICHI
Aichi,7552239,2020-06-16,516,468,34,JP,JP-AICHI
Aichi,7552239,2020-06-17,519,470,34,JP,JP-AICHI
Aichi,7552239,2020-06-18,519,470,34,JP,JP-AICHI
Aichi,7552239,2020-06-19,520,470,34,JP,JP-AICHI
Aichi,7552239,2020-06-20,521,470,34,JP,JP-AICHI
Aichi,7552239,2020-06-21,521,470,34,JP,JP-AICHI
Aichi,7552239,2020-06-22,521,470,34,JP,JP-AICHI
Aichi,7552239,2020-06-23,521,471,34,JP,JP-AICHI
Aichi,7552239,2020-06-24,521,471,34,JP,JP-AICHI
Aichi,7552239,2020-06-25,521,471,34,JP,JP-AICHI
Aichi,7552239,2020-06-26,521,471,34,JP,JP-AICHI
Aichi,7552239,2020-06-27,521,474,34,JP,JP-AICHI
Aichi,7552239,2020-06-28,521,476,34,JP,JP-AICHI
Aichi,7552239,2020-06-29,522,477,34,JP,JP-AICHI
Aichi,7552239,2020-06-30,523,477,34,JP,JP-AICHI
Aichi,7552239,2020-07-01,523,478,34,JP,JP-AICHI
Aichi,7552239,2020-07-02,523,478,34,JP,JP-AICHI
Aichi,7552239,2020-07-03,523,478,34,JP,JP-AICHI
Aichi,7552239,2020-07-04,523,478,34,JP,JP-AICHI
Aichi,7552239,2020-07-05,523,478,34,JP,JP-AICHI
Aichi,7552239,2020-07-06,525,478,34,JP,JP-AICHI
Aichi,7552239,2020-07-07,525,480,34,JP,JP-AICHI
Aichi,7552239,2020-07-08,527,480,34,JP,JP-AICHI
Aichi,7552239,2020-07-09,527,480,34,JP,JP-AICHI
Aichi,7552239,2020-07-10,527,481,34,JP,JP-AICHI
Aichi,7552239,2020-07-11,529,481,34,JP,JP-AICHI
Aichi,7552239,2020-07-12,529,482,34,JP,JP-AICHI
Aichi,7552239,2020-07-13,531,483,34,JP,JP-AICHI
Aichi,7552239,2020-07-14,536,483,34,JP,JP-AICHI
Aichi,7552239,2020-07-15,552,483,34,JP,JP-AICHI
Aichi,7552239,2020-07-16,573,483,34,JP,JP-AICHI
Aichi,7552239,2020-07-17,573,483,34,JP,JP-AICHI
Akita,966490,2020-06-08,16,16,0,JP,JP-AKITA
Akita,966490,2020-06-09,16,16,0,JP,JP-AKITA
Akita,966490,2020-06-10,16,16,0,JP,JP-AKITA
Akita,966490,2020-06-11,16,16,0,JP,JP-AKITA
Akita,966490,2020-06-12,16,16,0,JP,JP-AKITA
Akita,966490,2020-06-13,16,16,0,JP,JP-AKITA
Akita,966490,2020-06-14,16,16,0,JP,JP-AKITA
Akita,966490,2020-06-15,16,16,0,JP,JP-AKITA
Akita,966490,2020-06-16,16,16,0,JP,JP-AKITA
Akita,966490,2020-06-17,16,16,0,JP,JP-AKITA
Akita,966490,2020-06-18,16,16,0,JP,JP-AKITA
Akita,966490,2020-06-19,16,16,0,JP,JP-AKITA
Akita,966490,2020-06-20,16,16,0,JP,JP-AKITA
Akita,966490,2020-06-21,16,16,0,JP,JP-AKITA
Akita,966490,2020-06-22,16,16,0,JP,JP-AKITA
Akita,966490,2020-06-23,16,16,0,JP,JP-AKITA
Akita,966490,2020-06-24,16,16,0,JP,JP-AKITA
Akita,966490,2020-06-25,16,16,0,JP,JP-AKITA
Akita,966490,2020-06-26,16,16,0,JP,JP-AKITA
Akita,966490,2020-06-27,16,16,0,JP,JP-AKITA
Akita,966490,2020-06-28,16,16,0,JP,JP-AKITA
Akita,966490,2020-06-29,16,16,0,JP,JP-AKITA
Akita,966490,2020-06-30,16,16,0,JP,JP-AKITA
Akita,966490,2020-07-01,16,16,0,JP,JP-AKITA
Akita,966490,2020-07-02,16,16,0,JP,JP-AKITA
Akita,966490,2020-07-03,16,16,0,JP,JP-AKITA
Akita,966490,2020-07-04,16,16,0,JP,JP-AKITA
Akita,966490,2020-07-05,16,16,0,JP,JP-AKITA
Akita,966490,2020-07-06,16,16,0,JP,JP-AKITA
Akita,966490,2020-07-07,16,16,0,JP,JP-AKITA
Akita,966490,2020-07-08,16,16,0,JP,JP-AKITA
Akita,966490,2020-07-09,16,16,0,JP,JP-AKITA
Akita,966490,2020-07-10,16,16,0,JP,JP-AKITA
Akita,966490,2020-07-11,16,16,0,JP,JP-AKITA
Akita,966490,2020-07-12,16,16,0,JP,JP-AKITA
Akita,966490,2020-07-13,16,16,0,JP,JP-AKITA
Akita,966490,2020-07-14,16,16,0,JP,JP-AKITA
Akita,966490,2020-07-15,16,16,0,JP,JP-AKITA
Akita,966490,2020-07-16,16,16,0,JP,JP-AKITA
Akita,966490,2020-07-17,16,16,0,JP,JP-AKITA
Aomori,1246371,2020-06-08,27,26,1,JP,JP-AOMORI
Aomori,1246371,2020-06-09,27,26,1,JP,JP-AOMORI
Aomori,1246371,2020-06-10,27,26,1,JP,JP-AOMORI
Aomori,1246371,2020-06-11,27,26,1,JP,JP-AOMORI
Aomori,1246371,2020-06-12,27,26,1,JP,JP-AOMORI
Aomori,1246371,2020-06-13,27,26,1,JP,JP-AOMORI
Aomori,1246371,2020-06-14,27,26,1,JP,JP-AOMORI
Aomori,1246371,2020-06-15,27,26,1,JP,JP-AOMORI
Aomori,1246371,2020-06-16,27,26,1,JP,JP-AOMORI
Aomori,1246371,2020-06-17,30,26,1,JP,JP-AOMORI
Aomori,1246371,2020-06-18,30,26,1,JP,JP-AOMORI
Aomori,1246371,2020-06-19,30,26,1,JP,JP-AOMORI
Aomori,1246371,2020-06-20,30,26,1,JP,JP-AOMORI
Aomori,1246371,2020-06-21,30,26,1,JP,JP-AOMORI
Aomori,1246371,2020-06-22,30,26,1,JP,JP-AOMORI
Aomori,1246371,2020-06-23,30,26,1,JP,JP-AOMORI
Aomori,1246371,2020-06-24,30,26,1,JP,JP-AOMORI
Aomori,1246371,2020-06-25,30,26,1,JP,JP-AOMORI
Aomori,1246371,2020-06-26,30,26,1,JP,JP-AOMORI
Aomori,1246371,2020-06-27,30,26,1,JP,JP-AOMORI
Aomori,1246371,2020-06-28,30,26,1,JP,JP-AOMORI
Aomori,1246371,2020-06-29,30,26,1,JP,JP-AOMORI
Aomori,1246371,2020-06-30,30,26,1,JP,JP-AOMORI
Aomori,1246371,2020-07-01,30,26,1,JP,JP-AOMORI
Aomori,1246371,2020-07-02,30,26,1,JP,JP-AOMORI
Aomori,1246371,2020-07-03,30,26,1,JP,JP-AOMORI
Aomori,1246371,2020-07-04,30,26,1,JP,JP-AOMORI
Aomori,1246371,2020-07-05,30,26,1,JP,JP-AOMORI
Aomori,1246371,2020-07-06,30,26,1,JP,JP-AOMORI
Aomori,1246371,2020-07-07,30,26,1,JP,JP-AOMORI
Aomori,1246371,2020-07-08,30,26,1,JP,JP-AOMORI
Aomori,1246371,2020-07-09,30,26,1,JP,JP-AOMORI
Aomori,1246371,2020-07-10,32,26,1,JP,JP-AOMORI
Aomori,1246371,2020-07-11,33,26,1,JP,JP-AOMORI
Aomori,1246371,2020-07-12,33,26,1,JP,JP-AOMORI
Aomori,1246371,2020-07-13,33,26,1,JP,JP-AOMORI
Aomori,1246371,2020-07-14,33,26,1,JP,JP-AOMORI
Aomori,1246371,2020-07-15,33,26,1,JP,JP-AOMORI
Aomori,1246371,2020-07-16,34,26,1,JP,JP-AOMORI
Aomori,1246371,2020-07-17,34,26,1,JP,JP-AOMORI
Chiba,6259382,2020-06-08,912,844,45,JP,JP-CHIBA
Chiba,6259382,2020-06-09,922,846,45,JP,JP-CHIBA
Chiba,6259382,2020-06-10,922,847,45,JP,JP-CHIBA
Chiba,6259382,2020-06-11,925,847,45,JP,JP-CHIBA
Chiba,6259382,2020-06-12,926,847,45,JP,JP-CHIBA
Chiba,6259382,2020-06-13,926,850,45,JP,JP-CHIBA
Chiba,6259382,2020-06-14,926,850,45,JP,JP-CHIBA
Chiba,6259382,2020-06-15,926,850,45,JP,JP-CHIBA
Chiba,6259382,2020-06-16,926,854,45,JP,JP-CHIBA
Chiba,6259382,2020-06-17,927,857,45,JP,JP-CHIBA
Chiba,6259382,2020-06-18,929,857,45,JP,JP-CHIBA
Chiba,6259382,2020-06-19,930,857,45,JP,JP-CHIBA
Chiba,6259382,2020-06-20,932,859,45,JP,JP-CHIBA
Chiba,6259382,2020-06-21,932,859,45,JP,JP-CHIBA
Chiba,6259382,2020-06-22,932,859,45,JP,JP-CHIBA
Chiba,6259382,2020-06-23,937,867,45,JP,JP-CHIBA
Chiba,6259382,2020-06-24,940,867,45,JP,JP-CHIBA
Chiba,6259382,2020-06-25,944,867,45,JP,JP-CHIBA
Chiba,6259382,2020-06-26,949,867,45,JP,JP-CHIBA
Chiba,6259382,2020-06-27,954,867,45,JP,JP-CHIBA
Chiba,6259382,2020-06-28,957,868,45,JP,JP-CHIBA
Chiba,6259382,2020-06-29,961,868,45,JP,JP-CHIBA
Chiba,6259382,2020-06-30,968,868,45,JP,JP-CHIBA
Chiba,6259382,2020-07-01,974,871,45,JP,JP-CHIBA
Chiba,6259382,2020-07-02,982,873,45,JP,JP-CHIBA
Chiba,6259382,2020-07-03,992,874,45,JP,JP-CHIBA
Chiba,6259382,2020-07-04,1007,874,45,JP,JP-CHIBA
Chiba,6259382,2020-07-05,1014,888,45,JP,JP-CHIBA
Chiba,6259382,2020-07-06,1023,893,45,JP,JP-CHIBA
Chiba,6259382,2020-07-07,1034,895,46,JP,JP-CHIBA
Chiba,6259382,2020-07-08,1043,895,46,JP,JP-CHIBA
Chiba,6259382,2020-07-09,1066,899,46,JP,JP-CHIBA
Chiba,6259382,2020-07-10,1078,906,46,JP,JP-CHIBA
Chiba,6259382,2020-07-11,1091,906,46,JP,JP-CHIBA
Chiba,6259382,2020-07-12,1122,914,46,JP,JP-CHIBA
Chiba,6259382,2020-07-13,1138,921,46,JP,JP-CHIBA
Chiba,6259382,2020-07-14,1164,930,46,JP,JP-CHIBA
Chiba,6259382,2020-07-15,1193,930,46,JP,JP-CHIBA
Chiba,6259382,2020-07-16,1224,959,46,JP,JP-CHIBA
Chiba,6259382,2020-07-17,1244,959,46,JP,JP-CHIBA
Ehime,1339215,2020-06-08,82,70,4,JP,JP-EHIME
Ehime,1339215,2020-06-09,82,66,4,JP,JP-EHIME
Ehime,1339215,2020-06-10,82,68,4,JP,JP-EHIME
Ehime,1339215,2020-06-11,82,68,4,JP,JP-EHIME
Ehime,1339215,2020-06-12,82,69,4,JP,JP-EHIME
Ehime,1339215,2020-06-13,82,69,4,JP,JP-EHIME
Ehime,1339215,2020-06-14,82,69,4,JP,JP-EHIME
Ehime,1339215,2020-06-15,82,69,4,JP,JP-EHIME
Ehime,1339215,2020-06-16,82,73,4,JP,JP-EHIME
Ehime,1339215,2020-06-17,82,73,4,JP,JP-EHIME
Ehime,1339215,2020-06-18,82,73,4,JP,JP-EHIME
Ehime,1339215,2020-06-19,82,73,4,JP,JP-EHIME
Ehime,1339215,2020-06-20,82,74,4,JP,JP-EHIME
Ehime,1339215,2020-06-21,82,74,4,JP,JP-EHIME
Ehime,1339215,2020-06-22,82,74,4,JP,JP-EHIME
Ehime,1339215,2020-06-23,82,74,4,JP,JP-EHIME
Ehime,1339215,2020-06-24,82,74,4,JP,JP-EHIME
Ehime,1339215,2020-06-25,82,74,4,JP,JP-EHIME
Ehime,1339215,2020-06-26,82,74,4,JP,JP-EHIME
Ehime,1339215,2020-06-27,82,76,4,JP,JP-EHIME
Ehime,1339215,2020-06-28,82,77,4,JP,JP-EHIME
Ehime,1339215,2020-06-29,82,77,4,JP,JP-EHIME
Ehime,1339215,2020-06-30,82,77,4,JP,JP-EHIME
Ehime,1339215,2020-07-01,82,77,5,JP,JP-EHIME
Ehime,1339215,2020-07-02,82,77,5,JP,JP-EHIME
Ehime,1339215,2020-07-03,82,77,5,JP,JP-EHIME
Ehime,1339215,2020-07-04,82,77,5,JP,JP-EHIME
Ehime,1339215,2020-07-05,82,77,5,JP,JP-EHIME
Ehime,1339215,2020-07-06,82,77,5,JP,JP-EHIME
Ehime,1339215,2020-07-07,82,77,5,JP,JP-EHIME
Ehime,1339215,2020-07-08,82,77,5,JP,JP-EHIME
Ehime,1339215,2020-07-09,82,77,5,JP,JP-EHIME
Ehime,1339215,2020-07-10,82,77,5,JP,JP-EHIME
Ehime,1339215,2020-07-11,82,77,5,JP,JP-EHIME
Ehime,1339215,2020-07-12,82,77,5,JP,JP-EHIME
Ehime,1339215,2020-07-13,82,77,5,JP,JP-EHIME
Ehime,1339215,2020-07-14,82,77,5,JP,JP-EHIME
Ehime,1339215,2020-07-15,82,77,5,JP,JP-EHIME
Ehime,1339215,2020-07-16,82,77,5,JP,JP-EHIME
Ehime,1339215,2020-07-17,82,77,5,JP,JP-EHIME
Fukui,767937,2020-06-08,122,113,8,JP,JP-FUKUI
Fukui,767937,2020-06-09,122,113,8,JP,JP-FUKUI
Fukui,767937,2020-06-10,122,113,8,JP,JP-FUKUI
Fukui,767937,2020-06-11,122,113,8,JP,JP-FUKUI
Fukui,767937,2020-06-12,122,113,8,JP,JP-FUKUI
Fukui,767937,2020-06-13,122,113,8,JP,JP-FUKUI
Fukui,767937,2020-06-14,122,113,8,JP,JP-FUKUI
Fukui,767937,2020-06-15,122,114,8,JP,JP-FUKUI
Fukui,767937,2020-06-16,122,114,8,JP,JP-FUKUI
Fukui,767937,2020-06-17,122,114,8,JP,JP-FUKUI
Fukui,767937,2020-06-18,122,114,8,JP,JP-FUKUI
Fukui,767937,2020-06-19,122,114,8,JP,JP-FUKUI
Fukui,767937,2020-06-20,122,114,8,JP,JP-FUKUI
Fukui,767937,2020-06-21,122,114,8,JP,JP-FUKUI
Fukui,767937,2020-06-22,122,114,8,JP,JP-FUKUI
Fukui,767937,2020-06-23,122,114,8,JP,JP-FUKUI
Fukui,767937,2020-06-24,122,114,8,JP,JP-FUKUI
Fukui,767937,2020-06-25,122,114,8,JP,JP-FUKUI
Fukui,767937,2020-06-26,122,114,8,JP,JP-FUKUI
Fukui,767937,2020-06-27,122,114,8,JP,JP-FUKUI
Fukui,767937,2020-06-28,122,114,8,JP,JP-FUKUI
Fukui,767937,2020-06-29,122,114,8,JP,JP-FUKUI
Fukui,767937,2020-06-30,122,114,8,JP,JP-FUKUI
Fukui,767937,2020-07-01,122,114,8,JP,JP-FUKUI
Fukui,767937,2020-07-02,122,114,8,JP,JP-FUKUI
Fukui,767937,2020-07-03,122,114,8,JP,JP-FUKUI
Fukui,767937,2020-07-04,122,114,8,JP,JP-FUKUI
Fukui,767937,2020-07-05,122,114,8,JP,JP-FUKUI
Fukui,767937,2020-07-06,122,114,8,JP,JP-FUKUI
Fukui,767937,2020-07-07,122,114,8,JP,JP-FUKUI
Fukui,767937,2020-07-08,122,114,8,JP,JP-FUKUI
Fukui,767937,2020-07-09,122,114,8,JP,JP-FUKUI
Fukui,767937,2020-07-10,122,114,8,JP,JP-FUKUI
Fukui,767937,2020-07-11,122,114,8,JP,JP-FUKUI
Fukui,767937,2020-07-12,123,114,8,JP,JP-FUKUI
Fukui,767937,2020-07-13,124,114,8,JP,JP-FUKUI
Fukui,767937,2020-07-14,124,114,8,JP,JP-FUKUI
Fukui,767937,2020-07-15,125,114,8,JP,JP-FUKUI
Fukui,767937,2020-07-16,125,114,8,JP,JP-FUKUI
Fukui,767937,2020-07-17,125,114,8,JP,JP-FUKUI
Fukuoka,5103679,2020-06-08,802,642,28,JP,JP-FUKUOKA
Fukuoka,5103679,2020-06-09,805,645,27,JP,JP-FUKUOKA
Fukuoka,5103679,2020-06-10,807,650,28,JP,JP-FUKUOKA
Fukuoka,5103679,2020-06-11,809,650,28,JP,JP-FUKUOKA
Fukuoka,5103679,2020-06-12,818,671,28,JP,JP-FUKUOKA
Fukuoka,5103679,2020-06-13,818,706,28,JP,JP-FUKUOKA
Fukuoka,5103679,2020-06-14,822,737,28,JP,JP-FUKUOKA
Fukuoka,5103679,2020-06-15,823,742,28,JP,JP-FUKUOKA
Fukuoka,5103679,2020-06-16,824,752,28,JP,JP-FUKUOKA
Fukuoka,5103679,2020-06-17,827,759,28,JP,JP-FUKUOKA
Fukuoka,5103679,2020-06-18,827,759,28,JP,JP-FUKUOKA
Fukuoka,5103679,2020-06-19,835,763,28,JP,JP-FUKUOKA
Fukuoka,5103679,2020-06-20,835,781,29,JP,JP-FUKUOKA
Fukuoka,5103679,2020-06-21,835,781,28,JP,JP-FUKUOKA
Fukuoka,5103679,2020-06-22,835,784,28,JP,JP-FUKUOKA
Fukuoka,5103679,2020-06-23,838,784,33,JP,JP-FUKUOKA
Fukuoka,5103679,2020-06-24,839,784,33,JP,JP-FUKUOKA
Fukuoka,5103679,2020-06-25,841,784,33,JP,JP-FUKUOKA
Fukuoka,5103679,2020-06-26,840,784,33,JP,JP-FUKUOKA
Fukuoka,5103679,2020-06-27,841,788,33,JP,JP-FUKUOKA
Fukuoka,5103679,2020-06-28,841,795,33,JP,JP-FUKUOKA
Fukuoka,5103679,2020-06-29,842,798,33,JP,JP-FUKUOKA
Fukuoka,5103679,2020-06-30,846,799,33,JP,JP-FUKUOKA
Fukuoka,5103679,2020-07-01,850,800,33,JP,JP-FUKUOKA
Fukuoka,5103679,2020-07-02,854,801,33,JP,JP-FUKUOKA
Fukuoka,5103679,2020-07-03,858,802,33,JP,JP-FUKUOKA
Fukuoka,5103679,2020-07-04,864,802,33,JP,JP-FUKUOKA
Fukuoka,5103679,2020-07-05,873,803,33,JP,JP-FUKUOKA
Fukuoka,5103679,2020-07-06,874,807,33,JP,JP-FUKUOKA
Fukuoka,5103679,2020-07-07,881,807,33,JP,JP-FUKUOKA
Fukuoka,5103679,2020-07-08,894,807,33,JP,JP-FUKUOKA
Fukuoka,5103679,2020-07-09,898,814,33,JP,JP-FUKUOKA
Fukuoka,5103679,2020-07-10,904,816,33,JP,JP-FUKUOKA
Fukuoka,5103679,2020-07-11,913,816,33,JP,JP-FUKUOKA
Fukuoka,5103679,2020-07-12,918,817,33,JP,JP-FUKUOKA
Fukuoka,5103679,2020-07-13,920,818,33,JP,JP-FUKUOKA
Fukuoka,5103679,2020-07-14,924,822,33,JP,JP-FUKUOKA
Fukuoka,5103679,2020-07-15,933,822,33,JP,JP-FUKUOKA
Fukuoka,5103679,2020-07-16,949,833,33,JP,JP-FUKUOKA
Fukuoka,5103679,2020-07-17,949,833,33,JP,JP-FUKUOKA
Fukushima,1845519,2020-06-08,81,78,0,JP,JP-FUKUSHIMA
Fukushima,1845519,2020-06-09,81,78,0,JP,JP-FUKUSHIMA
Fukushima,1845519,2020-06-10,81,78,0,JP,JP-FUKUSHIMA
Fukushima,1845519,2020-06-11,81,78,0,JP,JP-FUKUSHIMA
Fukushima,1845519,2020-06-12,81,78,0,JP,JP-FUKUSHIMA
Fukushima,1845519,2020-06-13,81,79,0,JP,JP-FUKUSHIMA
Fukushima,1845519,2020-06-14,81,79,0,JP,JP-FUKUSHIMA
Fukushima,1845519,2020-06-15,81,79,0,JP,JP-FUKUSHIMA
Fukushima,1845519,2020-06-16,81,79,0,JP,JP-FUKUSHIMA
Fukushima,1845519,2020-06-17,81,79,0,JP,JP-FUKUSHIMA
Fukushima,1845519,2020-06-18,81,79,0,JP,JP-FUKUSHIMA
Fukushima,1845519,2020-06-19,82,80,0,JP,JP-FUKUSHIMA
Fukushima,1845519,2020-06-20,82,80,0,JP,JP-FUKUSHIMA
Fukushima,1845519,2020-06-21,82,80,0,JP,JP-FUKUSHIMA
Fukushima,1845519,2020-06-22,82,80,0,JP,JP-FUKUSHIMA
Fukushima,1845519,2020-06-23,82,80,0,JP,JP-FUKUSHIMA
Fukushima,1845519,2020-06-24,82,80,0,JP,JP-FUKUSHIMA
Fukushima,1845519,2020-06-25,82,80,0,JP,JP-FUKUSHIMA
Fukushima,1845519,2020-06-26,82,80,0,JP,JP-FUKUSHIMA
Fukushima,1845519,2020-06-27,82,80,0,JP,JP-FUKUSHIMA
Fukushima,1845519,2020-06-28,82,80,0,JP,JP-FUKUSHIMA
Fukushima,1845519,2020-06-29,82,80,0,JP,JP-FUKUSHIMA
Fukushima,1845519,2020-06-30,82,80,0,JP,JP-FUKUSHIMA
Fukushima,1845519,2020-07-01,82,81,0,JP,JP-FUKUSHIMA
Fukushima,1845519,2020-07-02,82,81,0,JP,JP-FUKUSHIMA
Fukushima,1845519,2020-07-03,82,81,0,JP,JP-FUKUSHIMA
Fukushima,1845519,2020-07-04,82,81,0,JP,JP-FUKUSHIMA
Fukushima,1845519,2020-07-05,82,81,0,JP,JP-FUKUSHIMA
Fukushima,1845519,2020-07-06,82,81,0,JP,JP-FUKUSHIMA
Fukushima,1845519,2020-07-07,82,81,0,JP,JP-FUKUSHIMA
Fukushima,1845519,2020-07-08,82,81,0,JP,JP-FUKUSHIMA
Fukushima,1845519,2020-07-09,82,82,0,JP,JP-FUKUSHIMA
Fukushima,1845519,2020-07-10,83,82,0,JP,JP-FUKUSHIMA
Fukushima,1845519,2020-07-11,83,82,0,JP,JP-FUKUSHIMA
Fukushima,1845519,2020-07-12,83,82,0,JP,JP-FUKUSHIMA
Fukushima,1845519,2020-07-13,83,82,0,JP,JP-FUKUSHIMA
Fukushima,1845519,2020-07-14,84,82,0,JP,JP-FUKUSHIMA
Fukushima,1845519,2020-07-15,84,82,0,JP,JP-FUKUSHIMA
Fukushima,1845519,2020-07-16,84,82,0,JP,JP-FUKUSHIMA
Fukushima,1845519,2020-07-17,84,82,0,JP,JP-FUKUSHIMA
Gifu,1986587,2020-06-08,152,142,7,JP,JP-GIFU
Gifu,1986587,2020-06-09,152,142,7,JP,JP-GIFU
Gifu,1986587,2020-06-10,153,142,7,JP,JP-GIFU
Gifu,1986587,2020-06-11,153,142,7,JP,JP-GIFU
Gifu,1986587,2020-06-12,153,142,7,JP,JP-GIFU
Gifu,1986587,2020-06-13,153,142,7,JP,JP-GIFU
Gifu,1986587,2020-06-14,153,143,7,JP,JP-GIFU
Gifu,1986587,2020-06-15,154,143,7,JP,JP-GIFU
Gifu,1986587,2020-06-16,154,143,7,JP,JP-GIFU
Gifu,1986587,2020-06-17,155,143,7,JP,JP-GIFU
Gifu,1986587,2020-06-18,155,143,7,JP,JP-GIFU
Gifu,1986587,2020-06-19,155,143,7,JP,JP-GIFU
Gifu,1986587,2020-06-20,156,143,7,JP,JP-GIFU
Gifu,1986587,2020-06-21,156,143,7,JP,JP-GIFU
Gifu,1986587,2020-06-22,156,144,7,JP,JP-GIFU
Gifu,1986587,2020-06-23,156,144,7,JP,JP-GIFU
Gifu,1986587,2020-06-24,156,144,7,JP,JP-GIFU
Gifu,1986587,2020-06-25,156,144,7,JP,JP-GIFU
Gifu,1986587,2020-06-26,156,144,7,JP,JP-GIFU
Gifu,1986587,2020-06-27,156,145,7,JP,JP-GIFU
Gifu,1986587,2020-06-28,156,146,7,JP,JP-GIFU
Gifu,1986587,2020-06-29,156,146,7,JP,JP-GIFU
Gifu,1986587,2020-06-30,156,146,7,JP,JP-GIFU
Gifu,1986587,2020-07-01,157,147,7,JP,JP-GIFU
Gifu,1986587,2020-07-02,160,147,7,JP,JP-GIFU
Gifu,1986587,2020-07-03,160,147,7,JP,JP-GIFU
Gifu,1986587,2020-07-04,160,147,7,JP,JP-GIFU
Gifu,1986587,2020-07-05,160,147,7,JP,JP-GIFU
Gifu,1986587,2020-07-06,160,147,7,JP,JP-GIFU
Gifu,1986587,2020-07-07,163,147,7,JP,JP-GIFU
Gifu,1986587,2020-07-08,163,147,7,JP,JP-GIFU
Gifu,1986587,2020-07-09,162,148,7,JP,JP-GIFU
Gifu,1986587,2020-07-10,162,148,7,JP,JP-GIFU
Gifu,1986587,2020-07-11,162,148,7,JP,JP-GIFU
Gifu,1986587,2020-07-12,162,148,7,JP,JP-GIFU
Gifu,1986587,2020-07-13,162,148,7,JP,JP-GIFU
Gifu,1986587,2020-07-14,165,148,7,JP,JP-GIFU
Gifu,1986587,2020-07-15,166,148,7,JP,JP-GIFU
Gifu,1986587,2020-07-16,168,151,7,JP,JP-GIFU
Gifu,1986587,2020-07-17,168,151,7,JP,JP-GIFU
Gunma,1942456,2020-06-08,151,125,19,JP,JP-GUNMA
Gunma,1942456,2020-06-09,151,126,19,JP,JP-GUNMA
Gunma,1942456,2020-06-10,151,126,19,JP,JP-GUNMA
Gunma,1942456,2020-06-11,151,126,19,JP,JP-GUNMA
Gunma,1942456,2020-06-12,151,126,19,JP,JP-GUNMA
Gunma,1942456,2020-06-13,151,127,19,JP,JP-GUNMA
Gunma,1942456,2020-06-14,151,127,19,JP,JP-GUNMA
Gunma,1942456,2020-06-15,151,128,19,JP,JP-GUNMA
Gunma,1942456,2020-06-16,151,129,19,JP,JP-GUNMA
Gunma,1942456,2020-06-17,151,130,19,JP,JP-GUNMA
Gunma,1942456,2020-06-18,151,130,19,JP,JP-GUNMA
Gunma,1942456,2020-06-19,151,130,19,JP,JP-GUNMA
Gunma,1942456,2020-06-20,151,130,19,JP,JP-GUNMA
Gunma,1942456,2020-06-21,151,130,19,JP,JP-GUNMA
Gunma,1942456,2020-06-22,151,130,19,JP,JP-GUNMA
Gunma,1942456,2020-06-23,151,130,19,JP,JP-GUNMA
Gunma,1942456,2020-06-24,152,130,19,JP,JP-GUNMA
Gunma,1942456,2020-06-25,152,130,19,JP,JP-GUNMA
Gunma,1942456,2020-06-26,152,130,19,JP,JP-GUNMA
Gunma,1942456,2020-06-27,152,130,19,JP,JP-GUNMA
Gunma,1942456,2020-06-28,152,131,19,JP,JP-GUNMA
Gunma,1942456,2020-06-29,152,131,19,JP,JP-GUNMA
Gunma,1942456,2020-06-30,153,131,19,JP,JP-GUNMA
Gunma,1942456,2020-07-01,153,131,19,JP,JP-GUNMA
Gunma,1942456,2020-07-02,153,131,19,JP,JP-GUNMA
Gunma,1942456,2020-07-03,154,131,19,JP,JP-GUNMA
Gunma,1942456,2020-07-04,155,131,19,JP,JP-GUNMA
Gunma,1942456,2020-07-05,155,131,19,JP,JP-GUNMA
Gunma,1942456,2020-07-06,155,133,19,JP,JP-GUNMA
Gunma,1942456,2020-07-07,155,133,19,JP,JP-GUNMA
Gunma,1942456,2020-07-08,155,133,19,JP,JP-GUNMA
Gunma,1942456,2020-07-09,155,133,19,JP,JP-GUNMA
Gunma,1942456,2020-07-10,155,133,19,JP,JP-GUNMA
Gunma,1942456,2020-07-11,155,133,19,JP,JP-GUNMA
Gunma,1942456,2020-07-12,155,133,19,JP,JP-GUNMA
Gunma,1942456,2020-07-13,157,134,19,JP,JP-GUNMA
Gunma,1942456,2020-07-14,157,134,19,JP,JP-GUNMA
Gunma,1942456,2020-07-15,161,134,19,JP,JP-GUNMA
Gunma,1942456,2020-07-16,164,136,19,JP,JP-GUNMA
Gunma,1942456,2020-07-17,164,136,19,JP,JP-GUNMA
Hiroshima,2804177,2020-06-08,165,162,3,JP,JP-HIROSHIMA
Hiroshima,2804177,2020-06-09,165,162,3,JP,JP-HIROSHIMA
Hiroshima,2804177,2020-06-10,165,162,3,JP,JP-HIROSHIMA
Hiroshima,2804177,2020-06-11,165,162,3,JP,JP-HIROSHIMA
Hiroshima,2804177,2020-06-12,165,162,3,JP,JP-HIROSHIMA
Hiroshima,2804177,2020-06-13,165,162,3,JP,JP-HIROSHIMA
Hiroshima,2804177,2020-06-14,165,162,3,JP,JP-HIROSHIMA
Hiroshima,2804177,2020-06-15,165,162,3,JP,JP-HIROSHIMA
Hiroshima,2804177,2020-06-16,165,162,3,JP,JP-HIROSHIMA
Hiroshima,2804177,2020-06-17,165,162,3,JP,JP-HIROSHIMA
Hiroshima,2804177,2020-06-18,165,162,3,JP,JP-HIROSHIMA
Hiroshima,2804177,2020-06-19,165,162,3,JP,JP-HIROSHIMA
Hiroshima,2804177,2020-06-20,165,162,3,JP,JP-HIROSHIMA
Hiroshima,2804177,2020-06-21,165,162,3,JP,JP-HIROSHIMA
Hiroshima,2804177,2020-06-22,165,162,3,JP,JP-HIROSHIMA
Hiroshima,2804177,2020-06-23,165,162,3,JP,JP-HIROSHIMA
Hiroshima,2804177,2020-06-24,165,162,3,JP,JP-HIROSHIMA
Hiroshima,2804177,2020-06-25,165,162,3,JP,JP-HIROSHIMA
Hiroshima,2804177,2020-06-26,165,162,3,JP,JP-HIROSHIMA
Hiroshima,2804177,2020-06-27,165,162,3,JP,JP-HIROSHIMA
Hiroshima,2804177,2020-06-28,165,162,3,JP,JP-HIROSHIMA
Hiroshima,2804177,2020-06-29,165,162,3,JP,JP-HIROSHIMA
Hiroshima,2804177,2020-06-30,165,162,3,JP,JP-HIROSHIMA
Hiroshima,2804177,2020-07-01,166,163,3,JP,JP-HIROSHIMA
Hiroshima,2804177,2020-07-02,166,163,3,JP,JP-HIROSHIMA
Hiroshima,2804177,2020-07-03,166,163,3,JP,JP-HIROSHIMA
Hiroshima,2804177,2020-07-04,166,163,3,JP,JP-HIROSHIMA
Hiroshima,2804177,2020-07-05,166,163,3,JP,JP-HIROSHIMA
Hiroshima,2804177,2020-07-06,166,163,3,JP,JP-HIROSHIMA
Hiroshima,2804177,2020-07-07,168,163,3,JP,JP-HIROSHIMA
Hiroshima,2804177,2020-07-08,168,163,3,JP,JP-HIROSHIMA
Hiroshima,2804177,2020-07-09,168,161,3,JP,JP-HIROSHIMA
Hiroshima,2804177,2020-07-10,172,165,3,JP,JP-HIROSHIMA
Hiroshima,2804177,2020-07-11,175,165,3,JP,JP-HIROSHIMA
Hiroshima,2804177,2020-07-12,176,166,3,JP,JP-HIROSHIMA
Hiroshima,2804177,2020-07-13,179,166,3,JP,JP-HIROSHIMA
Hiroshima,2804177,2020-07-14,183,166,3,JP,JP-HIROSHIMA
Hiroshima,2804177,2020-07-15,190,166,3,JP,JP-HIROSHIMA
Hiroshima,2804177,2020-07-16,195,167,3,JP,JP-HIROSHIMA
Hiroshima,2804177,2020-07-17,200,167,3,JP,JP-HIROSHIMA
Hokkaido,5250049,2020-06-08,1116,881,91,JP,JP-HOKKAIDO
Hokkaido,5250049,2020-06-09,1123,888,91,JP,JP-HOKKAIDO
Hokkaido,5250049,2020-06-10,1128,906,91,JP,JP-HOKKAIDO
Hokkaido,5250049,2020-06-11,1135,906,91,JP,JP-HOKKAIDO
Hokkaido,5250049,2020-06-12,1145,921,91,JP,JP-HOKKAIDO
Hokkaido,5250049,2020-06-13,1154,943,91,JP,JP-HOKKAIDO
Hokkaido,5250049,2020-06-14,1161,950,91,JP,JP-HOKKAIDO
Hokkaido,5250049,2020-06-15,1167,956,91,JP,JP-HOKKAIDO
Hokkaido,5250049,2020-06-16,1169,959,92,JP,JP-HOKKAIDO
Hokkaido,5250049,2020-06-17,1175,970,92,JP,JP-HOKKAIDO
Hokkaido,5250049,2020-06-18,1180,970,92,JP,JP-HOKKAIDO
Hokkaido,5250049,2020-06-19,1183,977,94,JP,JP-HOKKAIDO
Hokkaido,5250049,2020-06-20,1186,1001,94,JP,JP-HOKKAIDO
Hokkaido,5250049,2020-06-21,1188,1001,95,JP,JP-HOKKAIDO
Hokkaido,5250049,2020-06-22,1188,1006,95,JP,JP-HOKKAIDO
Hokkaido,5250049,2020-06-23,1191,1011,97,JP,JP-HOKKAIDO
Hokkaido,5250049,2020-06-24,1201,1011,98,JP,JP-HOKKAIDO
Hokkaido,5250049,2020-06-25,1207,1011,98,JP,JP-HOKKAIDO
Hokkaido,5250049,2020-06-26,1212,1011,98,JP,JP-HOKKAIDO
Hokkaido,5250049,2020-06-27,1213,1028,98,JP,JP-HOKKAIDO
Hokkaido,5250049,2020-06-28,1230,1044,99,JP,JP-HOKKAIDO
Hokkaido,5250049,2020-06-29,1241,1048,99,JP,JP-HOKKAIDO
Hokkaido,5250049,2020-06-30,1254,1054,99,JP,JP-HOKKAIDO
Hokkaido,5250049,2020-07-01,1258,1054,100,JP,JP-HOKKAIDO
Hokkaido,5250049,2020-07-02,1266,1061,101,JP,JP-HOKKAIDO
Hokkaido,5250049,2020-07-03,1266,1072,101,JP,JP-HOKKAIDO
Hokkaido,5250049,2020-07-04,1267,1072,101,JP,JP-HOKKAIDO
Hokkaido,5250049,2020-07-05,1268,1077,101,JP,JP-HOKKAIDO
Hokkaido,5250049,2020-07-06,1268,1088,101,JP,JP-HOKKAIDO
Hokkaido,5250049,2020-07-07,1269,1093,101,JP,JP-HOKKAIDO
Hokkaido,5250049,2020-07-08,1273,1093,101,JP,JP-HOKKAIDO
Hokkaido,5250049,2020-07-09,1274,1106,101,JP,JP-HOKKAIDO
Hokkaido,5250049,2020-07-10,1280,1120,101,JP,JP-HOKKAIDO
Hokkaido,5250049,2020-07-11,1281,1120,101,JP,JP-HOKKAIDO
Hokkaido,5250049,2020-07-12,1285,1126,101,JP,JP-HOKKAIDO
Hokkaido,5250049,2020-07-13,1287,1130,102,JP,JP-HOKKAIDO
Hokkaido,5250049,2020-07-14,1295,1132,102,JP,JP-HOKKAIDO
Hokkaido,5250049,2020-07-15,1308,1132,102,JP,JP-HOKKAIDO
Hokkaido,5250049,2020-07-16,1314,1136,102,JP,JP-HOKKAIDO
Hokkaido,5250049,2020-07-17,1314,1136,102,JP,JP-HOKKAIDO
Hyogo,5466190,2020-06-08,699,652,43,JP,JP-HYOGO
Hyogo,5466190,2020-06-09,699,652,43,JP,JP-HYOGO
Hyogo,5466190,2020-06-10,699,652,43,JP,JP-HYOGO
Hyogo,5466190,2020-06-11,699,652,43,JP,JP-HYOGO
Hyogo,5466190,2020-06-12,699,653,43,JP,JP-HYOGO
Hyogo,5466190,2020-06-13,699,653,43,JP,JP-HYOGO
Hyogo,5466190,2020-06-14,699,653,43,JP,JP-HYOGO
Hyogo,5466190,2020-06-15,699,653,43,JP,JP-HYOGO
Hyogo,5466190,2020-06-16,699,653,43,JP,JP-HYOGO
Hyogo,5466190,2020-06-17,699,653,43,JP,JP-HYOGO
Hyogo,5466190,2020-06-18,699,653,43,JP,JP-HYOGO
Hyogo,5466190,2020-06-19,700,653,43,JP,JP-HYOGO
Hyogo,5466190,2020-06-20,700,653,43,JP,JP-HYOGO
Hyogo,5466190,2020-06-21,702,653,43,JP,JP-HYOGO
Hyogo,5466190,2020-06-22,702,653,43,JP,JP-HYOGO
Hyogo,5466190,2020-06-23,702,653,43,JP,JP-HYOGO
Hyogo,5466190,2020-06-24,702,653,43,JP,JP-HYOGO
Hyogo,5466190,2020-06-25,704,653,43,JP,JP-HYOGO
Hyogo,5466190,2020-06-26,705,653,43,JP,JP-HYOGO
Hyogo,5466190,2020-06-27,705,653,43,JP,JP-HYOGO
Hyogo,5466190,2020-06-28,705,654,43,JP,JP-HYOGO
Hyogo,5466190,2020-06-29,705,654,43,JP,JP-HYOGO
Hyogo,5466190,2020-06-30,706,654,43,JP,JP-HYOGO
Hyogo,5466190,2020-07-01,708,653,45,JP,JP-HYOGO
Hyogo,5466190,2020-07-02,709,655,45,JP,JP-HYOGO
Hyogo,5466190,2020-07-03,709,656,45,JP,JP-HYOGO
Hyogo,5466190,2020-07-04,710,656,45,JP,JP-HYOGO
Hyogo,5466190,2020-07-05,712,656,45,JP,JP-HYOGO
Hyogo,5466190,2020-07-06,714,656,45,JP,JP-HYOGO
Hyogo,5466190,2020-07-07,717,656,45,JP,JP-HYOGO
Hyogo,5466190,2020-07-08,720,656,45,JP,JP-HYOGO
Hyogo,5466190,2020-07-09,722,659,45,JP,JP-HYOGO
Hyogo,5466190,2020-07-10,726,660,45,JP,JP-HYOGO
Hyogo,5466190,2020-07-11,731,660,45,JP,JP-HYOGO
Hyogo,5466190,2020-07-12,738,662,45,JP,JP-HYOGO
Hyogo,5466190,2020-07-13,739,662,45,JP,JP-HYOGO
Hyogo,5466190,2020-07-14,748,663,45,JP,JP-HYOGO
Hyogo,5466190,2020-07-15,760,663,45,JP,JP-HYOGO
Hyogo,5466190,2020-07-16,776,673,45,JP,JP-HYOGO
Hyogo,5466190,2020-07-17,801,673,45,JP,JP-HYOGO
Ibaraki,2860307,2020-06-08,168,155,10,JP,JP-IBARAKI
Ibaraki,2860307,2020-06-09,168,155,10,JP,JP-IBARAKI
Ibaraki,2860307,2020-06-10,168,155,10,JP,JP-IBARAKI
Ibaraki,2860307,2020-06-11,168,155,10,JP,JP-IBARAKI
Ibaraki,2860307,2020-06-12,168,155,10,JP,JP-IBARAKI
Ibaraki,2860307,2020-06-13,168,155,10,JP,JP-IBARAKI
Ibaraki,2860307,2020-06-14,168,155,10,JP,JP-IBARAKI
Ibaraki,2860307,2020-06-15,168,155,10,JP,JP-IBARAKI
Ibaraki,2860307,2020-06-16,168,155,10,JP,JP-IBARAKI
Ibaraki,2860307,2020-06-17,168,155,10,JP,JP-IBARAKI
Ibaraki,2860307,2020-06-18,168,155,10,JP,JP-IBARAKI
Ibaraki,2860307,2020-06-19,168,155,10,JP,JP-IBARAKI
Ibaraki,2860307,2020-06-20,170,155,10,JP,JP-IBARAKI
Ibaraki,2860307,2020-06-21,170,155,10,JP,JP-IBARAKI
Ibaraki,2860307,2020-06-22,170,155,10,JP,JP-IBARAKI
Ibaraki,2860307,2020-06-23,170,155,10,JP,JP-IBARAKI
Ibaraki,2860307,2020-06-24,170,155,10,JP,JP-IBARAKI
Ibaraki,2860307,2020-06-25,170,155,10,JP,JP-IBARAKI
Ibaraki,2860307,2020-06-26,172,155,10,JP,JP-IBARAKI
Ibaraki,2860307,2020-06-27,172,155,10,JP,JP-IBARAKI
Ibaraki,2860307,2020-06-28,173,157,10,JP,JP-IBARAKI
Ibaraki,2860307,2020-06-29,174,157,10,JP,JP-IBARAKI
Ibaraki,2860307,2020-06-30,174,159,10,JP,JP-IBARAKI
Ibaraki,2860307,2020-07-01,174,159,10,JP,JP-IBARAKI
Ibaraki,2860307,2020-07-02,176,159,10,JP,JP-IBARAKI
Ibaraki,2860307,2020-07-03,182,159,10,JP,JP-IBARAKI
Ibaraki,2860307,2020-07-04,183,159,10,JP,JP-IBARAKI
Ibaraki,2860307,2020-07-05,183,160,10,JP,JP-IBARAKI
Ibaraki,2860307,2020-07-06,186,160,10,JP,JP-IBARAKI
Ibaraki,2860307,2020-07-07,187,160,10,JP,JP-IBARAKI
Ibaraki,2860307,2020-07-08,188,160,10,JP,JP-IBARAKI
Ibaraki,2860307,2020-07-09,189,163,10,JP,JP-IBARAKI
Ibaraki,2860307,2020-07-10,196,165,10,JP,JP-IBARAKI
Ibaraki,2860307,2020-07-11,196,165,10,JP,JP-IBARAKI
Ibaraki,2860307,2020-07-12,199,167,10,JP,JP-IBARAKI
Ibaraki,2860307,2020-07-13,202,169,10,JP,JP-IBARAKI
Ibaraki,2860307,2020-07-14,204,171,10,JP,JP-IBARAKI
Ibaraki,2860307,2020-07-15,209,171,10,JP,JP-IBARAKI
Ibaraki,2860307,2020-07-16,211,177,10,JP,JP-IBARAKI
Ibaraki,2860307,2020-07-17,211,177,10,JP,JP-IBARAKI
Ishikawa,1137649,2020-06-08,299,238,27,JP,JP-ISHIKAWA
Ishikawa,1137649,2020-06-09,299,239,27,JP,JP-ISHIKAWA
Ishikawa,1137649,2020-06-10,299,239,27,JP,JP-ISHIKAWA
Ishikawa,1137649,2020-06-11,299,239,27,JP,JP-ISHIKAWA
Ishikawa,1137649,2020-06-12,299,241,27,JP,JP-ISHIKAWA
Ishikawa,1137649,2020-06-13,299,241,27,JP,JP-ISHIKAWA
Ishikawa,1137649,2020-06-14,299,241,27,JP,JP-ISHIKAWA
Ishikawa,1137649,2020-06-15,299,241,27,JP,JP-ISHIKAWA
Ishikawa,1137649,2020-06-16,299,243,27,JP,JP-ISHIKAWA
Ishikawa,1137649,2020-06-17,299,244,27,JP,JP-ISHIKAWA
Ishikawa,1137649,2020-06-18,299,244,27,JP,JP-ISHIKAWA
Ishikawa,1137649,2020-06-19,299,247,27,JP,JP-ISHIKAWA
Ishikawa,1137649,2020-06-20,299,248,27,JP,JP-ISHIKAWA
Ishikawa,1137649,2020-06-21,299,248,27,JP,JP-ISHIKAWA
Ishikawa,1137649,2020-06-22,299,248,27,JP,JP-ISHIKAWA
Ishikawa,1137649,2020-06-23,300,249,27,JP,JP-ISHIKAWA
Ishikawa,1137649,2020-06-24,300,249,27,JP,JP-ISHIKAWA
Ishikawa,1137649,2020-06-25,300,249,27,JP,JP-ISHIKAWA
Ishikawa,1137649,2020-06-26,300,249,27,JP,JP-ISHIKAWA
Ishikawa,1137649,2020-06-27,300,251,27,JP,JP-ISHIKAWA
Ishikawa,1137649,2020-06-28,300,251,27,JP,JP-ISHIKAWA
Ishikawa,1137649,2020-06-29,300,252,27,JP,JP-ISHIKAWA
Ishikawa,1137649,2020-06-30,300,256,27,JP,JP-ISHIKAWA
Ishikawa,1137649,2020-07-01,300,257,27,JP,JP-ISHIKAWA
Ishikawa,1137649,2020-07-02,300,257,27,JP,JP-ISHIKAWA
Ishikawa,1137649,2020-07-03,300,257,27,JP,JP-ISHIKAWA
Ishikawa,1137649,2020-07-04,300,257,27,JP,JP-ISHIKAWA
Ishikawa,1137649,2020-07-05,300,261,27,JP,JP-ISHIKAWA
Ishikawa,1137649,2020-07-06,300,261,27,JP,JP-ISHIKAWA
Ishikawa,1137649,2020-07-07,300,265,27,JP,JP-ISHIKAWA
Ishikawa,1137649,2020-07-08,300,265,27,JP,JP-ISHIKAWA
Ishikawa,1137649,2020-07-09,300,266,27,JP,JP-ISHIKAWA
Ishikawa,1137649,2020-07-10,300,267,27,JP,JP-ISHIKAWA
Ishikawa,1137649,2020-07-11,300,267,27,JP,JP-ISHIKAWA
Ishikawa,1137649,2020-07-12,300,267,27,JP,JP-ISHIKAWA
Ishikawa,1137649,2020-07-13,300,267,27,JP,JP-ISHIKAWA
Ishikawa,1137649,2020-07-14,300,267,27,JP,JP-ISHIKAWA
Ishikawa,1137649,2020-07-15,300,267,27,JP,JP-ISHIKAWA
Ishikawa,1137649,2020-07-16,300,269,27,JP,JP-ISHIKAWA
Ishikawa,1137649,2020-07-17,300,269,27,JP,JP-ISHIKAWA
Kagawa,956347,2020-06-08,28,28,0,JP,JP-KAGAWA
Kagawa,956347,2020-06-09,28,28,0,JP,JP-KAGAWA
Kagawa,956347,2020-06-10,28,28,0,JP,JP-KAGAWA
Kagawa,956347,2020-06-11,28,28,0,JP,JP-KAGAWA
Kagawa,956347,2020-06-12,28,28,0,JP,JP-KAGAWA
Kagawa,956347,2020-06-13,28,28,0,JP,JP-KAGAWA
Kagawa,956347,2020-06-14,28,28,0,JP,JP-KAGAWA
Kagawa,956347,2020-06-15,28,28,0,JP,JP-KAGAWA
Kagawa,956347,2020-06-16,28,28,0,JP,JP-KAGAWA
Kagawa,956347,2020-06-17,28,28,0,JP,JP-KAGAWA
Kagawa,956347,2020-06-18,28,28,0,JP,JP-KAGAWA
Kagawa,956347,2020-06-19,28,28,0,JP,JP-KAGAWA
Kagawa,956347,2020-06-20,28,28,0,JP,JP-KAGAWA
Kagawa,956347,2020-06-21,28,28,0,JP,JP-KAGAWA
Kagawa,956347,2020-06-22,28,28,0,JP,JP-KAGAWA
Kagawa,956347,2020-06-23,28,28,0,JP,JP-KAGAWA
Kagawa,956347,2020-06-24,28,28,0,JP,JP-KAGAWA
Kagawa,956347,2020-06-25,28,28,0,JP,JP-KAGAWA
Kagawa,956347,2020-06-26,28,28,0,JP,JP-KAGAWA
Kagawa,956347,2020-06-27,28,28,0,JP,JP-KAGAWA
Kagawa,956347,2020-06-28,28,28,0,JP,JP-KAGAWA
Kagawa,956347,2020-06-29,28,28,0,JP,JP-KAGAWA
Kagawa,956347,2020-06-30,28,28,0,JP,JP-KAGAWA
Kagawa,956347,2020-07-01,28,28,0,JP,JP-KAGAWA
Kagawa,956347,2020-07-02,28,28,0,JP,JP-KAGAWA
Kagawa,956347,2020-07-03,28,28,0,JP,JP-KAGAWA
Kagawa,956347,2020-07-04,28,28,0,JP,JP-KAGAWA
Kagawa,956347,2020-07-05,28,28,0,JP,JP-KAGAWA
Kagawa,956347,2020-07-06,28,28,0,JP,JP-KAGAWA
Kagawa,956347,2020-07-07,28,28,0,JP,JP-KAGAWA
Kagawa,956347,2020-07-08,28,28,0,JP,JP-KAGAWA
Kagawa,956347,2020-07-09,28,28,0,JP,JP-KAGAWA
Kagawa,956347,2020-07-10,29,28,0,JP,JP-KAGAWA
Kagawa,956347,2020-07-11,29,28,0,JP,JP-KAGAWA
Kagawa,956347,2020-07-12,29,28,0,JP,JP-KAGAWA
Kagawa,956347,2020-07-13,30,28,0,JP,JP-KAGAWA
Kagawa,956347,2020-07-14,31,28,0,JP,JP-KAGAWA
Kagawa,956347,2020-07-15,32,28,0,JP,JP-KAGAWA
Kagawa,956347,2020-07-16,42,28,0,JP,JP-KAGAWA
Kagawa,956347,2020-07-17,42,28,0,JP,JP-KAGAWA
Kagoshima,1602273,2020-06-08,10,10,0,JP,JP-KAGOSHIMA
Kagoshima,1602273,2020-06-09,10,10,0,JP,JP-KAGOSHIMA
Kagoshima,1602273,2020-06-10,10,10,0,JP,JP-KAGOSHIMA
Kagoshima,1602273,2020-06-11,10,10,0,JP,JP-KAGOSHIMA
Kagoshima,1602273,2020-06-12,11,10,0,JP,JP-KAGOSHIMA
Kagoshima,1602273,2020-06-13,11,10,0,JP,JP-KAGOSHIMA
Kagoshima,1602273,2020-06-14,11,10,0,JP,JP-KAGOSHIMA
Kagoshima,1602273,2020-06-15,11,10,0,JP,JP-KAGOSHIMA
Kagoshima,1602273,2020-06-16,11,10,0,JP,JP-KAGOSHIMA
Kagoshima,1602273,2020-06-17,11,10,0,JP,JP-KAGOSHIMA
Kagoshima,1602273,2020-06-18,11,10,0,JP,JP-KAGOSHIMA
Kagoshima,1602273,2020-06-19,11,10,0,JP,JP-KAGOSHIMA
Kagoshima,1602273,2020-06-20,11,10,0,JP,JP-KAGOSHIMA
Kagoshima,1602273,2020-06-21,11,10,0,JP,JP-KAGOSHIMA
Kagoshima,1602273,2020-06-22,11,10,0,JP,JP-KAGOSHIMA
Kagoshima,1602273,2020-06-23,11,10,0,JP,JP-KAGOSHIMA
Kagoshima,1602273,2020-06-24,11,10,0,JP,JP-KAGOSHIMA
Kagoshima,1602273,2020-06-25,11,10,0,JP,JP-KAGOSHIMA
Kagoshima,1602273,2020-06-26,11,10,0,JP,JP-KAGOSHIMA
Kagoshima,1602273,2020-06-27,11,10,0,JP,JP-KAGOSHIMA
Kagoshima,1602273,2020-06-28,11,10,0,JP,JP-KAGOSHIMA
Kagoshima,1602273,2020-06-29,11,10,0,JP,JP-KAGOSHIMA
Kagoshima,1602273,2020-06-30,11,10,0,JP,JP-KAGOSHIMA
Kagoshima,1602273,2020-07-01,12,11,0,JP,JP-KAGOSHIMA
Kagoshima,1602273,2020-07-02,21,11,0,JP,JP-KAGOSHIMA
Kagoshima,1602273,2020-07-03,51,11,0,JP,JP-KAGOSHIMA
Kagoshima,1602273,2020-07-04,85,11,0,JP,JP-KAGOSHIMA
Kagoshima,1602273,2020-07-05,98,11,0,JP,JP-KAGOSHIMA
Kagoshima,1602273,2020-07-06,110,11,0,JP,JP-KAGOSHIMA
Kagoshima,1602273,2020-07-07,119,11,0,JP,JP-KAGOSHIMA
Kagoshima,1602273,2020-07-08,122,11,0,JP,JP-KAGOSHIMA
Kagoshima,1602273,2020-07-09,124,11,0,JP,JP-KAGOSHIMA
Kagoshima,1602273,2020-07-10,132,11,0,JP,JP-KAGOSHIMA
Kagoshima,1602273,2020-07-11,137,11,0,JP,JP-KAGOSHIMA
Kagoshima,1602273,2020-07-12,145,11,0,JP,JP-KAGOSHIMA
Kagoshima,1602273,2020-07-13,150,11,0,JP,JP-KAGOSHIMA
Kagoshima,1602273,2020-07-14,155,11,0,JP,JP-KAGOSHIMA
Kagoshima,1602273,2020-07-15,157,11,0,JP,JP-KAGOSHIMA
Kagoshima,1602273,2020-07-16,162,49,0,JP,JP-KAGOSHIMA
Kagoshima,1602273,2020-07-17,162,49,0,JP,JP-KAGOSHIMA
Kanagawa,9198268,2020-06-08,1396,1163,89,JP,JP-KANAGAWA
Kanagawa,9198268,2020-06-09,1397,1182,90,JP,JP-KANAGAWA
Kanagawa,9198268,2020-06-10,1397,1186,90,JP,JP-KANAGAWA
Kanagawa,9198268,2020-06-11,1397,1194,90,JP,JP-KANAGAWA
Kanagawa,9198268,2020-06-12,1401,1202,90,JP,JP-KANAGAWA
Kanagawa,9198268,2020-06-13,1407,1206,90,JP,JP-KANAGAWA
Kanagawa,9198268,2020-06-14,1407,1213,90,JP,JP-KANAGAWA
Kanagawa,9198268,2020-06-15,1410,1213,91,JP,JP-KANAGAWA
Kanagawa,9198268,2020-06-16,1412,1213,93,JP,JP-KANAGAWA
Kanagawa,9198268,2020-06-17,1419,1244,93,JP,JP-KANAGAWA
Kanagawa,9198268,2020-06-18,1425,1244,93,JP,JP-KANAGAWA
Kanagawa,9198268,2020-06-19,1427,1271,94,JP,JP-KANAGAWA
Kanagawa,9198268,2020-06-20,1432,1271,94,JP,JP-KANAGAWA
Kanagawa,9198268,2020-06-21,1432,1271,94,JP,JP-KANAGAWA
Kanagawa,9198268,2020-06-22,1432,1271,94,JP,JP-KANAGAWA
Kanagawa,9198268,2020-06-23,1433,1278,94,JP,JP-KANAGAWA
Kanagawa,9198268,2020-06-24,1437,1283,94,JP,JP-KANAGAWA
Kanagawa,9198268,2020-06-25,1442,1283,96,JP,JP-KANAGAWA
Kanagawa,9198268,2020-06-26,1449,1283,96,JP,JP-KANAGAWA
Kanagawa,9198268,2020-06-27,1454,1290,96,JP,JP-KANAGAWA
Kanagawa,9198268,2020-06-28,1463,1285,96,JP,JP-KANAGAWA
Kanagawa,9198268,2020-06-29,1469,1304,96,JP,JP-KANAGAWA
Kanagawa,9198268,2020-06-30,1501,1306,96,JP,JP-KANAGAWA
Kanagawa,9198268,2020-07-01,1508,1338,96,JP,JP-KANAGAWA
Kanagawa,9198268,2020-07-02,1520,1338,96,JP,JP-KANAGAWA
Kanagawa,9198268,2020-07-03,1545,1338,96,JP,JP-KANAGAWA
Kanagawa,9198268,2020-07-04,1565,1338,96,JP,JP-KANAGAWA
Kanagawa,9198268,2020-07-05,1586,1342,96,JP,JP-KANAGAWA
Kanagawa,9198268,2020-07-06,1597,1382,96,JP,JP-KANAGAWA
Kanagawa,9198268,2020-07-07,1605,1382,96,JP,JP-KANAGAWA
Kanagawa,9198268,2020-07-08,1628,1382,97,JP,JP-KANAGAWA
Kanagawa,9198268,2020-07-09,1653,1382,97,JP,JP-KANAGAWA
Kanagawa,9198268,2020-07-10,1685,1409,97,JP,JP-KANAGAWA
Kanagawa,9198268,2020-07-11,1720,1409,97,JP,JP-KANAGAWA
Kanagawa,9198268,2020-07-12,1743,1464,98,JP,JP-KANAGAWA
Kanagawa,9198268,2020-07-13,1760,1488,98,JP,JP-KANAGAWA
Kanagawa,9198268,2020-07-14,1788,1488,98,JP,JP-KANAGAWA
Kanagawa,9198268,2020-07-15,1829,1488,98,JP,JP-KANAGAWA
Kanagawa,9198268,2020-07-16,1876,1522,98,JP,JP-KANAGAWA
Kanagawa,9198268,2020-07-17,1893,1522,98,JP,JP-KANAGAWA
Kochi,698029,2020-06-08,74,71,3,JP,JP-KOCHI
Kochi,698029,2020-06-09,74,71,3,JP,JP-KOCHI
Kochi,698029,2020-06-10,74,71,3,JP,JP-KOCHI
Kochi,698029,2020-06-11,74,71,3,JP,JP-KOCHI
Kochi,698029,2020-06-12,74,71,3,JP,JP-KOCHI
Kochi,698029,2020-06-13,74,71,3,JP,JP-KOCHI
Kochi,698029,2020-06-14,74,71,3,JP,JP-KOCHI
Kochi,698029,2020-06-15,74,71,3,JP,JP-KOCHI
Kochi,698029,2020-06-16,74,71,3,JP,JP-KOCHI
Kochi,698029,2020-06-17,74,71,3,JP,JP-KOCHI
Kochi,698029,2020-06-18,74,71,3,JP,JP-KOCHI
Kochi,698029,2020-06-19,74,71,3,JP,JP-KOCHI
Kochi,698029,2020-06-20,74,71,3,JP,JP-KOCHI
Kochi,698029,2020-06-21,74,71,3,JP,JP-KOCHI
Kochi,698029,2020-06-22,74,71,3,JP,JP-KOCHI
Kochi,698029,2020-06-23,74,71,3,JP,JP-KOCHI
Kochi,698029,2020-06-24,74,71,3,JP,JP-KOCHI
Kochi,698029,2020-06-25,74,71,3,JP,JP-KOCHI
Kochi,698029,2020-06-26,74,71,3,JP,JP-KOCHI
Kochi,698029,2020-06-27,74,71,3,JP,JP-KOCHI
Kochi,698029,2020-06-28,74,71,3,JP,JP-KOCHI
Kochi,698029,2020-06-29,74,71,3,JP,JP-KOCHI
Kochi,698029,2020-06-30,74,71,3,JP,JP-KOCHI
Kochi,698029,2020-07-01,74,71,3,JP,JP-KOCHI
Kochi,698029,2020-07-02,74,71,3,JP,JP-KOCHI
Kochi,698029,2020-07-03,74,71,3,JP,JP-KOCHI
Kochi,698029,2020-07-04,74,71,3,JP,JP-KOCHI
Kochi,698029,2020-07-05,74,71,3,JP,JP-KOCHI
Kochi,698029,2020-07-06,74,71,3,JP,JP-KOCHI
Kochi,698029,2020-07-07,74,71,3,JP,JP-KOCHI
Kochi,698029,2020-07-08,74,71,3,JP,JP-KOCHI
Kochi,698029,2020-07-09,74,71,3,JP,JP-KOCHI
Kochi,698029,2020-07-10,74,71,3,JP,JP-KOCHI
Kochi,698029,2020-07-11,74,71,3,JP,JP-KOCHI
Kochi,698029,2020-07-12,74,71,3,JP,JP-KOCHI
Kochi,698029,2020-07-13,75,71,3,JP,JP-KOCHI
Kochi,698029,2020-07-14,75,71,3,JP,JP-KOCHI
Kochi,698029,2020-07-15,75,71,3,JP,JP-KOCHI
Kochi,698029,2020-07-16,76,71,3,JP,JP-KOCHI
Kochi,698029,2020-07-17,76,71,3,JP,JP-KOCHI
Kumamoto,1747567,2020-06-08,47,44,3,JP,JP-KUMAMOTO
Kumamoto,1747567,2020-06-09,47,44,3,JP,JP-KUMAMOTO
Kumamoto,1747567,2020-06-10,47,44,3,JP,JP-KUMAMOTO
Kumamoto,1747567,2020-06-11,47,44,3,JP,JP-KUMAMOTO
Kumamoto,1747567,2020-06-12,47,44,3,JP,JP-KUMAMOTO
Kumamoto,1747567,2020-06-13,47,44,3,JP,JP-KUMAMOTO
Kumamoto,1747567,2020-06-14,47,44,3,JP,JP-KUMAMOTO
Kumamoto,1747567,2020-06-15,47,44,3,JP,JP-KUMAMOTO
Kumamoto,1747567,2020-06-16,47,44,3,JP,JP-KUMAMOTO
Kumamoto,1747567,2020-06-17,47,44,3,JP,JP-KUMAMOTO
Kumamoto,1747567,2020-06-18,47,44,3,JP,JP-KUMAMOTO
Kumamoto,1747567,2020-06-19,47,44,3,JP,JP-KUMAMOTO
Kumamoto,1747567,2020-06-20,47,44,3,JP,JP-KUMAMOTO
Kumamoto,1747567,2020-06-21,47,44,3,JP,JP-KUMAMOTO
Kumamoto,1747567,2020-06-22,47,44,3,JP,JP-KUMAMOTO
Kumamoto,1747567,2020-06-23,48,45,3,JP,JP-KUMAMOTO
Kumamoto,1747567,2020-06-24,48,45,3,JP,JP-KUMAMOTO
Kumamoto,1747567,2020-06-25,48,45,3,JP,JP-KUMAMOTO
Kumamoto,1747567,2020-06-26,48,45,3,JP,JP-KUMAMOTO
Kumamoto,1747567,2020-06-27,48,45,3,JP,JP-KUMAMOTO
Kumamoto,1747567,2020-06-28,48,45,3,JP,JP-KUMAMOTO
Kumamoto,1747567,2020-06-29,48,45,3,JP,JP-KUMAMOTO
Kumamoto,1747567,2020-06-30,48,45,3,JP,JP-KUMAMOTO
Kumamoto,1747567,2020-07-01,48,45,3,JP,JP-KUMAMOTO
Kumamoto,1747567,2020-07-02,48,45,3,JP,JP-KUMAMOTO
Kumamoto,1747567,2020-07-03,48,45,3,JP,JP-KUMAMOTO
Kumamoto,1747567,2020-07-04,48,45,3,JP,JP-KUMAMOTO
Kumamoto,1747567,2020-07-05,48,45,3,JP,JP-KUMAMOTO
Kumamoto,1747567,2020-07-06,48,45,3,JP,JP-KUMAMOTO
Kumamoto,1747567,2020-07-07,48,45,3,JP,JP-KUMAMOTO
Kumamoto,1747567,2020-07-08,48,45,3,JP,JP-KUMAMOTO
Kumamoto,1747567,2020-07-09,48,45,3,JP,JP-KUMAMOTO
Kumamoto,1747567,2020-07-10,48,45,3,JP,JP-KUMAMOTO
Kumamoto,1747567,2020-07-11,48,45,3,JP,JP-KUMAMOTO
Kumamoto,1747567,2020-07-12,48,45,3,JP,JP-KUMAMOTO
Kumamoto,1747567,2020-07-13,48,45,3,JP,JP-KUMAMOTO
Kumamoto,1747567,2020-07-14,48,45,3,JP,JP-KUMAMOTO
Kumamoto,1747567,2020-07-15,48,45,3,JP,JP-KUMAMOTO
Kumamoto,1747567,2020-07-16,48,45,3,JP,JP-KUMAMOTO
Kumamoto,1747567,2020-07-17,49,45,3,JP,JP-KUMAMOTO
Kyoto,2582957,2020-06-08,359,332,18,JP,JP-KYOTO
Kyoto,2582957,2020-06-09,360,334,18,JP,JP-KYOTO
Kyoto,2582957,2020-06-10,360,337,18,JP,JP-KYOTO
Kyoto,2582957,2020-06-11,360,337,18,JP,JP-KYOTO
Kyoto,2582957,2020-06-12,360,337,18,JP,JP-KYOTO
Kyoto,2582957,2020-06-13,360,338,18,JP,JP-KYOTO
Kyoto,2582957,2020-06-14,360,338,18,JP,JP-KYOTO
Kyoto,2582957,2020-06-15,360,338,18,JP,JP-KYOTO
Kyoto,2582957,2020-06-16,363,339,18,JP,JP-KYOTO
Kyoto,2582957,2020-06-17,363,340,18,JP,JP-KYOTO
Kyoto,2582957,2020-06-18,363,340,18,JP,JP-KYOTO
Kyoto,2582957,2020-06-19,364,341,18,JP,JP-KYOTO
Kyoto,2582957,2020-06-20,365,341,18,JP,JP-KYOTO
Kyoto,2582957,2020-06-21,365,341,18,JP,JP-KYOTO
Kyoto,2582957,2020-06-22,365,341,18,JP,JP-KYOTO
Kyoto,2582957,2020-06-23,365,342,18,JP,JP-KYOTO
Kyoto,2582957,2020-06-24,365,342,18,JP,JP-KYOTO
Kyoto,2582957,2020-06-25,366,342,18,JP,JP-KYOTO
Kyoto,2582957,2020-06-26,370,342,18,JP,JP-KYOTO
Kyoto,2582957,2020-06-27,374,342,18,JP,JP-KYOTO
Kyoto,2582957,2020-06-28,375,344,18,JP,JP-KYOTO
Kyoto,2582957,2020-06-29,379,344,18,JP,JP-KYOTO
Kyoto,2582957,2020-06-30,381,344,18,JP,JP-KYOTO
Kyoto,2582957,2020-07-01,383,346,18,JP,JP-KYOTO
Kyoto,2582957,2020-07-02,386,346,18,JP,JP-KYOTO
Kyoto,2582957,2020-07-03,391,346,18,JP,JP-KYOTO
Kyoto,2582957,2020-07-04,400,346,18,JP,JP-KYOTO
Kyoto,2582957,2020-07-05,401,347,18,JP,JP-KYOTO
Kyoto,2582957,2020-07-06,404,347,18,JP,JP-KYOTO
Kyoto,2582957,2020-07-07,413,348,18,JP,JP-KYOTO
Kyoto,2582957,2020-07-08,415,348,18,JP,JP-KYOTO
Kyoto,2582957,2020-07-09,420,353,18,JP,JP-KYOTO
Kyoto,2582957,2020-07-10,430,356,18,JP,JP-KYOTO
Kyoto,2582957,2020-07-11,439,356,18,JP,JP-KYOTO
Kyoto,2582957,2020-07-12,447,362,18,JP,JP-KYOTO
Kyoto,2582957,2020-07-13,456,362,18,JP,JP-KYOTO
Kyoto,2582957,2020-07-14,468,366,18,JP,JP-KYOTO
Kyoto,2582957,2020-07-15,477,366,18,JP,JP-KYOTO
Kyoto,2582957,2020-07-16,490,385,18,JP,JP-KYOTO
Kyoto,2582957,2020-07-17,490,385,18,JP,JP-KYOTO
Mie,1780882,2020-06-08,45,44,1,JP,JP-MIE
Mie,1780882,2020-06-09,45,44,1,JP,JP-MIE
Mie,1780882,2020-06-10,45,44,1,JP,JP-MIE
Mie,1780882,2020-06-11,45,44,1,JP,JP-MIE
Mie,1780882,2020-06-12,45,44,1,JP,JP-MIE
Mie,1780882,2020-06-13,45,44,1,JP,JP-MIE
Mie,1780882,2020-06-14,45,44,1,JP,JP-MIE
Mie,1780882,2020-06-15,45,44,1,JP,JP-MIE
Mie,1780882,2020-06-16,45,44,1,JP,JP-MIE
Mie,1780882,2020-06-17,45,44,1,JP,JP-MIE
Mie,1780882,2020-06-18,45,44,1,JP,JP-MIE
Mie,1780882,2020-06-19,45,44,1,JP,JP-MIE
Mie,1780882,2020-06-20,45,44,1,JP,JP-MIE
Mie,1780882,2020-06-21,45,44,1,JP,JP-MIE
Mie,1780882,2020-06-22,45,44,1,JP,JP-MIE
Mie,1780882,2020-06-23,45,44,1,JP,JP-MIE
Mie,1780882,2020-06-24,45,44,1,JP,JP-MIE
Mie,1780882,2020-06-25,45,44,1,JP,JP-MIE
Mie,1780882,2020-06-26,45,44,1,JP,JP-MIE
Mie,1780882,2020-06-27,45,44,1,JP,JP-MIE
Mie,1780882,2020-06-28,45,44,1,JP,JP-MIE
Mie,1780882,2020-06-29,45,44,1,JP,JP-MIE
Mie,1780882,2020-06-30,45,44,1,JP,JP-MIE
Mie,1780882,2020-07-01,45,44,1,JP,JP-MIE
Mie,1780882,2020-07-02,45,44,1,JP,JP-MIE
Mie,1780882,2020-07-03,45,44,1,JP,JP-MIE
Mie,1780882,2020-07-04,45,44,1,JP,JP-MIE
Mie,1780882,2020-07-05,45,44,1,JP,JP-MIE
Mie,1780882,2020-07-06,45,44,1,JP,JP-MIE
Mie,1780882,2020-07-07,45,44,1,JP,JP-MIE
Mie,1780882,2020-07-08,45,44,1,JP,JP-MIE
Mie,1780882,2020-07-09,45,44,1,JP,JP-MIE
Mie,1780882,2020-07-10,46,45,1,JP,JP-MIE
Mie,1780882,2020-07-11,47,45,1,JP,JP-MIE
Mie,1780882,2020-07-12,49,45,1,JP,JP-MIE
Mie,1780882,2020-07-13,49,45,1,JP,JP-MIE
Mie,1780882,2020-07-14,49,45,1,JP,JP-MIE
Mie,1780882,2020-07-15,51,45,1,JP,JP-MIE
Mie,1780882,2020-07-16,53,45,1,JP,JP-MIE
Mie,1780882,2020-07-17,54,45,1,JP,JP-MIE
Miyagi,2306365,2020-06-08,88,87,1,JP,JP-MIYAGI
Miyagi,2306365,2020-06-09,88,87,1,JP,JP-MIYAGI
Miyagi,2306365,2020-06-10,88,87,1,JP,JP-MIYAGI
Miyagi,2306365,2020-06-11,88,87,1,JP,JP-MIYAGI
Miyagi,2306365,2020-06-12,88,87,1,JP,JP-MIYAGI
Miyagi,2306365,2020-06-13,88,87,1,JP,JP-MIYAGI
Miyagi,2306365,2020-06-14,88,87,1,JP,JP-MIYAGI
Miyagi,2306365,2020-06-15,88,87,1,JP,JP-MIYAGI
Miyagi,2306365,2020-06-16,88,87,1,JP,JP-MIYAGI
Miyagi,2306365,2020-06-17,88,87,1,JP,JP-MIYAGI
Miyagi,2306365,2020-06-18,88,87,1,JP,JP-MIYAGI
Miyagi,2306365,2020-06-19,88,87,1,JP,JP-MIYAGI
Miyagi,2306365,2020-06-20,89,87,1,JP,JP-MIYAGI
Miyagi,2306365,2020-06-21,89,87,1,JP,JP-MIYAGI
Miyagi,2306365,2020-06-22,89,87,1,JP,JP-MIYAGI
Miyagi,2306365,2020-06-23,90,87,1,JP,JP-MIYAGI
Miyagi,2306365,2020-06-24,90,87,1,JP,JP-MIYAGI
Miyagi,2306365,2020-06-25,91,87,1,JP,JP-MIYAGI
Miyagi,2306365,2020-06-26,92,87,1,JP,JP-MIYAGI
Miyagi,2306365,2020-06-27,92,87,1,JP,JP-MIYAGI
Miyagi,2306365,2020-06-28,94,87,1,JP,JP-MIYAGI
Miyagi,2306365,2020-06-29,94,88,1,JP,JP-MIYAGI
Miyagi,2306365,2020-06-30,94,88,1,JP,JP-MIYAGI
Miyagi,2306365,2020-07-01,95,88,1,JP,JP-MIYAGI
Miyagi,2306365,2020-07-02,95,88,1,JP,JP-MIYAGI
Miyagi,2306365,2020-07-03,97,90,1,JP,JP-MIYAGI
Miyagi,2306365,2020-07-04,98,90,1,JP,JP-MIYAGI
Miyagi,2306365,2020-07-05,98,90,1,JP,JP-MIYAGI
Miyagi,2306365,2020-07-06,98,90,1,JP,JP-MIYAGI
Miyagi,2306365,2020-07-07,98,90,1,JP,JP-MIYAGI
Miyagi,2306365,2020-07-08,99,90,1,JP,JP-MIYAGI
Miyagi,2306365,2020-07-09,100,91,1,JP,JP-MIYAGI
Miyagi,2306365,2020-07-10,100,91,1,JP,JP-MIYAGI
Miyagi,2306365,2020-07-11,104,91,1,JP,JP-MIYAGI
Miyagi,2306365,2020-07-12,106,92,1,JP,JP-MIYAGI
Miyagi,2306365,2020-07-13,108,94,1,JP,JP-MIYAGI
Miyagi,2306365,2020-07-14,110,94,1,JP,JP-MIYAGI
Miyagi,2306365,2020-07-15,112,94,1,JP,JP-MIYAGI
Miyagi,2306365,2020-07-16,126,100,1,JP,JP-MIYAGI
Miyagi,2306365,2020-07-17,126,100,1,JP,JP-MIYAGI
Miyazaki,1073301,2020-06-08,17,17,0,JP,JP-MIYAZAKI
Miyazaki,1073301,2020-06-09,17,17,0,JP,JP-MIYAZAKI
Miyazaki,1073301,2020-06-10,17,17,0,JP,JP-MIYAZAKI
Miyazaki,1073301,2020-06-11,17,17,0,JP,JP-MIYAZAKI
Miyazaki,1073301,2020-06-12,17,17,0,JP,JP-MIYAZAKI
Miyazaki,1073301,2020-06-13,17,17,0,JP,JP-MIYAZAKI
Miyazaki,1073301,2020-06-14,17,17,0,JP,JP-MIYAZAKI
Miyazaki,1073301,2020-06-15,17,17,0,JP,JP-MIYAZAKI
Miyazaki,1073301,2020-06-16,17,17,0,JP,JP-MIYAZAKI
Miyazaki,1073301,2020-06-17,17,17,0,JP,JP-MIYAZAKI
Miyazaki,1073301,2020-06-18,17,17,0,JP,JP-MIYAZAKI
Miyazaki,1073301,2020-06-19,17,17,0,JP,JP-MIYAZAKI
Miyazaki,1073301,2020-06-20,17,17,0,JP,JP-MIYAZAKI
Miyazaki,1073301,2020-06-21,17,17,0,JP,JP-MIYAZAKI
Miyazaki,1073301,2020-06-22,17,17,0,JP,JP-MIYAZAKI
Miyazaki,1073301,2020-06-23,17,17,0,JP,JP-MIYAZAKI
Miyazaki,1073301,2020-06-24,17,17,0,JP,JP-MIYAZAKI
Miyazaki,1073301,2020-06-25,17,17,0,JP,JP-MIYAZAKI
Miyazaki,1073301,2020-06-26,17,17,0,JP,JP-MIYAZAKI
Miyazaki,1073301,2020-06-27,17,17,0,JP,JP-MIYAZAKI
Miyazaki,1073301,2020-06-28,17,17,0,JP,JP-MIYAZAKI
Miyazaki,1073301,2020-06-29,17,17,0,JP,JP-MIYAZAKI
Miyazaki,1073301,2020-06-30,17,17,0,JP,JP-MIYAZAKI
Miyazaki,1073301,2020-07-01,17,17,0,JP,JP-MIYAZAKI
Miyazaki,1073301,2020-07-02,17,17,0,JP,JP-MIYAZAKI
Miyazaki,1073301,2020-07-03,17,17,0,JP,JP-MIYAZAKI
Miyazaki,1073301,2020-07-04,17,17,0,JP,JP-MIYAZAKI
Miyazaki,1073301,2020-07-05,18,17,0,JP,JP-MIYAZAKI
Miyazaki,1073301,2020-07-06,18,17,0,JP,JP-MIYAZAKI
Miyazaki,1073301,2020-07-07,18,17,0,JP,JP-MIYAZAKI
Miyazaki,1073301,2020-07-08,18,17,0,JP,JP-MIYAZAKI
Miyazaki,1073301,2020-07-09,18,17,0,JP,JP-MIYAZAKI
Miyazaki,1073301,2020-07-10,18,17,0,JP,JP-MIYAZAKI
Miyazaki,1073301,2020-07-11,18,17,0,JP,JP-MIYAZAKI
Miyazaki,1073301,2020-07-12,20,17,0,JP,JP-MIYAZAKI
Miyazaki,1073301,2020-07-13,20,17,0,JP,JP-MIYAZAKI
Miyazaki,1073301,2020-07-14,20,17,0,JP,JP-MIYAZAKI
Miyazaki,1073301,2020-07-15,20,17,0,JP,JP-MIYAZAKI
Miyazaki,1073301,2020-07-16,20,17,0,JP,JP-MIYAZAKI
Miyazaki,1073301,2020-07-17,20,17,0,JP,JP-MIYAZAKI
Nagano,2048790,2020-06-08,75,71,0,JP,JP-NAGANO
Nagano,2048790,2020-06-09,75,71,0,JP,JP-NAGANO
Nagano,2048790,2020-06-10,75,72,0,JP,JP-NAGANO
Nagano,2048790,2020-06-11,75,72,0,JP,JP-NAGANO
Nagano,2048790,2020-06-12,75,72,0,JP,JP-NAGANO
Nagano,2048790,2020-06-13,75,72,0,JP,JP-NAGANO
Nagano,2048790,2020-06-14,75,73,0,JP,JP-NAGANO
Nagano,2048790,2020-06-15,75,74,0,JP,JP-NAGANO
Nagano,2048790,2020-06-16,75,74,0,JP,JP-NAGANO
Nagano,2048790,2020-06-17,75,74,0,JP,JP-NAGANO
Nagano,2048790,2020-06-18,75,74,0,JP,JP-NAGANO
Nagano,2048790,2020-06-19,76,75,0,JP,JP-NAGANO
Nagano,2048790,2020-06-20,76,75,0,JP,JP-NAGANO
Nagano,2048790,2020-06-21,76,75,0,JP,JP-NAGANO
Nagano,2048790,2020-06-22,76,75,0,JP,JP-NAGANO
Nagano,2048790,2020-06-23,76,75,0,JP,JP-NAGANO
Nagano,2048790,2020-06-24,76,75,0,JP,JP-NAGANO
Nagano,2048790,2020-06-25,76,75,0,JP,JP-NAGANO
Nagano,2048790,2020-06-26,76,75,0,JP,JP-NAGANO
Nagano,2048790,2020-06-27,76,75,0,JP,JP-NAGANO
Nagano,2048790,2020-06-28,76,76,0,JP,JP-NAGANO
Nagano,2048790,2020-06-29,76,76,0,JP,JP-NAGANO
Nagano,2048790,2020-06-30,76,76,0,JP,JP-NAGANO
Nagano,2048790,2020-07-01,76,76,0,JP,JP-NAGANO
Nagano,2048790,2020-07-02,76,76,0,JP,JP-NAGANO
Nagano,2048790,2020-07-03,76,76,0,JP,JP-NAGANO
Nagano,2048790,2020-07-04,76,76,0,JP,JP-NAGANO
Nagano,2048790,2020-07-05,76,76,0,JP,JP-NAGANO
Nagano,2048790,2020-07-06,76,76,0,JP,JP-NAGANO
Nagano,2048790,2020-07-07,76,76,0,JP,JP-NAGANO
Nagano,2048790,2020-07-08,76,76,0,JP,JP-NAGANO
Nagano,2048790,2020-07-09,76,76,0,JP,JP-NAGANO
Nagano,2048790,2020-07-10,76,76,0,JP,JP-NAGANO
Nagano,2048790,2020-07-11,76,76,0,JP,JP-NAGANO
Nagano,2048790,2020-07-12,77,76,0,JP,JP-NAGANO
Nagano,2048790,2020-07-13,78,76,0,JP,JP-NAGANO
Nagano,2048790,2020-07-14,78,76,0,JP,JP-NAGANO
Nagano,2048790,2020-07-15,79,76,0,JP,JP-NAGANO
Nagano,2048790,2020-07-16,80,76,0,JP,JP-NAGANO
Nagano,2048790,2020-07-17,80,76,0,JP,JP-NAGANO
Nagasaki,1326524,2020-06-08,17,16,1,JP,JP-NAGASAKI
Nagasaki,1326524,2020-06-09,17,16,1,JP,JP-NAGASAKI
Nagasaki,1326524,2020-06-10,17,16,1,JP,JP-NAGASAKI
Nagasaki,1326524,2020-06-11,17,16,1,JP,JP-NAGASAKI
Nagasaki,1326524,2020-06-12,17,16,1,JP,JP-NAGASAKI
Nagasaki,1326524,2020-06-13,17,16,1,JP,JP-NAGASAKI
Nagasaki,1326524,2020-06-14,17,16,1,JP,JP-NAGASAKI
Nagasaki,1326524,2020-06-15,17,16,1,JP,JP-NAGASAKI
Nagasaki,1326524,2020-06-16,17,16,1,JP,JP-NAGASAKI
Nagasaki,1326524,2020-06-17,17,16,1,JP,JP-NAGASAKI
Nagasaki,1326524,2020-06-18,17,16,1,JP,JP-NAGASAKI
Nagasaki,1326524,2020-06-19,17,16,1,JP,JP-NAGASAKI
Nagasaki,1326524,2020-06-20,17,16,1,JP,JP-NAGASAKI
Nagasaki,1326524,2020-06-21,17,16,1,JP,JP-NAGASAKI
Nagasaki,1326524,2020-06-22,17,16,1,JP,JP-NAGASAKI
Nagasaki,1326524,2020-06-23,17,16,1,JP,JP-NAGASAKI
Nagasaki,1326524,2020-06-24,17,16,1,JP,JP-NAGASAKI
Nagasaki,1326524,2020-06-25,17,16,1,JP,JP-NAGASAKI
Nagasaki,1326524,2020-06-26,17,16,1,JP,JP-NAGASAKI
Nagasaki,1326524,2020-06-27,17,16,1,JP,JP-NAGASAKI
Nagasaki,1326524,2020-06-28,17,16,1,JP,JP-NAGASAKI
Nagasaki,1326524,2020-06-29,17,16,1,JP,JP-NAGASAKI
Nagasaki,1326524,2020-06-30,17,16,1,JP,JP-NAGASAKI
Nagasaki,1326524,2020-07-01,17,16,1,JP,JP-NAGASAKI
Nagasaki,1326524,2020-07-02,17,16,1,JP,JP-NAGASAKI
Nagasaki,1326524,2020-07-03,17,16,1,JP,JP-NAGASAKI
Nagasaki,1326524,2020-07-04,18,16,1,JP,JP-NAGASAKI
Nagasaki,1326524,2020-07-05,18,16,1,JP,JP-NAGASAKI
Nagasaki,1326524,2020-07-06,18,16,1,JP,JP-NAGASAKI
Nagasaki,1326524,2020-07-07,18,16,1,JP,JP-NAGASAKI
Nagasaki,1326524,2020-07-08,19,16,1,JP,JP-NAGASAKI
Nagasaki,1326524,2020-07-09,19,16,1,JP,JP-NAGASAKI
Nagasaki,1326524,2020-07-10,20,17,1,JP,JP-NAGASAKI
Nagasaki,1326524,2020-07-11,22,17,1,JP,JP-NAGASAKI
Nagasaki,1326524,2020-07-12,26,17,1,JP,JP-NAGASAKI
Nagasaki,1326524,2020-07-13,29,17,1,JP,JP-NAGASAKI
Nagasaki,1326524,2020-07-14,31,17,1,JP,JP-NAGASAKI
Nagasaki,1326524,2020-07-15,32,17,1,JP,JP-NAGASAKI
Nagasaki,1326524,2020-07-16,32,17,1,JP,JP-NAGASAKI
Nagasaki,1326524,2020-07-17,32,17,1,JP,JP-NAGASAKI
Nara,1330123,2020-06-08,92,89,2,JP,JP-NARA
Nara,1330123,2020-06-09,92,89,2,JP,JP-NARA
Nara,1330123,2020-06-10,92,89,2,JP,JP-NARA
Nara,1330123,2020-06-11,92,89,2,JP,JP-NARA
Nara,1330123,2020-06-12,92,89,2,JP,JP-NARA
Nara,1330123,2020-06-13,92,90,2,JP,JP-NARA
Nara,1330123,2020-06-14,92,90,2,JP,JP-NARA
Nara,1330123,2020-06-15,92,90,2,JP,JP-NARA
Nara,1330123,2020-06-16,92,90,2,JP,JP-NARA
Nara,1330123,2020-06-17,92,90,2,JP,JP-NARA
Nara,1330123,2020-06-18,92,90,2,JP,JP-NARA
Nara,1330123,2020-06-19,92,90,2,JP,JP-NARA
Nara,1330123,2020-06-20,92,90,2,JP,JP-NARA
Nara,1330123,2020-06-21,92,90,2,JP,JP-NARA
Nara,1330123,2020-06-22,92,90,2,JP,JP-NARA
Nara,1330123,2020-06-23,92,90,2,JP,JP-NARA
Nara,1330123,2020-06-24,92,90,2,JP,JP-NARA
Nara,1330123,2020-06-25,92,90,2,JP,JP-NARA
Nara,1330123,2020-06-26,92,90,2,JP,JP-NARA
Nara,1330123,2020-06-27,92,90,2,JP,JP-NARA
Nara,1330123,2020-06-28,92,90,2,JP,JP-NARA
Nara,1330123,2020-06-29,92,90,2,JP,JP-NARA
Nara,1330123,2020-06-30,92,90,2,JP,JP-NARA
Nara,1330123,2020-07-01,92,90,2,JP,JP-NARA
Nara,1330123,2020-07-02,92,90,2,JP,JP-NARA
Nara,1330123,2020-07-03,92,90,2,JP,JP-NARA
Nara,1330123,2020-07-04,93,90,2,JP,JP-NARA
Nara,1330123,2020-07-05,95,90,2,JP,JP-NARA
Nara,1330123,2020-07-06,96,90,2,JP,JP-NARA
Nara,1330123,2020-07-07,98,90,2,JP,JP-NARA
Nara,1330123,2020-07-08,100,90,2,JP,JP-NARA
Nara,1330123,2020-07-09,102,90,2,JP,JP-NARA
Nara,1330123,2020-07-10,107,90,2,JP,JP-NARA
Nara,1330123,2020-07-11,114,90,2,JP,JP-NARA
Nara,1330123,2020-07-12,119,90,2,JP,JP-NARA
Nara,1330123,2020-07-13,123,90,2,JP,JP-NARA
Nara,1330123,2020-07-14,126,91,2,JP,JP-NARA
Nara,1330123,2020-07-15,131,91,2,JP,JP-NARA
Nara,1330123,2020-07-16,138,92,2,JP,JP-NARA
Nara,1330123,2020-07-17,143,92,2,JP,JP-NARA
Niigata,2223106,2020-06-08,82,81,0,JP,JP-NIIGATA
Niigata,2223106,2020-06-09,82,81,0,JP,JP-NIIGATA
Niigata,2223106,2020-06-10,82,81,0,JP,JP-NIIGATA
Niigata,2223106,2020-06-11,82,81,0,JP,JP-NIIGATA
Niigata,2223106,2020-06-12,82,81,0,JP,JP-NIIGATA
Niigata,2223106,2020-06-13,82,81,0,JP,JP-NIIGATA
Niigata,2223106,2020-06-14,82,81,0,JP,JP-NIIGATA
Niigata,2223106,2020-06-15,82,81,0,JP,JP-NIIGATA
Niigata,2223106,2020-06-16,82,81,0,JP,JP-NIIGATA
Niigata,2223106,2020-06-17,82,81,0,JP,JP-NIIGATA
Niigata,2223106,2020-06-18,82,81,0,JP,JP-NIIGATA
Niigata,2223106,2020-06-19,83,81,0,JP,JP-NIIGATA
Niigata,2223106,2020-06-20,83,81,0,JP,JP-NIIGATA
Niigata,2223106,2020-06-21,83,81,0,JP,JP-NIIGATA
Niigata,2223106,2020-06-22,83,81,0,JP,JP-NIIGATA
Niigata,2223106,2020-06-23,83,81,0,JP,JP-NIIGATA
Niigata,2223106,2020-06-24,83,81,0,JP,JP-NIIGATA
Niigata,2223106,2020-06-25,83,81,0,JP,JP-NIIGATA
Niigata,2223106,2020-06-26,83,81,0,JP,JP-NIIGATA
Niigata,2223106,2020-06-27,83,81,0,JP,JP-NIIGATA
Niigata,2223106,2020-06-28,83,81,0,JP,JP-NIIGATA
Niigata,2223106,2020-06-29,83,81,0,JP,JP-NIIGATA
Niigata,2223106,2020-06-30,83,82,0,JP,JP-NIIGATA
Niigata,2223106,2020-07-01,83,82,0,JP,JP-NIIGATA
Niigata,2223106,2020-07-02,83,82,0,JP,JP-NIIGATA
Niigata,2223106,2020-07-03,83,83,0,JP,JP-NIIGATA
Niigata,2223106,2020-07-04,84,83,0,JP,JP-NIIGATA
Niigata,2223106,2020-07-05,84,83,0,JP,JP-NIIGATA
Niigata,2223106,2020-07-06,84,83,0,JP,JP-NIIGATA
Niigata,2223106,2020-07-07,84,83,0,JP,JP-NIIGATA
Niigata,2223106,2020-07-08,85,83,0,JP,JP-NIIGATA
Niigata,2223106,2020-07-09,85,83,0,JP,JP-NIIGATA
Niigata,2223106,2020-07-10,85,83,0,JP,JP-NIIGATA
Niigata,2223106,2020-07-11,86,83,0,JP,JP-NIIGATA
Niigata,2223106,2020-07-12,86,83,0,JP,JP-NIIGATA
Niigata,2223106,2020-07-13,86,83,0,JP,JP-NIIGATA
Niigata,2223106,2020-07-14,86,83,0,JP,JP-NIIGATA
Niigata,2223106,2020-07-15,88,83,0,JP,JP-NIIGATA
Niigata,2223106,2020-07-16,88,83,0,JP,JP-NIIGATA
Niigata,2223106,2020-07-17,88,83,0,JP,JP-NIIGATA
Oita,1135434,2020-06-08,60,58,1,JP,JP-OITA
Oita,1135434,2020-06-09,60,59,1,JP,JP-OITA
Oita,1135434,2020-06-10,60,59,1,JP,JP-OITA
Oita,1135434,2020-06-11,60,59,1,JP,JP-OITA
Oita,1135434,2020-06-12,60,59,1,JP,JP-OITA
Oita,1135434,2020-06-13,60,59,1,JP,JP-OITA
Oita,1135434,2020-06-14,60,59,1,JP,JP-OITA
Oita,1135434,2020-06-15,60,59,1,JP,JP-OITA
Oita,1135434,2020-06-16,60,59,1,JP,JP-OITA
Oita,1135434,2020-06-17,60,59,1,JP,JP-OITA
Oita,1135434,2020-06-18,60,59,1,JP,JP-OITA
Oita,1135434,2020-06-19,60,59,1,JP,JP-OITA
Oita,1135434,2020-06-20,60,59,1,JP,JP-OITA
Oita,1135434,2020-06-21,60,59,1,JP,JP-OITA
Oita,1135434,2020-06-22,60,59,1,JP,JP-OITA
Oita,1135434,2020-06-23,60,59,1,JP,JP-OITA
Oita,1135434,2020-06-24,60,59,1,JP,JP-OITA
Oita,1135434,2020-06-25,60,59,1,JP,JP-OITA
Oita,1135434,2020-06-26,60,59,1,JP,JP-OITA
Oita,1135434,2020-06-27,60,59,1,JP,JP-OITA
Oita,1135434,2020-06-28,60,59,1,JP,JP-OITA
Oita,1135434,2020-06-29,60,59,1,JP,JP-OITA
Oita,1135434,2020-06-30,60,59,1,JP,JP-OITA
Oita,1135434,2020-07-01,60,59,1,JP,JP-OITA
Oita,1135434,2020-07-02,60,59,1,JP,JP-OITA
Oita,1135434,2020-07-03,60,59,1,JP,JP-OITA
Oita,1135434,2020-07-04,60,59,1,JP,JP-OITA
Oita,1135434,2020-07-05,60,59,1,JP,JP-OITA
Oita,1135434,2020-07-06,60,59,1,JP,JP-OITA
Oita,1135434,2020-07-07,60,59,1,JP,JP-OITA
Oita,1135434,2020-07-08,60,59,1,JP,JP-OITA
Oita,1135434,2020-07-09,60,59,1,JP,JP-OITA
Oita,1135434,2020-07-10,60,59,1,JP,JP-OITA
Oita,1135434,2020-07-11,60,59,1,JP,JP-OITA
Oita,1135434,2020-07-12,60,59,1,JP,JP-OITA
Oita,1135434,2020-07-13,60,59,1,JP,JP-OITA
Oita,1135434,2020-07-14,60,59,1,JP,JP-OITA
Oita,1135434,2020-07-15,60,59,1,JP,JP-OITA
Oita,1135434,2020-07-16,60,59,1,JP,JP-OITA
Oita,1135434,2020-07-17,60,59,1,JP,JP-OITA
Okayama,1889586,2020-06-08,25,25,0,JP,JP-OKAYAMA
Okayama,1889586,2020-06-09,25,25,0,JP,JP-OKAYAMA
Okayama,1889586,2020-06-10,25,25,0,JP,JP-OKAYAMA
Okayama,1889586,2020-06-11,25,25,0,JP,JP-OKAYAMA
Okayama,1889586,2020-06-12,25,25,0,JP,JP-OKAYAMA
Okayama,1889586,2020-06-13,25,25,0,JP,JP-OKAYAMA
Okayama,1889586,2020-06-14,25,25,0,JP,JP-OKAYAMA
Okayama,1889586,2020-06-15,25,25,0,JP,JP-OKAYAMA
Okayama,1889586,2020-06-16,25,25,0,JP,JP-OKAYAMA
Okayama,1889586,2020-06-17,25,25,0,JP,JP-OKAYAMA
Okayama,1889586,2020-06-18,25,25,0,JP,JP-OKAYAMA
Okayama,1889586,2020-06-19,25,25,0,JP,JP-OKAYAMA
Okayama,1889586,2020-06-20,25,25,0,JP,JP-OKAYAMA
Okayama,1889586,2020-06-21,25,25,0,JP,JP-OKAYAMA
Okayama,1889586,2020-06-22,25,25,0,JP,JP-OKAYAMA
Okayama,1889586,2020-06-23,25,25,0,JP,JP-OKAYAMA
Okayama,1889586,2020-06-24,25,25,0,JP,JP-OKAYAMA
Okayama,1889586,2020-06-25,26,25,0,JP,JP-OKAYAMA
Okayama,1889586,2020-06-26,26,25,0,JP,JP-OKAYAMA
Okayama,1889586,2020-06-27,26,25,0,JP,JP-OKAYAMA
Okayama,1889586,2020-06-28,26,25,0,JP,JP-OKAYAMA
Okayama,1889586,2020-06-29,26,25,0,JP,JP-OKAYAMA
Okayama,1889586,2020-06-30,26,25,0,JP,JP-OKAYAMA
Okayama,1889586,2020-07-01,26,25,0,JP,JP-OKAYAMA
Okayama,1889586,2020-07-02,28,25,0,JP,JP-OKAYAMA
Okayama,1889586,2020-07-03,28,25,0,JP,JP-OKAYAMA
Okayama,1889586,2020-07-04,28,25,0,JP,JP-OKAYAMA
Okayama,1889586,2020-07-05,28,26,0,JP,JP-OKAYAMA
Okayama,1889586,2020-07-06,28,26,0,JP,JP-OKAYAMA
Okayama,1889586,2020-07-07,28,26,0,JP,JP-OKAYAMA
Okayama,1889586,2020-07-08,28,26,0,JP,JP-OKAYAMA
Okayama,1889586,2020-07-09,28,26,0,JP,JP-OKAYAMA
Okayama,1889586,2020-07-10,28,26,0,JP,JP-OKAYAMA
Okayama,1889586,2020-07-11,28,26,0,JP,JP-OKAYAMA
Okayama,1889586,2020-07-12,28,26,0,JP,JP-OKAYAMA
Okayama,1889586,2020-07-13,28,26,0,JP,JP-OKAYAMA
Okayama,1889586,2020-07-14,29,26,0,JP,JP-OKAYAMA
Okayama,1889586,2020-07-15,30,26,0,JP,JP-OKAYAMA
Okayama,1889586,2020-07-16,32,28,0,JP,JP-OKAYAMA
Okayama,1889586,2020-07-17,34,28,0,JP,JP-OKAYAMA
Okinawa,1453168,2020-06-08,145,137,6,JP,JP-OKINAWA
Okinawa,1453168,2020-06-09,145,139,6,JP,JP-OKINAWA
Okinawa,1453168,2020-06-10,145,139,6,JP,JP-OKINAWA
Okinawa,1453168,2020-06-11,145,139,6,JP,JP-OKINAWA
Okinawa,1453168,2020-06-12,145,139,6,JP,JP-OKINAWA
Okinawa,1453168,2020-06-13,145,138,7,JP,JP-OKINAWA
Okinawa,1453168,2020-06-14,145,138,7,JP,JP-OKINAWA
Okinawa,1453168,2020-06-15,145,138,7,JP,JP-OKINAWA
Okinawa,1453168,2020-06-16,145,138,7,JP,JP-OKINAWA
Okinawa,1453168,2020-06-17,145,138,7,JP,JP-OKINAWA
Okinawa,1453168,2020-06-18,145,138,7,JP,JP-OKINAWA
Okinawa,1453168,2020-06-19,145,138,7,JP,JP-OKINAWA
Okinawa,1453168,2020-06-20,145,138,7,JP,JP-OKINAWA
Okinawa,1453168,2020-06-21,145,138,7,JP,JP-OKINAWA
Okinawa,1453168,2020-06-22,145,138,7,JP,JP-OKINAWA
Okinawa,1453168,2020-06-23,145,138,7,JP,JP-OKINAWA
Okinawa,1453168,2020-06-24,145,138,7,JP,JP-OKINAWA
Okinawa,1453168,2020-06-25,145,138,7,JP,JP-OKINAWA
Okinawa,1453168,2020-06-26,145,138,7,JP,JP-OKINAWA
Okinawa,1453168,2020-06-27,145,138,7,JP,JP-OKINAWA
Okinawa,1453168,2020-06-28,145,138,7,JP,JP-OKINAWA
Okinawa,1453168,2020-06-29,145,138,7,JP,JP-OKINAWA
Okinawa,1453168,2020-06-30,145,138,7,JP,JP-OKINAWA
Okinawa,1453168,2020-07-01,145,138,7,JP,JP-OKINAWA
Okinawa,1453168,2020-07-02,145,138,7,JP,JP-OKINAWA
Okinawa,1453168,2020-07-03,145,138,7,JP,JP-OKINAWA
Okinawa,1453168,2020-07-04,145,138,7,JP,JP-OKINAWA
Okinawa,1453168,2020-07-05,145,138,7,JP,JP-OKINAWA
Okinawa,1453168,2020-07-06,145,138,7,JP,JP-OKINAWA
Okinawa,1453168,2020-07-07,145,138,7,JP,JP-OKINAWA
Okinawa,1453168,2020-07-08,147,138,7,JP,JP-OKINAWA
Okinawa,1453168,2020-07-09,148,139,7,JP,JP-OKINAWA
Okinawa,1453168,2020-07-10,149,139,7,JP,JP-OKINAWA
Okinawa,1453168,2020-07-11,151,139,7,JP,JP-OKINAWA
Okinawa,1453168,2020-07-12,152,139,7,JP,JP-OKINAWA
Okinawa,1453168,2020-07-13,151,139,7,JP,JP-OKINAWA
Okinawa,1453168,2020-07-14,151,139,7,JP,JP-OKINAWA
Okinawa,1453168,2020-07-15,151,139,7,JP,JP-OKINAWA
Okinawa,1453168,2020-07-16,152,141,7,JP,JP-OKINAWA
Okinawa,1453168,2020-07-17,152,141,7,JP,JP-OKINAWA
Osaka,8809363,2020-06-08,1785,1635,84,JP,JP-OSAKA
Osaka,8809363,2020-06-09,1785,1646,84,JP,JP-OSAKA
Osaka,8809363,2020-06-10,1785,1655,85,JP,JP-OSAKA
Osaka,8809363,2020-06-11,1786,1655,85,JP,JP-OSAKA
Osaka,8809363,2020-06-12,1786,1655,85,JP,JP-OSAKA
Osaka,8809363,2020-06-13,1786,1670,86,JP,JP-OSAKA
Osaka,8809363,2020-06-14,1787,1670,86,JP,JP-OSAKA
Osaka,8809363,2020-06-15,1787,1675,86,JP,JP-OSAKA
Osaka,8809363,2020-06-16,1790,1677,86,JP,JP-OSAKA
Osaka,8809363,2020-06-17,1794,1680,86,JP,JP-OSAKA
Osaka,8809363,2020-06-18,1794,1680,86,JP,JP-OSAKA
Osaka,8809363,2020-06-19,1800,1680,86,JP,JP-OSAKA
Osaka,8809363,2020-06-20,1806,1681,86,JP,JP-OSAKA
Osaka,8809363,2020-06-21,1809,1681,86,JP,JP-OSAKA
Osaka,8809363,2020-06-22,1809,1681,86,JP,JP-OSAKA
Osaka,8809363,2020-06-23,1809,1687,86,JP,JP-OSAKA
Osaka,8809363,2020-06-24,1809,1687,86,JP,JP-OSAKA
Osaka,8809363,2020-06-25,1812,1696,86,JP,JP-OSAKA
Osaka,8809363,2020-06-26,1814,1696,86,JP,JP-OSAKA
Osaka,8809363,2020-06-27,1816,1699,86,JP,JP-OSAKA
Osaka,8809363,2020-06-28,1821,1699,86,JP,JP-OSAKA
Osaka,8809363,2020-06-29,1828,1705,86,JP,JP-OSAKA
Osaka,8809363,2020-06-30,1833,1705,86,JP,JP-OSAKA
Osaka,8809363,2020-07-01,1843,1705,86,JP,JP-OSAKA
Osaka,8809363,2020-07-02,1851,1712,86,JP,JP-OSAKA
Osaka,8809363,2020-07-03,1862,1714,86,JP,JP-OSAKA
Osaka,8809363,2020-07-04,1879,1714,86,JP,JP-OSAKA
Osaka,8809363,2020-07-05,1885,1723,86,JP,JP-OSAKA
Osaka,8809363,2020-07-06,1893,1730,86,JP,JP-OSAKA
Osaka,8809363,2020-07-07,1905,1730,86,JP,JP-OSAKA
Osaka,8809363,2020-07-08,1915,1730,86,JP,JP-OSAKA
Osaka,8809363,2020-07-09,1945,1742,86,JP,JP-OSAKA
Osaka,8809363,2020-07-10,1967,1750,86,JP,JP-OSAKA
Osaka,8809363,2020-07-11,1995,1750,86,JP,JP-OSAKA
Osaka,8809363,2020-07-12,2027,1777,86,JP,JP-OSAKA
Osaka,8809363,2020-07-13,2045,1777,86,JP,JP-OSAKA
Osaka,8809363,2020-07-14,2065,1806,86,JP,JP-OSAKA
Osaka,8809363,2020-07-15,2126,1806,86,JP,JP-OSAKA
Osaka,8809363,2020-07-16,2192,1826,86,JP,JP-OSAKA
Osaka,8809363,2020-07-17,2245,1826,86,JP,JP-OSAKA
Saga,814711,2020-06-08,45,45,0,JP,JP-SAGA
Saga,814711,2020-06-09,45,45,0,JP,JP-SAGA
Saga,814711,2020-06-10,45,45,0,JP,JP-SAGA
Saga,814711,2020-06-11,45,45,0,JP,JP-SAGA
Saga,814711,2020-06-12,45,45,0,JP,JP-SAGA
Saga,814711,2020-06-13,45,45,0,JP,JP-SAGA
Saga,814711,2020-06-14,45,45,0,JP,JP-SAGA
Saga,814711,2020-06-15,45,45,0,JP,JP-SAGA
Saga,814711,2020-06-16,45,45,0,JP,JP-SAGA
Saga,814711,2020-06-17,45,45,0,JP,JP-SAGA
Saga,814711,2020-06-18,45,45,0,JP,JP-SAGA
Saga,814711,2020-06-19,45,45,0,JP,JP-SAGA
Saga,814711,2020-06-20,45,45,0,JP,JP-SAGA
Saga,814711,2020-06-21,45,45,0,JP,JP-SAGA
Saga,814711,2020-06-22,45,45,0,JP,JP-SAGA
Saga,814711,2020-06-23,45,45,0,JP,JP-SAGA
Saga,814711,2020-06-24,45,45,0,JP,JP-SAGA
Saga,814711,2020-06-25,45,45,0,JP,JP-SAGA
Saga,814711,2020-06-26,45,45,0,JP,JP-SAGA
Saga,814711,2020-06-27,45,45,0,JP,JP-SAGA
Saga,814711,2020-06-28,45,45,0,JP,JP-SAGA
Saga,814711,2020-06-29,45,45,0,JP,JP-SAGA
Saga,814711,2020-06-30,45,45,0,JP,JP-SAGA
Saga,814711,2020-07-01,45,45,0,JP,JP-SAGA
Saga,814711,2020-07-02,45,45,0,JP,JP-SAGA
Saga,814711,2020-07-03,45,45,0,JP,JP-SAGA
Saga,814711,2020-07-04,45,45,0,JP,JP-SAGA
Saga,814711,2020-07-05,45,45,0,JP,JP-SAGA
Saga,814711,2020-07-06,45,45,0,JP,JP-SAGA
Saga,814711,2020-07-07,45,45,0,JP,JP-SAGA
Saga,814711,2020-07-08,45,45,0,JP,JP-SAGA
Saga,814711,2020-07-09,45,45,0,JP,JP-SAGA
Saga,814711,2020-07-10,45,45,0,JP,JP-SAGA
Saga,814711,2020-07-11,45,45,0,JP,JP-SAGA
Saga,814711,2020-07-12,45,45,0,JP,JP-SAGA
Saga,814711,2020-07-13,45,45,0,JP,JP-SAGA
Saga,814711,2020-07-14,45,45,0,JP,JP-SAGA
Saga,814711,2020-07-15,45,45,0,JP,JP-SAGA
Saga,814711,2020-07-16,45,45,0,JP,JP-SAGA
Saga,814711,2020-07-17,45,45,0,JP,JP-SAGA
Saitama,7349693,2020-06-08,1007,920,51,JP,JP-SAITAMA
Saitama,7349693,2020-06-09,1008,928,51,JP,JP-SAITAMA
Saitama,7349693,2020-06-10,1014,929,51,JP,JP-SAITAMA
Saitama,7349693,2020-06-11,1017,929,51,JP,JP-SAITAMA
Saitama,7349693,2020-06-12,1020,936,51,JP,JP-SAITAMA
Saitama,7349693,2020-06-13,1020,943,51,JP,JP-SAITAMA
Saitama,7349693,2020-06-14,1022,943,51,JP,JP-SAITAMA
Saitama,7349693,2020-06-15,1021,947,52,JP,JP-SAITAMA
Saitama,7349693,2020-06-16,1022,950,52,JP,JP-SAITAMA
Saitama,7349693,2020-06-17,1023,951,52,JP,JP-SAITAMA
Saitama,7349693,2020-06-18,1025,951,52,JP,JP-SAITAMA
Saitama,7349693,2020-06-19,1026,951,65,JP,JP-SAITAMA
Saitama,7349693,2020-06-20,1032,941,65,JP,JP-SAITAMA
Saitama,7349693,2020-06-21,1038,941,65,JP,JP-SAITAMA
Saitama,7349693,2020-06-22,1039,941,65,JP,JP-SAITAMA
Saitama,7349693,2020-06-23,1054,942,65,JP,JP-SAITAMA
Saitama,7349693,2020-06-24,1057,942,65,JP,JP-SAITAMA
Saitama,7349693,2020-06-25,1074,942,65,JP,JP-SAITAMA
Saitama,7349693,2020-06-26,1090,942,65,JP,JP-SAITAMA
Saitama,7349693,2020-06-27,1101,947,65,JP,JP-SAITAMA
Saitama,7349693,2020-06-28,1109,950,65,JP,JP-SAITAMA
Saitama,7349693,2020-06-29,1122,951,65,JP,JP-SAITAMA
Saitama,7349693,2020-06-30,1132,954,65,JP,JP-SAITAMA
Saitama,7349693,2020-07-01,1146,958,65,JP,JP-SAITAMA
Saitama,7349693,2020-07-02,1166,960,65,JP,JP-SAITAMA
Saitama,7349693,2020-07-03,1191,969,65,JP,JP-SAITAMA
Saitama,7349693,2020-07-04,1218,969,65,JP,JP-SAITAMA
Saitama,7349693,2020-07-05,1239,976,65,JP,JP-SAITAMA
Saitama,7349693,2020-07-06,1255,984,66,JP,JP-SAITAMA
Saitama,7349693,2020-07-07,1282,1007,67,JP,JP-SAITAMA
Saitama,7349693,2020-07-08,1330,1007,67,JP,JP-SAITAMA
Saitama,7349693,2020-07-09,1352,1032,67,JP,JP-SAITAMA
Saitama,7349693,2020-07-10,1396,1041,67,JP,JP-SAITAMA
Saitama,7349693,2020-07-11,1431,1041,67,JP,JP-SAITAMA
Saitama,7349693,2020-07-12,1462,1083,67,JP,JP-SAITAMA
Saitama,7349693,2020-07-13,1488,1087,67,JP,JP-SAITAMA
Saitama,7349693,2020-07-14,1530,1103,67,JP,JP-SAITAMA
Saitama,7349693,2020-07-15,1568,1103,67,JP,JP-SAITAMA
Saitama,7349693,2020-07-16,1617,1144,67,JP,JP-SAITAMA
Saitama,7349693,2020-07-17,1617,1144,67,JP,JP-SAITAMA
Shiga,1413943,2020-06-08,100,97,1,JP,JP-SHIGA
Shiga,1413943,2020-06-09,100,97,1,JP,JP-SHIGA
Shiga,1413943,2020-06-10,100,97,1,JP,JP-SHIGA
Shiga,1413943,2020-06-11,100,97,1,JP,JP-SHIGA
Shiga,1413943,2020-06-12,100,97,1,JP,JP-SHIGA
Shiga,1413943,2020-06-13,100,98,1,JP,JP-SHIGA
Shiga,1413943,2020-06-14,100,98,1,JP,JP-SHIGA
Shiga,1413943,2020-06-15,100,98,1,JP,JP-SHIGA
Shiga,1413943,2020-06-16,100,98,1,JP,JP-SHIGA
Shiga,1413943,2020-06-17,100,98,1,JP,JP-SHIGA
Shiga,1413943,2020-06-18,100,98,1,JP,JP-SHIGA
Shiga,1413943,2020-06-19,101,98,1,JP,JP-SHIGA
Shiga,1413943,2020-06-20,101,98,1,JP,JP-SHIGA
Shiga,1413943,2020-06-21,101,98,1,JP,JP-SHIGA
Shiga,1413943,2020-06-22,101,98,1,JP,JP-SHIGA
Shiga,1413943,2020-06-23,101,98,1,JP,JP-SHIGA
Shiga,1413943,2020-06-24,101,98,1,JP,JP-SHIGA
Shiga,1413943,2020-06-25,101,98,1,JP,JP-SHIGA
Shiga,1413943,2020-06-26,101,98,1,JP,JP-SHIGA
Shiga,1413943,2020-06-27,101,98,1,JP,JP-SHIGA
Shiga,1413943,2020-06-28,101,99,1,JP,JP-SHIGA
Shiga,1413943,2020-06-29,101,99,1,JP,JP-SHIGA
Shiga,1413943,2020-06-30,101,99,1,JP,JP-SHIGA
Shiga,1413943,2020-07-01,103,99,1,JP,JP-SHIGA
Shiga,1413943,2020-07-02,103,99,1,JP,JP-SHIGA
Shiga,1413943,2020-07-03,103,99,1,JP,JP-SHIGA
Shiga,1413943,2020-07-04,103,99,1,JP,JP-SHIGA
Shiga,1413943,2020-07-05,103,99,1,JP,JP-SHIGA
Shiga,1413943,2020-07-06,103,99,1,JP,JP-SHIGA
Shiga,1413943,2020-07-07,103,99,1,JP,JP-SHIGA
Shiga,1413943,2020-07-08,104,99,1,JP,JP-SHIGA
Shiga,1413943,2020-07-09,104,99,1,JP,JP-SHIGA
Shiga,1413943,2020-07-10,104,99,1,JP,JP-SHIGA
Shiga,1413943,2020-07-11,104,99,1,JP,JP-SHIGA
Shiga,1413943,2020-07-12,106,100,1,JP,JP-SHIGA
Shiga,1413943,2020-07-13,106,100,1,JP,JP-SHIGA
Shiga,1413943,2020-07-14,106,100,1,JP,JP-SHIGA
Shiga,1413943,2020-07-15,107,100,1,JP,JP-SHIGA
Shiga,1413943,2020-07-16,108,101,1,JP,JP-SHIGA
Shiga,1413943,2020-07-17,108,101,1,JP,JP-SHIGA
Shimane,674346,2020-06-08,24,23,0,JP,JP-SHIMANE
Shimane,674346,2020-06-09,24,23,0,JP,JP-SHIMANE
Shimane,674346,2020-06-10,24,23,0,JP,JP-SHIMANE
Shimane,674346,2020-06-11,24,23,0,JP,JP-SHIMANE
Shimane,674346,2020-06-12,24,23,0,JP,JP-SHIMANE
Shimane,674346,2020-06-13,24,23,0,JP,JP-SHIMANE
Shimane,674346,2020-06-14,24,23,0,JP,JP-SHIMANE
Shimane,674346,2020-06-15,24,23,0,JP,JP-SHIMANE
Shimane,674346,2020-06-16,24,23,0,JP,JP-SHIMANE
Shimane,674346,2020-06-17,24,23,0,JP,JP-SHIMANE
Shimane,674346,2020-06-18,24,23,0,JP,JP-SHIMANE
Shimane,674346,2020-06-19,24,23,0,JP,JP-SHIMANE
Shimane,674346,2020-06-20,24,23,0,JP,JP-SHIMANE
Shimane,674346,2020-06-21,24,23,0,JP,JP-SHIMANE
Shimane,674346,2020-06-22,24,23,0,JP,JP-SHIMANE
Shimane,674346,2020-06-23,24,23,0,JP,JP-SHIMANE
Shimane,674346,2020-06-24,24,23,0,JP,JP-SHIMANE
Shimane,674346,2020-06-25,24,23,0,JP,JP-SHIMANE
Shimane,674346,2020-06-26,24,23,0,JP,JP-SHIMANE
Shimane,674346,2020-06-27,24,23,0,JP,JP-SHIMANE
Shimane,674346,2020-06-28,24,23,0,JP,JP-SHIMANE
Shimane,674346,2020-06-29,24,23,0,JP,JP-SHIMANE
Shimane,674346,2020-06-30,24,23,0,JP,JP-SHIMANE
Shimane,674346,2020-07-01,24,24,0,JP,JP-SHIMANE
Shimane,674346,2020-07-02,24,24,0,JP,JP-SHIMANE
Shimane,674346,2020-07-03,24,24,0,JP,JP-SHIMANE
Shimane,674346,2020-07-04,24,24,0,JP,JP-SHIMANE
Shimane,674346,2020-07-05,24,24,0,JP,JP-SHIMANE
Shimane,674346,2020-07-06,24,24,0,JP,JP-SHIMANE
Shimane,674346,2020-07-07,24,24,0,JP,JP-SHIMANE
Shimane,674346,2020-07-08,24,24,0,JP,JP-SHIMANE
Shimane,674346,2020-07-09,24,24,0,JP,JP-SHIMANE
Shimane,674346,2020-07-10,24,24,0,JP,JP-SHIMANE
Shimane,674346,2020-07-11,24,24,0,JP,JP-SHIMANE
Shimane,674346,2020-07-12,24,24,0,JP,JP-SHIMANE
Shimane,674346,2020-07-13,24,24,0,JP,JP-SHIMANE
Shimane,674346,2020-07-14,24,24,0,JP,JP-SHIMANE
Shimane,674346,2020-07-15,25,24,0,JP,JP-SHIMANE
Shimane,674346,2020-07-16,25,25,0,JP,JP-SHIMANE
Shimane,674346,2020-07-17,25,25,0,JP,JP-SHIMANE
Shizuoka,3643528,2020-06-08,76,73,1,JP,JP-SHIZUOKA
Shizuoka,3643528,2020-06-09,76,73,1,JP,JP-SHIZUOKA
Shizuoka,3643528,2020-06-10,77,73,1,JP,JP-SHIZUOKA
Shizuoka,3643528,2020-06-11,77,73,1,JP,JP-SHIZUOKA
Shizuoka,3643528,2020-06-12,78,73,1,JP,JP-SHIZUOKA
Shizuoka,3643528,2020-06-13,78,73,1,JP,JP-SHIZUOKA
Shizuoka,3643528,2020-06-14,78,73,1,JP,JP-SHIZUOKA
Shizuoka,3643528,2020-06-15,78,73,1,JP,JP-SHIZUOKA
Shizuoka,3643528,2020-06-16,79,73,1,JP,JP-SHIZUOKA
Shizuoka,3643528,2020-06-17,80,74,1,JP,JP-SHIZUOKA
Shizuoka,3643528,2020-06-18,80,74,1,JP,JP-SHIZUOKA
Shizuoka,3643528,2020-06-19,81,74,1,JP,JP-SHIZUOKA
Shizuoka,3643528,2020-06-20,81,74,1,JP,JP-SHIZUOKA
Shizuoka,3643528,2020-06-21,81,74,1,JP,JP-SHIZUOKA
Shizuoka,3643528,2020-06-22,81,74,1,JP,JP-SHIZUOKA
Shizuoka,3643528,2020-06-23,81,75,1,JP,JP-SHIZUOKA
Shizuoka,3643528,2020-06-24,81,75,1,JP,JP-SHIZUOKA
Shizuoka,3643528,2020-06-25,81,75,1,JP,JP-SHIZUOKA
Shizuoka,3643528,2020-06-26,81,75,1,JP,JP-SHIZUOKA
Shizuoka,3643528,2020-06-27,81,75,1,JP,JP-SHIZUOKA
Shizuoka,3643528,2020-06-28,81,75,1,JP,JP-SHIZUOKA
Shizuoka,3643528,2020-06-29,82,75,1,JP,JP-SHIZUOKA
Shizuoka,3643528,2020-06-30,82,77,1,JP,JP-SHIZUOKA
Shizuoka,3643528,2020-07-01,82,77,1,JP,JP-SHIZUOKA
Shizuoka,3643528,2020-07-02,82,79,1,JP,JP-SHIZUOKA
Shizuoka,3643528,2020-07-03,87,79,1,JP,JP-SHIZUOKA
Shizuoka,3643528,2020-07-04,87,79,1,JP,JP-SHIZUOKA
Shizuoka,3643528,2020-07-05,87,79,1,JP,JP-SHIZUOKA
Shizuoka,3643528,2020-07-06,87,79,1,JP,JP-SHIZUOKA
Shizuoka,3643528,2020-07-07,89,81,1,JP,JP-SHIZUOKA
Shizuoka,3643528,2020-07-08,90,81,1,JP,JP-SHIZUOKA
Shizuoka,3643528,2020-07-09,92,81,1,JP,JP-SHIZUOKA
Shizuoka,3643528,2020-07-10,93,82,1,JP,JP-SHIZUOKA
Shizuoka,3643528,2020-07-11,93,82,1,JP,JP-SHIZUOKA
Shizuoka,3643528,2020-07-12,95,82,1,JP,JP-SHIZUOKA
Shizuoka,3643528,2020-07-13,95,82,1,JP,JP-SHIZUOKA
Shizuoka,3643528,2020-07-14,97,82,1,JP,JP-SHIZUOKA
Shizuoka,3643528,2020-07-15,98,82,1,JP,JP-SHIZUOKA
Shizuoka,3643528,2020-07-16,100,83,1,JP,JP-SHIZUOKA
Shizuoka,3643528,2020-07-17,100,83,1,JP,JP-SHIZUOKA
Tochigi,1933990,2020-06-08,66,60,0,JP,JP-TOCHIGI
Tochigi,1933990,2020-06-09,66,60,0,JP,JP-TOCHIGI
Tochigi,1933990,2020-06-10,66,60,0,JP,JP-TOCHIGI
Tochigi,1933990,2020-06-11,66,62,0,JP,JP-TOCHIGI
Tochigi,1933990,2020-06-12,66,63,0,JP,JP-TOCHIGI
Tochigi,1933990,2020-06-13,66,63,0,JP,JP-TOCHIGI
Tochigi,1933990,2020-06-14,66,65,0,JP,JP-TOCHIGI
Tochigi,1933990,2020-06-15,66,65,0,JP,JP-TOCHIGI
Tochigi,1933990,2020-06-16,66,65,0,JP,JP-TOCHIGI
Tochigi,1933990,2020-06-17,66,65,0,JP,JP-TOCHIGI
Tochigi,1933990,2020-06-18,66,65,0,JP,JP-TOCHIGI
Tochigi,1933990,2020-06-19,66,65,0,JP,JP-TOCHIGI
Tochigi,1933990,2020-06-20,66,65,0,JP,JP-TOCHIGI
Tochigi,1933990,2020-06-21,66,65,0,JP,JP-TOCHIGI
Tochigi,1933990,2020-06-22,66,65,0,JP,JP-TOCHIGI
Tochigi,1933990,2020-06-23,66,65,0,JP,JP-TOCHIGI
Tochigi,1933990,2020-06-24,66,65,0,JP,JP-TOCHIGI
Tochigi,1933990,2020-06-25,66,65,0,JP,JP-TOCHIGI
Tochigi,1933990,2020-06-26,66,65,0,JP,JP-TOCHIGI
Tochigi,1933990,2020-06-27,69,65,0,JP,JP-TOCHIGI
Tochigi,1933990,2020-06-28,74,65,0,JP,JP-TOCHIGI
Tochigi,1933990,2020-06-29,76,65,0,JP,JP-TOCHIGI
Tochigi,1933990,2020-06-30,79,65,0,JP,JP-TOCHIGI
Tochigi,1933990,2020-07-01,82,65,0,JP,JP-TOCHIGI
Tochigi,1933990,2020-07-02,84,66,0,JP,JP-TOCHIGI
Tochigi,1933990,2020-07-03,86,66,0,JP,JP-TOCHIGI
Tochigi,1933990,2020-07-04,86,66,0,JP,JP-TOCHIGI
Tochigi,1933990,2020-07-05,87,66,0,JP,JP-TOCHIGI
Tochigi,1933990,2020-07-06,87,66,0,JP,JP-TOCHIGI
Tochigi,1933990,2020-07-07,88,67,0,JP,JP-TOCHIGI
Tochigi,1933990,2020-07-08,90,67,0,JP,JP-TOCHIGI
Tochigi,1933990,2020-07-09,90,72,0,JP,JP-TOCHIGI
Tochigi,1933990,2020-07-10,93,74,0,JP,JP-TOCHIGI
Tochigi,1933990,2020-07-11,93,74,0,JP,JP-TOCHIGI
Tochigi,1933990,2020-07-12,95,82,0,JP,JP-TOCHIGI
Tochigi,1933990,2020-07-13,98,82,0,JP,JP-TOCHIGI
Tochigi,1933990,2020-07-14,103,82,0,JP,JP-TOCHIGI
Tochigi,1933990,2020-07-15,107,82,0,JP,JP-TOCHIGI
Tochigi,1933990,2020-07-16,112,86,0,JP,JP-TOCHIGI
Tochigi,1933990,2020-07-17,112,86,0,JP,JP-TOCHIGI
Tokushima,727977,2020-06-08,5,4,1,JP,JP-TOKUSHIMA
Tokushima,727977,2020-06-09,5,4,1,JP,JP-TOKUSHIMA
Tokushima,727977,2020-06-10,5,4,1,JP,JP-TOKUSHIMA
Tokushima,727977,2020-06-11,5,4,1,JP,JP-TOKUSHIMA
Tokushima,727977,2020-06-12,5,4,1,JP,JP-TOKUSHIMA
Tokushima,727977,2020-06-13,5,4,1,JP,JP-TOKUSHIMA
Tokushima,727977,2020-06-14,5,4,1,JP,JP-TOKUSHIMA
Tokushima,727977,2020-06-15,5,4,1,JP,JP-TOKUSHIMA
Tokushima,727977,2020-06-16,5,4,1,JP,JP-TOKUSHIMA
Tokushima,727977,2020-06-17,5,4,1,JP,JP-TOKUSHIMA
Tokushima,727977,2020-06-18,5,4,1,JP,JP-TOKUSHIMA
Tokushima,727977,2020-06-19,5,4,1,JP,JP-TOKUSHIMA
Tokushima,727977,2020-06-20,5,4,1,JP,JP-TOKUSHIMA
Tokushima,727977,2020-06-21,5,4,1,JP,JP-TOKUSHIMA
Tokushima,727977,2020-06-22,5,4,1,JP,JP-TOKUSHIMA
Tokushima,727977,2020-06-23,5,4,1,JP,JP-TOKUSHIMA
Tokushima,727977,2020-06-24,5,4,1,JP,JP-TOKUSHIMA
Tokushima,727977,2020-06-25,5,4,1,JP,JP-TOKUSHIMA
Tokushima,727977,2020-06-26,6,4,1,JP,JP-TOKUSHIMA
Tokushima,727977,2020-06-27,6,4,1,JP,JP-TOKUSHIMA
Tokushima,727977,2020-06-28,6,4,1,JP,JP-TOKUSHIMA
Tokushima,727977,2020-06-29,6,4,1,JP,JP-TOKUSHIMA
Tokushima,727977,2020-06-30,6,4,1,JP,JP-TOKUSHIMA
Tokushima,727977,2020-07-01,6,4,1,JP,JP-TOKUSHIMA
Tokushima,727977,2020-07-02,6,4,1,JP,JP-TOKUSHIMA
Tokushima,727977,2020-07-03,6,4,1,JP,JP-TOKUSHIMA
Tokushima,727977,2020-07-04,6,4,1,JP,JP-TOKUSHIMA
Tokushima,727977,2020-07-05,6,4,1,JP,JP-TOKUSHIMA
Tokushima,727977,2020-07-06,6,4,1,JP,JP-TOKUSHIMA
Tokushima,727977,2020-07-07,9,4,1,JP,JP-TOKUSHIMA
Tokushima,727977,2020-07-08,9,4,1,JP,JP-TOKUSHIMA
Tokushima,727977,2020-07-09,9,4,1,JP,JP-TOKUSHIMA
Tokushima,727977,2020-07-10,10,4,1,JP,JP-TOKUSHIMA
Tokushima,727977,2020-07-11,10,4,1,JP,JP-TOKUSHIMA
Tokushima,727977,2020-07-12,10,4,1,JP,JP-TOKUSHIMA
Tokushima,727977,2020-07-13,10,4,1,JP,JP-TOKUSHIMA
Tokushima,727977,2020-07-14,10,4,1,JP,JP-TOKUSHIMA
Tokushima,727977,2020-07-15,10,4,1,JP,JP-TOKUSHIMA
Tokushima,727977,2020-07-16,10,4,1,JP,JP-TOKUSHIMA
Tokushima,727977,2020-07-17,10,4,1,JP,JP-TOKUSHIMA
Tokyo,13920663,2020-06-08,5400,4716,311,JP,JP-TOKYO
Tokyo,13920663,2020-06-09,5412,4758,311,JP,JP-TOKYO
Tokyo,13920663,2020-06-10,5430,4785,311,JP,JP-TOKYO
Tokyo,13920663,2020-06-11,5452,4785,311,JP,JP-TOKYO
Tokyo,13920663,2020-06-12,5477,4856,313,JP,JP-TOKYO
Tokyo,13920663,2020-06-13,5501,4862,314,JP,JP-TOKYO
Tokyo,13920663,2020-06-14,5548,4866,314,JP,JP-TOKYO
Tokyo,13920663,2020-06-15,5596,4887,314,JP,JP-TOKYO
Tokyo,13920663,2020-06-16,5623,4936,316,JP,JP-TOKYO
Tokyo,13920663,2020-06-17,5639,4978,317,JP,JP-TOKYO
Tokyo,13920663,2020-06-18,5680,4978,317,JP,JP-TOKYO
Tokyo,13920663,2020-06-19,5715,5017,317,JP,JP-TOKYO
Tokyo,13920663,2020-06-20,5754,5084,320,JP,JP-TOKYO
Tokyo,13920663,2020-06-21,5789,5084,320,JP,JP-TOKYO
Tokyo,13920663,2020-06-22,5818,5084,320,JP,JP-TOKYO
Tokyo,13920663,2020-06-23,5849,5183,323,JP,JP-TOKYO
Tokyo,13920663,2020-06-24,5904,5183,323,JP,JP-TOKYO
Tokyo,13920663,2020-06-25,5952,5215,325,JP,JP-TOKYO
Tokyo,13920663,2020-06-26,6006,5215,325,JP,JP-TOKYO
Tokyo,13920663,2020-06-27,6063,5320,325,JP,JP-TOKYO
Tokyo,13920663,2020-06-28,6123,5320,325,JP,JP-TOKYO
Tokyo,13920663,2020-06-29,6181,5346,325,JP,JP-TOKYO
Tokyo,13920663,2020-06-30,6235,5395,325,JP,JP-TOKYO
Tokyo,13920663,2020-07-01,6302,5447,325,JP,JP-TOKYO
Tokyo,13920663,2020-07-02,6409,5474,325,JP,JP-TOKYO
Tokyo,13920663,2020-07-03,6533,5540,325,JP,JP-TOKYO
Tokyo,13920663,2020-07-04,6664,5617,325,JP,JP-TOKYO
Tokyo,13920663,2020-07-05,6775,5642,325,JP,JP-TOKYO
Tokyo,13920663,2020-07-06,6877,5702,325,JP,JP-TOKYO
Tokyo,13920663,2020-07-07,6983,5706,325,JP,JP-TOKYO
Tokyo,13920663,2020-07-08,7058,5706,325,JP,JP-TOKYO
Tokyo,13920663,2020-07-09,7282,5979,325,JP,JP-TOKYO
Tokyo,13920663,2020-07-10,7525,5979,325,JP,JP-TOKYO
Tokyo,13920663,2020-07-11,7731,5979,325,JP,JP-TOKYO
Tokyo,13920663,2020-07-12,7937,6169,325,JP,JP-TOKYO
Tokyo,13920663,2020-07-13,8056,6336,325,JP,JP-TOKYO
Tokyo,13920663,2020-07-14,8199,6336,325,JP,JP-TOKYO
Tokyo,13920663,2020-07-15,8364,6336,325,JP,JP-TOKYO
Tokyo,13920663,2020-07-16,8650,6608,326,JP,JP-TOKYO
Tokyo,13920663,2020-07-17,8943,6608,326,JP,JP-TOKYO
Tottori,555558,2020-06-08,3,3,0,JP,JP-TOTTORI
Tottori,555558,2020-06-09,3,3,0,JP,JP-TOTTORI
Tottori,555558,2020-06-10,3,3,0,JP,JP-TOTTORI
Tottori,555558,2020-06-11,3,3,0,JP,JP-TOTTORI
Tottori,555558,2020-06-12,3,3,0,JP,JP-TOTTORI
Tottori,555558,2020-06-13,3,3,0,JP,JP-TOTTORI
Tottori,555558,2020-06-14,3,3,0,JP,JP-TOTTORI
Tottori,555558,2020-06-15,3,3,0,JP,JP-TOTTORI
Tottori,555558,2020-06-16,3,3,0,JP,JP-TOTTORI
Tottori,555558,2020-06-17,3,3,0,JP,JP-TOTTORI
Tottori,555558,2020-06-18,3,3,0,JP,JP-TOTTORI
Tottori,555558,2020-06-19,3,3,0,JP,JP-TOTTORI
Tottori,555558,2020-06-20,3,3,0,JP,JP-TOTTORI
Tottori,555558,2020-06-21,3,3,0,JP,JP-TOTTORI
Tottori,555558,2020-06-22,3,3,0,JP,JP-TOTTORI
Tottori,555558,2020-06-23,3,3,0,JP,JP-TOTTORI
Tottori,555558,2020-06-24,3,3,0,JP,JP-TOTTORI
Tottori,555558,2020-06-25,3,3,0,JP,JP-TOTTORI
Tottori,555558,2020-06-26,3,3,0,JP,JP-TOTTORI
Tottori,555558,2020-06-27,3,3,0,JP,JP-TOTTORI
Tottori,555558,2020-06-28,3,3,0,JP,JP-TOTTORI
Tottori,555558,2020-06-29,3,3,0,JP,JP-TOTTORI
Tottori,555558,2020-06-30,3,3,0,JP,JP-TOTTORI
Tottori,555558,2020-07-01,3,3,0,JP,JP-TOTTORI
Tottori,555558,2020-07-02,4,3,0,JP,JP-TOTTORI
Tottori,555558,2020-07-03,4,3,0,JP,JP-TOTTORI
Tottori,555558,2020-07-04,4,3,0,JP,JP-TOTTORI
Tottori,555558,2020-07-05,4,3,0,JP,JP-TOTTORI
Tottori,555558,2020-07-06,4,3,0,JP,JP-TOTTORI
Tottori,555558,2020-07-07,4,3,0,JP,JP-TOTTORI
Tottori,555558,2020-07-08,4,3,0,JP,JP-TOTTORI
Tottori,555558,2020-07-09,4,3,0,JP,JP-TOTTORI
Tottori,555558,2020-07-10,4,3,0,JP,JP-TOTTORI
Tottori,555558,2020-07-11,4,3,0,JP,JP-TOTTORI
Tottori,555558,2020-07-12,5,3,0,JP,JP-TOTTORI
Tottori,555558,2020-07-13,5,3,0,JP,JP-TOTTORI
Tottori,555558,2020-07-14,5,3,0,JP,JP-TOTTORI
Tottori,555558,2020-07-15,5,3,0,JP,JP-TOTTORI
Tottori,555558,2020-07-16,5,3,0,JP,JP-TOTTORI
Tottori,555558,2020-07-17,5,3,0,JP,JP-TOTTORI
Toyama,1043502,2020-06-08,227,199,22,JP,JP-TOYAMA
Toyama,1043502,2020-06-09,227,199,22,JP,JP-TOYAMA
Toyama,1043502,2020-06-10,227,202,22,JP,JP-TOYAMA
Toyama,1043502,2020-06-11,227,202,22,JP,JP-TOYAMA
Toyama,1043502,2020-06-12,227,202,22,JP,JP-TOYAMA
Toyama,1043502,2020-06-13,227,202,22,JP,JP-TOYAMA
Toyama,1043502,2020-06-14,227,202,22,JP,JP-TOYAMA
Toyama,1043502,2020-06-15,227,202,22,JP,JP-TOYAMA
Toyama,1043502,2020-06-16,227,203,22,JP,JP-TOYAMA
Toyama,1043502,2020-06-17,227,204,22,JP,JP-TOYAMA
Toyama,1043502,2020-06-18,227,204,22,JP,JP-TOYAMA
Toyama,1043502,2020-06-19,227,205,22,JP,JP-TOYAMA
Toyama,1043502,2020-06-20,227,205,22,JP,JP-TOYAMA
Toyama,1043502,2020-06-21,227,205,22,JP,JP-TOYAMA
Toyama,1043502,2020-06-22,227,205,22,JP,JP-TOYAMA
Toyama,1043502,2020-06-23,227,205,22,JP,JP-TOYAMA
Toyama,1043502,2020-06-24,227,205,22,JP,JP-TOYAMA
Toyama,1043502,2020-06-25,227,205,22,JP,JP-TOYAMA
Toyama,1043502,2020-06-26,227,205,22,JP,JP-TOYAMA
Toyama,1043502,2020-06-27,227,205,22,JP,JP-TOYAMA
Toyama,1043502,2020-06-28,227,205,22,JP,JP-TOYAMA
Toyama,1043502,2020-06-29,227,205,22,JP,JP-TOYAMA
Toyama,1043502,2020-06-30,227,205,22,JP,JP-TOYAMA
Toyama,1043502,2020-07-01,227,205,22,JP,JP-TOYAMA
Toyama,1043502,2020-07-02,228,205,22,JP,JP-TOYAMA
Toyama,1043502,2020-07-03,228,205,22,JP,JP-TOYAMA
Toyama,1043502,2020-07-04,228,205,22,JP,JP-TOYAMA
Toyama,1043502,2020-07-05,228,205,22,JP,JP-TOYAMA
Toyama,1043502,2020-07-06,228,205,22,JP,JP-TOYAMA
Toyama,1043502,2020-07-07,229,205,22,JP,JP-TOYAMA
Toyama,1043502,2020-07-08,229,205,22,JP,JP-TOYAMA
Toyama,1043502,2020-07-09,230,205,22,JP,JP-TOYAMA
Toyama,1043502,2020-07-10,230,205,22,JP,JP-TOYAMA
Toyama,1043502,2020-07-11,230,205,22,JP,JP-TOYAMA
Toyama,1043502,2020-07-12,230,205,22,JP,JP-TOYAMA
Toyama,1043502,2020-07-13,230,205,22,JP,JP-TOYAMA
Toyama,1043502,2020-07-14,230,205,22,JP,JP-TOYAMA
Toyama,1043502,2020-07-15,230,205,22,JP,JP-TOYAMA
Toyama,1043502,2020-07-16,230,206,22,JP,JP-TOYAMA
Toyama,1043502,2020-07-17,230,206,22,JP,JP-TOYAMA
Wakayama,924933,2020-06-08,63,60,3,JP,JP-WAKAYAMA
Wakayama,924933,2020-06-09,63,60,3,JP,JP-WAKAYAMA
Wakayama,924933,2020-06-10,63,60,3,JP,JP-WAKAYAMA
Wakayama,924933,2020-06-11,63,60,3,JP,JP-WAKAYAMA
Wakayama,924933,2020-06-12,63,60,3,JP,JP-WAKAYAMA
Wakayama,924933,2020-06-13,63,60,3,JP,JP-WAKAYAMA
Wakayama,924933,2020-06-14,63,60,3,JP,JP-WAKAYAMA
Wakayama,924933,2020-06-15,63,60,3,JP,JP-WAKAYAMA
Wakayama,924933,2020-06-16,63,60,3,JP,JP-WAKAYAMA
Wakayama,924933,2020-06-17,63,60,3,JP,JP-WAKAYAMA
Wakayama,924933,2020-06-18,63,60,3,JP,JP-WAKAYAMA
Wakayama,924933,2020-06-19,63,60,3,JP,JP-WAKAYAMA
Wakayama,924933,2020-06-20,63,60,3,JP,JP-WAKAYAMA
Wakayama,924933,2020-06-21,63,60,3,JP,JP-WAKAYAMA
Wakayama,924933,2020-06-22,63,60,3,JP,JP-WAKAYAMA
Wakayama,924933,2020-06-23,64,60,3,JP,JP-WAKAYAMA
Wakayama,924933,2020-06-24,64,60,3,JP,JP-WAKAYAMA
Wakayama,924933,2020-06-25,64,60,3,JP,JP-WAKAYAMA
Wakayama,924933,2020-06-26,64,60,3,JP,JP-WAKAYAMA
Wakayama,924933,2020-06-27,64,60,3,JP,JP-WAKAYAMA
Wakayama,924933,2020-06-28,64,60,3,JP,JP-WAKAYAMA
Wakayama,924933,2020-06-29,64,60,3,JP,JP-WAKAYAMA
Wakayama,924933,2020-06-30,64,60,3,JP,JP-WAKAYAMA
Wakayama,924933,2020-07-01,64,60,3,JP,JP-WAKAYAMA
Wakayama,924933,2020-07-02,64,60,3,JP,JP-WAKAYAMA
Wakayama,924933,2020-07-03,64,61,3,JP,JP-WAKAYAMA
Wakayama,924933,2020-07-04,64,61,3,JP,JP-WAKAYAMA
Wakayama,924933,2020-07-05,64,61,3,JP,JP-WAKAYAMA
Wakayama,924933,2020-07-06,64,61,3,JP,JP-WAKAYAMA
Wakayama,924933,2020-07-07,64,61,3,JP,JP-WAKAYAMA
Wakayama,924933,2020-07-08,64,61,3,JP,JP-WAKAYAMA
Wakayama,924933,2020-07-09,66,61,3,JP,JP-WAKAYAMA
Wakayama,924933,2020-07-10,71,61,3,JP,JP-WAKAYAMA
Wakayama,924933,2020-07-11,75,61,3,JP,JP-WAKAYAMA
Wakayama,924933,2020-07-12,80,61,3,JP,JP-WAKAYAMA
Wakayama,924933,2020-07-13,83,61,3,JP,JP-WAKAYAMA
Wakayama,924933,2020-07-14,84,61,3,JP,JP-WAKAYAMA
Wakayama,924933,2020-07-15,84,61,3,JP,JP-WAKAYAMA
Wakayama,924933,2020-07-16,84,61,3,JP,JP-WAKAYAMA
Wakayama,924933,2020-07-17,84,61,3,JP,JP-WAKAYAMA
Yamagata,1077666,2020-06-08,69,67,0,JP,JP-YAMAGATA
Yamagata,1077666,2020-06-09,69,67,0,JP,JP-YAMAGATA
Yamagata,1077666,2020-06-10,69,67,0,JP,JP-YAMAGATA
Yamagata,1077666,2020-06-11,69,67,0,JP,JP-YAMAGATA
Yamagata,1077666,2020-06-12,69,67,0,JP,JP-YAMAGATA
Yamagata,1077666,2020-06-13,69,67,0,JP,JP-YAMAGATA
Yamagata,1077666,2020-06-14,69,67,0,JP,JP-YAMAGATA
Yamagata,1077666,2020-06-15,69,68,0,JP,JP-YAMAGATA
Yamagata,1077666,2020-06-16,69,68,0,JP,JP-YAMAGATA
Yamagata,1077666,2020-06-17,69,68,0,JP,JP-YAMAGATA
Yamagata,1077666,2020-06-18,69,68,0,JP,JP-YAMAGATA
Yamagata,1077666,2020-06-19,69,68,0,JP,JP-YAMAGATA
Yamagata,1077666,2020-06-20,69,68,0,JP,JP-YAMAGATA
Yamagata,1077666,2020-06-21,69,68,0,JP,JP-YAMAGATA
Yamagata,1077666,2020-06-22,69,68,0,JP,JP-YAMAGATA
Yamagata,1077666,2020-06-23,69,68,0,JP,JP-YAMAGATA
Yamagata,1077666,2020-06-24,69,68,0,JP,JP-YAMAGATA
Yamagata,1077666,2020-06-25,69,68,0,JP,JP-YAMAGATA
Yamagata,1077666,2020-06-26,69,68,0,JP,JP-YAMAGATA
Yamagata,1077666,2020-06-27,69,68,0,JP,JP-YAMAGATA
Yamagata,1077666,2020-06-28,69,68,0,JP,JP-YAMAGATA
Yamagata,1077666,2020-06-29,69,68,0,JP,JP-YAMAGATA
Yamagata,1077666,2020-06-30,69,68,0,JP,JP-YAMAGATA
Yamagata,1077666,2020-07-01,69,68,0,JP,JP-YAMAGATA
Yamagata,1077666,2020-07-02,69,68,0,JP,JP-YAMAGATA
Yamagata,1077666,2020-07-03,69,68,0,JP,JP-YAMAGATA
Yamagata,1077666,2020-07-04,70,68,0,JP,JP-YAMAGATA
Yamagata,1077666,2020-07-05,70,68,0,JP,JP-YAMAGATA
Yamagata,1077666,2020-07-06,71,68,0,JP,JP-YAMAGATA
Yamagata,1077666,2020-07-07,71,68,0,JP,JP-YAMAGATA
Yamagata,1077666,2020-07-08,71,68,1,JP,JP-YAMAGATA
Yamagata,1077666,2020-07-09,71,68,1,JP,JP-YAMAGATA
Yamagata,1077666,2020-07-10,71,68,1,JP,JP-YAMAGATA
Yamagata,1077666,2020-07-11,71,68,1,JP,JP-YAMAGATA
Yamagata,1077666,2020-07-12,71,68,1,JP,JP-YAMAGATA
Yamagata,1077666,2020-07-13,73,68,1,JP,JP-YAMAGATA
Yamagata,1077666,2020-07-14,73,68,1,JP,JP-YAMAGATA
Yamagata,1077666,2020-07-15,74,68,1,JP,JP-YAMAGATA
Yamagata,1077666,2020-07-16,75,70,1,JP,JP-YAMAGATA
Yamagata,1077666,2020-07-17,75,70,1,JP,JP-YAMAGATA
Yamaguchi,1358336,2020-06-08,37,36,0,JP,JP-YAMAGUCHI
Yamaguchi,1358336,2020-06-09,37,36,0,JP,JP-YAMAGUCHI
Yamaguchi,1358336,2020-06-10,37,36,0,JP,JP-YAMAGUCHI
Yamaguchi,1358336,2020-06-11,37,36,0,JP,JP-YAMAGUCHI
Yamaguchi,1358336,2020-06-12,37,36,0,JP,JP-YAMAGUCHI
Yamaguchi,1358336,2020-06-13,37,36,0,JP,JP-YAMAGUCHI
Yamaguchi,1358336,2020-06-14,37,36,0,JP,JP-YAMAGUCHI
Yamaguchi,1358336,2020-06-15,37,36,0,JP,JP-YAMAGUCHI
Yamaguchi,1358336,2020-06-16,37,36,0,JP,JP-YAMAGUCHI
Yamaguchi,1358336,2020-06-17,37,36,0,JP,JP-YAMAGUCHI
Yamaguchi,1358336,2020-06-18,37,36,0,JP,JP-YAMAGUCHI
Yamaguchi,1358336,2020-06-19,37,36,0,JP,JP-YAMAGUCHI
Yamaguchi,1358336,2020-06-20,37,36,0,JP,JP-YAMAGUCHI
Yamaguchi,1358336,2020-06-21,37,36,0,JP,JP-YAMAGUCHI
Yamaguchi,1358336,2020-06-22,37,36,0,JP,JP-YAMAGUCHI
Yamaguchi,1358336,2020-06-23,37,37,0,JP,JP-YAMAGUCHI
Yamaguchi,1358336,2020-06-24,37,37,0,JP,JP-YAMAGUCHI
Yamaguchi,1358336,2020-06-25,37,37,0,JP,JP-YAMAGUCHI
Yamaguchi,1358336,2020-06-26,37,37,0,JP,JP-YAMAGUCHI
Yamaguchi,1358336,2020-06-27,37,37,0,JP,JP-YAMAGUCHI
Yamaguchi,1358336,2020-06-28,37,37,0,JP,JP-YAMAGUCHI
Yamaguchi,1358336,2020-06-29,37,37,0,JP,JP-YAMAGUCHI
Yamaguchi,1358336,2020-06-30,37,37,0,JP,JP-YAMAGUCHI
Yamaguchi,1358336,2020-07-01,37,37,0,JP,JP-YAMAGUCHI
Yamaguchi,1358336,2020-07-02,37,37,0,JP,JP-YAMAGUCHI
Yamaguchi,1358336,2020-07-03,37,37,0,JP,JP-YAMAGUCHI
Yamaguchi,1358336,2020-07-04,37,37,0,JP,JP-YAMAGUCHI
Yamaguchi,1358336,2020-07-05,37,37,0,JP,JP-YAMAGUCHI
Yamaguchi,1358336,2020-07-06,37,37,0,JP,JP-YAMAGUCHI
Yamaguchi,1358336,2020-07-07,37,37,0,JP,JP-YAMAGUCHI
Yamaguchi,1358336,2020-07-08,37,37,0,JP,JP-YAMAGUCHI
Yamaguchi,1358336,2020-07-09,37,37,0,JP,JP-YAMAGUCHI
Yamaguchi,1358336,2020-07-10,37,37,0,JP,JP-YAMAGUCHI
Yamaguchi,1358336,2020-07-11,37,37,0,JP,JP-YAMAGUCHI
Yamaguchi,1358336,2020-07-12,37,37,0,JP,JP-YAMAGUCHI
Yamaguchi,1358336,2020-07-13,37,37,0,JP,JP-YAMAGUCHI
Yamaguchi,1358336,2020-07-14,37,37,0,JP,JP-YAMAGUCHI
Yamaguchi,1358336,2020-07-15,37,37,0,JP,JP-YAMAGUCHI
Yamaguchi,1358336,2020-07-16,38,37,0,JP,JP-YAMAGUCHI
Yamaguchi,1358336,2020-07-17,41,37,0,JP,JP-YAMAGUCHI
Yamanashi,810956,2020-06-08,67,62,1,JP,JP-YAMANASHI
Yamanashi,810956,2020-06-09,68,63,1,JP,JP-YAMANASHI
Yamanashi,810956,2020-06-10,68,63,1,JP,JP-YAMANASHI
Yamanashi,810956,2020-06-11,68,64,1,JP,JP-YAMANASHI
Yamanashi,810956,2020-06-12,70,64,1,JP,JP-YAMANASHI
Yamanashi,810956,2020-06-13,70,64,1,JP,JP-YAMANASHI
Yamanashi,810956,2020-06-14,71,67,1,JP,JP-YAMANASHI
Yamanashi,810956,2020-06-15,71,67,1,JP,JP-YAMANASHI
Yamanashi,810956,2020-06-16,72,67,1,JP,JP-YAMANASHI
Yamanashi,810956,2020-06-17,72,67,1,JP,JP-YAMANASHI
Yamanashi,810956,2020-06-18,72,67,1,JP,JP-YAMANASHI
Yamanashi,810956,2020-06-19,72,69,1,JP,JP-YAMANASHI
Yamanashi,810956,2020-06-20,72,69,1,JP,JP-YAMANASHI
Yamanashi,810956,2020-06-21,72,69,1,JP,JP-YAMANASHI
Yamanashi,810956,2020-06-22,72,69,1,JP,JP-YAMANASHI
Yamanashi,810956,2020-06-23,72,69,1,JP,JP-YAMANASHI
Yamanashi,810956,2020-06-24,72,69,1,JP,JP-YAMANASHI
Yamanashi,810956,2020-06-25,72,69,1,JP,JP-YAMANASHI
Yamanashi,810956,2020-06-26,74,69,1,JP,JP-YAMANASHI
Yamanashi,810956,2020-06-27,74,71,1,JP,JP-YAMANASHI
Yamanashi,810956,2020-06-28,74,71,1,JP,JP-YAMANASHI
Yamanashi,810956,2020-06-29,74,71,1,JP,JP-YAMANASHI
Yamanashi,810956,2020-06-30,74,71,1,JP,JP-YAMANASHI
Yamanashi,810956,2020-07-01,75,71,1,JP,JP-YAMANASHI
Yamanashi,810956,2020-07-02,75,72,1,JP,JP-YAMANASHI
Yamanashi,810956,2020-07-03,75,72,1,JP,JP-YAMANASHI
Yamanashi,810956,2020-07-04,75,72,1,JP,JP-YAMANASHI
Yamanashi,810956,2020-07-05,75,72,1,JP,JP-YAMANASHI
Yamanashi,810956,2020-07-06,75,72,1,JP,JP-YAMANASHI
Yamanashi,810956,2020-07-07,75,73,1,JP,JP-YAMANASHI
Yamanashi,810956,2020-07-08,75,73,1,JP,JP-YAMANASHI
Yamanashi,810956,2020-07-09,75,74,1,JP,JP-YAMANASHI
Yamanashi,810956,2020-07-10,76,74,1,JP,JP-YAMANASHI
Yamanashi,810956,2020-07-11,76,74,1,JP,JP-YAMANASHI
Yamanashi,810956,2020-07-12,76,74,1,JP,JP-YAMANASHI
Yamanashi,810956,2020-07-13,76,74,1,JP,JP-YAMANASHI
Yamanashi,810956,2020-07-14,76,74,1,JP,JP-YAMANASHI
Yamanashi,810956,2020-07-15,76,74,1,JP,JP-YAMANASHI
Yamanashi,810956,2020-07-16,77,74,1,JP,JP-YAMANASHI
Yamanashi,810956,2020-07-17,77,74,1,JP,JP-YAMANASHI
