state_name_en,population_number,reportDate,cases,recovered,deaths,countryCode,stateCode
Andalusia,8384408,2020-05-15,12401,10148,1344,ES,ES-ANDALUSIA
Andalusia,8384408,2020-05-16,12420,10319,1355,ES,ES-ANDALUSIA
Andalusia,8384408,2020-05-17,12420,10319,1355,ES,ES-ANDALUSIA
Andalusia,8384408,2020-05-18,12458,10671,1358,ES,ES-ANDALUSIA
Andalusia,8384408,2020-05-19,12471,10671,1358,ES,ES-ANDALUSIA
Andalusia,8384408,2020-05-20,12502,10671,1371,ES,ES-ANDALUSIA
Andalusia,8384408,2020-05-21,12547,0,1375,ES,ES-ANDALUSIA
Andalusia,8384408,2020-05-22,12576,0,1377,ES,ES-ANDALUSIA
Andalusia,8384408,2020-05-23,12597,0,1389,ES,ES-ANDALUSIA
Andalusia,8384408,2020-05-24,12600,0,1391,ES,ES-ANDALUSIA
Andalusia,8384408,2020-05-25,12450,0,1334,ES,ES-ANDALUSIA
Andalusia,8384408,2020-05-26,12612,10671,1404,ES,ES-ANDALUSIA
Andalusia,8384408,2020-05-27,12612,10671,1404,ES,ES-ANDALUSIA
Andalusia,8384408,2020-05-28,12639,10671,1404,ES,ES-ANDALUSIA
Andalusia,8384408,2020-05-29,12655,10671,1404,ES,ES-ANDALUSIA
Andalusia,8384408,2020-05-30,12668,10671,1404,ES,ES-ANDALUSIA
Andalusia,8384408,2020-05-31,12673,10671,1404,ES,ES-ANDALUSIA
Andalusia,8384408,2020-06-01,12679,10671,1404,ES,ES-ANDALUSIA
Andalusia,8384408,2020-06-02,12708,10671,1404,ES,ES-ANDALUSIA
Andalusia,8384408,2020-06-03,12726,10671,1404,ES,ES-ANDALUSIA
Andalusia,8384408,2020-06-04,12743,10671,1404,ES,ES-ANDALUSIA
Andalusia,8384408,2020-06-05,12759,10671,1404,ES,ES-ANDALUSIA
Andalusia,8384408,2020-06-06,12776,10671,1404,ES,ES-ANDALUSIA
Andalusia,8384408,2020-06-07,12783,10671,1404,ES,ES-ANDALUSIA
Andalusia,8384408,2020-06-08,12785,10671,1404,ES,ES-ANDALUSIA
Andalusia,8384408,2020-06-09,12791,10671,1404,ES,ES-ANDALUSIA
Andalusia,8384408,2020-06-10,12800,10671,1404,ES,ES-ANDALUSIA
Andalusia,8384408,2020-06-11,12804,10671,1404,ES,ES-ANDALUSIA
Andalusia,8384408,2020-06-12,12814,10671,1404,ES,ES-ANDALUSIA
Andalusia,8384408,2020-06-13,12823,10671,1404,ES,ES-ANDALUSIA
Andalusia,8384408,2020-06-14,12827,10671,1404,ES,ES-ANDALUSIA
Andalusia,8384408,2020-06-15,12830,10671,1404,ES,ES-ANDALUSIA
Andalusia,8384408,2020-06-16,12835,10671,1404,ES,ES-ANDALUSIA
Andalusia,8384408,2020-06-17,12839,10671,1404,ES,ES-ANDALUSIA
Andalusia,8384408,2020-06-18,12844,10671,1404,ES,ES-ANDALUSIA
Andalusia,8384408,2020-06-19,12864,10671,1426,ES,ES-ANDALUSIA
Andalusia,8384408,2020-06-20,12875,10671,1426,ES,ES-ANDALUSIA
Andalusia,8384408,2020-06-21,12884,10671,1426,ES,ES-ANDALUSIA
Andalusia,8384408,2020-06-22,12892,10671,1426,ES,ES-ANDALUSIA
Andalusia,8384408,2020-06-23,12895,10671,1426,ES,ES-ANDALUSIA
Andalusia,8384408,2020-06-24,12917,10671,1426,ES,ES-ANDALUSIA
Andalusia,8384408,2020-06-25,12957,10671,1426,ES,ES-ANDALUSIA
Andalusia,8384408,2020-06-26,12984,10671,1426,ES,ES-ANDALUSIA
Andalusia,8384408,2020-06-27,13027,10671,1426,ES,ES-ANDALUSIA
Andalusia,8384408,2020-06-28,13045,10671,1426,ES,ES-ANDALUSIA
Andalusia,8384408,2020-06-29,13080,10671,1426,ES,ES-ANDALUSIA
Andalusia,8384408,2020-06-30,13102,10671,1427,ES,ES-ANDALUSIA
Andalusia,8384408,2020-07-01,13139,10671,1428,ES,ES-ANDALUSIA
Andalusia,8384408,2020-07-02,13123,10671,1428,ES,ES-ANDALUSIA
Andalusia,8384408,2020-07-03,13205,10671,1433,ES,ES-ANDALUSIA
Andalusia,8384408,2020-07-04,13205,10671,1433,ES,ES-ANDALUSIA
Andalusia,8384408,2020-07-05,13205,10671,1433,ES,ES-ANDALUSIA
Andalusia,8384408,2020-07-06,13259,10671,1433,ES,ES-ANDALUSIA
Andalusia,8384408,2020-07-07,13275,10671,1433,ES,ES-ANDALUSIA
Andalusia,8384408,2020-07-08,13303,10671,1434,ES,ES-ANDALUSIA
Andalusia,8384408,2020-07-09,13338,10671,1435,ES,ES-ANDALUSIA
Andalusia,8384408,2020-07-10,13386,10671,1435,ES,ES-ANDALUSIA
Andalusia,8384408,2020-07-11,13386,10671,1435,ES,ES-ANDALUSIA
Andalusia,8384408,2020-07-12,13386,10671,1435,ES,ES-ANDALUSIA
Andalusia,8384408,2020-07-13,13510,10671,1435,ES,ES-ANDALUSIA
Andalusia,8384408,2020-07-14,13540,10671,1435,ES,ES-ANDALUSIA
Andalusia,8384408,2020-07-15,13573,10671,1435,ES,ES-ANDALUSIA
Andalusia,8384408,2020-07-16,13663,10671,1435,ES,ES-ANDALUSIA
Andalusia,8384408,2020-07-17,13663,10671,1435,ES,ES-ANDALUSIA
Aragon,1308728,2020-05-15,5432,3534,837,ES,ES-ARAGON
Aragon,1308728,2020-05-16,5456,3655,838,ES,ES-ARAGON
Aragon,1308728,2020-05-17,5456,3655,838,ES,ES-ARAGON
Aragon,1308728,2020-05-18,5503,3772,838,ES,ES-ARAGON
Aragon,1308728,2020-05-19,5520,3772,843,ES,ES-ARAGON
Aragon,1308728,2020-05-20,5551,3772,843,ES,ES-ARAGON
Aragon,1308728,2020-05-21,5588,0,848,ES,ES-ARAGON
Aragon,1308728,2020-05-22,5618,0,858,ES,ES-ARAGON
Aragon,1308728,2020-05-23,5627,0,858,ES,ES-ARAGON
Aragon,1308728,2020-05-24,5646,0,858,ES,ES-ARAGON
Aragon,1308728,2020-05-25,5600,0,826,ES,ES-ARAGON
Aragon,1308728,2020-05-26,5600,3772,826,ES,ES-ARAGON
Aragon,1308728,2020-05-27,5600,3772,826,ES,ES-ARAGON
Aragon,1308728,2020-05-28,5656,3772,826,ES,ES-ARAGON
Aragon,1308728,2020-05-29,5671,3772,826,ES,ES-ARAGON
Aragon,1308728,2020-05-30,5680,3772,826,ES,ES-ARAGON
Aragon,1308728,2020-05-31,5691,3772,826,ES,ES-ARAGON
Aragon,1308728,2020-06-01,5695,3772,826,ES,ES-ARAGON
Aragon,1308728,2020-06-02,5711,3772,826,ES,ES-ARAGON
Aragon,1308728,2020-06-03,5731,3772,826,ES,ES-ARAGON
Aragon,1308728,2020-06-04,5734,3772,826,ES,ES-ARAGON
Aragon,1308728,2020-06-05,5757,3772,826,ES,ES-ARAGON
Aragon,1308728,2020-06-06,5770,3772,826,ES,ES-ARAGON
Aragon,1308728,2020-06-07,5781,3772,826,ES,ES-ARAGON
Aragon,1308728,2020-06-08,5785,3772,826,ES,ES-ARAGON
Aragon,1308728,2020-06-09,5792,3772,826,ES,ES-ARAGON
Aragon,1308728,2020-06-10,5806,3772,826,ES,ES-ARAGON
Aragon,1308728,2020-06-11,5812,3772,826,ES,ES-ARAGON
Aragon,1308728,2020-06-12,5833,3772,826,ES,ES-ARAGON
Aragon,1308728,2020-06-13,5836,3772,826,ES,ES-ARAGON
Aragon,1308728,2020-06-14,5840,3772,826,ES,ES-ARAGON
Aragon,1308728,2020-06-15,5842,3772,826,ES,ES-ARAGON
Aragon,1308728,2020-06-16,5845,3772,826,ES,ES-ARAGON
Aragon,1308728,2020-06-17,5850,3772,826,ES,ES-ARAGON
Aragon,1308728,2020-06-18,5855,3772,826,ES,ES-ARAGON
Aragon,1308728,2020-06-19,5880,3772,911,ES,ES-ARAGON
Aragon,1308728,2020-06-20,5898,3772,911,ES,ES-ARAGON
Aragon,1308728,2020-06-21,5931,3772,911,ES,ES-ARAGON
Aragon,1308728,2020-06-22,5964,3772,911,ES,ES-ARAGON
Aragon,1308728,2020-06-23,6011,3772,911,ES,ES-ARAGON
Aragon,1308728,2020-06-24,6060,3772,911,ES,ES-ARAGON
Aragon,1308728,2020-06-25,6112,3772,911,ES,ES-ARAGON
Aragon,1308728,2020-06-26,6228,3772,912,ES,ES-ARAGON
Aragon,1308728,2020-06-27,6255,3772,912,ES,ES-ARAGON
Aragon,1308728,2020-06-28,6304,3772,912,ES,ES-ARAGON
Aragon,1308728,2020-06-29,6319,3772,912,ES,ES-ARAGON
Aragon,1308728,2020-06-30,6330,3772,912,ES,ES-ARAGON
Aragon,1308728,2020-07-01,6353,3772,912,ES,ES-ARAGON
Aragon,1308728,2020-07-02,6380,3772,912,ES,ES-ARAGON
Aragon,1308728,2020-07-03,6412,3772,912,ES,ES-ARAGON
Aragon,1308728,2020-07-04,6412,3772,912,ES,ES-ARAGON
Aragon,1308728,2020-07-05,6412,3772,912,ES,ES-ARAGON
Aragon,1308728,2020-07-06,6495,3772,913,ES,ES-ARAGON
Aragon,1308728,2020-07-07,6519,3772,913,ES,ES-ARAGON
Aragon,1308728,2020-07-08,6578,3772,913,ES,ES-ARAGON
Aragon,1308728,2020-07-09,6637,3772,913,ES,ES-ARAGON
Aragon,1308728,2020-07-10,6632,3772,915,ES,ES-ARAGON
Aragon,1308728,2020-07-11,6632,3772,915,ES,ES-ARAGON
Aragon,1308728,2020-07-12,6632,3772,915,ES,ES-ARAGON
Aragon,1308728,2020-07-13,6861,3772,915,ES,ES-ARAGON
Aragon,1308728,2020-07-14,6945,3772,915,ES,ES-ARAGON
Aragon,1308728,2020-07-15,7111,3772,915,ES,ES-ARAGON
Aragon,1308728,2020-07-16,7384,3772,915,ES,ES-ARAGON
Aragon,1308728,2020-07-17,7384,3772,915,ES,ES-ARAGON
Asturias,1028244,2020-05-15,2359,1053,310,ES,ES-ASTURIAS
Asturias,1028244,2020-05-16,2366,1055,313,ES,ES-ASTURIAS
Asturias,1028244,2020-05-17,2366,1055,313,ES,ES-ASTURIAS
Asturias,1028244,2020-05-18,2369,1063,317,ES,ES-ASTURIAS
Asturias,1028244,2020-05-19,2373,1063,303,ES,ES-ASTURIAS
Asturias,1028244,2020-05-20,2374,1063,304,ES,ES-ASTURIAS
Asturias,1028244,2020-05-21,2374,0,307,ES,ES-ASTURIAS
Asturias,1028244,2020-05-22,2376,0,307,ES,ES-ASTURIAS
Asturias,1028244,2020-05-23,2377,0,307,ES,ES-ASTURIAS
Asturias,1028244,2020-05-24,2397,0,308,ES,ES-ASTURIAS
Asturias,1028244,2020-05-25,2380,0,288,ES,ES-ASTURIAS
Asturias,1028244,2020-05-26,2399,1063,310,ES,ES-ASTURIAS
Asturias,1028244,2020-05-27,2399,1063,310,ES,ES-ASTURIAS
Asturias,1028244,2020-05-28,2400,1063,310,ES,ES-ASTURIAS
Asturias,1028244,2020-05-29,2401,1063,310,ES,ES-ASTURIAS
Asturias,1028244,2020-05-30,2421,1063,310,ES,ES-ASTURIAS
Asturias,1028244,2020-05-31,2424,1063,310,ES,ES-ASTURIAS
Asturias,1028244,2020-06-01,2425,1063,310,ES,ES-ASTURIAS
Asturias,1028244,2020-06-02,2425,1063,310,ES,ES-ASTURIAS
Asturias,1028244,2020-06-03,2425,1063,310,ES,ES-ASTURIAS
Asturias,1028244,2020-06-04,2425,1063,311,ES,ES-ASTURIAS
Asturias,1028244,2020-06-05,2424,1063,312,ES,ES-ASTURIAS
Asturias,1028244,2020-06-06,2426,1063,313,ES,ES-ASTURIAS
Asturias,1028244,2020-06-07,2427,1063,314,ES,ES-ASTURIAS
Asturias,1028244,2020-06-08,2429,1063,314,ES,ES-ASTURIAS
Asturias,1028244,2020-06-09,2430,1063,314,ES,ES-ASTURIAS
Asturias,1028244,2020-06-10,2431,1063,314,ES,ES-ASTURIAS
Asturias,1028244,2020-06-11,2431,1063,314,ES,ES-ASTURIAS
Asturias,1028244,2020-06-12,2435,1063,314,ES,ES-ASTURIAS
Asturias,1028244,2020-06-13,2437,1063,314,ES,ES-ASTURIAS
Asturias,1028244,2020-06-14,2437,1063,314,ES,ES-ASTURIAS
Asturias,1028244,2020-06-15,2437,1063,314,ES,ES-ASTURIAS
Asturias,1028244,2020-06-16,2438,1063,314,ES,ES-ASTURIAS
Asturias,1028244,2020-06-17,2436,1063,314,ES,ES-ASTURIAS
Asturias,1028244,2020-06-18,2435,1063,314,ES,ES-ASTURIAS
Asturias,1028244,2020-06-19,2435,1063,333,ES,ES-ASTURIAS
Asturias,1028244,2020-06-20,2435,1063,333,ES,ES-ASTURIAS
Asturias,1028244,2020-06-21,2435,1063,333,ES,ES-ASTURIAS
Asturias,1028244,2020-06-22,2435,1063,333,ES,ES-ASTURIAS
Asturias,1028244,2020-06-23,2435,1063,333,ES,ES-ASTURIAS
Asturias,1028244,2020-06-24,2435,1063,333,ES,ES-ASTURIAS
Asturias,1028244,2020-06-25,2435,1063,334,ES,ES-ASTURIAS
Asturias,1028244,2020-06-26,2435,1063,334,ES,ES-ASTURIAS
Asturias,1028244,2020-06-27,2435,1063,334,ES,ES-ASTURIAS
Asturias,1028244,2020-06-28,2435,1063,334,ES,ES-ASTURIAS
Asturias,1028244,2020-06-29,2435,1063,334,ES,ES-ASTURIAS
Asturias,1028244,2020-06-30,2435,1063,334,ES,ES-ASTURIAS
Asturias,1028244,2020-07-01,2435,1063,334,ES,ES-ASTURIAS
Asturias,1028244,2020-07-02,2435,1063,334,ES,ES-ASTURIAS
Asturias,1028244,2020-07-03,2435,1063,334,ES,ES-ASTURIAS
Asturias,1028244,2020-07-04,2435,1063,334,ES,ES-ASTURIAS
Asturias,1028244,2020-07-05,2435,1063,334,ES,ES-ASTURIAS
Asturias,1028244,2020-07-06,2435,1063,334,ES,ES-ASTURIAS
Asturias,1028244,2020-07-07,2435,1063,334,ES,ES-ASTURIAS
Asturias,1028244,2020-07-08,2436,1063,334,ES,ES-ASTURIAS
Asturias,1028244,2020-07-09,2436,1063,334,ES,ES-ASTURIAS
Asturias,1028244,2020-07-10,2437,1063,334,ES,ES-ASTURIAS
Asturias,1028244,2020-07-11,2437,1063,334,ES,ES-ASTURIAS
Asturias,1028244,2020-07-12,2437,1063,334,ES,ES-ASTURIAS
Asturias,1028244,2020-07-13,2437,1063,334,ES,ES-ASTURIAS
Asturias,1028244,2020-07-14,2442,1063,334,ES,ES-ASTURIAS
Asturias,1028244,2020-07-15,2442,1063,334,ES,ES-ASTURIAS
Asturias,1028244,2020-07-16,2442,1063,334,ES,ES-ASTURIAS
Asturias,1028244,2020-07-17,2442,1063,334,ES,ES-ASTURIAS
Baleares,1128908,2020-05-15,1967,1513,216,ES,ES-BALEARES
Baleares,1128908,2020-05-16,1982,1519,216,ES,ES-BALEARES
Baleares,1128908,2020-05-17,1982,1519,216,ES,ES-BALEARES
Baleares,1128908,2020-05-18,1993,1533,218,ES,ES-BALEARES
Baleares,1128908,2020-05-19,2005,1533,219,ES,ES-BALEARES
Baleares,1128908,2020-05-20,2018,1533,221,ES,ES-BALEARES
Baleares,1128908,2020-05-21,2024,0,221,ES,ES-BALEARES
Baleares,1128908,2020-05-22,2037,0,222,ES,ES-BALEARES
Baleares,1128908,2020-05-23,2039,0,222,ES,ES-BALEARES
Baleares,1128908,2020-05-24,2041,0,222,ES,ES-BALEARES
Baleares,1128908,2020-05-25,2035,0,211,ES,ES-BALEARES
Baleares,1128908,2020-05-26,2111,1533,209,ES,ES-BALEARES
Baleares,1128908,2020-05-27,2111,1533,209,ES,ES-BALEARES
Baleares,1128908,2020-05-28,2124,1533,209,ES,ES-BALEARES
Baleares,1128908,2020-05-29,2129,1533,209,ES,ES-BALEARES
Baleares,1128908,2020-05-30,2137,1533,209,ES,ES-BALEARES
Baleares,1128908,2020-05-31,2141,1533,209,ES,ES-BALEARES
Baleares,1128908,2020-06-01,2142,1533,209,ES,ES-BALEARES
Baleares,1128908,2020-06-02,2150,1533,209,ES,ES-BALEARES
Baleares,1128908,2020-06-03,2157,1533,209,ES,ES-BALEARES
Baleares,1128908,2020-06-04,2164,1533,209,ES,ES-BALEARES
Baleares,1128908,2020-06-05,2110,1533,209,ES,ES-BALEARES
Baleares,1128908,2020-06-06,2118,1533,209,ES,ES-BALEARES
Baleares,1128908,2020-06-07,2125,1533,209,ES,ES-BALEARES
Baleares,1128908,2020-06-08,2133,1533,209,ES,ES-BALEARES
Baleares,1128908,2020-06-09,2135,1533,209,ES,ES-BALEARES
Baleares,1128908,2020-06-10,2137,1533,209,ES,ES-BALEARES
Baleares,1128908,2020-06-11,2142,1533,209,ES,ES-BALEARES
Baleares,1128908,2020-06-12,2146,1533,209,ES,ES-BALEARES
Baleares,1128908,2020-06-13,2152,1533,209,ES,ES-BALEARES
Baleares,1128908,2020-06-14,2154,1533,209,ES,ES-BALEARES
Baleares,1128908,2020-06-15,2157,1533,209,ES,ES-BALEARES
Baleares,1128908,2020-06-16,2163,1533,209,ES,ES-BALEARES
Baleares,1128908,2020-06-17,2165,1533,209,ES,ES-BALEARES
Baleares,1128908,2020-06-18,2167,1533,209,ES,ES-BALEARES
Baleares,1128908,2020-06-19,2169,1533,224,ES,ES-BALEARES
Baleares,1128908,2020-06-20,2174,1533,224,ES,ES-BALEARES
Baleares,1128908,2020-06-21,2179,1533,224,ES,ES-BALEARES
Baleares,1128908,2020-06-22,2187,1533,224,ES,ES-BALEARES
Baleares,1128908,2020-06-23,2188,1533,224,ES,ES-BALEARES
Baleares,1128908,2020-06-24,2189,1533,224,ES,ES-BALEARES
Baleares,1128908,2020-06-25,2191,1533,224,ES,ES-BALEARES
Baleares,1128908,2020-06-26,2194,1533,224,ES,ES-BALEARES
Baleares,1128908,2020-06-27,2201,1533,224,ES,ES-BALEARES
Baleares,1128908,2020-06-28,2205,1533,224,ES,ES-BALEARES
Baleares,1128908,2020-06-29,2206,1533,224,ES,ES-BALEARES
Baleares,1128908,2020-06-30,2209,1533,224,ES,ES-BALEARES
Baleares,1128908,2020-07-01,2216,1533,224,ES,ES-BALEARES
Baleares,1128908,2020-07-02,2220,1533,224,ES,ES-BALEARES
Baleares,1128908,2020-07-03,2228,1533,224,ES,ES-BALEARES
Baleares,1128908,2020-07-04,2228,1533,224,ES,ES-BALEARES
Baleares,1128908,2020-07-05,2228,1533,224,ES,ES-BALEARES
Baleares,1128908,2020-07-06,2238,1533,224,ES,ES-BALEARES
Baleares,1128908,2020-07-07,2239,1533,224,ES,ES-BALEARES
Baleares,1128908,2020-07-08,2240,1533,224,ES,ES-BALEARES
Baleares,1128908,2020-07-09,2246,1533,224,ES,ES-BALEARES
Baleares,1128908,2020-07-10,2249,1533,224,ES,ES-BALEARES
Baleares,1128908,2020-07-11,2249,1533,224,ES,ES-BALEARES
Baleares,1128908,2020-07-12,2249,1533,224,ES,ES-BALEARES
Baleares,1128908,2020-07-13,2270,1533,224,ES,ES-BALEARES
Baleares,1128908,2020-07-14,2271,1533,224,ES,ES-BALEARES
Baleares,1128908,2020-07-15,2271,1533,224,ES,ES-BALEARES
Baleares,1128908,2020-07-16,2277,1533,224,ES,ES-BALEARES
Baleares,1128908,2020-07-17,2277,1533,224,ES,ES-BALEARES
Comunidad Valenciana,4963703,2020-05-15,10813,9708,1358,ES,ES-C-VALENCIANA
Comunidad Valenciana,4963703,2020-05-16,10850,9761,1365,ES,ES-C-VALENCIANA
Comunidad Valenciana,4963703,2020-05-17,10850,9761,1365,ES,ES-C-VALENCIANA
Comunidad Valenciana,4963703,2020-05-18,10914,9970,1370,ES,ES-C-VALENCIANA
Comunidad Valenciana,4963703,2020-05-19,10962,9970,1370,ES,ES-C-VALENCIANA
Comunidad Valenciana,4963703,2020-05-20,10949,9970,1378,ES,ES-C-VALENCIANA
Comunidad Valenciana,4963703,2020-05-21,10987,0,1383,ES,ES-C-VALENCIANA
Comunidad Valenciana,4963703,2020-05-22,11021,0,1389,ES,ES-C-VALENCIANA
Comunidad Valenciana,4963703,2020-05-23,11051,0,1390,ES,ES-C-VALENCIANA
Comunidad Valenciana,4963703,2020-05-24,11073,0,1393,ES,ES-C-VALENCIANA
Comunidad Valenciana,4963703,2020-05-25,11056,0,1331,ES,ES-C-VALENCIANA
Comunidad Valenciana,4963703,2020-05-26,11089,9970,1332,ES,ES-C-VALENCIANA
Comunidad Valenciana,4963703,2020-05-27,11089,9970,1332,ES,ES-C-VALENCIANA
Comunidad Valenciana,4963703,2020-05-28,11160,9970,1332,ES,ES-C-VALENCIANA
Comunidad Valenciana,4963703,2020-05-29,11191,9970,1334,ES,ES-C-VALENCIANA
Comunidad Valenciana,4963703,2020-05-30,11199,9970,1332,ES,ES-C-VALENCIANA
Comunidad Valenciana,4963703,2020-05-31,11201,9970,1332,ES,ES-C-VALENCIANA
Comunidad Valenciana,4963703,2020-06-01,11228,9970,1332,ES,ES-C-VALENCIANA
Comunidad Valenciana,4963703,2020-06-02,11238,9970,1332,ES,ES-C-VALENCIANA
Comunidad Valenciana,4963703,2020-06-03,11254,9970,1332,ES,ES-C-VALENCIANA
Comunidad Valenciana,4963703,2020-06-04,11265,9970,1332,ES,ES-C-VALENCIANA
Comunidad Valenciana,4963703,2020-06-05,11285,9970,1332,ES,ES-C-VALENCIANA
Comunidad Valenciana,4963703,2020-06-06,11300,9970,1332,ES,ES-C-VALENCIANA
Comunidad Valenciana,4963703,2020-06-07,11314,9970,1332,ES,ES-C-VALENCIANA
Comunidad Valenciana,4963703,2020-06-08,11332,9970,1332,ES,ES-C-VALENCIANA
Comunidad Valenciana,4963703,2020-06-09,11342,9970,1332,ES,ES-C-VALENCIANA
Comunidad Valenciana,4963703,2020-06-10,11361,9970,1332,ES,ES-C-VALENCIANA
Comunidad Valenciana,4963703,2020-06-11,11381,9970,1332,ES,ES-C-VALENCIANA
Comunidad Valenciana,4963703,2020-06-12,11389,9970,1332,ES,ES-C-VALENCIANA
Comunidad Valenciana,4963703,2020-06-13,11393,9970,1332,ES,ES-C-VALENCIANA
Comunidad Valenciana,4963703,2020-06-14,11404,9970,1332,ES,ES-C-VALENCIANA
Comunidad Valenciana,4963703,2020-06-15,11418,9970,1332,ES,ES-C-VALENCIANA
Comunidad Valenciana,4963703,2020-06-16,11421,9970,1332,ES,ES-C-VALENCIANA
Comunidad Valenciana,4963703,2020-06-17,11431,9970,1332,ES,ES-C-VALENCIANA
Comunidad Valenciana,4963703,2020-06-18,11441,9970,1332,ES,ES-C-VALENCIANA
Comunidad Valenciana,4963703,2020-06-19,11451,9970,1430,ES,ES-C-VALENCIANA
Comunidad Valenciana,4963703,2020-06-20,11476,9970,1431,ES,ES-C-VALENCIANA
Comunidad Valenciana,4963703,2020-06-21,11479,9970,1431,ES,ES-C-VALENCIANA
Comunidad Valenciana,4963703,2020-06-22,11486,9970,1431,ES,ES-C-VALENCIANA
Comunidad Valenciana,4963703,2020-06-23,11494,9970,1431,ES,ES-C-VALENCIANA
Comunidad Valenciana,4963703,2020-06-24,11501,9970,1432,ES,ES-C-VALENCIANA
Comunidad Valenciana,4963703,2020-06-25,11509,9970,1432,ES,ES-C-VALENCIANA
Comunidad Valenciana,4963703,2020-06-26,11512,9970,1432,ES,ES-C-VALENCIANA
Comunidad Valenciana,4963703,2020-06-27,11531,9970,1432,ES,ES-C-VALENCIANA
Comunidad Valenciana,4963703,2020-06-28,11537,9970,1432,ES,ES-C-VALENCIANA
Comunidad Valenciana,4963703,2020-06-29,11541,9970,1432,ES,ES-C-VALENCIANA
Comunidad Valenciana,4963703,2020-06-30,11579,9970,1432,ES,ES-C-VALENCIANA
Comunidad Valenciana,4963703,2020-07-01,11588,9970,1432,ES,ES-C-VALENCIANA
Comunidad Valenciana,4963703,2020-07-02,11616,9970,1432,ES,ES-C-VALENCIANA
Comunidad Valenciana,4963703,2020-07-03,11630,9970,1432,ES,ES-C-VALENCIANA
Comunidad Valenciana,4963703,2020-07-04,11630,9970,1432,ES,ES-C-VALENCIANA
Comunidad Valenciana,4963703,2020-07-05,11630,9970,1432,ES,ES-C-VALENCIANA
Comunidad Valenciana,4963703,2020-07-06,11666,9970,1432,ES,ES-C-VALENCIANA
Comunidad Valenciana,4963703,2020-07-07,11685,9970,1432,ES,ES-C-VALENCIANA
Comunidad Valenciana,4963703,2020-07-08,11701,9970,1432,ES,ES-C-VALENCIANA
Comunidad Valenciana,4963703,2020-07-09,11718,9970,1432,ES,ES-C-VALENCIANA
Comunidad Valenciana,4963703,2020-07-10,11740,9970,1432,ES,ES-C-VALENCIANA
Comunidad Valenciana,4963703,2020-07-11,11740,9970,1432,ES,ES-C-VALENCIANA
Comunidad Valenciana,4963703,2020-07-12,11740,9970,1432,ES,ES-C-VALENCIANA
Comunidad Valenciana,4963703,2020-07-13,11794,9970,1432,ES,ES-C-VALENCIANA
Comunidad Valenciana,4963703,2020-07-14,11831,9970,1432,ES,ES-C-VALENCIANA
Comunidad Valenciana,4963703,2020-07-15,11854,9970,1432,ES,ES-C-VALENCIANA
Comunidad Valenciana,4963703,2020-07-16,11892,9970,1432,ES,ES-C-VALENCIANA
Comunidad Valenciana,4963703,2020-07-17,11892,9970,1432,ES,ES-C-VALENCIANA
Canary Islands,2127685,2020-05-15,2280,1506,151,ES,ES-CANARIAS
Canary Islands,2127685,2020-05-16,2284,1524,151,ES,ES-CANARIAS
Canary Islands,2127685,2020-05-17,2284,1524,151,ES,ES-CANARIAS
Canary Islands,2127685,2020-05-18,2294,1537,153,ES,ES-CANARIAS
Canary Islands,2127685,2020-05-19,2294,1537,155,ES,ES-CANARIAS
Canary Islands,2127685,2020-05-20,2300,1537,155,ES,ES-CANARIAS
Canary Islands,2127685,2020-05-21,2307,0,155,ES,ES-CANARIAS
Canary Islands,2127685,2020-05-22,2312,0,155,ES,ES-CANARIAS
Canary Islands,2127685,2020-05-23,2321,0,157,ES,ES-CANARIAS
Canary Islands,2127685,2020-05-24,2322,0,157,ES,ES-CANARIAS
Canary Islands,2127685,2020-05-25,2317,0,150,ES,ES-CANARIAS
Canary Islands,2127685,2020-05-26,2323,1537,150,ES,ES-CANARIAS
Canary Islands,2127685,2020-05-27,2323,1537,150,ES,ES-CANARIAS
Canary Islands,2127685,2020-05-28,2327,1537,151,ES,ES-CANARIAS
Canary Islands,2127685,2020-05-29,2333,1537,151,ES,ES-CANARIAS
Canary Islands,2127685,2020-05-30,2343,1537,151,ES,ES-CANARIAS
Canary Islands,2127685,2020-05-31,2345,1537,151,ES,ES-CANARIAS
Canary Islands,2127685,2020-06-01,2347,1537,151,ES,ES-CANARIAS
Canary Islands,2127685,2020-06-02,2351,1537,151,ES,ES-CANARIAS
Canary Islands,2127685,2020-06-03,2357,1537,151,ES,ES-CANARIAS
Canary Islands,2127685,2020-06-04,2361,1537,151,ES,ES-CANARIAS
Canary Islands,2127685,2020-06-05,2362,1537,151,ES,ES-CANARIAS
Canary Islands,2127685,2020-06-06,2364,1537,151,ES,ES-CANARIAS
Canary Islands,2127685,2020-06-07,2369,1537,151,ES,ES-CANARIAS
Canary Islands,2127685,2020-06-08,2370,1537,151,ES,ES-CANARIAS
Canary Islands,2127685,2020-06-09,2372,1537,151,ES,ES-CANARIAS
Canary Islands,2127685,2020-06-10,2372,1537,151,ES,ES-CANARIAS
Canary Islands,2127685,2020-06-11,2371,1537,151,ES,ES-CANARIAS
Canary Islands,2127685,2020-06-12,2374,1537,151,ES,ES-CANARIAS
Canary Islands,2127685,2020-06-13,2377,1537,151,ES,ES-CANARIAS
Canary Islands,2127685,2020-06-14,2378,1537,151,ES,ES-CANARIAS
Canary Islands,2127685,2020-06-15,2378,1537,151,ES,ES-CANARIAS
Canary Islands,2127685,2020-06-16,2382,1537,151,ES,ES-CANARIAS
Canary Islands,2127685,2020-06-17,2382,1537,151,ES,ES-CANARIAS
Canary Islands,2127685,2020-06-18,2398,1537,151,ES,ES-CANARIAS
Canary Islands,2127685,2020-06-19,2402,1537,162,ES,ES-CANARIAS
Canary Islands,2127685,2020-06-20,2402,1537,162,ES,ES-CANARIAS
Canary Islands,2127685,2020-06-21,2414,1537,162,ES,ES-CANARIAS
Canary Islands,2127685,2020-06-22,2414,1537,162,ES,ES-CANARIAS
Canary Islands,2127685,2020-06-23,2415,1537,162,ES,ES-CANARIAS
Canary Islands,2127685,2020-06-24,2421,1537,162,ES,ES-CANARIAS
Canary Islands,2127685,2020-06-25,2423,1537,162,ES,ES-CANARIAS
Canary Islands,2127685,2020-06-26,2426,1537,162,ES,ES-CANARIAS
Canary Islands,2127685,2020-06-27,2427,1537,162,ES,ES-CANARIAS
Canary Islands,2127685,2020-06-28,2427,1537,162,ES,ES-CANARIAS
Canary Islands,2127685,2020-06-29,2427,1537,162,ES,ES-CANARIAS
Canary Islands,2127685,2020-06-30,2427,1537,162,ES,ES-CANARIAS
Canary Islands,2127685,2020-07-01,2432,1537,162,ES,ES-CANARIAS
Canary Islands,2127685,2020-07-02,2431,1537,162,ES,ES-CANARIAS
Canary Islands,2127685,2020-07-03,2436,1537,162,ES,ES-CANARIAS
Canary Islands,2127685,2020-07-04,2436,1537,162,ES,ES-CANARIAS
Canary Islands,2127685,2020-07-05,2436,1537,162,ES,ES-CANARIAS
Canary Islands,2127685,2020-07-06,2441,1537,162,ES,ES-CANARIAS
Canary Islands,2127685,2020-07-07,2443,1537,162,ES,ES-CANARIAS
Canary Islands,2127685,2020-07-08,2444,1537,162,ES,ES-CANARIAS
Canary Islands,2127685,2020-07-09,2451,1537,162,ES,ES-CANARIAS
Canary Islands,2127685,2020-07-10,2450,1537,162,ES,ES-CANARIAS
Canary Islands,2127685,2020-07-11,2450,1537,162,ES,ES-CANARIAS
Canary Islands,2127685,2020-07-12,2450,1537,162,ES,ES-CANARIAS
Canary Islands,2127685,2020-07-13,2457,1537,162,ES,ES-CANARIAS
Canary Islands,2127685,2020-07-14,2461,1537,162,ES,ES-CANARIAS
Canary Islands,2127685,2020-07-15,2467,1537,162,ES,ES-CANARIAS
Canary Islands,2127685,2020-07-16,2481,1537,162,ES,ES-CANARIAS
Canary Islands,2127685,2020-07-17,2481,1537,162,ES,ES-CANARIAS
Cantabria,580229,2020-05-15,2263,2152,206,ES,ES-CANTABRIA
Cantabria,580229,2020-05-16,2265,2195,206,ES,ES-CANTABRIA
Cantabria,580229,2020-05-17,2265,2195,206,ES,ES-CANTABRIA
Cantabria,580229,2020-05-18,2271,2287,207,ES,ES-CANTABRIA
Cantabria,580229,2020-05-19,2273,2287,208,ES,ES-CANTABRIA
Cantabria,580229,2020-05-20,2277,2287,209,ES,ES-CANTABRIA
Cantabria,580229,2020-05-21,2279,0,209,ES,ES-CANTABRIA
Cantabria,580229,2020-05-22,2284,0,209,ES,ES-CANTABRIA
Cantabria,580229,2020-05-23,2287,0,209,ES,ES-CANTABRIA
Cantabria,580229,2020-05-24,2289,0,209,ES,ES-CANTABRIA
Cantabria,580229,2020-05-25,2283,0,202,ES,ES-CANTABRIA
Cantabria,580229,2020-05-26,2283,2287,202,ES,ES-CANTABRIA
Cantabria,580229,2020-05-27,2283,2287,202,ES,ES-CANTABRIA
Cantabria,580229,2020-05-28,2297,2287,202,ES,ES-CANTABRIA
Cantabria,580229,2020-05-29,2298,2287,202,ES,ES-CANTABRIA
Cantabria,580229,2020-05-30,2298,2287,202,ES,ES-CANTABRIA
Cantabria,580229,2020-05-31,2303,2287,202,ES,ES-CANTABRIA
Cantabria,580229,2020-06-01,2303,2287,202,ES,ES-CANTABRIA
Cantabria,580229,2020-06-02,2314,2287,202,ES,ES-CANTABRIA
Cantabria,580229,2020-06-03,2316,2287,202,ES,ES-CANTABRIA
Cantabria,580229,2020-06-04,2316,2287,202,ES,ES-CANTABRIA
Cantabria,580229,2020-06-05,2320,2287,202,ES,ES-CANTABRIA
Cantabria,580229,2020-06-06,2320,2287,202,ES,ES-CANTABRIA
Cantabria,580229,2020-06-07,2321,2287,202,ES,ES-CANTABRIA
Cantabria,580229,2020-06-08,2323,2121,202,ES,ES-CANTABRIA
Cantabria,580229,2020-06-09,2324,2122,202,ES,ES-CANTABRIA
Cantabria,580229,2020-06-10,2324,2122,202,ES,ES-CANTABRIA
Cantabria,580229,2020-06-11,2327,2125,202,ES,ES-CANTABRIA
Cantabria,580229,2020-06-12,2327,2125,202,ES,ES-CANTABRIA
Cantabria,580229,2020-06-13,2332,2130,202,ES,ES-CANTABRIA
Cantabria,580229,2020-06-14,2334,2132,202,ES,ES-CANTABRIA
Cantabria,580229,2020-06-15,2334,2132,202,ES,ES-CANTABRIA
Cantabria,580229,2020-06-16,2336,2134,202,ES,ES-CANTABRIA
Cantabria,580229,2020-06-17,2338,2136,202,ES,ES-CANTABRIA
Cantabria,580229,2020-06-18,2341,2139,202,ES,ES-CANTABRIA
Cantabria,580229,2020-06-19,2342,2126,216,ES,ES-CANTABRIA
Cantabria,580229,2020-06-20,2342,2126,216,ES,ES-CANTABRIA
Cantabria,580229,2020-06-21,2344,2128,216,ES,ES-CANTABRIA
Cantabria,580229,2020-06-22,2344,2128,216,ES,ES-CANTABRIA
Cantabria,580229,2020-06-23,2344,2128,216,ES,ES-CANTABRIA
Cantabria,580229,2020-06-24,2351,2135,216,ES,ES-CANTABRIA
Cantabria,580229,2020-06-25,2351,2135,216,ES,ES-CANTABRIA
Cantabria,580229,2020-06-26,2351,2135,216,ES,ES-CANTABRIA
Cantabria,580229,2020-06-27,2351,2135,216,ES,ES-CANTABRIA
Cantabria,580229,2020-06-28,2362,2146,216,ES,ES-CANTABRIA
Cantabria,580229,2020-06-29,2362,2146,216,ES,ES-CANTABRIA
Cantabria,580229,2020-06-30,2362,2146,216,ES,ES-CANTABRIA
Cantabria,580229,2020-07-01,2363,2147,216,ES,ES-CANTABRIA
Cantabria,580229,2020-07-02,2364,2148,216,ES,ES-CANTABRIA
Cantabria,580229,2020-07-03,2364,2148,216,ES,ES-CANTABRIA
Cantabria,580229,2020-07-04,2364,2148,216,ES,ES-CANTABRIA
Cantabria,580229,2020-07-05,2364,2148,216,ES,ES-CANTABRIA
Cantabria,580229,2020-07-06,2368,2152,216,ES,ES-CANTABRIA
Cantabria,580229,2020-07-07,2368,2152,216,ES,ES-CANTABRIA
Cantabria,580229,2020-07-08,2369,2153,216,ES,ES-CANTABRIA
Cantabria,580229,2020-07-09,2369,2153,216,ES,ES-CANTABRIA
Cantabria,580229,2020-07-10,2369,2153,216,ES,ES-CANTABRIA
Cantabria,580229,2020-07-11,2369,2153,216,ES,ES-CANTABRIA
Cantabria,580229,2020-07-12,2369,2153,216,ES,ES-CANTABRIA
Cantabria,580229,2020-07-13,2374,2158,216,ES,ES-CANTABRIA
Cantabria,580229,2020-07-14,2375,2159,216,ES,ES-CANTABRIA
Cantabria,580229,2020-07-15,2378,2162,216,ES,ES-CANTABRIA
Cantabria,580229,2020-07-16,2380,2164,216,ES,ES-CANTABRIA
Cantabria,580229,2020-07-17,2380,2164,216,ES,ES-CANTABRIA
Castilla - La Mancha,2026808,2020-05-15,16513,6294,2870,ES,ES-CASTILLA-LAMANCHA
Castilla - La Mancha,2026808,2020-05-16,16587,6328,2883,ES,ES-CASTILLA-LAMANCHA
Castilla - La Mancha,2026808,2020-05-17,16587,6328,2883,ES,ES-CASTILLA-LAMANCHA
Castilla - La Mancha,2026808,2020-05-18,16648,6392,2898,ES,ES-CASTILLA-LAMANCHA
Castilla - La Mancha,2026808,2020-05-19,16677,6392,2900,ES,ES-CASTILLA-LAMANCHA
Castilla - La Mancha,2026808,2020-05-20,16739,6392,2913,ES,ES-CASTILLA-LAMANCHA
Castilla - La Mancha,2026808,2020-05-21,16789,0,2919,ES,ES-CASTILLA-LAMANCHA
Castilla - La Mancha,2026808,2020-05-22,16830,0,2929,ES,ES-CASTILLA-LAMANCHA
Castilla - La Mancha,2026808,2020-05-23,16855,0,2934,ES,ES-CASTILLA-LAMANCHA
Castilla - La Mancha,2026808,2020-05-24,16889,0,2940,ES,ES-CASTILLA-LAMANCHA
Castilla - La Mancha,2026808,2020-05-25,16909,0,2788,ES,ES-CASTILLA-LAMANCHA
Castilla - La Mancha,2026808,2020-05-26,16992,6392,2945,ES,ES-CASTILLA-LAMANCHA
Castilla - La Mancha,2026808,2020-05-27,16992,6392,2945,ES,ES-CASTILLA-LAMANCHA
Castilla - La Mancha,2026808,2020-05-28,17068,6392,2945,ES,ES-CASTILLA-LAMANCHA
Castilla - La Mancha,2026808,2020-05-29,17122,6392,2945,ES,ES-CASTILLA-LAMANCHA
Castilla - La Mancha,2026808,2020-05-30,17184,6392,2945,ES,ES-CASTILLA-LAMANCHA
Castilla - La Mancha,2026808,2020-05-31,17234,6392,2945,ES,ES-CASTILLA-LAMANCHA
Castilla - La Mancha,2026808,2020-06-01,17259,6392,2945,ES,ES-CASTILLA-LAMANCHA
Castilla - La Mancha,2026808,2020-06-02,17310,6392,2945,ES,ES-CASTILLA-LAMANCHA
Castilla - La Mancha,2026808,2020-06-03,17355,6392,2945,ES,ES-CASTILLA-LAMANCHA
Castilla - La Mancha,2026808,2020-06-04,17393,6392,2945,ES,ES-CASTILLA-LAMANCHA
Castilla - La Mancha,2026808,2020-06-05,17431,6392,2945,ES,ES-CASTILLA-LAMANCHA
Castilla - La Mancha,2026808,2020-06-06,17472,6392,2945,ES,ES-CASTILLA-LAMANCHA
Castilla - La Mancha,2026808,2020-06-07,17505,6392,2945,ES,ES-CASTILLA-LAMANCHA
Castilla - La Mancha,2026808,2020-06-08,17543,6392,2945,ES,ES-CASTILLA-LAMANCHA
Castilla - La Mancha,2026808,2020-06-09,17609,6392,2945,ES,ES-CASTILLA-LAMANCHA
Castilla - La Mancha,2026808,2020-06-10,17640,6392,2945,ES,ES-CASTILLA-LAMANCHA
Castilla - La Mancha,2026808,2020-06-11,17702,6392,2945,ES,ES-CASTILLA-LAMANCHA
Castilla - La Mancha,2026808,2020-06-12,17740,6392,2945,ES,ES-CASTILLA-LAMANCHA
Castilla - La Mancha,2026808,2020-06-13,17776,6392,2945,ES,ES-CASTILLA-LAMANCHA
Castilla - La Mancha,2026808,2020-06-14,17803,6392,2945,ES,ES-CASTILLA-LAMANCHA
Castilla - La Mancha,2026808,2020-06-15,17811,6392,2945,ES,ES-CASTILLA-LAMANCHA
Castilla - La Mancha,2026808,2020-06-16,17828,6392,2945,ES,ES-CASTILLA-LAMANCHA
Castilla - La Mancha,2026808,2020-06-17,17845,6392,2945,ES,ES-CASTILLA-LAMANCHA
Castilla - La Mancha,2026808,2020-06-18,17894,6392,2945,ES,ES-CASTILLA-LAMANCHA
Castilla - La Mancha,2026808,2020-06-19,17894,6392,3022,ES,ES-CASTILLA-LAMANCHA
Castilla - La Mancha,2026808,2020-06-20,17940,6392,3022,ES,ES-CASTILLA-LAMANCHA
Castilla - La Mancha,2026808,2020-06-21,17965,6392,3022,ES,ES-CASTILLA-LAMANCHA
Castilla - La Mancha,2026808,2020-06-22,17987,6392,3022,ES,ES-CASTILLA-LAMANCHA
Castilla - La Mancha,2026808,2020-06-23,17987,6392,3022,ES,ES-CASTILLA-LAMANCHA
Castilla - La Mancha,2026808,2020-06-24,17987,6392,3022,ES,ES-CASTILLA-LAMANCHA
Castilla - La Mancha,2026808,2020-06-25,18021,6392,3020,ES,ES-CASTILLA-LAMANCHA
Castilla - La Mancha,2026808,2020-06-26,18024,6392,3024,ES,ES-CASTILLA-LAMANCHA
Castilla - La Mancha,2026808,2020-06-27,18076,6392,3024,ES,ES-CASTILLA-LAMANCHA
Castilla - La Mancha,2026808,2020-06-28,18094,6392,3024,ES,ES-CASTILLA-LAMANCHA
Castilla - La Mancha,2026808,2020-06-29,18120,6392,3025,ES,ES-CASTILLA-LAMANCHA
Castilla - La Mancha,2026808,2020-06-30,18158,6392,3026,ES,ES-CASTILLA-LAMANCHA
Castilla - La Mancha,2026808,2020-07-01,18160,6392,3026,ES,ES-CASTILLA-LAMANCHA
Castilla - La Mancha,2026808,2020-07-02,18187,6392,3026,ES,ES-CASTILLA-LAMANCHA
Castilla - La Mancha,2026808,2020-07-03,18209,6392,3026,ES,ES-CASTILLA-LAMANCHA
Castilla - La Mancha,2026808,2020-07-04,18209,6392,3026,ES,ES-CASTILLA-LAMANCHA
Castilla - La Mancha,2026808,2020-07-05,18209,6392,3026,ES,ES-CASTILLA-LAMANCHA
Castilla - La Mancha,2026808,2020-07-06,18273,6392,3027,ES,ES-CASTILLA-LAMANCHA
Castilla - La Mancha,2026808,2020-07-07,18291,6392,3028,ES,ES-CASTILLA-LAMANCHA
Castilla - La Mancha,2026808,2020-07-08,18307,6392,3029,ES,ES-CASTILLA-LAMANCHA
Castilla - La Mancha,2026808,2020-07-09,18330,6392,3029,ES,ES-CASTILLA-LAMANCHA
Castilla - La Mancha,2026808,2020-07-10,18343,6392,3029,ES,ES-CASTILLA-LAMANCHA
Castilla - La Mancha,2026808,2020-07-11,18343,6392,3029,ES,ES-CASTILLA-LAMANCHA
Castilla - La Mancha,2026808,2020-07-12,18343,6392,3029,ES,ES-CASTILLA-LAMANCHA
Castilla - La Mancha,2026808,2020-07-13,18392,6392,3030,ES,ES-CASTILLA-LAMANCHA
Castilla - La Mancha,2026808,2020-07-14,18393,6392,3030,ES,ES-CASTILLA-LAMANCHA
Castilla - La Mancha,2026808,2020-07-15,18399,6392,3031,ES,ES-CASTILLA-LAMANCHA
Castilla - La Mancha,2026808,2020-07-16,18413,6392,3032,ES,ES-CASTILLA-LAMANCHA
Castilla - La Mancha,2026808,2020-07-17,18413,6392,3032,ES,ES-CASTILLA-LAMANCHA
Castilla y Leon,2409164,2020-05-15,18272,7672,1930,ES,ES-CASTILLA-Y-LEON
Castilla y Leon,2409164,2020-05-16,18369,7735,1940,ES,ES-CASTILLA-Y-LEON
Castilla y Leon,2409164,2020-05-17,18369,7735,1940,ES,ES-CASTILLA-Y-LEON
Castilla y Leon,2409164,2020-05-18,18512,8716,1953,ES,ES-CASTILLA-Y-LEON
Castilla y Leon,2409164,2020-05-19,18549,8716,1960,ES,ES-CASTILLA-Y-LEON
Castilla y Leon,2409164,2020-05-20,18586,8716,1960,ES,ES-CASTILLA-Y-LEON
Castilla y Leon,2409164,2020-05-21,18627,0,1960,ES,ES-CASTILLA-Y-LEON
Castilla y Leon,2409164,2020-05-22,18674,0,1961,ES,ES-CASTILLA-Y-LEON
Castilla y Leon,2409164,2020-05-23,18737,0,1961,ES,ES-CASTILLA-Y-LEON
Castilla y Leon,2409164,2020-05-24,18789,0,1961,ES,ES-CASTILLA-Y-LEON
Castilla y Leon,2409164,2020-05-25,18555,0,1913,ES,ES-CASTILLA-Y-LEON
Castilla y Leon,2409164,2020-05-26,18591,8716,1922,ES,ES-CASTILLA-Y-LEON
Castilla y Leon,2409164,2020-05-27,18591,8716,1922,ES,ES-CASTILLA-Y-LEON
Castilla y Leon,2409164,2020-05-28,18682,8716,1922,ES,ES-CASTILLA-Y-LEON
Castilla y Leon,2409164,2020-05-29,18747,8716,1922,ES,ES-CASTILLA-Y-LEON
Castilla y Leon,2409164,2020-05-30,18804,8716,1923,ES,ES-CASTILLA-Y-LEON
Castilla y Leon,2409164,2020-05-31,18863,8716,1924,ES,ES-CASTILLA-Y-LEON
Castilla y Leon,2409164,2020-06-01,18907,8716,1924,ES,ES-CASTILLA-Y-LEON
Castilla y Leon,2409164,2020-06-02,18925,8716,1924,ES,ES-CASTILLA-Y-LEON
Castilla y Leon,2409164,2020-06-03,18956,8716,1925,ES,ES-CASTILLA-Y-LEON
Castilla y Leon,2409164,2020-06-04,19009,8716,1928,ES,ES-CASTILLA-Y-LEON
Castilla y Leon,2409164,2020-06-05,19042,8716,1928,ES,ES-CASTILLA-Y-LEON
Castilla y Leon,2409164,2020-06-06,19104,8716,1928,ES,ES-CASTILLA-Y-LEON
Castilla y Leon,2409164,2020-06-07,19161,8716,1928,ES,ES-CASTILLA-Y-LEON
Castilla y Leon,2409164,2020-06-08,19181,8716,1928,ES,ES-CASTILLA-Y-LEON
Castilla y Leon,2409164,2020-06-09,19193,8716,1928,ES,ES-CASTILLA-Y-LEON
Castilla y Leon,2409164,2020-06-10,19222,8716,1928,ES,ES-CASTILLA-Y-LEON
Castilla y Leon,2409164,2020-06-11,19254,8716,1928,ES,ES-CASTILLA-Y-LEON
Castilla y Leon,2409164,2020-06-12,19296,8716,1928,ES,ES-CASTILLA-Y-LEON
Castilla y Leon,2409164,2020-06-13,19324,8716,1928,ES,ES-CASTILLA-Y-LEON
Castilla y Leon,2409164,2020-06-14,19343,8716,1928,ES,ES-CASTILLA-Y-LEON
Castilla y Leon,2409164,2020-06-15,19353,8716,1928,ES,ES-CASTILLA-Y-LEON
Castilla y Leon,2409164,2020-06-16,19365,8716,1928,ES,ES-CASTILLA-Y-LEON
Castilla y Leon,2409164,2020-06-17,19407,8716,1928,ES,ES-CASTILLA-Y-LEON
Castilla y Leon,2409164,2020-06-18,19434,8716,1928,ES,ES-CASTILLA-Y-LEON
Castilla y Leon,2409164,2020-06-19,19466,8716,2775,ES,ES-CASTILLA-Y-LEON
Castilla y Leon,2409164,2020-06-20,19485,8716,2776,ES,ES-CASTILLA-Y-LEON
Castilla y Leon,2409164,2020-06-21,19499,8716,2777,ES,ES-CASTILLA-Y-LEON
Castilla y Leon,2409164,2020-06-22,19516,8716,2778,ES,ES-CASTILLA-Y-LEON
Castilla y Leon,2409164,2020-06-23,19527,8716,2779,ES,ES-CASTILLA-Y-LEON
Castilla y Leon,2409164,2020-06-24,19563,8716,2780,ES,ES-CASTILLA-Y-LEON
Castilla y Leon,2409164,2020-06-25,19585,8716,2783,ES,ES-CASTILLA-Y-LEON
Castilla y Leon,2409164,2020-06-26,19607,8716,2783,ES,ES-CASTILLA-Y-LEON
Castilla y Leon,2409164,2020-06-27,19634,8716,2783,ES,ES-CASTILLA-Y-LEON
Castilla y Leon,2409164,2020-06-28,19634,8716,2783,ES,ES-CASTILLA-Y-LEON
Castilla y Leon,2409164,2020-06-29,19665,8716,2784,ES,ES-CASTILLA-Y-LEON
Castilla y Leon,2409164,2020-06-30,19685,8716,2784,ES,ES-CASTILLA-Y-LEON
Castilla y Leon,2409164,2020-07-01,19730,8716,2787,ES,ES-CASTILLA-Y-LEON
Castilla y Leon,2409164,2020-07-02,19750,8716,2787,ES,ES-CASTILLA-Y-LEON
Castilla y Leon,2409164,2020-07-03,19753,8716,2787,ES,ES-CASTILLA-Y-LEON
Castilla y Leon,2409164,2020-07-04,19753,8716,2787,ES,ES-CASTILLA-Y-LEON
Castilla y Leon,2409164,2020-07-05,19753,8716,2787,ES,ES-CASTILLA-Y-LEON
Castilla y Leon,2409164,2020-07-06,19770,8716,2787,ES,ES-CASTILLA-Y-LEON
Castilla y Leon,2409164,2020-07-07,19773,8716,2788,ES,ES-CASTILLA-Y-LEON
Castilla y Leon,2409164,2020-07-08,19778,8716,2788,ES,ES-CASTILLA-Y-LEON
Castilla y Leon,2409164,2020-07-09,19782,8716,2791,ES,ES-CASTILLA-Y-LEON
Castilla y Leon,2409164,2020-07-10,19787,8716,2792,ES,ES-CASTILLA-Y-LEON
Castilla y Leon,2409164,2020-07-11,19787,8716,2792,ES,ES-CASTILLA-Y-LEON
Castilla y Leon,2409164,2020-07-12,19787,8716,2792,ES,ES-CASTILLA-Y-LEON
Castilla y Leon,2409164,2020-07-13,19790,8716,2792,ES,ES-CASTILLA-Y-LEON
Castilla y Leon,2409164,2020-07-14,19826,8716,2793,ES,ES-CASTILLA-Y-LEON
Castilla y Leon,2409164,2020-07-15,19836,8716,2793,ES,ES-CASTILLA-Y-LEON
Castilla y Leon,2409164,2020-07-16,19855,8716,2793,ES,ES-CASTILLA-Y-LEON
Castilla y Leon,2409164,2020-07-17,19855,8716,2793,ES,ES-CASTILLA-Y-LEON
Catalonia,7600065,2020-05-15,55464,25904,5882,ES,ES-CATALONIA
Catalonia,7600065,2020-05-16,55685,26067,5915,ES,ES-CATALONIA
Catalonia,7600065,2020-05-17,55685,26067,5915,ES,ES-CATALONIA
Catalonia,7600065,2020-05-18,55921,26203,5956,ES,ES-CATALONIA
Catalonia,7600065,2020-05-19,55825,26203,5981,ES,ES-CATALONIA
Catalonia,7600065,2020-05-20,55888,26203,6021,ES,ES-CATALONIA
Catalonia,7600065,2020-05-21,55888,0,6021,ES,ES-CATALONIA
Catalonia,7600065,2020-05-22,57036,0,6656,ES,ES-CATALONIA
Catalonia,7600065,2020-05-23,57114,0,6663,ES,ES-CATALONIA
Catalonia,7600065,2020-05-24,57148,0,6701,ES,ES-CATALONIA
Catalonia,7600065,2020-05-25,57320,0,5575,ES,ES-CATALONIA
Catalonia,7600065,2020-05-26,57569,26203,5583,ES,ES-CATALONIA
Catalonia,7600065,2020-05-27,57569,26203,5583,ES,ES-CATALONIA
Catalonia,7600065,2020-05-28,58427,26203,5584,ES,ES-CATALONIA
Catalonia,7600065,2020-05-29,58699,26203,5584,ES,ES-CATALONIA
Catalonia,7600065,2020-05-30,59003,26203,5587,ES,ES-CATALONIA
Catalonia,7600065,2020-05-31,59013,26203,5587,ES,ES-CATALONIA
Catalonia,7600065,2020-06-01,59019,26203,5587,ES,ES-CATALONIA
Catalonia,7600065,2020-06-02,59035,26203,5587,ES,ES-CATALONIA
Catalonia,7600065,2020-06-03,59112,26203,5587,ES,ES-CATALONIA
Catalonia,7600065,2020-06-04,59163,26203,5587,ES,ES-CATALONIA
Catalonia,7600065,2020-06-05,59182,26203,5587,ES,ES-CATALONIA
Catalonia,7600065,2020-06-06,59199,26203,5587,ES,ES-CATALONIA
Catalonia,7600065,2020-06-07,59209,26203,5587,ES,ES-CATALONIA
Catalonia,7600065,2020-06-08,59215,26203,5587,ES,ES-CATALONIA
Catalonia,7600065,2020-06-09,59232,26203,5587,ES,ES-CATALONIA
Catalonia,7600065,2020-06-10,59298,26203,5587,ES,ES-CATALONIA
Catalonia,7600065,2020-06-11,59423,26203,5587,ES,ES-CATALONIA
Catalonia,7600065,2020-06-12,59593,26203,5587,ES,ES-CATALONIA
Catalonia,7600065,2020-06-13,59706,26203,5587,ES,ES-CATALONIA
Catalonia,7600065,2020-06-14,59820,26203,5587,ES,ES-CATALONIA
Catalonia,7600065,2020-06-15,59897,26203,5587,ES,ES-CATALONIA
Catalonia,7600065,2020-06-16,59944,26203,5587,ES,ES-CATALONIA
Catalonia,7600065,2020-06-17,60030,26203,5587,ES,ES-CATALONIA
Catalonia,7600065,2020-06-18,60340,26203,5587,ES,ES-CATALONIA
Catalonia,7600065,2020-06-19,60450,26203,5662,ES,ES-CATALONIA
Catalonia,7600065,2020-06-20,60530,26203,5666,ES,ES-CATALONIA
Catalonia,7600065,2020-06-21,60645,26203,5666,ES,ES-CATALONIA
Catalonia,7600065,2020-06-22,60714,26203,5666,ES,ES-CATALONIA
Catalonia,7600065,2020-06-23,60754,26203,5666,ES,ES-CATALONIA
Catalonia,7600065,2020-06-24,60847,26203,5666,ES,ES-CATALONIA
Catalonia,7600065,2020-06-25,60927,26203,5666,ES,ES-CATALONIA
Catalonia,7600065,2020-06-26,61073,26203,5668,ES,ES-CATALONIA
Catalonia,7600065,2020-06-27,61229,26203,5668,ES,ES-CATALONIA
Catalonia,7600065,2020-06-28,61355,26203,5669,ES,ES-CATALONIA
Catalonia,7600065,2020-06-29,61417,26203,5669,ES,ES-CATALONIA
Catalonia,7600065,2020-06-30,61494,26203,5670,ES,ES-CATALONIA
Catalonia,7600065,2020-07-01,61639,26203,5671,ES,ES-CATALONIA
Catalonia,7600065,2020-07-02,61888,26203,5673,ES,ES-CATALONIA
Catalonia,7600065,2020-07-03,62057,26203,5673,ES,ES-CATALONIA
Catalonia,7600065,2020-07-04,62057,26203,5673,ES,ES-CATALONIA
Catalonia,7600065,2020-07-05,62057,26203,5673,ES,ES-CATALONIA
Catalonia,7600065,2020-07-06,62797,26203,5674,ES,ES-CATALONIA
Catalonia,7600065,2020-07-07,62943,26203,5675,ES,ES-CATALONIA
Catalonia,7600065,2020-07-08,63042,26203,5675,ES,ES-CATALONIA
Catalonia,7600065,2020-07-09,63307,26203,5675,ES,ES-CATALONIA
Catalonia,7600065,2020-07-10,63888,26203,5675,ES,ES-CATALONIA
Catalonia,7600065,2020-07-11,63888,26203,5675,ES,ES-CATALONIA
Catalonia,7600065,2020-07-12,63888,26203,5675,ES,ES-CATALONIA
Catalonia,7600065,2020-07-13,65086,26203,5676,ES,ES-CATALONIA
Catalonia,7600065,2020-07-14,65429,26203,5677,ES,ES-CATALONIA
Catalonia,7600065,2020-07-15,65852,26203,5678,ES,ES-CATALONIA
Catalonia,7600065,2020-07-16,66570,26203,5678,ES,ES-CATALONIA
Catalonia,7600065,2020-07-17,66570,26203,5678,ES,ES-CATALONIA
Ceuta,85144,2020-05-15,116,160,4,ES,ES-CEUTA
Ceuta,85144,2020-05-16,116,163,4,ES,ES-CEUTA
Ceuta,85144,2020-05-17,116,163,4,ES,ES-CEUTA
Ceuta,85144,2020-05-18,116,163,4,ES,ES-CEUTA
Ceuta,85144,2020-05-19,117,163,4,ES,ES-CEUTA
Ceuta,85144,2020-05-20,119,163,4,ES,ES-CEUTA
Ceuta,85144,2020-05-21,119,0,4,ES,ES-CEUTA
Ceuta,85144,2020-05-22,124,0,4,ES,ES-CEUTA
Ceuta,85144,2020-05-23,125,0,4,ES,ES-CEUTA
Ceuta,85144,2020-05-24,124,0,4,ES,ES-CEUTA
Ceuta,85144,2020-05-25,124,0,4,ES,ES-CEUTA
Ceuta,85144,2020-05-26,124,163,5,ES,ES-CEUTA
Ceuta,85144,2020-05-27,124,163,5,ES,ES-CEUTA
Ceuta,85144,2020-05-28,129,163,4,ES,ES-CEUTA
Ceuta,85144,2020-05-29,145,163,4,ES,ES-CEUTA
Ceuta,85144,2020-05-30,145,163,4,ES,ES-CEUTA
Ceuta,85144,2020-05-31,145,163,4,ES,ES-CEUTA
Ceuta,85144,2020-06-01,146,163,4,ES,ES-CEUTA
Ceuta,85144,2020-06-02,155,163,4,ES,ES-CEUTA
Ceuta,85144,2020-06-03,155,163,4,ES,ES-CEUTA
Ceuta,85144,2020-06-04,163,163,4,ES,ES-CEUTA
Ceuta,85144,2020-06-05,163,163,4,ES,ES-CEUTA
Ceuta,85144,2020-06-06,163,163,4,ES,ES-CEUTA
Ceuta,85144,2020-06-07,163,163,4,ES,ES-CEUTA
Ceuta,85144,2020-06-08,163,159,4,ES,ES-CEUTA
Ceuta,85144,2020-06-09,163,159,4,ES,ES-CEUTA
Ceuta,85144,2020-06-10,163,159,4,ES,ES-CEUTA
Ceuta,85144,2020-06-11,163,159,4,ES,ES-CEUTA
Ceuta,85144,2020-06-12,163,159,4,ES,ES-CEUTA
Ceuta,85144,2020-06-13,163,159,4,ES,ES-CEUTA
Ceuta,85144,2020-06-14,163,159,4,ES,ES-CEUTA
Ceuta,85144,2020-06-15,163,159,4,ES,ES-CEUTA
Ceuta,85144,2020-06-16,163,159,4,ES,ES-CEUTA
Ceuta,85144,2020-06-17,163,159,4,ES,ES-CEUTA
Ceuta,85144,2020-06-18,163,159,4,ES,ES-CEUTA
Ceuta,85144,2020-06-19,163,159,4,ES,ES-CEUTA
Ceuta,85144,2020-06-20,163,159,4,ES,ES-CEUTA
Ceuta,85144,2020-06-21,163,159,4,ES,ES-CEUTA
Ceuta,85144,2020-06-22,163,159,4,ES,ES-CEUTA
Ceuta,85144,2020-06-23,163,159,4,ES,ES-CEUTA
Ceuta,85144,2020-06-24,164,160,4,ES,ES-CEUTA
Ceuta,85144,2020-06-25,163,159,4,ES,ES-CEUTA
Ceuta,85144,2020-06-26,163,159,4,ES,ES-CEUTA
Ceuta,85144,2020-06-27,163,159,4,ES,ES-CEUTA
Ceuta,85144,2020-06-28,163,159,4,ES,ES-CEUTA
Ceuta,85144,2020-06-29,163,159,4,ES,ES-CEUTA
Ceuta,85144,2020-06-30,163,159,4,ES,ES-CEUTA
Ceuta,85144,2020-07-01,163,159,4,ES,ES-CEUTA
Ceuta,85144,2020-07-02,163,159,4,ES,ES-CEUTA
Ceuta,85144,2020-07-03,163,159,4,ES,ES-CEUTA
Ceuta,85144,2020-07-04,163,159,4,ES,ES-CEUTA
Ceuta,85144,2020-07-05,163,159,4,ES,ES-CEUTA
Ceuta,85144,2020-07-06,163,159,4,ES,ES-CEUTA
Ceuta,85144,2020-07-07,163,159,4,ES,ES-CEUTA
Ceuta,85144,2020-07-08,163,159,4,ES,ES-CEUTA
Ceuta,85144,2020-07-09,163,159,4,ES,ES-CEUTA
Ceuta,85144,2020-07-10,163,159,4,ES,ES-CEUTA
Ceuta,85144,2020-07-11,163,159,4,ES,ES-CEUTA
Ceuta,85144,2020-07-12,163,159,4,ES,ES-CEUTA
Ceuta,85144,2020-07-13,163,159,4,ES,ES-CEUTA
Ceuta,85144,2020-07-14,163,159,4,ES,ES-CEUTA
Ceuta,85144,2020-07-15,164,160,4,ES,ES-CEUTA
Ceuta,85144,2020-07-16,164,160,4,ES,ES-CEUTA
Ceuta,85144,2020-07-17,164,160,4,ES,ES-CEUTA
Extremadura,1072863,2020-05-15,2933,2587,494,ES,ES-EXTREMADURA
Extremadura,1072863,2020-05-16,2958,2609,497,ES,ES-EXTREMADURA
Extremadura,1072863,2020-05-17,2958,2609,497,ES,ES-EXTREMADURA
Extremadura,1072863,2020-05-18,2948,2652,500,ES,ES-EXTREMADURA
Extremadura,1072863,2020-05-19,2953,2652,504,ES,ES-EXTREMADURA
Extremadura,1072863,2020-05-20,3040,2652,504,ES,ES-EXTREMADURA
Extremadura,1072863,2020-05-21,3042,0,505,ES,ES-EXTREMADURA
Extremadura,1072863,2020-05-22,3044,0,506,ES,ES-EXTREMADURA
Extremadura,1072863,2020-05-23,3048,0,507,ES,ES-EXTREMADURA
Extremadura,1072863,2020-05-24,3047,0,506,ES,ES-EXTREMADURA
Extremadura,1072863,2020-05-25,2952,0,506,ES,ES-EXTREMADURA
Extremadura,1072863,2020-05-26,2955,2652,507,ES,ES-EXTREMADURA
Extremadura,1072863,2020-05-27,2955,2652,507,ES,ES-EXTREMADURA
Extremadura,1072863,2020-05-28,2961,2652,507,ES,ES-EXTREMADURA
Extremadura,1072863,2020-05-29,2963,2652,507,ES,ES-EXTREMADURA
Extremadura,1072863,2020-05-30,2964,2652,508,ES,ES-EXTREMADURA
Extremadura,1072863,2020-05-31,2966,2652,508,ES,ES-EXTREMADURA
Extremadura,1072863,2020-06-01,2966,2652,508,ES,ES-EXTREMADURA
Extremadura,1072863,2020-06-02,2971,2652,508,ES,ES-EXTREMADURA
Extremadura,1072863,2020-06-03,2974,2652,508,ES,ES-EXTREMADURA
Extremadura,1072863,2020-06-04,2973,2652,508,ES,ES-EXTREMADURA
Extremadura,1072863,2020-06-05,2976,2652,508,ES,ES-EXTREMADURA
Extremadura,1072863,2020-06-06,2977,2652,508,ES,ES-EXTREMADURA
Extremadura,1072863,2020-06-07,2977,2652,508,ES,ES-EXTREMADURA
Extremadura,1072863,2020-06-08,2977,2469,508,ES,ES-EXTREMADURA
Extremadura,1072863,2020-06-09,2978,2470,508,ES,ES-EXTREMADURA
Extremadura,1072863,2020-06-10,2982,2474,508,ES,ES-EXTREMADURA
Extremadura,1072863,2020-06-11,2983,2475,508,ES,ES-EXTREMADURA
Extremadura,1072863,2020-06-12,2984,2476,508,ES,ES-EXTREMADURA
Extremadura,1072863,2020-06-13,2985,2477,508,ES,ES-EXTREMADURA
Extremadura,1072863,2020-06-14,2987,2479,508,ES,ES-EXTREMADURA
Extremadura,1072863,2020-06-15,2988,2480,508,ES,ES-EXTREMADURA
Extremadura,1072863,2020-06-16,2990,2482,508,ES,ES-EXTREMADURA
Extremadura,1072863,2020-06-17,2992,2484,508,ES,ES-EXTREMADURA
Extremadura,1072863,2020-06-18,2999,2491,508,ES,ES-EXTREMADURA
Extremadura,1072863,2020-06-19,3000,2481,519,ES,ES-EXTREMADURA
Extremadura,1072863,2020-06-20,3001,2482,519,ES,ES-EXTREMADURA
Extremadura,1072863,2020-06-21,3006,2487,519,ES,ES-EXTREMADURA
Extremadura,1072863,2020-06-22,3010,2491,519,ES,ES-EXTREMADURA
Extremadura,1072863,2020-06-23,3011,2492,519,ES,ES-EXTREMADURA
Extremadura,1072863,2020-06-24,3017,2498,519,ES,ES-EXTREMADURA
Extremadura,1072863,2020-06-25,3019,2500,519,ES,ES-EXTREMADURA
Extremadura,1072863,2020-06-26,3025,2506,519,ES,ES-EXTREMADURA
Extremadura,1072863,2020-06-27,3026,2507,519,ES,ES-EXTREMADURA
Extremadura,1072863,2020-06-28,3026,2507,519,ES,ES-EXTREMADURA
Extremadura,1072863,2020-06-29,3027,2508,519,ES,ES-EXTREMADURA
Extremadura,1072863,2020-06-30,3030,2511,519,ES,ES-EXTREMADURA
Extremadura,1072863,2020-07-01,3033,2514,519,ES,ES-EXTREMADURA
Extremadura,1072863,2020-07-02,3040,2521,519,ES,ES-EXTREMADURA
Extremadura,1072863,2020-07-03,3047,2528,519,ES,ES-EXTREMADURA
Extremadura,1072863,2020-07-04,3047,2528,519,ES,ES-EXTREMADURA
Extremadura,1072863,2020-07-05,3047,2528,519,ES,ES-EXTREMADURA
Extremadura,1072863,2020-07-06,3064,2545,519,ES,ES-EXTREMADURA
Extremadura,1072863,2020-07-07,3066,2547,519,ES,ES-EXTREMADURA
Extremadura,1072863,2020-07-08,3076,2557,519,ES,ES-EXTREMADURA
Extremadura,1072863,2020-07-09,3082,2563,519,ES,ES-EXTREMADURA
Extremadura,1072863,2020-07-10,3106,2587,519,ES,ES-EXTREMADURA
Extremadura,1072863,2020-07-11,3106,2587,519,ES,ES-EXTREMADURA
Extremadura,1072863,2020-07-12,3106,2587,519,ES,ES-EXTREMADURA
Extremadura,1072863,2020-07-13,3191,2652,519,ES,ES-EXTREMADURA
Extremadura,1072863,2020-07-14,3202,2652,519,ES,ES-EXTREMADURA
Extremadura,1072863,2020-07-15,3208,2652,519,ES,ES-EXTREMADURA
Extremadura,1072863,2020-07-16,3218,2652,519,ES,ES-EXTREMADURA
Extremadura,1072863,2020-07-17,3218,2652,519,ES,ES-EXTREMADURA
Galicia,2701743,2020-05-15,9323,8283,601,ES,ES-GALICIA
Galicia,2701743,2020-05-16,9041,8409,604,ES,ES-GALICIA
Galicia,2701743,2020-05-17,9041,8409,604,ES,ES-GALICIA
Galicia,2701743,2020-05-18,9056,9204,607,ES,ES-GALICIA
Galicia,2701743,2020-05-19,9058,9204,607,ES,ES-GALICIA
Galicia,2701743,2020-05-20,9067,9204,607,ES,ES-GALICIA
Galicia,2701743,2020-05-21,9077,0,608,ES,ES-GALICIA
Galicia,2701743,2020-05-22,9084,0,609,ES,ES-GALICIA
Galicia,2701743,2020-05-23,9098,0,610,ES,ES-GALICIA
Galicia,2701743,2020-05-24,9105,0,613,ES,ES-GALICIA
Galicia,2701743,2020-05-25,9079,0,607,ES,ES-GALICIA
Galicia,2701743,2020-05-26,9108,9204,607,ES,ES-GALICIA
Galicia,2701743,2020-05-27,9108,9204,607,ES,ES-GALICIA
Galicia,2701743,2020-05-28,9115,9204,608,ES,ES-GALICIA
Galicia,2701743,2020-05-29,9117,9204,608,ES,ES-GALICIA
Galicia,2701743,2020-05-30,9120,9204,609,ES,ES-GALICIA
Galicia,2701743,2020-05-31,9119,9204,609,ES,ES-GALICIA
Galicia,2701743,2020-06-01,9129,9204,609,ES,ES-GALICIA
Galicia,2701743,2020-06-02,9130,9204,609,ES,ES-GALICIA
Galicia,2701743,2020-06-03,9132,9204,609,ES,ES-GALICIA
Galicia,2701743,2020-06-04,9134,9204,609,ES,ES-GALICIA
Galicia,2701743,2020-06-05,9146,9204,609,ES,ES-GALICIA
Galicia,2701743,2020-06-06,9144,9204,609,ES,ES-GALICIA
Galicia,2701743,2020-06-07,9145,9204,609,ES,ES-GALICIA
Galicia,2701743,2020-06-08,9141,8532,609,ES,ES-GALICIA
Galicia,2701743,2020-06-09,9148,8539,609,ES,ES-GALICIA
Galicia,2701743,2020-06-10,9153,8544,609,ES,ES-GALICIA
Galicia,2701743,2020-06-11,9154,8545,609,ES,ES-GALICIA
Galicia,2701743,2020-06-12,9157,8548,609,ES,ES-GALICIA
Galicia,2701743,2020-06-13,9158,8549,609,ES,ES-GALICIA
Galicia,2701743,2020-06-14,9159,8550,609,ES,ES-GALICIA
Galicia,2701743,2020-06-15,9160,8551,609,ES,ES-GALICIA
Galicia,2701743,2020-06-16,9161,8552,609,ES,ES-GALICIA
Galicia,2701743,2020-06-17,9164,8555,609,ES,ES-GALICIA
Galicia,2701743,2020-06-18,9164,8555,609,ES,ES-GALICIA
Galicia,2701743,2020-06-19,9169,8550,619,ES,ES-GALICIA
Galicia,2701743,2020-06-20,9167,8548,619,ES,ES-GALICIA
Galicia,2701743,2020-06-21,9174,8555,619,ES,ES-GALICIA
Galicia,2701743,2020-06-22,9174,8555,619,ES,ES-GALICIA
Galicia,2701743,2020-06-23,9175,8556,619,ES,ES-GALICIA
Galicia,2701743,2020-06-24,9178,8559,619,ES,ES-GALICIA
Galicia,2701743,2020-06-25,9186,8567,619,ES,ES-GALICIA
Galicia,2701743,2020-06-26,9193,8574,619,ES,ES-GALICIA
Galicia,2701743,2020-06-27,9199,8580,619,ES,ES-GALICIA
Galicia,2701743,2020-06-28,9202,8583,619,ES,ES-GALICIA
Galicia,2701743,2020-06-29,9206,8587,619,ES,ES-GALICIA
Galicia,2701743,2020-06-30,9215,8596,619,ES,ES-GALICIA
Galicia,2701743,2020-07-01,9222,8603,619,ES,ES-GALICIA
Galicia,2701743,2020-07-02,9239,8620,619,ES,ES-GALICIA
Galicia,2701743,2020-07-03,9251,8632,619,ES,ES-GALICIA
Galicia,2701743,2020-07-04,9251,8632,619,ES,ES-GALICIA
Galicia,2701743,2020-07-05,9251,8632,619,ES,ES-GALICIA
Galicia,2701743,2020-07-06,9330,8711,619,ES,ES-GALICIA
Galicia,2701743,2020-07-07,9336,8717,619,ES,ES-GALICIA
Galicia,2701743,2020-07-08,9371,8752,619,ES,ES-GALICIA
Galicia,2701743,2020-07-09,9403,8784,619,ES,ES-GALICIA
Galicia,2701743,2020-07-10,9431,8812,619,ES,ES-GALICIA
Galicia,2701743,2020-07-11,9431,8812,619,ES,ES-GALICIA
Galicia,2701743,2020-07-12,9431,8812,619,ES,ES-GALICIA
Galicia,2701743,2020-07-13,9454,8835,619,ES,ES-GALICIA
Galicia,2701743,2020-07-14,9461,8842,619,ES,ES-GALICIA
Galicia,2701743,2020-07-15,9471,8852,619,ES,ES-GALICIA
Galicia,2701743,2020-07-16,9479,8860,619,ES,ES-GALICIA
Galicia,2701743,2020-07-17,9479,8860,619,ES,ES-GALICIA
La Rioja,315675,2020-05-15,4016,2927,348,ES,ES-LA-RIOJA
La Rioja,315675,2020-05-16,4020,2990,348,ES,ES-LA-RIOJA
La Rioja,315675,2020-05-17,4020,2990,348,ES,ES-LA-RIOJA
La Rioja,315675,2020-05-18,4024,3107,351,ES,ES-LA-RIOJA
La Rioja,315675,2020-05-19,4027,3107,352,ES,ES-LA-RIOJA
La Rioja,315675,2020-05-20,4033,3107,353,ES,ES-LA-RIOJA
La Rioja,315675,2020-05-21,4033,0,354,ES,ES-LA-RIOJA
La Rioja,315675,2020-05-22,4036,0,356,ES,ES-LA-RIOJA
La Rioja,315675,2020-05-23,4036,0,357,ES,ES-LA-RIOJA
La Rioja,315675,2020-05-24,4036,0,358,ES,ES-LA-RIOJA
La Rioja,315675,2020-05-25,4041,0,358,ES,ES-LA-RIOJA
La Rioja,315675,2020-05-26,4044,3107,360,ES,ES-LA-RIOJA
La Rioja,315675,2020-05-27,4044,3107,360,ES,ES-LA-RIOJA
La Rioja,315675,2020-05-28,4044,3107,360,ES,ES-LA-RIOJA
La Rioja,315675,2020-05-29,4048,3107,360,ES,ES-LA-RIOJA
La Rioja,315675,2020-05-30,4051,3107,360,ES,ES-LA-RIOJA
La Rioja,315675,2020-05-31,4051,3107,361,ES,ES-LA-RIOJA
La Rioja,315675,2020-06-01,4051,3107,361,ES,ES-LA-RIOJA
La Rioja,315675,2020-06-02,4052,3107,361,ES,ES-LA-RIOJA
La Rioja,315675,2020-06-03,4053,3107,361,ES,ES-LA-RIOJA
La Rioja,315675,2020-06-04,4054,3107,362,ES,ES-LA-RIOJA
La Rioja,315675,2020-06-05,4056,3107,362,ES,ES-LA-RIOJA
La Rioja,315675,2020-06-06,4057,3107,362,ES,ES-LA-RIOJA
La Rioja,315675,2020-06-07,4061,3107,362,ES,ES-LA-RIOJA
La Rioja,315675,2020-06-08,4062,3107,362,ES,ES-LA-RIOJA
La Rioja,315675,2020-06-09,4062,3107,362,ES,ES-LA-RIOJA
La Rioja,315675,2020-06-10,4063,3107,362,ES,ES-LA-RIOJA
La Rioja,315675,2020-06-11,4063,3107,362,ES,ES-LA-RIOJA
La Rioja,315675,2020-06-12,4066,3107,362,ES,ES-LA-RIOJA
La Rioja,315675,2020-06-13,4067,3107,362,ES,ES-LA-RIOJA
La Rioja,315675,2020-06-14,4068,3107,362,ES,ES-LA-RIOJA
La Rioja,315675,2020-06-15,4069,3107,362,ES,ES-LA-RIOJA
La Rioja,315675,2020-06-16,4069,3107,362,ES,ES-LA-RIOJA
La Rioja,315675,2020-06-17,4070,3107,362,ES,ES-LA-RIOJA
La Rioja,315675,2020-06-18,4070,3107,362,ES,ES-LA-RIOJA
La Rioja,315675,2020-06-19,4072,3107,365,ES,ES-LA-RIOJA
La Rioja,315675,2020-06-20,4073,3107,365,ES,ES-LA-RIOJA
La Rioja,315675,2020-06-21,4073,3107,365,ES,ES-LA-RIOJA
La Rioja,315675,2020-06-22,4073,3107,365,ES,ES-LA-RIOJA
La Rioja,315675,2020-06-23,4073,3107,365,ES,ES-LA-RIOJA
La Rioja,315675,2020-06-24,4073,3107,365,ES,ES-LA-RIOJA
La Rioja,315675,2020-06-25,4074,3107,365,ES,ES-LA-RIOJA
La Rioja,315675,2020-06-26,4076,3107,365,ES,ES-LA-RIOJA
La Rioja,315675,2020-06-27,4076,3107,366,ES,ES-LA-RIOJA
La Rioja,315675,2020-06-28,4076,3107,366,ES,ES-LA-RIOJA
La Rioja,315675,2020-06-29,4076,3107,366,ES,ES-LA-RIOJA
La Rioja,315675,2020-06-30,4076,3107,366,ES,ES-LA-RIOJA
La Rioja,315675,2020-07-01,4077,3107,366,ES,ES-LA-RIOJA
La Rioja,315675,2020-07-02,4078,3107,366,ES,ES-LA-RIOJA
La Rioja,315675,2020-07-03,4078,3107,366,ES,ES-LA-RIOJA
La Rioja,315675,2020-07-04,4078,3107,366,ES,ES-LA-RIOJA
La Rioja,315675,2020-07-05,4078,3107,366,ES,ES-LA-RIOJA
La Rioja,315675,2020-07-06,4078,3107,366,ES,ES-LA-RIOJA
La Rioja,315675,2020-07-07,4078,3107,366,ES,ES-LA-RIOJA
La Rioja,315675,2020-07-08,4079,3107,366,ES,ES-LA-RIOJA
La Rioja,315675,2020-07-09,4079,3107,366,ES,ES-LA-RIOJA
La Rioja,315675,2020-07-10,4081,3107,366,ES,ES-LA-RIOJA
La Rioja,315675,2020-07-11,4081,3107,366,ES,ES-LA-RIOJA
La Rioja,315675,2020-07-12,4081,3107,366,ES,ES-LA-RIOJA
La Rioja,315675,2020-07-13,4102,3107,366,ES,ES-LA-RIOJA
La Rioja,315675,2020-07-14,4104,3107,366,ES,ES-LA-RIOJA
La Rioja,315675,2020-07-15,4107,3107,366,ES,ES-LA-RIOJA
La Rioja,315675,2020-07-16,4108,3107,366,ES,ES-LA-RIOJA
La Rioja,315675,2020-07-17,4108,3107,366,ES,ES-LA-RIOJA
Madrid,6578079,2020-05-15,66005,40383,8809,ES,ES-MADRID
Madrid,6578079,2020-05-16,66210,40586,8826,ES,ES-MADRID
Madrid,6578079,2020-05-17,66210,40586,8826,ES,ES-MADRID
Madrid,6578079,2020-05-18,66302,40736,8863,ES,ES-MADRID
Madrid,6578079,2020-05-19,66643,40736,8894,ES,ES-MADRID
Madrid,6578079,2020-05-20,66860,40736,8912,ES,ES-MADRID
Madrid,6578079,2020-05-21,67049,0,8931,ES,ES-MADRID
Madrid,6578079,2020-05-22,67425,0,8944,ES,ES-MADRID
Madrid,6578079,2020-05-23,67610,0,8956,ES,ES-MADRID
Madrid,6578079,2020-05-24,67871,0,8977,ES,ES-MADRID
Madrid,6578079,2020-05-25,67932,0,8686,ES,ES-MADRID
Madrid,6578079,2020-05-26,68066,40736,8691,ES,ES-MADRID
Madrid,6578079,2020-05-27,68066,40736,8691,ES,ES-MADRID
Madrid,6578079,2020-05-28,68451,40736,8691,ES,ES-MADRID
Madrid,6578079,2020-05-29,68597,40736,8691,ES,ES-MADRID
Madrid,6578079,2020-05-30,68740,40736,8691,ES,ES-MADRID
Madrid,6578079,2020-05-31,68830,40736,8691,ES,ES-MADRID
Madrid,6578079,2020-06-01,68852,40736,8691,ES,ES-MADRID
Madrid,6578079,2020-06-02,68960,40736,8691,ES,ES-MADRID
Madrid,6578079,2020-06-03,69112,40736,8691,ES,ES-MADRID
Madrid,6578079,2020-06-04,69236,40736,8691,ES,ES-MADRID
Madrid,6578079,2020-06-05,69423,40736,8691,ES,ES-MADRID
Madrid,6578079,2020-06-06,69562,40736,8691,ES,ES-MADRID
Madrid,6578079,2020-06-07,69641,40736,8691,ES,ES-MADRID
Madrid,6578079,2020-06-08,69695,40736,8691,ES,ES-MADRID
Madrid,6578079,2020-06-09,69804,40736,8691,ES,ES-MADRID
Madrid,6578079,2020-06-10,69895,40736,8691,ES,ES-MADRID
Madrid,6578079,2020-06-11,70051,40736,8691,ES,ES-MADRID
Madrid,6578079,2020-06-12,70231,40736,8691,ES,ES-MADRID
Madrid,6578079,2020-06-13,70398,40736,8691,ES,ES-MADRID
Madrid,6578079,2020-06-14,70521,40736,8691,ES,ES-MADRID
Madrid,6578079,2020-06-15,70570,40736,8691,ES,ES-MADRID
Madrid,6578079,2020-06-16,70675,40736,8691,ES,ES-MADRID
Madrid,6578079,2020-06-17,70799,40736,8691,ES,ES-MADRID
Madrid,6578079,2020-06-18,70934,40736,8691,ES,ES-MADRID
Madrid,6578079,2020-06-19,71007,40736,8416,ES,ES-MADRID
Madrid,6578079,2020-06-20,71144,40736,8416,ES,ES-MADRID
Madrid,6578079,2020-06-21,71223,40736,8416,ES,ES-MADRID
Madrid,6578079,2020-06-22,71248,40736,8416,ES,ES-MADRID
Madrid,6578079,2020-06-23,71359,40736,8416,ES,ES-MADRID
Madrid,6578079,2020-06-24,71434,40736,8416,ES,ES-MADRID
Madrid,6578079,2020-06-25,71579,40736,8417,ES,ES-MADRID
Madrid,6578079,2020-06-26,71632,40736,8418,ES,ES-MADRID
Madrid,6578079,2020-06-27,71839,40736,8420,ES,ES-MADRID
Madrid,6578079,2020-06-28,71881,40736,8421,ES,ES-MADRID
Madrid,6578079,2020-06-29,71885,40736,8421,ES,ES-MADRID
Madrid,6578079,2020-06-30,71950,40736,8425,ES,ES-MADRID
Madrid,6578079,2020-07-01,72033,40736,8427,ES,ES-MADRID
Madrid,6578079,2020-07-02,72096,40736,8428,ES,ES-MADRID
Madrid,6578079,2020-07-03,72168,40736,8439,ES,ES-MADRID
Madrid,6578079,2020-07-04,72168,40736,8439,ES,ES-MADRID
Madrid,6578079,2020-07-05,72168,40736,8439,ES,ES-MADRID
Madrid,6578079,2020-07-06,72269,40736,8439,ES,ES-MADRID
Madrid,6578079,2020-07-07,72336,40736,8440,ES,ES-MADRID
Madrid,6578079,2020-07-08,72409,40736,8441,ES,ES-MADRID
Madrid,6578079,2020-07-09,72469,40736,8442,ES,ES-MADRID
Madrid,6578079,2020-07-10,72532,40736,8441,ES,ES-MADRID
Madrid,6578079,2020-07-11,72532,40736,8441,ES,ES-MADRID
Madrid,6578079,2020-07-12,72532,40736,8441,ES,ES-MADRID
Madrid,6578079,2020-07-13,72649,40736,8442,ES,ES-MADRID
Madrid,6578079,2020-07-14,72695,40736,8442,ES,ES-MADRID
Madrid,6578079,2020-07-15,72797,40736,8444,ES,ES-MADRID
Madrid,6578079,2020-07-16,72882,40736,8445,ES,ES-MADRID
Madrid,6578079,2020-07-17,72882,40736,8445,ES,ES-MADRID
Melilla,86384,2020-05-15,119,119,2,ES,ES-MELILLA
Melilla,86384,2020-05-16,119,122,2,ES,ES-MELILLA
Melilla,86384,2020-05-17,119,122,2,ES,ES-MELILLA
Melilla,86384,2020-05-18,121,125,2,ES,ES-MELILLA
Melilla,86384,2020-05-19,121,125,2,ES,ES-MELILLA
Melilla,86384,2020-05-20,121,125,2,ES,ES-MELILLA
Melilla,86384,2020-05-21,121,0,2,ES,ES-MELILLA
Melilla,86384,2020-05-22,121,0,2,ES,ES-MELILLA
Melilla,86384,2020-05-23,121,0,2,ES,ES-MELILLA
Melilla,86384,2020-05-24,121,0,2,ES,ES-MELILLA
Melilla,86384,2020-05-25,121,0,2,ES,ES-MELILLA
Melilla,86384,2020-05-26,121,125,2,ES,ES-MELILLA
Melilla,86384,2020-05-27,121,125,2,ES,ES-MELILLA
Melilla,86384,2020-05-28,121,125,2,ES,ES-MELILLA
Melilla,86384,2020-05-29,121,125,2,ES,ES-MELILLA
Melilla,86384,2020-05-30,121,125,2,ES,ES-MELILLA
Melilla,86384,2020-05-31,121,125,2,ES,ES-MELILLA
Melilla,86384,2020-06-01,121,125,2,ES,ES-MELILLA
Melilla,86384,2020-06-02,122,125,2,ES,ES-MELILLA
Melilla,86384,2020-06-03,122,125,2,ES,ES-MELILLA
Melilla,86384,2020-06-04,122,125,2,ES,ES-MELILLA
Melilla,86384,2020-06-05,122,125,2,ES,ES-MELILLA
Melilla,86384,2020-06-06,122,125,2,ES,ES-MELILLA
Melilla,86384,2020-06-07,122,125,2,ES,ES-MELILLA
Melilla,86384,2020-06-08,122,120,2,ES,ES-MELILLA
Melilla,86384,2020-06-09,122,120,2,ES,ES-MELILLA
Melilla,86384,2020-06-10,122,120,2,ES,ES-MELILLA
Melilla,86384,2020-06-11,122,120,2,ES,ES-MELILLA
Melilla,86384,2020-06-12,122,120,2,ES,ES-MELILLA
Melilla,86384,2020-06-13,123,121,2,ES,ES-MELILLA
Melilla,86384,2020-06-14,124,122,2,ES,ES-MELILLA
Melilla,86384,2020-06-15,124,122,2,ES,ES-MELILLA
Melilla,86384,2020-06-16,124,122,2,ES,ES-MELILLA
Melilla,86384,2020-06-17,124,122,2,ES,ES-MELILLA
Melilla,86384,2020-06-18,124,122,2,ES,ES-MELILLA
Melilla,86384,2020-06-19,124,122,2,ES,ES-MELILLA
Melilla,86384,2020-06-20,124,122,2,ES,ES-MELILLA
Melilla,86384,2020-06-21,124,122,2,ES,ES-MELILLA
Melilla,86384,2020-06-22,127,125,2,ES,ES-MELILLA
Melilla,86384,2020-06-23,126,124,2,ES,ES-MELILLA
Melilla,86384,2020-06-24,126,124,2,ES,ES-MELILLA
Melilla,86384,2020-06-25,126,124,2,ES,ES-MELILLA
Melilla,86384,2020-06-26,126,124,2,ES,ES-MELILLA
Melilla,86384,2020-06-27,126,124,2,ES,ES-MELILLA
Melilla,86384,2020-06-28,126,124,2,ES,ES-MELILLA
Melilla,86384,2020-06-29,126,124,2,ES,ES-MELILLA
Melilla,86384,2020-06-30,126,124,2,ES,ES-MELILLA
Melilla,86384,2020-07-01,126,124,2,ES,ES-MELILLA
Melilla,86384,2020-07-02,126,124,2,ES,ES-MELILLA
Melilla,86384,2020-07-03,126,124,2,ES,ES-MELILLA
Melilla,86384,2020-07-04,126,124,2,ES,ES-MELILLA
Melilla,86384,2020-07-05,126,124,2,ES,ES-MELILLA
Melilla,86384,2020-07-06,126,124,2,ES,ES-MELILLA
Melilla,86384,2020-07-07,126,124,2,ES,ES-MELILLA
Melilla,86384,2020-07-08,126,124,2,ES,ES-MELILLA
Melilla,86384,2020-07-09,126,124,2,ES,ES-MELILLA
Melilla,86384,2020-07-10,126,124,2,ES,ES-MELILLA
Melilla,86384,2020-07-11,126,124,2,ES,ES-MELILLA
Melilla,86384,2020-07-12,126,124,2,ES,ES-MELILLA
Melilla,86384,2020-07-13,126,124,2,ES,ES-MELILLA
Melilla,86384,2020-07-14,126,124,2,ES,ES-MELILLA
Melilla,86384,2020-07-15,128,125,2,ES,ES-MELILLA
Melilla,86384,2020-07-16,128,125,2,ES,ES-MELILLA
Melilla,86384,2020-07-17,128,125,2,ES,ES-MELILLA
Murcia,1478509,2020-05-15,1534,2034,143,ES,ES-MURCIA
Murcia,1478509,2020-05-16,1542,2073,144,ES,ES-MURCIA
Murcia,1478509,2020-05-17,1542,2073,144,ES,ES-MURCIA
Murcia,1478509,2020-05-18,1556,2180,145,ES,ES-MURCIA
Murcia,1478509,2020-05-19,1558,2180,145,ES,ES-MURCIA
Murcia,1478509,2020-05-20,1560,2180,148,ES,ES-MURCIA
Murcia,1478509,2020-05-21,1570,0,149,ES,ES-MURCIA
Murcia,1478509,2020-05-22,1572,0,149,ES,ES-MURCIA
Murcia,1478509,2020-05-23,1575,0,149,ES,ES-MURCIA
Murcia,1478509,2020-05-24,1579,0,149,ES,ES-MURCIA
Murcia,1478509,2020-05-25,1573,0,139,ES,ES-MURCIA
Murcia,1478509,2020-05-26,1587,2180,148,ES,ES-MURCIA
Murcia,1478509,2020-05-27,1587,2180,148,ES,ES-MURCIA
Murcia,1478509,2020-05-28,1593,2180,148,ES,ES-MURCIA
Murcia,1478509,2020-05-29,1595,2180,148,ES,ES-MURCIA
Murcia,1478509,2020-05-30,1597,2180,148,ES,ES-MURCIA
Murcia,1478509,2020-05-31,1597,2180,148,ES,ES-MURCIA
Murcia,1478509,2020-06-01,1599,2180,148,ES,ES-MURCIA
Murcia,1478509,2020-06-02,1603,2180,148,ES,ES-MURCIA
Murcia,1478509,2020-06-03,1605,2180,148,ES,ES-MURCIA
Murcia,1478509,2020-06-04,1613,2180,148,ES,ES-MURCIA
Murcia,1478509,2020-06-05,1616,2180,148,ES,ES-MURCIA
Murcia,1478509,2020-06-06,1616,2180,148,ES,ES-MURCIA
Murcia,1478509,2020-06-07,1616,2180,148,ES,ES-MURCIA
Murcia,1478509,2020-06-08,1619,1471,148,ES,ES-MURCIA
Murcia,1478509,2020-06-09,1619,1471,148,ES,ES-MURCIA
Murcia,1478509,2020-06-10,1624,1476,148,ES,ES-MURCIA
Murcia,1478509,2020-06-11,1626,1478,148,ES,ES-MURCIA
Murcia,1478509,2020-06-12,1628,1480,148,ES,ES-MURCIA
Murcia,1478509,2020-06-13,1628,1480,148,ES,ES-MURCIA
Murcia,1478509,2020-06-14,1629,1481,148,ES,ES-MURCIA
Murcia,1478509,2020-06-15,1629,1481,148,ES,ES-MURCIA
Murcia,1478509,2020-06-16,1629,1481,148,ES,ES-MURCIA
Murcia,1478509,2020-06-17,1631,1483,148,ES,ES-MURCIA
Murcia,1478509,2020-06-18,1631,1483,148,ES,ES-MURCIA
Murcia,1478509,2020-06-19,1638,1491,147,ES,ES-MURCIA
Murcia,1478509,2020-06-20,1638,1491,147,ES,ES-MURCIA
Murcia,1478509,2020-06-21,1645,1498,147,ES,ES-MURCIA
Murcia,1478509,2020-06-22,1653,1506,147,ES,ES-MURCIA
Murcia,1478509,2020-06-23,1653,1506,147,ES,ES-MURCIA
Murcia,1478509,2020-06-24,1655,1508,147,ES,ES-MURCIA
Murcia,1478509,2020-06-25,1657,1510,147,ES,ES-MURCIA
Murcia,1478509,2020-06-26,1658,1511,147,ES,ES-MURCIA
Murcia,1478509,2020-06-27,1658,1511,147,ES,ES-MURCIA
Murcia,1478509,2020-06-28,1672,1525,147,ES,ES-MURCIA
Murcia,1478509,2020-06-29,1680,1533,147,ES,ES-MURCIA
Murcia,1478509,2020-06-30,1684,1537,147,ES,ES-MURCIA
Murcia,1478509,2020-07-01,1690,1543,147,ES,ES-MURCIA
Murcia,1478509,2020-07-02,1693,1545,148,ES,ES-MURCIA
Murcia,1478509,2020-07-03,1697,1549,148,ES,ES-MURCIA
Murcia,1478509,2020-07-04,1697,1549,148,ES,ES-MURCIA
Murcia,1478509,2020-07-05,1697,1549,148,ES,ES-MURCIA
Murcia,1478509,2020-07-06,1706,1558,148,ES,ES-MURCIA
Murcia,1478509,2020-07-07,1709,1561,148,ES,ES-MURCIA
Murcia,1478509,2020-07-08,1717,1569,148,ES,ES-MURCIA
Murcia,1478509,2020-07-09,1721,1573,148,ES,ES-MURCIA
Murcia,1478509,2020-07-10,1726,1578,148,ES,ES-MURCIA
Murcia,1478509,2020-07-11,1726,1578,148,ES,ES-MURCIA
Murcia,1478509,2020-07-12,1726,1578,148,ES,ES-MURCIA
Murcia,1478509,2020-07-13,1753,1605,148,ES,ES-MURCIA
Murcia,1478509,2020-07-14,1760,1612,148,ES,ES-MURCIA
Murcia,1478509,2020-07-15,1766,1618,148,ES,ES-MURCIA
Murcia,1478509,2020-07-16,1771,1623,148,ES,ES-MURCIA
Murcia,1478509,2020-07-17,1771,1623,148,ES,ES-MURCIA
Navarra,647554,2020-05-15,5116,3550,500,ES,ES-NAVARRA
Navarra,647554,2020-05-16,5137,3658,501,ES,ES-NAVARRA
Navarra,647554,2020-05-17,5137,3658,501,ES,ES-NAVARRA
Navarra,647554,2020-05-18,5178,3905,503,ES,ES-NAVARRA
Navarra,647554,2020-05-19,5202,3905,503,ES,ES-NAVARRA
Navarra,647554,2020-05-20,5136,3905,503,ES,ES-NAVARRA
Navarra,647554,2020-05-21,5195,0,506,ES,ES-NAVARRA
Navarra,647554,2020-05-22,5200,0,508,ES,ES-NAVARRA
Navarra,647554,2020-05-23,5205,0,509,ES,ES-NAVARRA
Navarra,647554,2020-05-24,5219,0,509,ES,ES-NAVARRA
Navarra,647554,2020-05-25,5195,0,490,ES,ES-NAVARRA
Navarra,647554,2020-05-26,5199,3905,490,ES,ES-NAVARRA
Navarra,647554,2020-05-27,5199,3905,490,ES,ES-NAVARRA
Navarra,647554,2020-05-28,5223,3905,490,ES,ES-NAVARRA
Navarra,647554,2020-05-29,5238,3905,490,ES,ES-NAVARRA
Navarra,647554,2020-05-30,5247,3905,490,ES,ES-NAVARRA
Navarra,647554,2020-05-31,5254,3905,490,ES,ES-NAVARRA
Navarra,647554,2020-06-01,5259,3905,490,ES,ES-NAVARRA
Navarra,647554,2020-06-02,5259,3905,490,ES,ES-NAVARRA
Navarra,647554,2020-06-03,5261,3905,490,ES,ES-NAVARRA
Navarra,647554,2020-06-04,5265,3905,490,ES,ES-NAVARRA
Navarra,647554,2020-06-05,5275,3905,490,ES,ES-NAVARRA
Navarra,647554,2020-06-06,5285,3905,490,ES,ES-NAVARRA
Navarra,647554,2020-06-07,5288,3905,490,ES,ES-NAVARRA
Navarra,647554,2020-06-08,5294,3905,490,ES,ES-NAVARRA
Navarra,647554,2020-06-09,5295,3905,490,ES,ES-NAVARRA
Navarra,647554,2020-06-10,5299,3905,490,ES,ES-NAVARRA
Navarra,647554,2020-06-11,5303,3905,490,ES,ES-NAVARRA
Navarra,647554,2020-06-12,5308,3905,490,ES,ES-NAVARRA
Navarra,647554,2020-06-13,5311,3905,490,ES,ES-NAVARRA
Navarra,647554,2020-06-14,5311,3905,490,ES,ES-NAVARRA
Navarra,647554,2020-06-15,5311,3905,490,ES,ES-NAVARRA
Navarra,647554,2020-06-16,5312,3905,490,ES,ES-NAVARRA
Navarra,647554,2020-06-17,5359,3905,490,ES,ES-NAVARRA
Navarra,647554,2020-06-18,5364,3905,490,ES,ES-NAVARRA
Navarra,647554,2020-06-19,5370,3905,528,ES,ES-NAVARRA
Navarra,647554,2020-06-20,5378,3905,528,ES,ES-NAVARRA
Navarra,647554,2020-06-21,5381,3905,528,ES,ES-NAVARRA
Navarra,647554,2020-06-22,5402,3905,528,ES,ES-NAVARRA
Navarra,647554,2020-06-23,5415,3905,528,ES,ES-NAVARRA
Navarra,647554,2020-06-24,5426,3905,528,ES,ES-NAVARRA
Navarra,647554,2020-06-25,5426,3905,528,ES,ES-NAVARRA
Navarra,647554,2020-06-26,5442,3905,528,ES,ES-NAVARRA
Navarra,647554,2020-06-27,5450,3905,528,ES,ES-NAVARRA
Navarra,647554,2020-06-28,5459,3905,528,ES,ES-NAVARRA
Navarra,647554,2020-06-29,5463,3905,528,ES,ES-NAVARRA
Navarra,647554,2020-06-30,5463,3905,528,ES,ES-NAVARRA
Navarra,647554,2020-07-01,5468,3905,528,ES,ES-NAVARRA
Navarra,647554,2020-07-02,5476,3905,528,ES,ES-NAVARRA
Navarra,647554,2020-07-03,5477,3905,528,ES,ES-NAVARRA
Navarra,647554,2020-07-04,5477,3905,528,ES,ES-NAVARRA
Navarra,647554,2020-07-05,5477,3905,528,ES,ES-NAVARRA
Navarra,647554,2020-07-06,5483,3905,528,ES,ES-NAVARRA
Navarra,647554,2020-07-07,5486,3905,528,ES,ES-NAVARRA
Navarra,647554,2020-07-08,5490,3905,528,ES,ES-NAVARRA
Navarra,647554,2020-07-09,5496,3905,528,ES,ES-NAVARRA
Navarra,647554,2020-07-10,5523,3905,528,ES,ES-NAVARRA
Navarra,647554,2020-07-11,5523,3905,528,ES,ES-NAVARRA
Navarra,647554,2020-07-12,5523,3905,528,ES,ES-NAVARRA
Navarra,647554,2020-07-13,5589,3905,528,ES,ES-NAVARRA
Navarra,647554,2020-07-14,5606,3905,528,ES,ES-NAVARRA
Navarra,647554,2020-07-15,5627,3905,528,ES,ES-NAVARRA
Navarra,647554,2020-07-16,5649,3905,529,ES,ES-NAVARRA
Navarra,647554,2020-07-17,5649,3905,529,ES,ES-NAVARRA
Pais Vasco,2199088,2020-05-15,13257,15256,1454,ES,ES-PAIS-VASCO
Pais Vasco,2199088,2020-05-16,13291,15678,1455,ES,ES-PAIS-VASCO
Pais Vasco,2199088,2020-05-17,13291,15678,1455,ES,ES-PAIS-VASCO
Pais Vasco,2199088,2020-05-18,13422,16160,1466,ES,ES-PAIS-VASCO
Pais Vasco,2199088,2020-05-19,13409,16160,1470,ES,ES-PAIS-VASCO
Pais Vasco,2199088,2020-05-20,13435,16160,1480,ES,ES-PAIS-VASCO
Pais Vasco,2199088,2020-05-21,13421,0,1483,ES,ES-PAIS-VASCO
Pais Vasco,2199088,2020-05-22,13454,0,1487,ES,ES-PAIS-VASCO
Pais Vasco,2199088,2020-05-23,13467,0,1494,ES,ES-PAIS-VASCO
Pais Vasco,2199088,2020-05-24,13476,0,1494,ES,ES-PAIS-VASCO
Pais Vasco,2199088,2020-05-25,13478,0,1424,ES,ES-PAIS-VASCO
Pais Vasco,2199088,2020-05-26,13486,16160,1424,ES,ES-PAIS-VASCO
Pais Vasco,2199088,2020-05-27,13486,16160,1424,ES,ES-PAIS-VASCO
Pais Vasco,2199088,2020-05-28,13489,16160,1424,ES,ES-PAIS-VASCO
Pais Vasco,2199088,2020-05-29,13494,16160,1424,ES,ES-PAIS-VASCO
Pais Vasco,2199088,2020-05-30,13506,16160,1424,ES,ES-PAIS-VASCO
Pais Vasco,2199088,2020-05-31,13508,16160,1424,ES,ES-PAIS-VASCO
Pais Vasco,2199088,2020-06-01,13511,16160,1424,ES,ES-PAIS-VASCO
Pais Vasco,2199088,2020-06-02,13513,16160,1424,ES,ES-PAIS-VASCO
Pais Vasco,2199088,2020-06-03,13523,16160,1424,ES,ES-PAIS-VASCO
Pais Vasco,2199088,2020-06-04,13527,16160,1424,ES,ES-PAIS-VASCO
Pais Vasco,2199088,2020-06-05,13529,16160,1424,ES,ES-PAIS-VASCO
Pais Vasco,2199088,2020-06-06,13535,16160,1424,ES,ES-PAIS-VASCO
Pais Vasco,2199088,2020-06-07,13542,16160,1424,ES,ES-PAIS-VASCO
Pais Vasco,2199088,2020-06-08,13548,12124,1424,ES,ES-PAIS-VASCO
Pais Vasco,2199088,2020-06-09,13555,12131,1424,ES,ES-PAIS-VASCO
Pais Vasco,2199088,2020-06-10,13588,12164,1424,ES,ES-PAIS-VASCO
Pais Vasco,2199088,2020-06-11,13595,12171,1424,ES,ES-PAIS-VASCO
Pais Vasco,2199088,2020-06-12,13603,12179,1424,ES,ES-PAIS-VASCO
Pais Vasco,2199088,2020-06-13,13616,12192,1424,ES,ES-PAIS-VASCO
Pais Vasco,2199088,2020-06-14,13626,12202,1424,ES,ES-PAIS-VASCO
Pais Vasco,2199088,2020-06-15,13638,12214,1424,ES,ES-PAIS-VASCO
Pais Vasco,2199088,2020-06-16,13648,12224,1424,ES,ES-PAIS-VASCO
Pais Vasco,2199088,2020-06-17,13658,12234,1424,ES,ES-PAIS-VASCO
Pais Vasco,2199088,2020-06-18,13670,12246,1424,ES,ES-PAIS-VASCO
Pais Vasco,2199088,2020-06-19,13679,12125,1554,ES,ES-PAIS-VASCO
Pais Vasco,2199088,2020-06-20,13693,12138,1555,ES,ES-PAIS-VASCO
Pais Vasco,2199088,2020-06-21,13708,12153,1555,ES,ES-PAIS-VASCO
Pais Vasco,2199088,2020-06-22,13715,12160,1555,ES,ES-PAIS-VASCO
Pais Vasco,2199088,2020-06-23,13727,12172,1555,ES,ES-PAIS-VASCO
Pais Vasco,2199088,2020-06-24,13742,12187,1555,ES,ES-PAIS-VASCO
Pais Vasco,2199088,2020-06-25,13745,12190,1555,ES,ES-PAIS-VASCO
Pais Vasco,2199088,2020-06-26,13756,12201,1555,ES,ES-PAIS-VASCO
Pais Vasco,2199088,2020-06-27,13766,12211,1555,ES,ES-PAIS-VASCO
Pais Vasco,2199088,2020-06-28,13767,12212,1555,ES,ES-PAIS-VASCO
Pais Vasco,2199088,2020-06-29,13772,12216,1556,ES,ES-PAIS-VASCO
Pais Vasco,2199088,2020-06-30,13783,12225,1558,ES,ES-PAIS-VASCO
Pais Vasco,2199088,2020-07-01,13792,12232,1560,ES,ES-PAIS-VASCO
Pais Vasco,2199088,2020-07-02,13798,12238,1560,ES,ES-PAIS-VASCO
Pais Vasco,2199088,2020-07-03,13809,12248,1561,ES,ES-PAIS-VASCO
Pais Vasco,2199088,2020-07-04,13809,12248,1561,ES,ES-PAIS-VASCO
Pais Vasco,2199088,2020-07-05,13809,12248,1561,ES,ES-PAIS-VASCO
Pais Vasco,2199088,2020-07-06,13828,12267,1561,ES,ES-PAIS-VASCO
Pais Vasco,2199088,2020-07-07,13859,12298,1561,ES,ES-PAIS-VASCO
Pais Vasco,2199088,2020-07-08,13884,12322,1562,ES,ES-PAIS-VASCO
Pais Vasco,2199088,2020-07-09,13903,12341,1562,ES,ES-PAIS-VASCO
Pais Vasco,2199088,2020-07-10,13939,12377,1562,ES,ES-PAIS-VASCO
Pais Vasco,2199088,2020-07-11,13939,12377,1562,ES,ES-PAIS-VASCO
Pais Vasco,2199088,2020-07-12,13939,12377,1562,ES,ES-PAIS-VASCO
Pais Vasco,2199088,2020-07-13,13955,12393,1562,ES,ES-PAIS-VASCO
Pais Vasco,2199088,2020-07-14,13989,12426,1563,ES,ES-PAIS-VASCO
Pais Vasco,2199088,2020-07-15,14043,12480,1563,ES,ES-PAIS-VASCO
Pais Vasco,2199088,2020-07-16,14099,12536,1563,ES,ES-PAIS-VASCO
Pais Vasco,2199088,2020-07-17,14099,12536,1563,ES,ES-PAIS-VASCO
other,0,2020-05-21,0,150376,0,ES,ES-XX
other,0,2020-05-22,0,150376,0,ES,ES-XX
other,0,2020-05-23,0,150376,0,ES,ES-XX
other,0,2020-05-24,0,150376,0,ES,ES-XX
other,0,2020-05-25,0,150376,0,ES,ES-XX
other,0,2020-05-26,0,0,0,ES,ES-XX
other,0,2020-05-27,0,0,0,ES,ES-XX
other,0,2020-05-28,0,0,0,ES,ES-XX
other,0,2020-05-29,0,0,0,ES,ES-XX
other,0,2020-05-30,0,0,0,ES,ES-XX
other,0,2020-05-31,0,0,0,ES,ES-XX
other,0,2020-06-01,0,0,0,ES,ES-XX
other,0,2020-06-02,0,0,0,ES,ES-XX
other,0,2020-06-03,0,0,0,ES,ES-XX
other,0,2020-06-04,0,0,0,ES,ES-XX
other,0,2020-06-05,0,0,0,ES,ES-XX
other,0,2020-06-06,0,0,0,ES,ES-XX
other,0,2020-06-07,0,0,0,ES,ES-XX
other,0,2020-06-08,0,0,0,ES,ES-XX
other,0,2020-06-09,0,0,0,ES,ES-XX
other,0,2020-06-10,0,0,0,ES,ES-XX
other,0,2020-06-11,0,0,0,ES,ES-XX
other,0,2020-06-12,0,0,0,ES,ES-XX
other,0,2020-06-13,0,0,0,ES,ES-XX
other,0,2020-06-14,0,0,0,ES,ES-XX
other,0,2020-06-15,0,0,0,ES,ES-XX
other,0,2020-06-16,0,0,0,ES,ES-XX
other,0,2020-06-17,0,0,0,ES,ES-XX
other,0,2020-06-18,0,0,0,ES,ES-XX
other,0,2020-06-19,0,0,0,ES,ES-XX
other,0,2020-06-20,0,0,0,ES,ES-XX
other,0,2020-06-21,0,0,0,ES,ES-XX
other,0,2020-06-22,0,0,0,ES,ES-XX
other,0,2020-06-23,0,0,0,ES,ES-XX
other,0,2020-06-24,0,0,0,ES,ES-XX
other,0,2020-06-25,0,0,0,ES,ES-XX
other,0,2020-06-26,0,0,0,ES,ES-XX
other,0,2020-06-27,0,0,0,ES,ES-XX
other,0,2020-06-28,0,0,0,ES,ES-XX
other,0,2020-06-29,0,0,0,ES,ES-XX
other,0,2020-06-30,0,0,0,ES,ES-XX
other,0,2020-07-01,0,0,0,ES,ES-XX
other,0,2020-07-02,0,0,0,ES,ES-XX
other,0,2020-07-03,0,0,0,ES,ES-XX
other,0,2020-07-04,0,0,0,ES,ES-XX
other,0,2020-07-05,0,0,0,ES,ES-XX
other,0,2020-07-06,0,0,0,ES,ES-XX
other,0,2020-07-07,0,0,0,ES,ES-XX
other,0,2020-07-08,0,0,0,ES,ES-XX
other,0,2020-07-09,0,0,0,ES,ES-XX
other,0,2020-07-10,0,0,0,ES,ES-XX
other,0,2020-07-11,0,0,0,ES,ES-XX
other,0,2020-07-12,0,0,0,ES,ES-XX
other,0,2020-07-13,0,0,0,ES,ES-XX
other,0,2020-07-14,0,0,0,ES,ES-XX
other,0,2020-07-15,0,0,0,ES,ES-XX
other,0,2020-07-16,0,0,0,ES,ES-XX
other,0,2020-07-17,0,0,0,ES,ES-XX
