state_name_en,population_number,reportDate,cases,recovered,deaths,countryCode,stateCode
Brandenburg,2485000,2020-01-27,0,0,0,DE,DE-BB
Brandenburg,2485000,2020-01-28,0,0,0,DE,DE-BB
Brandenburg,2485000,2020-01-29,0,0,0,DE,DE-BB
Brandenburg,2485000,2020-01-30,0,0,0,DE,DE-BB
Brandenburg,2485000,2020-01-31,0,0,0,DE,DE-BB
Brandenburg,2485000,2020-02-01,0,0,0,DE,DE-BB
Brandenburg,2485000,2020-02-02,0,0,0,DE,DE-BB
Brandenburg,2485000,2020-02-03,0,0,0,DE,DE-BB
Brandenburg,2485000,2020-02-04,0,0,0,DE,DE-BB
Brandenburg,2485000,2020-02-05,0,0,0,DE,DE-BB
Brandenburg,2485000,2020-02-06,0,0,0,DE,DE-BB
Brandenburg,2485000,2020-02-07,0,0,0,DE,DE-BB
Brandenburg,2485000,2020-02-08,0,0,0,DE,DE-BB
Brandenburg,2485000,2020-02-09,0,0,0,DE,DE-BB
Brandenburg,2485000,2020-02-10,0,0,0,DE,DE-BB
Brandenburg,2485000,2020-02-11,0,0,0,DE,DE-BB
Brandenburg,2485000,2020-02-12,0,0,0,DE,DE-BB
Brandenburg,2485000,2020-02-13,0,0,0,DE,DE-BB
Brandenburg,2485000,2020-02-14,0,0,0,DE,DE-BB
Brandenburg,2485000,2020-02-15,0,0,0,DE,DE-BB
Brandenburg,2485000,2020-02-16,0,0,0,DE,DE-BB
Brandenburg,2485000,2020-02-17,0,0,0,DE,DE-BB
Brandenburg,2485000,2020-02-18,0,0,0,DE,DE-BB
Brandenburg,2485000,2020-02-19,0,0,0,DE,DE-BB
Brandenburg,2485000,2020-02-20,0,0,0,DE,DE-BB
Brandenburg,2485000,2020-02-21,0,0,0,DE,DE-BB
Brandenburg,2485000,2020-02-22,0,0,0,DE,DE-BB
Brandenburg,2485000,2020-02-23,0,0,0,DE,DE-BB
Brandenburg,2485000,2020-02-24,0,0,0,DE,DE-BB
Brandenburg,2485000,2020-02-25,0,0,0,DE,DE-BB
Brandenburg,2485000,2020-02-26,0,0,0,DE,DE-BB
Brandenburg,2485000,2020-02-27,0,0,0,DE,DE-BB
Brandenburg,2485000,2020-02-28,0,0,0,DE,DE-BB
Brandenburg,2485000,2020-02-29,0,0,0,DE,DE-BB
Brandenburg,2485000,2020-03-01,0,0,0,DE,DE-BB
Brandenburg,2485000,2020-03-02,1,0,0,DE,DE-BB
Brandenburg,2485000,2020-03-03,1,0,0,DE,DE-BB
Brandenburg,2485000,2020-03-04,1,0,0,DE,DE-BB
Brandenburg,2485000,2020-03-05,1,0,0,DE,DE-BB
Brandenburg,2485000,2020-03-06,2,0,0,DE,DE-BB
Brandenburg,2485000,2020-03-07,2,0,0,DE,DE-BB
Brandenburg,2485000,2020-03-08,4,0,0,DE,DE-BB
Brandenburg,2485000,2020-03-09,6,0,0,DE,DE-BB
Brandenburg,2485000,2020-03-10,16,0,0,DE,DE-BB
Brandenburg,2485000,2020-03-11,24,0,0,DE,DE-BB
Brandenburg,2485000,2020-03-12,30,0,0,DE,DE-BB
Brandenburg,2485000,2020-03-13,44,0,0,DE,DE-BB
Brandenburg,2485000,2020-03-14,61,0,0,DE,DE-BB
Brandenburg,2485000,2020-03-15,84,0,0,DE,DE-BB
Brandenburg,2485000,2020-03-16,94,0,0,DE,DE-BB
Brandenburg,2485000,2020-03-17,114,1,0,DE,DE-BB
Brandenburg,2485000,2020-03-18,171,1,0,DE,DE-BB
Brandenburg,2485000,2020-03-19,204,1,0,DE,DE-BB
Brandenburg,2485000,2020-03-20,265,1,0,DE,DE-BB
Brandenburg,2485000,2020-03-21,315,1,1,DE,DE-BB
Brandenburg,2485000,2020-03-22,353,1,1,DE,DE-BB
Brandenburg,2485000,2020-03-23,385,1,1,DE,DE-BB
Brandenburg,2485000,2020-03-24,443,1,1,DE,DE-BB
Brandenburg,2485000,2020-03-25,505,1,1,DE,DE-BB
Brandenburg,2485000,2020-03-26,579,9,1,DE,DE-BB
Brandenburg,2485000,2020-03-27,696,16,3,DE,DE-BB
Brandenburg,2485000,2020-03-28,747,42,4,DE,DE-BB
Brandenburg,2485000,2020-03-29,833,47,4,DE,DE-BB
Brandenburg,2485000,2020-03-30,894,63,4,DE,DE-BB
Brandenburg,2485000,2020-03-31,945,77,5,DE,DE-BB
Brandenburg,2485000,2020-04-01,1038,116,8,DE,DE-BB
Brandenburg,2485000,2020-04-02,1124,133,12,DE,DE-BB
Brandenburg,2485000,2020-04-03,1311,133,14,DE,DE-BB
Brandenburg,2485000,2020-04-04,1388,133,24,DE,DE-BB
Brandenburg,2485000,2020-04-05,1452,133,27,DE,DE-BB
Brandenburg,2485000,2020-04-06,1511,241,31,DE,DE-BB
Brandenburg,2485000,2020-04-07,1574,241,35,DE,DE-BB
Brandenburg,2485000,2020-04-08,1613,287,35,DE,DE-BB
Brandenburg,2485000,2020-04-09,1782,374,48,DE,DE-BB
Brandenburg,2485000,2020-04-10,1867,478,48,DE,DE-BB
Brandenburg,2485000,2020-04-11,1920,493,50,DE,DE-BB
Brandenburg,2485000,2020-04-12,1973,493,50,DE,DE-BB
Brandenburg,2485000,2020-04-13,2075,642,59,DE,DE-BB
Brandenburg,2485000,2020-04-14,2118,900,65,DE,DE-BB
Brandenburg,2485000,2020-04-15,2159,950,71,DE,DE-BB
Brandenburg,2485000,2020-04-16,2249,1070,76,DE,DE-BB
Brandenburg,2485000,2020-04-17,2310,1170,79,DE,DE-BB
Brandenburg,2485000,2020-04-18,2338,1210,83,DE,DE-BB
Brandenburg,2485000,2020-04-19,2378,1220,88,DE,DE-BB
Brandenburg,2485000,2020-04-20,2396,1280,91,DE,DE-BB
Brandenburg,2485000,2020-04-21,2457,1380,94,DE,DE-BB
Brandenburg,2485000,2020-04-22,2503,1490,104,DE,DE-BB
Brandenburg,2485000,2020-04-23,2546,1575,104,DE,DE-BB
Brandenburg,2485000,2020-04-24,2647,1650,113,DE,DE-BB
Brandenburg,2485000,2020-04-25,2738,1820,125,DE,DE-BB
Brandenburg,2485000,2020-04-26,2780,1820,128,DE,DE-BB
Brandenburg,2485000,2020-04-27,2791,1860,131,DE,DE-BB
Brandenburg,2485000,2020-04-28,2815,1930,136,DE,DE-BB
Brandenburg,2485000,2020-04-29,2860,2010,137,DE,DE-BB
Brandenburg,2485000,2020-04-30,2885,2010,145,DE,DE-BB
Brandenburg,2485000,2020-05-01,2921,2210,148,DE,DE-BB
Brandenburg,2485000,2020-05-02,2965,2220,151,DE,DE-BB
Brandenburg,2485000,2020-05-03,2989,2240,151,DE,DE-BB
Brandenburg,2485000,2020-05-04,2999,2240,151,DE,DE-BB
Berlin,3520000,2020-01-27,0,0,0,DE,DE-BE
Berlin,3520000,2020-01-28,0,0,0,DE,DE-BE
Berlin,3520000,2020-01-29,0,0,0,DE,DE-BE
Berlin,3520000,2020-01-30,0,0,0,DE,DE-BE
Berlin,3520000,2020-01-31,0,0,0,DE,DE-BE
Berlin,3520000,2020-02-01,0,0,0,DE,DE-BE
Berlin,3520000,2020-02-02,0,0,0,DE,DE-BE
Berlin,3520000,2020-02-03,0,0,0,DE,DE-BE
Berlin,3520000,2020-02-04,0,0,0,DE,DE-BE
Berlin,3520000,2020-02-05,0,0,0,DE,DE-BE
Berlin,3520000,2020-02-06,0,0,0,DE,DE-BE
Berlin,3520000,2020-02-07,0,0,0,DE,DE-BE
Berlin,3520000,2020-02-08,0,0,0,DE,DE-BE
Berlin,3520000,2020-02-09,0,0,0,DE,DE-BE
Berlin,3520000,2020-02-10,0,0,0,DE,DE-BE
Berlin,3520000,2020-02-11,0,0,0,DE,DE-BE
Berlin,3520000,2020-02-12,0,0,0,DE,DE-BE
Berlin,3520000,2020-02-13,0,0,0,DE,DE-BE
Berlin,3520000,2020-02-14,0,0,0,DE,DE-BE
Berlin,3520000,2020-02-15,0,0,0,DE,DE-BE
Berlin,3520000,2020-02-16,0,0,0,DE,DE-BE
Berlin,3520000,2020-02-17,0,0,0,DE,DE-BE
Berlin,3520000,2020-02-18,0,0,0,DE,DE-BE
Berlin,3520000,2020-02-19,0,0,0,DE,DE-BE
Berlin,3520000,2020-02-20,0,0,0,DE,DE-BE
Berlin,3520000,2020-02-21,0,0,0,DE,DE-BE
Berlin,3520000,2020-02-22,0,0,0,DE,DE-BE
Berlin,3520000,2020-02-23,0,0,0,DE,DE-BE
Berlin,3520000,2020-02-24,0,0,0,DE,DE-BE
Berlin,3520000,2020-02-25,0,0,0,DE,DE-BE
Berlin,3520000,2020-02-26,0,0,0,DE,DE-BE
Berlin,3520000,2020-02-27,0,0,0,DE,DE-BE
Berlin,3520000,2020-02-28,0,0,0,DE,DE-BE
Berlin,3520000,2020-02-29,0,0,0,DE,DE-BE
Berlin,3520000,2020-03-01,0,0,0,DE,DE-BE
Berlin,3520000,2020-03-02,0,0,0,DE,DE-BE
Berlin,3520000,2020-03-03,3,0,0,DE,DE-BE
Berlin,3520000,2020-03-04,7,0,0,DE,DE-BE
Berlin,3520000,2020-03-05,13,0,0,DE,DE-BE
Berlin,3520000,2020-03-06,19,0,0,DE,DE-BE
Berlin,3520000,2020-03-07,28,0,0,DE,DE-BE
Berlin,3520000,2020-03-08,40,0,0,DE,DE-BE
Berlin,3520000,2020-03-09,48,0,0,DE,DE-BE
Berlin,3520000,2020-03-10,58,0,0,DE,DE-BE
Berlin,3520000,2020-03-11,90,0,0,DE,DE-BE
Berlin,3520000,2020-03-12,137,0,0,DE,DE-BE
Berlin,3520000,2020-03-13,174,0,0,DE,DE-BE
Berlin,3520000,2020-03-14,216,0,0,DE,DE-BE
Berlin,3520000,2020-03-15,283,0,0,DE,DE-BE
Berlin,3520000,2020-03-16,332,0,0,DE,DE-BE
Berlin,3520000,2020-03-17,383,1,0,DE,DE-BE
Berlin,3520000,2020-03-18,519,6,0,DE,DE-BE
Berlin,3520000,2020-03-19,688,6,0,DE,DE-BE
Berlin,3520000,2020-03-20,868,6,1,DE,DE-BE
Berlin,3520000,2020-03-21,1025,6,1,DE,DE-BE
Berlin,3520000,2020-03-22,1071,6,1,DE,DE-BE
Berlin,3520000,2020-03-23,1219,6,2,DE,DE-BE
Berlin,3520000,2020-03-24,1425,6,3,DE,DE-BE
Berlin,3520000,2020-03-25,1645,6,4,DE,DE-BE
Berlin,3520000,2020-03-26,1937,6,5,DE,DE-BE
Berlin,3520000,2020-03-27,2152,645,8,DE,DE-BE
Berlin,3520000,2020-03-28,2337,645,9,DE,DE-BE
Berlin,3520000,2020-03-29,2462,845,11,DE,DE-BE
Berlin,3520000,2020-03-30,2581,1055,13,DE,DE-BE
Berlin,3520000,2020-03-31,2777,1055,15,DE,DE-BE
Berlin,3520000,2020-04-01,2993,1369,17,DE,DE-BE
Berlin,3520000,2020-04-02,3223,1564,20,DE,DE-BE
Berlin,3520000,2020-04-03,3486,1720,22,DE,DE-BE
Berlin,3520000,2020-04-04,3626,1857,24,DE,DE-BE
Berlin,3520000,2020-04-05,3687,1938,26,DE,DE-BE
Berlin,3520000,2020-04-06,3862,2097,28,DE,DE-BE
Berlin,3520000,2020-04-07,4038,2233,32,DE,DE-BE
Berlin,3520000,2020-04-08,4212,2341,37,DE,DE-BE
Berlin,3520000,2020-04-09,4357,2481,42,DE,DE-BE
Berlin,3520000,2020-04-10,4446,2569,46,DE,DE-BE
Berlin,3520000,2020-04-11,4553,2569,50,DE,DE-BE
Berlin,3520000,2020-04-12,4583,2787,51,DE,DE-BE
Berlin,3520000,2020-04-13,4667,2787,56,DE,DE-BE
Berlin,3520000,2020-04-14,4736,2864,62,DE,DE-BE
Berlin,3520000,2020-04-15,4870,2864,74,DE,DE-BE
Berlin,3520000,2020-04-16,4971,3480,84,DE,DE-BE
Berlin,3520000,2020-04-17,5091,3641,91,DE,DE-BE
Berlin,3520000,2020-04-18,5187,3757,92,DE,DE-BE
Berlin,3520000,2020-04-19,5225,4015,94,DE,DE-BE
Berlin,3520000,2020-04-20,5265,4015,97,DE,DE-BE
Berlin,3520000,2020-04-21,5341,4044,105,DE,DE-BE
Berlin,3520000,2020-04-22,5355,4044,105,DE,DE-BE
Berlin,3520000,2020-04-23,5476,4044,112,DE,DE-BE
Berlin,3520000,2020-04-24,5532,4412,113,DE,DE-BE
Berlin,3520000,2020-04-25,5607,4508,123,DE,DE-BE
Berlin,3520000,2020-04-26,5644,4587,125,DE,DE-BE
Berlin,3520000,2020-04-27,5677,4652,127,DE,DE-BE
Berlin,3520000,2020-04-28,5738,4730,137,DE,DE-BE
Berlin,3520000,2020-04-29,5821,4837,147,DE,DE-BE
Berlin,3520000,2020-04-30,5881,4897,149,DE,DE-BE
Berlin,3520000,2020-05-01,5936,4978,152,DE,DE-BE
Berlin,3520000,2020-05-02,5970,5040,154,DE,DE-BE
Berlin,3520000,2020-05-03,6004,5091,154,DE,DE-BE
Berlin,3520000,2020-05-04,6010,5091,154,DE,DE-BE
Baden-Württemberg,10880000,2020-01-27,0,0,0,DE,DE-BW
Baden-Württemberg,10880000,2020-01-28,0,0,0,DE,DE-BW
Baden-Württemberg,10880000,2020-01-29,0,0,0,DE,DE-BW
Baden-Württemberg,10880000,2020-01-30,0,0,0,DE,DE-BW
Baden-Württemberg,10880000,2020-01-31,0,0,0,DE,DE-BW
Baden-Württemberg,10880000,2020-02-01,0,0,0,DE,DE-BW
Baden-Württemberg,10880000,2020-02-02,0,0,0,DE,DE-BW
Baden-Württemberg,10880000,2020-02-03,0,0,0,DE,DE-BW
Baden-Württemberg,10880000,2020-02-04,0,0,0,DE,DE-BW
Baden-Württemberg,10880000,2020-02-05,0,0,0,DE,DE-BW
Baden-Württemberg,10880000,2020-02-06,0,0,0,DE,DE-BW
Baden-Württemberg,10880000,2020-02-07,0,0,0,DE,DE-BW
Baden-Württemberg,10880000,2020-02-08,0,0,0,DE,DE-BW
Baden-Württemberg,10880000,2020-02-09,0,0,0,DE,DE-BW
Baden-Württemberg,10880000,2020-02-10,0,0,0,DE,DE-BW
Baden-Württemberg,10880000,2020-02-11,0,0,0,DE,DE-BW
Baden-Württemberg,10880000,2020-02-12,0,0,0,DE,DE-BW
Baden-Württemberg,10880000,2020-02-13,0,0,0,DE,DE-BW
Baden-Württemberg,10880000,2020-02-14,0,0,0,DE,DE-BW
Baden-Württemberg,10880000,2020-02-15,0,0,0,DE,DE-BW
Baden-Württemberg,10880000,2020-02-16,0,0,0,DE,DE-BW
Baden-Württemberg,10880000,2020-02-17,0,0,0,DE,DE-BW
Baden-Württemberg,10880000,2020-02-18,0,0,0,DE,DE-BW
Baden-Württemberg,10880000,2020-02-19,0,0,0,DE,DE-BW
Baden-Württemberg,10880000,2020-02-20,0,0,0,DE,DE-BW
Baden-Württemberg,10880000,2020-02-21,0,0,0,DE,DE-BW
Baden-Württemberg,10880000,2020-02-22,0,0,0,DE,DE-BW
Baden-Württemberg,10880000,2020-02-23,0,0,0,DE,DE-BW
Baden-Württemberg,10880000,2020-02-24,0,0,0,DE,DE-BW
Baden-Württemberg,10880000,2020-02-25,1,0,0,DE,DE-BW
Baden-Württemberg,10880000,2020-02-26,3,0,0,DE,DE-BW
Baden-Württemberg,10880000,2020-02-27,6,0,0,DE,DE-BW
Baden-Württemberg,10880000,2020-02-28,10,0,0,DE,DE-BW
Baden-Württemberg,10880000,2020-02-29,14,0,0,DE,DE-BW
Baden-Württemberg,10880000,2020-03-01,15,0,0,DE,DE-BW
Baden-Württemberg,10880000,2020-03-02,19,0,0,DE,DE-BW
Baden-Württemberg,10880000,2020-03-03,26,0,0,DE,DE-BW
Baden-Württemberg,10880000,2020-03-04,50,0,0,DE,DE-BW
Baden-Württemberg,10880000,2020-03-05,73,0,0,DE,DE-BW
Baden-Württemberg,10880000,2020-03-06,96,0,0,DE,DE-BW
Baden-Württemberg,10880000,2020-03-07,170,0,0,DE,DE-BW
Baden-Württemberg,10880000,2020-03-08,182,0,0,DE,DE-BW
Baden-Württemberg,10880000,2020-03-09,204,0,0,DE,DE-BW
Baden-Württemberg,10880000,2020-03-10,277,2,0,DE,DE-BW
Baden-Württemberg,10880000,2020-03-11,335,2,0,DE,DE-BW
Baden-Württemberg,10880000,2020-03-12,454,2,1,DE,DE-BW
Baden-Württemberg,10880000,2020-03-13,569,2,3,DE,DE-BW
Baden-Württemberg,10880000,2020-03-14,827,2,3,DE,DE-BW
Baden-Württemberg,10880000,2020-03-15,977,2,3,DE,DE-BW
Baden-Württemberg,10880000,2020-03-16,1105,7,3,DE,DE-BW
Baden-Württemberg,10880000,2020-03-17,1641,7,6,DE,DE-BW
Baden-Württemberg,10880000,2020-03-18,2184,8,8,DE,DE-BW
Baden-Württemberg,10880000,2020-03-19,2748,8,11,DE,DE-BW
Baden-Württemberg,10880000,2020-03-20,3665,14,17,DE,DE-BW
Baden-Württemberg,10880000,2020-03-21,3818,19,23,DE,DE-BW
Baden-Württemberg,10880000,2020-03-22,4300,29,23,DE,DE-BW
Baden-Württemberg,10880000,2020-03-23,5333,130,31,DE,DE-BW
Baden-Württemberg,10880000,2020-03-24,6043,168,37,DE,DE-BW
Baden-Württemberg,10880000,2020-03-25,7252,186,56,DE,DE-BW
Baden-Württemberg,10880000,2020-03-26,8441,285,76,DE,DE-BW
Baden-Württemberg,10880000,2020-03-27,9729,366,101,DE,DE-BW
Baden-Württemberg,10880000,2020-03-28,10819,552,118,DE,DE-BW
Baden-Württemberg,10880000,2020-03-29,11536,639,128,DE,DE-BW
Baden-Württemberg,10880000,2020-03-30,12257,1058,163,DE,DE-BW
Baden-Württemberg,10880000,2020-03-31,13313,1368,196,DE,DE-BW
Baden-Württemberg,10880000,2020-04-01,14580,1754,239,DE,DE-BW
Baden-Württemberg,10880000,2020-04-02,15971,2363,281,DE,DE-BW
Baden-Württemberg,10880000,2020-04-03,17180,2894,321,DE,DE-BW
Baden-Württemberg,10880000,2020-04-04,18515,2894,363,DE,DE-BW
Baden-Württemberg,10880000,2020-04-05,19287,2894,383,DE,DE-BW
Baden-Württemberg,10880000,2020-04-06,20029,4996,427,DE,DE-BW
Baden-Württemberg,10880000,2020-04-07,20635,5967,464,DE,DE-BW
Baden-Württemberg,10880000,2020-04-08,21450,12267,514,DE,DE-BW
Baden-Württemberg,10880000,2020-04-09,22298,12267,564,DE,DE-BW
Baden-Württemberg,10880000,2020-04-10,23478,12267,614,DE,DE-BW
Baden-Württemberg,10880000,2020-04-11,23938,12267,641,DE,DE-BW
Baden-Württemberg,10880000,2020-04-12,24431,12267,669,DE,DE-BW
Baden-Württemberg,10880000,2020-04-13,24898,12267,702,DE,DE-BW
Baden-Württemberg,10880000,2020-04-14,25289,12267,756,DE,DE-BW
Baden-Württemberg,10880000,2020-04-15,26050,12834,820,DE,DE-BW
Baden-Württemberg,10880000,2020-04-16,26630,12834,874,DE,DE-BW
Baden-Württemberg,10880000,2020-04-17,27328,14464,922,DE,DE-BW
Baden-Württemberg,10880000,2020-04-18,27710,14464,952,DE,DE-BW
Baden-Württemberg,10880000,2020-04-19,28078,14464,968,DE,DE-BW
Baden-Württemberg,10880000,2020-04-20,28537,16337,1014,DE,DE-BW
Baden-Württemberg,10880000,2020-04-21,28793,17045,1062,DE,DE-BW
Baden-Württemberg,10880000,2020-04-22,29350,17807,1103,DE,DE-BW
Baden-Württemberg,10880000,2020-04-23,29912,18558,1172,DE,DE-BW
Baden-Württemberg,10880000,2020-04-24,30369,19339,1203,DE,DE-BW
Baden-Württemberg,10880000,2020-04-25,30739,19339,1237,DE,DE-BW
Baden-Württemberg,10880000,2020-04-26,31017,20701,1249,DE,DE-BW
Baden-Württemberg,10880000,2020-04-27,31177,21126,1269,DE,DE-BW
Baden-Württemberg,10880000,2020-04-28,31406,21706,1307,DE,DE-BW
Baden-Württemberg,10880000,2020-04-29,31589,22241,1354,DE,DE-BW
Baden-Württemberg,10880000,2020-04-30,31901,22950,1387,DE,DE-BW
Baden-Württemberg,10880000,2020-05-01,32123,23574,1403,DE,DE-BW
Baden-Württemberg,10880000,2020-05-02,32272,24280,1413,DE,DE-BW
Baden-Württemberg,10880000,2020-05-03,32389,24280,1422,DE,DE-BW
Baden-Württemberg,10880000,2020-05-04,32411,24280,1422,DE,DE-BW
Bavaria,12844000,2020-01-27,1,0,0,DE,DE-BY
Bavaria,12844000,2020-01-28,4,0,0,DE,DE-BY
Bavaria,12844000,2020-01-29,4,0,0,DE,DE-BY
Bavaria,12844000,2020-01-30,5,0,0,DE,DE-BY
Bavaria,12844000,2020-01-31,7,0,0,DE,DE-BY
Bavaria,12844000,2020-02-01,8,0,0,DE,DE-BY
Bavaria,12844000,2020-02-02,8,0,0,DE,DE-BY
Bavaria,12844000,2020-02-03,10,0,0,DE,DE-BY
Bavaria,12844000,2020-02-04,10,0,0,DE,DE-BY
Bavaria,12844000,2020-02-05,10,0,0,DE,DE-BY
Bavaria,12844000,2020-02-06,11,0,0,DE,DE-BY
Bavaria,12844000,2020-02-07,12,0,0,DE,DE-BY
Bavaria,12844000,2020-02-08,12,0,0,DE,DE-BY
Bavaria,12844000,2020-02-09,12,0,0,DE,DE-BY
Bavaria,12844000,2020-02-10,12,0,0,DE,DE-BY
Bavaria,12844000,2020-02-11,14,0,0,DE,DE-BY
Bavaria,12844000,2020-02-12,14,0,0,DE,DE-BY
Bavaria,12844000,2020-02-13,14,1,0,DE,DE-BY
Bavaria,12844000,2020-02-14,14,1,0,DE,DE-BY
Bavaria,12844000,2020-02-15,14,1,0,DE,DE-BY
Bavaria,12844000,2020-02-16,14,1,0,DE,DE-BY
Bavaria,12844000,2020-02-17,14,7,0,DE,DE-BY
Bavaria,12844000,2020-02-18,14,9,0,DE,DE-BY
Bavaria,12844000,2020-02-19,14,10,0,DE,DE-BY
Bavaria,12844000,2020-02-20,14,10,0,DE,DE-BY
Bavaria,12844000,2020-02-21,14,11,0,DE,DE-BY
Bavaria,12844000,2020-02-22,14,11,0,DE,DE-BY
Bavaria,12844000,2020-02-23,14,11,0,DE,DE-BY
Bavaria,12844000,2020-02-24,14,12,0,DE,DE-BY
Bavaria,12844000,2020-02-25,14,13,0,DE,DE-BY
Bavaria,12844000,2020-02-26,14,13,0,DE,DE-BY
Bavaria,12844000,2020-02-27,14,14,0,DE,DE-BY
Bavaria,12844000,2020-02-28,15,14,0,DE,DE-BY
Bavaria,12844000,2020-02-29,15,14,0,DE,DE-BY
Bavaria,12844000,2020-03-01,19,14,0,DE,DE-BY
Bavaria,12844000,2020-03-02,25,14,0,DE,DE-BY
Bavaria,12844000,2020-03-03,35,14,0,DE,DE-BY
Bavaria,12844000,2020-03-04,48,14,0,DE,DE-BY
Bavaria,12844000,2020-03-05,70,14,0,DE,DE-BY
Bavaria,12844000,2020-03-06,117,14,0,DE,DE-BY
Bavaria,12844000,2020-03-07,134,14,0,DE,DE-BY
Bavaria,12844000,2020-03-08,172,14,0,DE,DE-BY
Bavaria,12844000,2020-03-09,256,14,0,DE,DE-BY
Bavaria,12844000,2020-03-10,314,14,0,DE,DE-BY
Bavaria,12844000,2020-03-11,366,14,0,DE,DE-BY
Bavaria,12844000,2020-03-12,500,14,1,DE,DE-BY
Bavaria,12844000,2020-03-13,558,14,1,DE,DE-BY
Bavaria,12844000,2020-03-14,681,14,1,DE,DE-BY
Bavaria,12844000,2020-03-15,886,14,4,DE,DE-BY
Bavaria,12844000,2020-03-16,1067,14,5,DE,DE-BY
Bavaria,12844000,2020-03-17,1352,14,5,DE,DE-BY
Bavaria,12844000,2020-03-18,1798,14,5,DE,DE-BY
Bavaria,12844000,2020-03-19,2282,14,13,DE,DE-BY
Bavaria,12844000,2020-03-20,3107,15,20,DE,DE-BY
Bavaria,12844000,2020-03-21,3695,15,21,DE,DE-BY
Bavaria,12844000,2020-03-22,4457,21,22,DE,DE-BY
Bavaria,12844000,2020-03-23,5719,21,27,DE,DE-BY
Bavaria,12844000,2020-03-24,6362,41,33,DE,DE-BY
Bavaria,12844000,2020-03-25,7689,47,41,DE,DE-BY
Bavaria,12844000,2020-03-26,8842,99,52,DE,DE-BY
Bavaria,12844000,2020-03-27,10180,208,59,DE,DE-BY
Bavaria,12844000,2020-03-28,11862,276,85,DE,DE-BY
Bavaria,12844000,2020-03-29,13263,332,110,DE,DE-BY
Bavaria,12844000,2020-03-30,14437,637,133,DE,DE-BY
Bavaria,12844000,2020-03-31,15505,900,191,DE,DE-BY
Bavaria,12844000,2020-04-01,17151,2230,241,DE,DE-BY
Bavaria,12844000,2020-04-02,19153,2910,277,DE,DE-BY
Bavaria,12844000,2020-04-03,20962,3690,327,DE,DE-BY
Bavaria,12844000,2020-04-04,23049,4540,370,DE,DE-BY
Bavaria,12844000,2020-04-05,24350,4540,411,DE,DE-BY
Bavaria,12844000,2020-04-06,25355,5810,444,DE,DE-BY
Bavaria,12844000,2020-04-07,26567,6660,495,DE,DE-BY
Bavaria,12844000,2020-04-08,28053,7900,589,DE,DE-BY
Bavaria,12844000,2020-04-09,29262,9330,653,DE,DE-BY
Bavaria,12844000,2020-04-10,30862,10720,721,DE,DE-BY
Bavaria,12844000,2020-04-11,31773,11970,760,DE,DE-BY
Bavaria,12844000,2020-04-12,32782,12820,803,DE,DE-BY
Bavaria,12844000,2020-04-13,33329,13620,834,DE,DE-BY
Bavaria,12844000,2020-04-14,33913,14910,891,DE,DE-BY
Bavaria,12844000,2020-04-15,34664,16310,995,DE,DE-BY
Bavaria,12844000,2020-04-16,35523,17920,1070,DE,DE-BY
Bavaria,12844000,2020-04-17,36520,19610,1164,DE,DE-BY
Bavaria,12844000,2020-04-18,37254,20880,1226,DE,DE-BY
Bavaria,12844000,2020-04-19,37786,21620,1271,DE,DE-BY
Bavaria,12844000,2020-04-20,38232,21620,1299,DE,DE-BY
Bavaria,12844000,2020-04-21,38618,21620,1354,DE,DE-BY
Bavaria,12844000,2020-04-22,39190,23860,1443,DE,DE-BY
Bavaria,12844000,2020-04-23,39820,25140,1502,DE,DE-BY
Bavaria,12844000,2020-04-24,40473,26340,1548,DE,DE-BY
Bavaria,12844000,2020-04-25,40951,27530,1584,DE,DE-BY
Bavaria,12844000,2020-04-26,41295,28300,1613,DE,DE-BY
Bavaria,12844000,2020-04-27,41415,28900,1636,DE,DE-BY
Bavaria,12844000,2020-04-28,41804,29580,1708,DE,DE-BY
Bavaria,12844000,2020-04-29,42217,30540,1780,DE,DE-BY
Bavaria,12844000,2020-04-30,42495,31600,1816,DE,DE-BY
Bavaria,12844000,2020-05-01,42916,32580,1886,DE,DE-BY
Bavaria,12844000,2020-05-02,43050,33610,1907,DE,DE-BY
Bavaria,12844000,2020-05-03,43204,34230,1933,DE,DE-BY
Bavaria,12844000,2020-05-04,43407,34610,1950,DE,DE-BY
Bremen,671000,2020-01-27,0,0,0,DE,DE-HB
Bremen,671000,2020-01-28,0,0,0,DE,DE-HB
Bremen,671000,2020-01-29,0,0,0,DE,DE-HB
Bremen,671000,2020-01-30,0,0,0,DE,DE-HB
Bremen,671000,2020-01-31,0,0,0,DE,DE-HB
Bremen,671000,2020-02-01,0,0,0,DE,DE-HB
Bremen,671000,2020-02-02,0,0,0,DE,DE-HB
Bremen,671000,2020-02-03,0,0,0,DE,DE-HB
Bremen,671000,2020-02-04,0,0,0,DE,DE-HB
Bremen,671000,2020-02-05,0,0,0,DE,DE-HB
Bremen,671000,2020-02-06,0,0,0,DE,DE-HB
Bremen,671000,2020-02-07,0,0,0,DE,DE-HB
Bremen,671000,2020-02-08,0,0,0,DE,DE-HB
Bremen,671000,2020-02-09,0,0,0,DE,DE-HB
Bremen,671000,2020-02-10,0,0,0,DE,DE-HB
Bremen,671000,2020-02-11,0,0,0,DE,DE-HB
Bremen,671000,2020-02-12,0,0,0,DE,DE-HB
Bremen,671000,2020-02-13,0,0,0,DE,DE-HB
Bremen,671000,2020-02-14,0,0,0,DE,DE-HB
Bremen,671000,2020-02-15,0,0,0,DE,DE-HB
Bremen,671000,2020-02-16,0,0,0,DE,DE-HB
Bremen,671000,2020-02-17,0,0,0,DE,DE-HB
Bremen,671000,2020-02-18,0,0,0,DE,DE-HB
Bremen,671000,2020-02-19,0,0,0,DE,DE-HB
Bremen,671000,2020-02-20,0,0,0,DE,DE-HB
Bremen,671000,2020-02-21,0,0,0,DE,DE-HB
Bremen,671000,2020-02-22,0,0,0,DE,DE-HB
Bremen,671000,2020-02-23,0,0,0,DE,DE-HB
Bremen,671000,2020-02-24,0,0,0,DE,DE-HB
Bremen,671000,2020-02-25,0,0,0,DE,DE-HB
Bremen,671000,2020-02-26,0,0,0,DE,DE-HB
Bremen,671000,2020-02-27,0,0,0,DE,DE-HB
Bremen,671000,2020-02-28,0,0,0,DE,DE-HB
Bremen,671000,2020-02-29,0,0,0,DE,DE-HB
Bremen,671000,2020-03-01,1,0,0,DE,DE-HB
Bremen,671000,2020-03-02,1,0,0,DE,DE-HB
Bremen,671000,2020-03-03,1,0,0,DE,DE-HB
Bremen,671000,2020-03-04,3,0,0,DE,DE-HB
Bremen,671000,2020-03-05,3,0,0,DE,DE-HB
Bremen,671000,2020-03-06,4,0,0,DE,DE-HB
Bremen,671000,2020-03-07,4,0,0,DE,DE-HB
Bremen,671000,2020-03-08,4,0,0,DE,DE-HB
Bremen,671000,2020-03-09,4,0,0,DE,DE-HB
Bremen,671000,2020-03-10,22,0,0,DE,DE-HB
Bremen,671000,2020-03-11,32,1,0,DE,DE-HB
Bremen,671000,2020-03-12,38,1,0,DE,DE-HB
Bremen,671000,2020-03-13,42,1,0,DE,DE-HB
Bremen,671000,2020-03-14,53,1,0,DE,DE-HB
Bremen,671000,2020-03-15,56,1,0,DE,DE-HB
Bremen,671000,2020-03-16,57,1,0,DE,DE-HB
Bremen,671000,2020-03-17,66,3,0,DE,DE-HB
Bremen,671000,2020-03-18,75,3,0,DE,DE-HB
Bremen,671000,2020-03-19,119,3,0,DE,DE-HB
Bremen,671000,2020-03-20,127,3,0,DE,DE-HB
Bremen,671000,2020-03-21,168,3,0,DE,DE-HB
Bremen,671000,2020-03-22,173,3,0,DE,DE-HB
Bremen,671000,2020-03-23,175,26,0,DE,DE-HB
Bremen,671000,2020-03-24,195,26,0,DE,DE-HB
Bremen,671000,2020-03-25,212,35,1,DE,DE-HB
Bremen,671000,2020-03-26,244,40,1,DE,DE-HB
Bremen,671000,2020-03-27,263,53,2,DE,DE-HB
Bremen,671000,2020-03-28,278,53,2,DE,DE-HB
Bremen,671000,2020-03-29,290,53,2,DE,DE-HB
Bremen,671000,2020-03-30,297,71,4,DE,DE-HB
Bremen,671000,2020-03-31,315,71,5,DE,DE-HB
Bremen,671000,2020-04-01,330,93,6,DE,DE-HB
Bremen,671000,2020-04-02,341,109,6,DE,DE-HB
Bremen,671000,2020-04-03,354,109,6,DE,DE-HB
Bremen,671000,2020-04-04,388,135,6,DE,DE-HB
Bremen,671000,2020-04-05,394,135,8,DE,DE-HB
Bremen,671000,2020-04-06,395,161,9,DE,DE-HB
Bremen,671000,2020-04-07,422,181,10,DE,DE-HB
Bremen,671000,2020-04-08,442,197,11,DE,DE-HB
Bremen,671000,2020-04-09,451,211,13,DE,DE-HB
Bremen,671000,2020-04-10,454,211,13,DE,DE-HB
Bremen,671000,2020-04-11,477,235,15,DE,DE-HB
Bremen,671000,2020-04-12,480,235,15,DE,DE-HB
Bremen,671000,2020-04-13,489,253,20,DE,DE-HB
Bremen,671000,2020-04-14,497,259,21,DE,DE-HB
Bremen,671000,2020-04-15,504,271,21,DE,DE-HB
Bremen,671000,2020-04-16,553,286,22,DE,DE-HB
Bremen,671000,2020-04-17,564,301,24,DE,DE-HB
Bremen,671000,2020-04-18,582,301,25,DE,DE-HB
Bremen,671000,2020-04-19,601,301,25,DE,DE-HB
Bremen,671000,2020-04-20,607,317,25,DE,DE-HB
Bremen,671000,2020-04-21,625,334,26,DE,DE-HB
Bremen,671000,2020-04-22,673,349,27,DE,DE-HB
Bremen,671000,2020-04-23,708,362,27,DE,DE-HB
Bremen,671000,2020-04-24,708,362,27,DE,DE-HB
Bremen,671000,2020-04-25,740,374,27,DE,DE-HB
Bremen,671000,2020-04-26,754,375,27,DE,DE-HB
Bremen,671000,2020-04-27,759,393,27,DE,DE-HB
Bremen,671000,2020-04-28,796,414,29,DE,DE-HB
Bremen,671000,2020-04-29,827,422,29,DE,DE-HB
Bremen,671000,2020-04-30,859,438,30,DE,DE-HB
Bremen,671000,2020-05-01,859,438,30,DE,DE-HB
Bremen,671000,2020-05-02,875,438,30,DE,DE-HB
Bremen,671000,2020-05-03,893,438,31,DE,DE-HB
Bremen,671000,2020-05-04,894,500,32,DE,DE-HB
Hesse,6176000,2020-01-27,0,0,0,DE,DE-HE
Hesse,6176000,2020-01-28,0,0,0,DE,DE-HE
Hesse,6176000,2020-01-29,0,0,0,DE,DE-HE
Hesse,6176000,2020-01-30,0,0,0,DE,DE-HE
Hesse,6176000,2020-01-31,0,0,0,DE,DE-HE
Hesse,6176000,2020-02-01,0,0,0,DE,DE-HE
Hesse,6176000,2020-02-02,0,0,0,DE,DE-HE
Hesse,6176000,2020-02-03,0,0,0,DE,DE-HE
Hesse,6176000,2020-02-04,0,0,0,DE,DE-HE
Hesse,6176000,2020-02-05,0,0,0,DE,DE-HE
Hesse,6176000,2020-02-06,0,0,0,DE,DE-HE
Hesse,6176000,2020-02-07,0,0,0,DE,DE-HE
Hesse,6176000,2020-02-08,0,0,0,DE,DE-HE
Hesse,6176000,2020-02-09,0,0,0,DE,DE-HE
Hesse,6176000,2020-02-10,0,0,0,DE,DE-HE
Hesse,6176000,2020-02-11,0,0,0,DE,DE-HE
Hesse,6176000,2020-02-12,0,0,0,DE,DE-HE
Hesse,6176000,2020-02-13,0,0,0,DE,DE-HE
Hesse,6176000,2020-02-14,0,0,0,DE,DE-HE
Hesse,6176000,2020-02-15,0,0,0,DE,DE-HE
Hesse,6176000,2020-02-16,0,0,0,DE,DE-HE
Hesse,6176000,2020-02-17,0,0,0,DE,DE-HE
Hesse,6176000,2020-02-18,0,0,0,DE,DE-HE
Hesse,6176000,2020-02-19,0,0,0,DE,DE-HE
Hesse,6176000,2020-02-20,0,0,0,DE,DE-HE
Hesse,6176000,2020-02-21,0,0,0,DE,DE-HE
Hesse,6176000,2020-02-22,0,0,0,DE,DE-HE
Hesse,6176000,2020-02-23,0,0,0,DE,DE-HE
Hesse,6176000,2020-02-24,0,0,0,DE,DE-HE
Hesse,6176000,2020-02-25,0,0,0,DE,DE-HE
Hesse,6176000,2020-02-26,0,0,0,DE,DE-HE
Hesse,6176000,2020-02-27,0,0,0,DE,DE-HE
Hesse,6176000,2020-02-28,2,0,0,DE,DE-HE
Hesse,6176000,2020-02-29,5,0,0,DE,DE-HE
Hesse,6176000,2020-03-01,10,0,0,DE,DE-HE
Hesse,6176000,2020-03-02,12,0,0,DE,DE-HE
Hesse,6176000,2020-03-03,12,0,0,DE,DE-HE
Hesse,6176000,2020-03-04,12,0,0,DE,DE-HE
Hesse,6176000,2020-03-05,14,0,0,DE,DE-HE
Hesse,6176000,2020-03-06,16,0,0,DE,DE-HE
Hesse,6176000,2020-03-07,17,0,0,DE,DE-HE
Hesse,6176000,2020-03-08,19,0,0,DE,DE-HE
Hesse,6176000,2020-03-09,26,0,0,DE,DE-HE
Hesse,6176000,2020-03-10,35,0,0,DE,DE-HE
Hesse,6176000,2020-03-11,48,0,0,DE,DE-HE
Hesse,6176000,2020-03-12,99,0,0,DE,DE-HE
Hesse,6176000,2020-03-13,148,0,0,DE,DE-HE
Hesse,6176000,2020-03-14,203,0,0,DE,DE-HE
Hesse,6176000,2020-03-15,282,0,0,DE,DE-HE
Hesse,6176000,2020-03-16,342,2,0,DE,DE-HE
Hesse,6176000,2020-03-17,381,2,1,DE,DE-HE
Hesse,6176000,2020-03-18,547,2,1,DE,DE-HE
Hesse,6176000,2020-03-19,740,3,1,DE,DE-HE
Hesse,6176000,2020-03-20,962,3,2,DE,DE-HE
Hesse,6176000,2020-03-21,1166,5,2,DE,DE-HE
Hesse,6176000,2020-03-22,1267,6,3,DE,DE-HE
Hesse,6176000,2020-03-23,1352,6,3,DE,DE-HE
Hesse,6176000,2020-03-24,1620,6,4,DE,DE-HE
Hesse,6176000,2020-03-25,1909,19,6,DE,DE-HE
Hesse,6176000,2020-03-26,2170,19,6,DE,DE-HE
Hesse,6176000,2020-03-27,2392,77,7,DE,DE-HE
Hesse,6176000,2020-03-28,2776,149,10,DE,DE-HE
Hesse,6176000,2020-03-29,2943,155,11,DE,DE-HE
Hesse,6176000,2020-03-30,3100,196,14,DE,DE-HE
Hesse,6176000,2020-03-31,3301,353,18,DE,DE-HE
Hesse,6176000,2020-04-01,3582,438,26,DE,DE-HE
Hesse,6176000,2020-04-02,3882,555,31,DE,DE-HE
Hesse,6176000,2020-04-03,4097,731,37,DE,DE-HE
Hesse,6176000,2020-04-04,4325,731,48,DE,DE-HE
Hesse,6176000,2020-04-05,4575,731,59,DE,DE-HE
Hesse,6176000,2020-04-06,4668,1083,64,DE,DE-HE
Hesse,6176000,2020-04-07,4845,1211,79,DE,DE-HE
Hesse,6176000,2020-04-08,5114,1416,92,DE,DE-HE
Hesse,6176000,2020-04-09,5384,1741,103,DE,DE-HE
Hesse,6176000,2020-04-10,5694,1892,112,DE,DE-HE
Hesse,6176000,2020-04-11,5815,1966,120,DE,DE-HE
Hesse,6176000,2020-04-12,6003,1966,133,DE,DE-HE
Hesse,6176000,2020-04-13,6114,2086,136,DE,DE-HE
Hesse,6176000,2020-04-14,6183,2086,147,DE,DE-HE
Hesse,6176000,2020-04-15,6347,2320,174,DE,DE-HE
Hesse,6176000,2020-04-16,6590,2320,192,DE,DE-HE
Hesse,6176000,2020-04-17,6823,2770,207,DE,DE-HE
Hesse,6176000,2020-04-18,6983,2899,214,DE,DE-HE
Hesse,6176000,2020-04-19,7147,2899,231,DE,DE-HE
Hesse,6176000,2020-04-20,7228,4700,246,DE,DE-HE
Hesse,6176000,2020-04-21,7305,4836,257,DE,DE-HE
Hesse,6176000,2020-04-22,7446,4843,275,DE,DE-HE
Hesse,6176000,2020-04-23,7639,4843,288,DE,DE-HE
Hesse,6176000,2020-04-24,7796,4843,301,DE,DE-HE
Hesse,6176000,2020-04-25,7886,5100,313,DE,DE-HE
Hesse,6176000,2020-04-26,7965,5400,320,DE,DE-HE
Hesse,6176000,2020-04-27,8000,5800,326,DE,DE-HE
Hesse,6176000,2020-04-28,8057,5800,336,DE,DE-HE
Hesse,6176000,2020-04-29,8185,5800,346,DE,DE-HE
Hesse,6176000,2020-04-30,8304,5800,353,DE,DE-HE
Hesse,6176000,2020-05-01,8393,6400,362,DE,DE-HE
Hesse,6176000,2020-05-02,8486,6400,367,DE,DE-HE
Hesse,6176000,2020-05-03,8524,6400,370,DE,DE-HE
Hesse,6176000,2020-05-04,8549,6800,372,DE,DE-HE
Hamburg,1787000,2020-01-27,0,0,0,DE,DE-HH
Hamburg,1787000,2020-01-28,0,0,0,DE,DE-HH
Hamburg,1787000,2020-01-29,0,0,0,DE,DE-HH
Hamburg,1787000,2020-01-30,0,0,0,DE,DE-HH
Hamburg,1787000,2020-01-31,0,0,0,DE,DE-HH
Hamburg,1787000,2020-02-01,0,0,0,DE,DE-HH
Hamburg,1787000,2020-02-02,0,0,0,DE,DE-HH
Hamburg,1787000,2020-02-03,0,0,0,DE,DE-HH
Hamburg,1787000,2020-02-04,0,0,0,DE,DE-HH
Hamburg,1787000,2020-02-05,0,0,0,DE,DE-HH
Hamburg,1787000,2020-02-06,0,0,0,DE,DE-HH
Hamburg,1787000,2020-02-07,0,0,0,DE,DE-HH
Hamburg,1787000,2020-02-08,0,0,0,DE,DE-HH
Hamburg,1787000,2020-02-09,0,0,0,DE,DE-HH
Hamburg,1787000,2020-02-10,0,0,0,DE,DE-HH
Hamburg,1787000,2020-02-11,0,0,0,DE,DE-HH
Hamburg,1787000,2020-02-12,0,0,0,DE,DE-HH
Hamburg,1787000,2020-02-13,0,0,0,DE,DE-HH
Hamburg,1787000,2020-02-14,0,0,0,DE,DE-HH
Hamburg,1787000,2020-02-15,0,0,0,DE,DE-HH
Hamburg,1787000,2020-02-16,0,0,0,DE,DE-HH
Hamburg,1787000,2020-02-17,0,0,0,DE,DE-HH
Hamburg,1787000,2020-02-18,0,0,0,DE,DE-HH
Hamburg,1787000,2020-02-19,0,0,0,DE,DE-HH
Hamburg,1787000,2020-02-20,0,0,0,DE,DE-HH
Hamburg,1787000,2020-02-21,0,0,0,DE,DE-HH
Hamburg,1787000,2020-02-22,0,0,0,DE,DE-HH
Hamburg,1787000,2020-02-23,0,0,0,DE,DE-HH
Hamburg,1787000,2020-02-24,0,0,0,DE,DE-HH
Hamburg,1787000,2020-02-25,0,0,0,DE,DE-HH
Hamburg,1787000,2020-02-26,0,0,0,DE,DE-HH
Hamburg,1787000,2020-02-27,0,0,0,DE,DE-HH
Hamburg,1787000,2020-02-28,0,0,0,DE,DE-HH
Hamburg,1787000,2020-02-29,0,0,0,DE,DE-HH
Hamburg,1787000,2020-03-01,1,0,0,DE,DE-HH
Hamburg,1787000,2020-03-02,1,0,0,DE,DE-HH
Hamburg,1787000,2020-03-03,2,0,0,DE,DE-HH
Hamburg,1787000,2020-03-04,3,0,0,DE,DE-HH
Hamburg,1787000,2020-03-05,5,0,0,DE,DE-HH
Hamburg,1787000,2020-03-06,11,0,0,DE,DE-HH
Hamburg,1787000,2020-03-07,13,0,0,DE,DE-HH
Hamburg,1787000,2020-03-08,13,0,0,DE,DE-HH
Hamburg,1787000,2020-03-09,17,0,0,DE,DE-HH
Hamburg,1787000,2020-03-10,35,0,0,DE,DE-HH
Hamburg,1787000,2020-03-11,54,0,0,DE,DE-HH
Hamburg,1787000,2020-03-12,88,0,0,DE,DE-HH
Hamburg,1787000,2020-03-13,99,0,0,DE,DE-HH
Hamburg,1787000,2020-03-14,158,0,0,DE,DE-HH
Hamburg,1787000,2020-03-15,196,0,0,DE,DE-HH
Hamburg,1787000,2020-03-16,260,1,1,DE,DE-HH
Hamburg,1787000,2020-03-17,312,1,1,DE,DE-HH
Hamburg,1787000,2020-03-18,414,1,1,DE,DE-HH
Hamburg,1787000,2020-03-19,506,1,1,DE,DE-HH
Hamburg,1787000,2020-03-20,664,1,1,DE,DE-HH
Hamburg,1787000,2020-03-21,768,1,1,DE,DE-HH
Hamburg,1787000,2020-03-22,887,1,1,DE,DE-HH
Hamburg,1787000,2020-03-23,989,1,1,DE,DE-HH
Hamburg,1787000,2020-03-24,1237,1,1,DE,DE-HH
Hamburg,1787000,2020-03-25,1450,1,1,DE,DE-HH
Hamburg,1787000,2020-03-26,1614,1,1,DE,DE-HH
Hamburg,1787000,2020-03-27,1759,1,2,DE,DE-HH
Hamburg,1787000,2020-03-28,1935,1,4,DE,DE-HH
Hamburg,1787000,2020-03-29,2078,1,4,DE,DE-HH
Hamburg,1787000,2020-03-30,2214,1,5,DE,DE-HH
Hamburg,1787000,2020-03-31,2290,750,9,DE,DE-HH
Hamburg,1787000,2020-04-01,2437,860,14,DE,DE-HH
Hamburg,1787000,2020-04-02,2557,1000,14,DE,DE-HH
Hamburg,1787000,2020-04-03,2739,1250,16,DE,DE-HH
Hamburg,1787000,2020-04-04,2882,1400,16,DE,DE-HH
Hamburg,1787000,2020-04-05,3019,1500,19,DE,DE-HH
Hamburg,1787000,2020-04-06,3088,1640,19,DE,DE-HH
Hamburg,1787000,2020-04-07,3217,1790,25,DE,DE-HH
Hamburg,1787000,2020-04-08,3370,1900,29,DE,DE-HH
Hamburg,1787000,2020-04-09,3518,2000,44,DE,DE-HH
Hamburg,1787000,2020-04-10,3642,2000,53,DE,DE-HH
Hamburg,1787000,2020-04-11,3739,2000,56,DE,DE-HH
Hamburg,1787000,2020-04-12,3817,2000,56,DE,DE-HH
Hamburg,1787000,2020-04-13,3887,2000,56,DE,DE-HH
Hamburg,1787000,2020-04-14,3925,2000,59,DE,DE-HH
Hamburg,1787000,2020-04-15,3978,2100,67,DE,DE-HH
Hamburg,1787000,2020-04-16,4064,2200,80,DE,DE-HH
Hamburg,1787000,2020-04-17,4195,2300,84,DE,DE-HH
Hamburg,1787000,2020-04-18,4297,2400,90,DE,DE-HH
Hamburg,1787000,2020-04-19,4347,2500,91,DE,DE-HH
Hamburg,1787000,2020-04-20,4368,2600,91,DE,DE-HH
Hamburg,1787000,2020-04-21,4401,2700,91,DE,DE-HH
Hamburg,1787000,2020-04-22,4449,2800,91,DE,DE-HH
Hamburg,1787000,2020-04-23,4511,2900,113,DE,DE-HH
Hamburg,1787000,2020-04-24,4558,3000,122,DE,DE-HH
Hamburg,1787000,2020-04-25,4589,3100,139,DE,DE-HH
Hamburg,1787000,2020-04-26,4636,3200,140,DE,DE-HH
Hamburg,1787000,2020-04-27,4658,3300,142,DE,DE-HH
Hamburg,1787000,2020-04-28,4682,3300,147,DE,DE-HH
Hamburg,1787000,2020-04-29,4724,3400,153,DE,DE-HH
Hamburg,1787000,2020-04-30,4801,3500,155,DE,DE-HH
Hamburg,1787000,2020-05-01,4820,3600,163,DE,DE-HH
Hamburg,1787000,2020-05-02,4831,3700,163,DE,DE-HH
Hamburg,1787000,2020-05-03,4834,3700,165,DE,DE-HH
Hamburg,1787000,2020-05-04,4843,3800,167,DE,DE-HH
Mecklenburg-Western Pomerania,1612000,2020-01-27,0,0,0,DE,DE-MV
Mecklenburg-Western Pomerania,1612000,2020-01-28,0,0,0,DE,DE-MV
Mecklenburg-Western Pomerania,1612000,2020-01-29,0,0,0,DE,DE-MV
Mecklenburg-Western Pomerania,1612000,2020-01-30,0,0,0,DE,DE-MV
Mecklenburg-Western Pomerania,1612000,2020-01-31,0,0,0,DE,DE-MV
Mecklenburg-Western Pomerania,1612000,2020-02-01,0,0,0,DE,DE-MV
Mecklenburg-Western Pomerania,1612000,2020-02-02,0,0,0,DE,DE-MV
Mecklenburg-Western Pomerania,1612000,2020-02-03,0,0,0,DE,DE-MV
Mecklenburg-Western Pomerania,1612000,2020-02-04,0,0,0,DE,DE-MV
Mecklenburg-Western Pomerania,1612000,2020-02-05,0,0,0,DE,DE-MV
Mecklenburg-Western Pomerania,1612000,2020-02-06,0,0,0,DE,DE-MV
Mecklenburg-Western Pomerania,1612000,2020-02-07,0,0,0,DE,DE-MV
Mecklenburg-Western Pomerania,1612000,2020-02-08,0,0,0,DE,DE-MV
Mecklenburg-Western Pomerania,1612000,2020-02-09,0,0,0,DE,DE-MV
Mecklenburg-Western Pomerania,1612000,2020-02-10,0,0,0,DE,DE-MV
Mecklenburg-Western Pomerania,1612000,2020-02-11,0,0,0,DE,DE-MV
Mecklenburg-Western Pomerania,1612000,2020-02-12,0,0,0,DE,DE-MV
Mecklenburg-Western Pomerania,1612000,2020-02-13,0,0,0,DE,DE-MV
Mecklenburg-Western Pomerania,1612000,2020-02-14,0,0,0,DE,DE-MV
Mecklenburg-Western Pomerania,1612000,2020-02-15,0,0,0,DE,DE-MV
Mecklenburg-Western Pomerania,1612000,2020-02-16,0,0,0,DE,DE-MV
Mecklenburg-Western Pomerania,1612000,2020-02-17,0,0,0,DE,DE-MV
Mecklenburg-Western Pomerania,1612000,2020-02-18,0,0,0,DE,DE-MV
Mecklenburg-Western Pomerania,1612000,2020-02-19,0,0,0,DE,DE-MV
Mecklenburg-Western Pomerania,1612000,2020-02-20,0,0,0,DE,DE-MV
Mecklenburg-Western Pomerania,1612000,2020-02-21,0,0,0,DE,DE-MV
Mecklenburg-Western Pomerania,1612000,2020-02-22,0,0,0,DE,DE-MV
Mecklenburg-Western Pomerania,1612000,2020-02-23,0,0,0,DE,DE-MV
Mecklenburg-Western Pomerania,1612000,2020-02-24,0,0,0,DE,DE-MV
Mecklenburg-Western Pomerania,1612000,2020-02-25,0,0,0,DE,DE-MV
Mecklenburg-Western Pomerania,1612000,2020-02-26,0,0,0,DE,DE-MV
Mecklenburg-Western Pomerania,1612000,2020-02-27,0,0,0,DE,DE-MV
Mecklenburg-Western Pomerania,1612000,2020-02-28,0,0,0,DE,DE-MV
Mecklenburg-Western Pomerania,1612000,2020-02-29,0,0,0,DE,DE-MV
Mecklenburg-Western Pomerania,1612000,2020-03-01,0,0,0,DE,DE-MV
Mecklenburg-Western Pomerania,1612000,2020-03-02,0,0,0,DE,DE-MV
Mecklenburg-Western Pomerania,1612000,2020-03-03,0,0,0,DE,DE-MV
Mecklenburg-Western Pomerania,1612000,2020-03-04,4,0,0,DE,DE-MV
Mecklenburg-Western Pomerania,1612000,2020-03-05,4,0,0,DE,DE-MV
Mecklenburg-Western Pomerania,1612000,2020-03-06,5,0,0,DE,DE-MV
Mecklenburg-Western Pomerania,1612000,2020-03-07,5,0,0,DE,DE-MV
Mecklenburg-Western Pomerania,1612000,2020-03-08,8,0,0,DE,DE-MV
Mecklenburg-Western Pomerania,1612000,2020-03-09,10,0,0,DE,DE-MV
Mecklenburg-Western Pomerania,1612000,2020-03-10,13,0,0,DE,DE-MV
Mecklenburg-Western Pomerania,1612000,2020-03-11,17,0,0,DE,DE-MV
Mecklenburg-Western Pomerania,1612000,2020-03-12,23,0,0,DE,DE-MV
Mecklenburg-Western Pomerania,1612000,2020-03-13,33,0,0,DE,DE-MV
Mecklenburg-Western Pomerania,1612000,2020-03-14,45,0,0,DE,DE-MV
Mecklenburg-Western Pomerania,1612000,2020-03-15,50,0,0,DE,DE-MV
Mecklenburg-Western Pomerania,1612000,2020-03-16,51,0,0,DE,DE-MV
Mecklenburg-Western Pomerania,1612000,2020-03-17,69,0,0,DE,DE-MV
Mecklenburg-Western Pomerania,1612000,2020-03-18,100,0,0,DE,DE-MV
Mecklenburg-Western Pomerania,1612000,2020-03-19,133,0,0,DE,DE-MV
Mecklenburg-Western Pomerania,1612000,2020-03-20,167,0,0,DE,DE-MV
Mecklenburg-Western Pomerania,1612000,2020-03-21,182,0,0,DE,DE-MV
Mecklenburg-Western Pomerania,1612000,2020-03-22,187,0,0,DE,DE-MV
Mecklenburg-Western Pomerania,1612000,2020-03-23,201,4,0,DE,DE-MV
Mecklenburg-Western Pomerania,1612000,2020-03-24,219,5,0,DE,DE-MV
Mecklenburg-Western Pomerania,1612000,2020-03-25,245,5,0,DE,DE-MV
Mecklenburg-Western Pomerania,1612000,2020-03-26,265,5,0,DE,DE-MV
Mecklenburg-Western Pomerania,1612000,2020-03-27,309,7,0,DE,DE-MV
Mecklenburg-Western Pomerania,1612000,2020-03-28,348,11,1,DE,DE-MV
Mecklenburg-Western Pomerania,1612000,2020-03-29,356,11,1,DE,DE-MV
Mecklenburg-Western Pomerania,1612000,2020-03-30,366,15,1,DE,DE-MV
Mecklenburg-Western Pomerania,1612000,2020-03-31,412,42,3,DE,DE-MV
Mecklenburg-Western Pomerania,1612000,2020-04-01,445,50,3,DE,DE-MV
Mecklenburg-Western Pomerania,1612000,2020-04-02,468,50,4,DE,DE-MV
Mecklenburg-Western Pomerania,1612000,2020-04-03,501,95,5,DE,DE-MV
Mecklenburg-Western Pomerania,1612000,2020-04-04,523,95,5,DE,DE-MV
Mecklenburg-Western Pomerania,1612000,2020-04-05,528,95,6,DE,DE-MV
Mecklenburg-Western Pomerania,1612000,2020-04-06,531,184,6,DE,DE-MV
Mecklenburg-Western Pomerania,1612000,2020-04-07,555,219,11,DE,DE-MV
Mecklenburg-Western Pomerania,1612000,2020-04-08,571,240,11,DE,DE-MV
Mecklenburg-Western Pomerania,1612000,2020-04-09,585,261,11,DE,DE-MV
Mecklenburg-Western Pomerania,1612000,2020-04-10,600,297,11,DE,DE-MV
Mecklenburg-Western Pomerania,1612000,2020-04-11,604,297,11,DE,DE-MV
Mecklenburg-Western Pomerania,1612000,2020-04-12,616,297,11,DE,DE-MV
Mecklenburg-Western Pomerania,1612000,2020-04-13,618,323,11,DE,DE-MV
Mecklenburg-Western Pomerania,1612000,2020-04-14,623,375,11,DE,DE-MV
Mecklenburg-Western Pomerania,1612000,2020-04-15,633,390,13,DE,DE-MV
Mecklenburg-Western Pomerania,1612000,2020-04-16,642,390,13,DE,DE-MV
Mecklenburg-Western Pomerania,1612000,2020-04-17,644,444,14,DE,DE-MV
Mecklenburg-Western Pomerania,1612000,2020-04-18,649,457,15,DE,DE-MV
Mecklenburg-Western Pomerania,1612000,2020-04-19,651,459,15,DE,DE-MV
Mecklenburg-Western Pomerania,1612000,2020-04-20,653,459,15,DE,DE-MV
Mecklenburg-Western Pomerania,1612000,2020-04-21,655,495,15,DE,DE-MV
Mecklenburg-Western Pomerania,1612000,2020-04-22,657,495,15,DE,DE-MV
Mecklenburg-Western Pomerania,1612000,2020-04-23,659,519,15,DE,DE-MV
Mecklenburg-Western Pomerania,1612000,2020-04-24,665,519,16,DE,DE-MV
Mecklenburg-Western Pomerania,1612000,2020-04-25,667,529,16,DE,DE-MV
Mecklenburg-Western Pomerania,1612000,2020-04-26,673,544,16,DE,DE-MV
Mecklenburg-Western Pomerania,1612000,2020-04-27,674,544,16,DE,DE-MV
Mecklenburg-Western Pomerania,1612000,2020-04-28,687,549,17,DE,DE-MV
Mecklenburg-Western Pomerania,1612000,2020-04-29,691,560,17,DE,DE-MV
Mecklenburg-Western Pomerania,1612000,2020-04-30,694,560,17,DE,DE-MV
Mecklenburg-Western Pomerania,1612000,2020-05-01,695,572,18,DE,DE-MV
Mecklenburg-Western Pomerania,1612000,2020-05-02,698,577,18,DE,DE-MV
Mecklenburg-Western Pomerania,1612000,2020-05-03,699,577,18,DE,DE-MV
Mecklenburg-Western Pomerania,1612000,2020-05-04,702,579,19,DE,DE-MV
Lower Saxony,7927000,2020-01-27,0,0,0,DE,DE-ND
Lower Saxony,7927000,2020-01-28,0,0,0,DE,DE-ND
Lower Saxony,7927000,2020-01-29,0,0,0,DE,DE-ND
Lower Saxony,7927000,2020-01-30,0,0,0,DE,DE-ND
Lower Saxony,7927000,2020-01-31,0,0,0,DE,DE-ND
Lower Saxony,7927000,2020-02-01,0,0,0,DE,DE-ND
Lower Saxony,7927000,2020-02-02,0,0,0,DE,DE-ND
Lower Saxony,7927000,2020-02-03,0,0,0,DE,DE-ND
Lower Saxony,7927000,2020-02-04,0,0,0,DE,DE-ND
Lower Saxony,7927000,2020-02-05,0,0,0,DE,DE-ND
Lower Saxony,7927000,2020-02-06,0,0,0,DE,DE-ND
Lower Saxony,7927000,2020-02-07,0,0,0,DE,DE-ND
Lower Saxony,7927000,2020-02-08,0,0,0,DE,DE-ND
Lower Saxony,7927000,2020-02-09,0,0,0,DE,DE-ND
Lower Saxony,7927000,2020-02-10,0,0,0,DE,DE-ND
Lower Saxony,7927000,2020-02-11,0,0,0,DE,DE-ND
Lower Saxony,7927000,2020-02-12,0,0,0,DE,DE-ND
Lower Saxony,7927000,2020-02-13,0,0,0,DE,DE-ND
Lower Saxony,7927000,2020-02-14,0,0,0,DE,DE-ND
Lower Saxony,7927000,2020-02-15,0,0,0,DE,DE-ND
Lower Saxony,7927000,2020-02-16,0,0,0,DE,DE-ND
Lower Saxony,7927000,2020-02-17,0,0,0,DE,DE-ND
Lower Saxony,7927000,2020-02-18,0,0,0,DE,DE-ND
Lower Saxony,7927000,2020-02-19,0,0,0,DE,DE-ND
Lower Saxony,7927000,2020-02-20,0,0,0,DE,DE-ND
Lower Saxony,7927000,2020-02-21,0,0,0,DE,DE-ND
Lower Saxony,7927000,2020-02-22,0,0,0,DE,DE-ND
Lower Saxony,7927000,2020-02-23,0,0,0,DE,DE-ND
Lower Saxony,7927000,2020-02-24,0,0,0,DE,DE-ND
Lower Saxony,7927000,2020-02-25,0,0,0,DE,DE-ND
Lower Saxony,7927000,2020-02-26,0,0,0,DE,DE-ND
Lower Saxony,7927000,2020-02-27,0,0,0,DE,DE-ND
Lower Saxony,7927000,2020-02-28,0,0,0,DE,DE-ND
Lower Saxony,7927000,2020-02-29,0,0,0,DE,DE-ND
Lower Saxony,7927000,2020-03-01,1,0,0,DE,DE-ND
Lower Saxony,7927000,2020-03-02,1,0,0,DE,DE-ND
Lower Saxony,7927000,2020-03-03,1,0,0,DE,DE-ND
Lower Saxony,7927000,2020-03-04,7,0,0,DE,DE-ND
Lower Saxony,7927000,2020-03-05,18,0,0,DE,DE-ND
Lower Saxony,7927000,2020-03-06,18,0,0,DE,DE-ND
Lower Saxony,7927000,2020-03-07,19,0,0,DE,DE-ND
Lower Saxony,7927000,2020-03-08,21,0,0,DE,DE-ND
Lower Saxony,7927000,2020-03-09,38,0,0,DE,DE-ND
Lower Saxony,7927000,2020-03-10,66,1,0,DE,DE-ND
Lower Saxony,7927000,2020-03-11,78,1,0,DE,DE-ND
Lower Saxony,7927000,2020-03-12,129,1,0,DE,DE-ND
Lower Saxony,7927000,2020-03-13,230,1,0,DE,DE-ND
Lower Saxony,7927000,2020-03-14,253,1,0,DE,DE-ND
Lower Saxony,7927000,2020-03-15,287,1,0,DE,DE-ND
Lower Saxony,7927000,2020-03-16,391,1,0,DE,DE-ND
Lower Saxony,7927000,2020-03-17,563,1,0,DE,DE-ND
Lower Saxony,7927000,2020-03-18,740,1,0,DE,DE-ND
Lower Saxony,7927000,2020-03-19,981,1,0,DE,DE-ND
Lower Saxony,7927000,2020-03-20,1262,4,0,DE,DE-ND
Lower Saxony,7927000,2020-03-21,1452,4,4,DE,DE-ND
Lower Saxony,7927000,2020-03-22,1586,6,4,DE,DE-ND
Lower Saxony,7927000,2020-03-23,1779,28,6,DE,DE-ND
Lower Saxony,7927000,2020-03-24,2071,56,8,DE,DE-ND
Lower Saxony,7927000,2020-03-25,2313,83,8,DE,DE-ND
Lower Saxony,7927000,2020-03-26,2726,234,10,DE,DE-ND
Lower Saxony,7927000,2020-03-27,3175,298,12,DE,DE-ND
Lower Saxony,7927000,2020-03-28,3483,372,21,DE,DE-ND
Lower Saxony,7927000,2020-03-29,3786,465,27,DE,DE-ND
Lower Saxony,7927000,2020-03-30,4026,525,33,DE,DE-ND
Lower Saxony,7927000,2020-03-31,4348,724,43,DE,DE-ND
Lower Saxony,7927000,2020-04-01,4717,1040,47,DE,DE-ND
Lower Saxony,7927000,2020-04-02,5059,1040,63,DE,DE-ND
Lower Saxony,7927000,2020-04-03,5455,1481,72,DE,DE-ND
Lower Saxony,7927000,2020-04-04,5764,1481,89,DE,DE-ND
Lower Saxony,7927000,2020-04-05,6009,1481,92,DE,DE-ND
Lower Saxony,7927000,2020-04-06,6218,1980,108,DE,DE-ND
Lower Saxony,7927000,2020-04-07,6444,2303,124,DE,DE-ND
Lower Saxony,7927000,2020-04-08,6845,2544,139,DE,DE-ND
Lower Saxony,7927000,2020-04-09,7104,2800,157,DE,DE-ND
Lower Saxony,7927000,2020-04-10,7411,3074,171,DE,DE-ND
Lower Saxony,7927000,2020-04-11,7670,3074,190,DE,DE-ND
Lower Saxony,7927000,2020-04-12,7670,3074,190,DE,DE-ND
Lower Saxony,7927000,2020-04-13,7951,3724,212,DE,DE-ND
Lower Saxony,7927000,2020-04-14,8070,3724,223,DE,DE-ND
Lower Saxony,7927000,2020-04-15,8217,4224,248,DE,DE-ND
Lower Saxony,7927000,2020-04-16,8462,4612,272,DE,DE-ND
Lower Saxony,7927000,2020-04-17,8682,4908,283,DE,DE-ND
Lower Saxony,7927000,2020-04-18,8863,5257,291,DE,DE-ND
Lower Saxony,7927000,2020-04-19,8967,5257,294,DE,DE-ND
Lower Saxony,7927000,2020-04-20,9150,5426,303,DE,DE-ND
Lower Saxony,7927000,2020-04-21,9275,5854,331,DE,DE-ND
Lower Saxony,7927000,2020-04-22,9437,6096,343,DE,DE-ND
Lower Saxony,7927000,2020-04-23,9599,6371,363,DE,DE-ND
Lower Saxony,7927000,2020-04-24,9720,6630,376,DE,DE-ND
Lower Saxony,7927000,2020-04-25,9849,6845,390,DE,DE-ND
Lower Saxony,7927000,2020-04-26,9909,6961,397,DE,DE-ND
Lower Saxony,7927000,2020-04-27,9959,7085,398,DE,DE-ND
Lower Saxony,7927000,2020-04-28,10015,7142,408,DE,DE-ND
Lower Saxony,7927000,2020-04-29,10100,7164,419,DE,DE-ND
Lower Saxony,7927000,2020-04-30,10198,7431,435,DE,DE-ND
Lower Saxony,7927000,2020-05-01,10306,7554,457,DE,DE-ND
Lower Saxony,7927000,2020-05-02,10344,7784,459,DE,DE-ND
Lower Saxony,7927000,2020-05-03,10386,7894,462,DE,DE-ND
Lower Saxony,7927000,2020-05-04,10425,7894,468,DE,DE-ND
North Rhine-Westphalia,17866000,2020-01-27,0,0,0,DE,DE-NW
North Rhine-Westphalia,17866000,2020-01-28,0,0,0,DE,DE-NW
North Rhine-Westphalia,17866000,2020-01-29,0,0,0,DE,DE-NW
North Rhine-Westphalia,17866000,2020-01-30,0,0,0,DE,DE-NW
North Rhine-Westphalia,17866000,2020-01-31,0,0,0,DE,DE-NW
North Rhine-Westphalia,17866000,2020-02-01,0,0,0,DE,DE-NW
North Rhine-Westphalia,17866000,2020-02-02,0,0,0,DE,DE-NW
North Rhine-Westphalia,17866000,2020-02-03,0,0,0,DE,DE-NW
North Rhine-Westphalia,17866000,2020-02-04,0,0,0,DE,DE-NW
North Rhine-Westphalia,17866000,2020-02-05,0,0,0,DE,DE-NW
North Rhine-Westphalia,17866000,2020-02-06,0,0,0,DE,DE-NW
North Rhine-Westphalia,17866000,2020-02-07,0,0,0,DE,DE-NW
North Rhine-Westphalia,17866000,2020-02-08,0,0,0,DE,DE-NW
North Rhine-Westphalia,17866000,2020-02-09,0,0,0,DE,DE-NW
North Rhine-Westphalia,17866000,2020-02-10,0,0,0,DE,DE-NW
North Rhine-Westphalia,17866000,2020-02-11,0,0,0,DE,DE-NW
North Rhine-Westphalia,17866000,2020-02-12,0,0,0,DE,DE-NW
North Rhine-Westphalia,17866000,2020-02-13,0,0,0,DE,DE-NW
North Rhine-Westphalia,17866000,2020-02-14,0,0,0,DE,DE-NW
North Rhine-Westphalia,17866000,2020-02-15,0,0,0,DE,DE-NW
North Rhine-Westphalia,17866000,2020-02-16,0,0,0,DE,DE-NW
North Rhine-Westphalia,17866000,2020-02-17,0,0,0,DE,DE-NW
North Rhine-Westphalia,17866000,2020-02-18,0,0,0,DE,DE-NW
North Rhine-Westphalia,17866000,2020-02-19,0,0,0,DE,DE-NW
North Rhine-Westphalia,17866000,2020-02-20,0,0,0,DE,DE-NW
North Rhine-Westphalia,17866000,2020-02-21,0,0,0,DE,DE-NW
North Rhine-Westphalia,17866000,2020-02-22,0,0,0,DE,DE-NW
North Rhine-Westphalia,17866000,2020-02-23,0,0,0,DE,DE-NW
North Rhine-Westphalia,17866000,2020-02-24,0,0,0,DE,DE-NW
North Rhine-Westphalia,17866000,2020-02-25,1,0,0,DE,DE-NW
North Rhine-Westphalia,17866000,2020-02-26,2,0,0,DE,DE-NW
North Rhine-Westphalia,17866000,2020-02-27,4,0,0,DE,DE-NW
North Rhine-Westphalia,17866000,2020-02-28,25,0,0,DE,DE-NW
North Rhine-Westphalia,17866000,2020-02-29,30,0,0,DE,DE-NW
North Rhine-Westphalia,17866000,2020-03-01,66,0,0,DE,DE-NW
North Rhine-Westphalia,17866000,2020-03-02,86,0,0,DE,DE-NW
North Rhine-Westphalia,17866000,2020-03-03,101,0,0,DE,DE-NW
North Rhine-Westphalia,17866000,2020-03-04,115,0,0,DE,DE-NW
North Rhine-Westphalia,17866000,2020-03-05,181,0,0,DE,DE-NW
North Rhine-Westphalia,17866000,2020-03-06,329,0,0,DE,DE-NW
North Rhine-Westphalia,17866000,2020-03-07,373,0,0,DE,DE-NW
North Rhine-Westphalia,17866000,2020-03-08,398,0,0,DE,DE-NW
North Rhine-Westphalia,17866000,2020-03-09,484,0,0,DE,DE-NW
North Rhine-Westphalia,17866000,2020-03-10,648,0,2,DE,DE-NW
North Rhine-Westphalia,17866000,2020-03-11,801,6,3,DE,DE-NW
North Rhine-Westphalia,17866000,2020-03-12,1041,6,4,DE,DE-NW
North Rhine-Westphalia,17866000,2020-03-13,1433,27,4,DE,DE-NW
North Rhine-Westphalia,17866000,2020-03-14,1636,27,5,DE,DE-NW
North Rhine-Westphalia,17866000,2020-03-15,2100,27,6,DE,DE-NW
North Rhine-Westphalia,17866000,2020-03-16,2744,39,8,DE,DE-NW
North Rhine-Westphalia,17866000,2020-03-17,3375,39,13,DE,DE-NW
North Rhine-Westphalia,17866000,2020-03-18,4268,67,13,DE,DE-NW
North Rhine-Westphalia,17866000,2020-03-19,4971,75,17,DE,DE-NW
North Rhine-Westphalia,17866000,2020-03-20,6301,127,22,DE,DE-NW
North Rhine-Westphalia,17866000,2020-03-21,6849,158,24,DE,DE-NW
North Rhine-Westphalia,17866000,2020-03-22,7361,163,33,DE,DE-NW
North Rhine-Westphalia,17866000,2020-03-23,8224,187,41,DE,DE-NW
North Rhine-Westphalia,17866000,2020-03-24,9087,522,54,DE,DE-NW
North Rhine-Westphalia,17866000,2020-03-25,9764,755,66,DE,DE-NW
North Rhine-Westphalia,17866000,2020-03-26,10948,837,82,DE,DE-NW
North Rhine-Westphalia,17866000,2020-03-27,12114,1090,92,DE,DE-NW
North Rhine-Westphalia,17866000,2020-03-28,12744,1464,105,DE,DE-NW
North Rhine-Westphalia,17866000,2020-03-29,13630,1733,110,DE,DE-NW
North Rhine-Westphalia,17866000,2020-03-30,14442,2084,138,DE,DE-NW
North Rhine-Westphalia,17866000,2020-03-31,15241,3381,148,DE,DE-NW
North Rhine-Westphalia,17866000,2020-04-01,16344,4385,180,DE,DE-NW
North Rhine-Westphalia,17866000,2020-04-02,17614,5407,202,DE,DE-NW
North Rhine-Westphalia,17866000,2020-04-03,18557,6213,224,DE,DE-NW
North Rhine-Westphalia,17866000,2020-04-04,19405,6213,250,DE,DE-NW
North Rhine-Westphalia,17866000,2020-04-05,20523,6213,258,DE,DE-NW
North Rhine-Westphalia,17866000,2020-04-06,20814,8090,297,DE,DE-NW
North Rhine-Westphalia,17866000,2020-04-07,21825,9212,363,DE,DE-NW
North Rhine-Westphalia,17866000,2020-04-08,22849,9888,413,DE,DE-NW
North Rhine-Westphalia,17866000,2020-04-09,23605,10825,456,DE,DE-NW
North Rhine-Westphalia,17866000,2020-04-10,24499,11700,502,DE,DE-NW
North Rhine-Westphalia,17866000,2020-04-11,25651,12176,534,DE,DE-NW
North Rhine-Westphalia,17866000,2020-04-12,26333,12832,569,DE,DE-NW
North Rhine-Westphalia,17866000,2020-04-13,26984,13316,613,DE,DE-NW
North Rhine-Westphalia,17866000,2020-04-14,27206,13867,662,DE,DE-NW
North Rhine-Westphalia,17866000,2020-04-15,27683,14746,703,DE,DE-NW
North Rhine-Westphalia,17866000,2020-04-16,28000,15849,760,DE,DE-NW
North Rhine-Westphalia,17866000,2020-04-17,28607,17023,808,DE,DE-NW
North Rhine-Westphalia,17866000,2020-04-18,29155,17502,862,DE,DE-NW
North Rhine-Westphalia,17866000,2020-04-19,29580,18036,882,DE,DE-NW
North Rhine-Westphalia,17866000,2020-04-20,29580,18413,882,DE,DE-NW
North Rhine-Westphalia,17866000,2020-04-21,29580,18644,897,DE,DE-NW
North Rhine-Westphalia,17866000,2020-04-22,30289,19678,968,DE,DE-NW
North Rhine-Westphalia,17866000,2020-04-23,30729,19678,1008,DE,DE-NW
North Rhine-Westphalia,17866000,2020-04-24,31129,20257,1052,DE,DE-NW
North Rhine-Westphalia,17866000,2020-04-25,31465,20412,1084,DE,DE-NW
North Rhine-Westphalia,17866000,2020-04-26,31669,21883,1096,DE,DE-NW
North Rhine-Westphalia,17866000,2020-04-27,31879,21883,1131,DE,DE-NW
North Rhine-Westphalia,17866000,2020-04-28,32184,22351,1171,DE,DE-NW
North Rhine-Westphalia,17866000,2020-04-29,32429,23555,1200,DE,DE-NW
North Rhine-Westphalia,17866000,2020-04-30,32687,24372,1219,DE,DE-NW
North Rhine-Westphalia,17866000,2020-05-01,33058,24894,1261,DE,DE-NW
North Rhine-Westphalia,17866000,2020-05-02,33216,25354,1268,DE,DE-NW
North Rhine-Westphalia,17866000,2020-05-03,33428,25840,1287,DE,DE-NW
North Rhine-Westphalia,17866000,2020-05-04,33560,25840,1290,DE,DE-NW
Rhineland-Palatinate,4053000,2020-01-27,0,0,0,DE,DE-RP
Rhineland-Palatinate,4053000,2020-01-28,0,0,0,DE,DE-RP
Rhineland-Palatinate,4053000,2020-01-29,0,0,0,DE,DE-RP
Rhineland-Palatinate,4053000,2020-01-30,0,0,0,DE,DE-RP
Rhineland-Palatinate,4053000,2020-01-31,0,0,0,DE,DE-RP
Rhineland-Palatinate,4053000,2020-02-01,0,0,0,DE,DE-RP
Rhineland-Palatinate,4053000,2020-02-02,0,0,0,DE,DE-RP
Rhineland-Palatinate,4053000,2020-02-03,0,0,0,DE,DE-RP
Rhineland-Palatinate,4053000,2020-02-04,0,0,0,DE,DE-RP
Rhineland-Palatinate,4053000,2020-02-05,0,0,0,DE,DE-RP
Rhineland-Palatinate,4053000,2020-02-06,0,0,0,DE,DE-RP
Rhineland-Palatinate,4053000,2020-02-07,0,0,0,DE,DE-RP
Rhineland-Palatinate,4053000,2020-02-08,0,0,0,DE,DE-RP
Rhineland-Palatinate,4053000,2020-02-09,0,0,0,DE,DE-RP
Rhineland-Palatinate,4053000,2020-02-10,0,0,0,DE,DE-RP
Rhineland-Palatinate,4053000,2020-02-11,0,0,0,DE,DE-RP
Rhineland-Palatinate,4053000,2020-02-12,0,0,0,DE,DE-RP
Rhineland-Palatinate,4053000,2020-02-13,0,0,0,DE,DE-RP
Rhineland-Palatinate,4053000,2020-02-14,0,0,0,DE,DE-RP
Rhineland-Palatinate,4053000,2020-02-15,0,0,0,DE,DE-RP
Rhineland-Palatinate,4053000,2020-02-16,0,0,0,DE,DE-RP
Rhineland-Palatinate,4053000,2020-02-17,0,0,0,DE,DE-RP
Rhineland-Palatinate,4053000,2020-02-18,0,0,0,DE,DE-RP
Rhineland-Palatinate,4053000,2020-02-19,0,0,0,DE,DE-RP
Rhineland-Palatinate,4053000,2020-02-20,0,0,0,DE,DE-RP
Rhineland-Palatinate,4053000,2020-02-21,0,0,0,DE,DE-RP
Rhineland-Palatinate,4053000,2020-02-22,0,0,0,DE,DE-RP
Rhineland-Palatinate,4053000,2020-02-23,0,0,0,DE,DE-RP
Rhineland-Palatinate,4053000,2020-02-24,0,0,0,DE,DE-RP
Rhineland-Palatinate,4053000,2020-02-25,0,0,0,DE,DE-RP
Rhineland-Palatinate,4053000,2020-02-26,0,0,0,DE,DE-RP
Rhineland-Palatinate,4053000,2020-02-27,0,0,0,DE,DE-RP
Rhineland-Palatinate,4053000,2020-02-28,0,0,0,DE,DE-RP
Rhineland-Palatinate,4053000,2020-02-29,1,0,0,DE,DE-RP
Rhineland-Palatinate,4053000,2020-03-01,2,0,0,DE,DE-RP
Rhineland-Palatinate,4053000,2020-03-02,2,0,0,DE,DE-RP
Rhineland-Palatinate,4053000,2020-03-03,2,0,0,DE,DE-RP
Rhineland-Palatinate,4053000,2020-03-04,7,0,0,DE,DE-RP
Rhineland-Palatinate,4053000,2020-03-05,8,0,0,DE,DE-RP
Rhineland-Palatinate,4053000,2020-03-06,10,0,0,DE,DE-RP
Rhineland-Palatinate,4053000,2020-03-07,13,0,0,DE,DE-RP
Rhineland-Palatinate,4053000,2020-03-08,19,0,0,DE,DE-RP
Rhineland-Palatinate,4053000,2020-03-09,22,0,0,DE,DE-RP
Rhineland-Palatinate,4053000,2020-03-10,25,1,0,DE,DE-RP
Rhineland-Palatinate,4053000,2020-03-11,29,1,0,DE,DE-RP
Rhineland-Palatinate,4053000,2020-03-12,52,1,0,DE,DE-RP
Rhineland-Palatinate,4053000,2020-03-13,102,1,0,DE,DE-RP
Rhineland-Palatinate,4053000,2020-03-14,162,1,0,DE,DE-RP
Rhineland-Palatinate,4053000,2020-03-15,200,1,0,DE,DE-RP
Rhineland-Palatinate,4053000,2020-03-16,325,1,0,DE,DE-RP
Rhineland-Palatinate,4053000,2020-03-17,435,1,0,DE,DE-RP
Rhineland-Palatinate,4053000,2020-03-18,603,1,0,DE,DE-RP
Rhineland-Palatinate,4053000,2020-03-19,749,1,0,DE,DE-RP
Rhineland-Palatinate,4053000,2020-03-20,890,1,2,DE,DE-RP
Rhineland-Palatinate,4053000,2020-03-21,1062,1,2,DE,DE-RP
Rhineland-Palatinate,4053000,2020-03-22,1149,1,2,DE,DE-RP
Rhineland-Palatinate,4053000,2020-03-23,1285,5,4,DE,DE-RP
Rhineland-Palatinate,4053000,2020-03-24,1480,6,5,DE,DE-RP
Rhineland-Palatinate,4053000,2020-03-25,1637,6,6,DE,DE-RP
Rhineland-Palatinate,4053000,2020-03-26,1873,7,8,DE,DE-RP
Rhineland-Palatinate,4053000,2020-03-27,2101,33,11,DE,DE-RP
Rhineland-Palatinate,4053000,2020-03-28,2357,50,12,DE,DE-RP
Rhineland-Palatinate,4053000,2020-03-29,2545,73,18,DE,DE-RP
Rhineland-Palatinate,4053000,2020-03-30,2686,99,19,DE,DE-RP
Rhineland-Palatinate,4053000,2020-03-31,2839,164,22,DE,DE-RP
Rhineland-Palatinate,4053000,2020-04-01,3036,294,25,DE,DE-RP
Rhineland-Palatinate,4053000,2020-04-02,3276,576,27,DE,DE-RP
Rhineland-Palatinate,4053000,2020-04-03,3466,690,30,DE,DE-RP
Rhineland-Palatinate,4053000,2020-04-04,3627,690,33,DE,DE-RP
Rhineland-Palatinate,4053000,2020-04-05,3847,690,32,DE,DE-RP
Rhineland-Palatinate,4053000,2020-04-06,3917,1157,33,DE,DE-RP
Rhineland-Palatinate,4053000,2020-04-07,4052,1386,43,DE,DE-RP
Rhineland-Palatinate,4053000,2020-04-08,4247,1523,50,DE,DE-RP
Rhineland-Palatinate,4053000,2020-04-09,4407,1643,52,DE,DE-RP
Rhineland-Palatinate,4053000,2020-04-10,4592,1829,60,DE,DE-RP
Rhineland-Palatinate,4053000,2020-04-11,4701,1908,65,DE,DE-RP
Rhineland-Palatinate,4053000,2020-04-12,4773,1908,69,DE,DE-RP
Rhineland-Palatinate,4053000,2020-04-13,4842,2059,71,DE,DE-RP
Rhineland-Palatinate,4053000,2020-04-14,4939,2059,77,DE,DE-RP
Rhineland-Palatinate,4053000,2020-04-15,5032,2790,83,DE,DE-RP
Rhineland-Palatinate,4053000,2020-04-16,5156,2953,90,DE,DE-RP
Rhineland-Palatinate,4053000,2020-04-17,5279,3102,97,DE,DE-RP
Rhineland-Palatinate,4053000,2020-04-18,5402,3265,106,DE,DE-RP
Rhineland-Palatinate,4053000,2020-04-19,5493,3419,107,DE,DE-RP
Rhineland-Palatinate,4053000,2020-04-20,5523,3538,114,DE,DE-RP
Rhineland-Palatinate,4053000,2020-04-21,5561,3699,117,DE,DE-RP
Rhineland-Palatinate,4053000,2020-04-22,5638,3881,130,DE,DE-RP
Rhineland-Palatinate,4053000,2020-04-23,5722,4027,136,DE,DE-RP
Rhineland-Palatinate,4053000,2020-04-24,5761,4153,138,DE,DE-RP
Rhineland-Palatinate,4053000,2020-04-25,5831,4385,146,DE,DE-RP
Rhineland-Palatinate,4053000,2020-04-26,5873,4385,149,DE,DE-RP
Rhineland-Palatinate,4053000,2020-04-27,5901,4456,153,DE,DE-RP
Rhineland-Palatinate,4053000,2020-04-28,5956,4597,159,DE,DE-RP
Rhineland-Palatinate,4053000,2020-04-29,5996,4694,162,DE,DE-RP
Rhineland-Palatinate,4053000,2020-04-30,6048,4796,167,DE,DE-RP
Rhineland-Palatinate,4053000,2020-05-01,6096,4903,173,DE,DE-RP
Rhineland-Palatinate,4053000,2020-05-02,6130,5000,176,DE,DE-RP
Rhineland-Palatinate,4053000,2020-05-03,6147,5076,177,DE,DE-RP
Rhineland-Palatinate,4053000,2020-05-04,6152,5134,181,DE,DE-RP
Sleswick-Holsatia,2859000,2020-01-27,0,0,0,DE,DE-SH
Sleswick-Holsatia,2859000,2020-01-28,0,0,0,DE,DE-SH
Sleswick-Holsatia,2859000,2020-01-29,0,0,0,DE,DE-SH
Sleswick-Holsatia,2859000,2020-01-30,0,0,0,DE,DE-SH
Sleswick-Holsatia,2859000,2020-01-31,0,0,0,DE,DE-SH
Sleswick-Holsatia,2859000,2020-02-01,0,0,0,DE,DE-SH
Sleswick-Holsatia,2859000,2020-02-02,0,0,0,DE,DE-SH
Sleswick-Holsatia,2859000,2020-02-03,0,0,0,DE,DE-SH
Sleswick-Holsatia,2859000,2020-02-04,0,0,0,DE,DE-SH
Sleswick-Holsatia,2859000,2020-02-05,0,0,0,DE,DE-SH
Sleswick-Holsatia,2859000,2020-02-06,0,0,0,DE,DE-SH
Sleswick-Holsatia,2859000,2020-02-07,0,0,0,DE,DE-SH
Sleswick-Holsatia,2859000,2020-02-08,0,0,0,DE,DE-SH
Sleswick-Holsatia,2859000,2020-02-09,0,0,0,DE,DE-SH
Sleswick-Holsatia,2859000,2020-02-10,0,0,0,DE,DE-SH
Sleswick-Holsatia,2859000,2020-02-11,0,0,0,DE,DE-SH
Sleswick-Holsatia,2859000,2020-02-12,0,0,0,DE,DE-SH
Sleswick-Holsatia,2859000,2020-02-13,0,0,0,DE,DE-SH
Sleswick-Holsatia,2859000,2020-02-14,0,0,0,DE,DE-SH
Sleswick-Holsatia,2859000,2020-02-15,0,0,0,DE,DE-SH
Sleswick-Holsatia,2859000,2020-02-16,0,0,0,DE,DE-SH
Sleswick-Holsatia,2859000,2020-02-17,0,0,0,DE,DE-SH
Sleswick-Holsatia,2859000,2020-02-18,0,0,0,DE,DE-SH
Sleswick-Holsatia,2859000,2020-02-19,0,0,0,DE,DE-SH
Sleswick-Holsatia,2859000,2020-02-20,0,0,0,DE,DE-SH
Sleswick-Holsatia,2859000,2020-02-21,0,0,0,DE,DE-SH
Sleswick-Holsatia,2859000,2020-02-22,0,0,0,DE,DE-SH
Sleswick-Holsatia,2859000,2020-02-23,0,0,0,DE,DE-SH
Sleswick-Holsatia,2859000,2020-02-24,0,0,0,DE,DE-SH
Sleswick-Holsatia,2859000,2020-02-25,0,0,0,DE,DE-SH
Sleswick-Holsatia,2859000,2020-02-26,0,0,0,DE,DE-SH
Sleswick-Holsatia,2859000,2020-02-27,0,0,0,DE,DE-SH
Sleswick-Holsatia,2859000,2020-02-28,1,0,0,DE,DE-SH
Sleswick-Holsatia,2859000,2020-02-29,1,0,0,DE,DE-SH
Sleswick-Holsatia,2859000,2020-03-01,2,0,0,DE,DE-SH
Sleswick-Holsatia,2859000,2020-03-02,2,0,0,DE,DE-SH
Sleswick-Holsatia,2859000,2020-03-03,2,0,0,DE,DE-SH
Sleswick-Holsatia,2859000,2020-03-04,2,0,0,DE,DE-SH
Sleswick-Holsatia,2859000,2020-03-05,7,0,0,DE,DE-SH
Sleswick-Holsatia,2859000,2020-03-06,7,0,0,DE,DE-SH
Sleswick-Holsatia,2859000,2020-03-07,8,0,0,DE,DE-SH
Sleswick-Holsatia,2859000,2020-03-08,8,0,0,DE,DE-SH
Sleswick-Holsatia,2859000,2020-03-09,9,0,0,DE,DE-SH
Sleswick-Holsatia,2859000,2020-03-10,9,0,0,DE,DE-SH
Sleswick-Holsatia,2859000,2020-03-11,27,0,0,DE,DE-SH
Sleswick-Holsatia,2859000,2020-03-12,31,0,0,DE,DE-SH
Sleswick-Holsatia,2859000,2020-03-13,48,0,0,DE,DE-SH
Sleswick-Holsatia,2859000,2020-03-14,60,0,0,DE,DE-SH
Sleswick-Holsatia,2859000,2020-03-15,103,0,0,DE,DE-SH
Sleswick-Holsatia,2859000,2020-03-16,123,0,0,DE,DE-SH
Sleswick-Holsatia,2859000,2020-03-17,145,0,0,DE,DE-SH
Sleswick-Holsatia,2859000,2020-03-18,196,0,0,DE,DE-SH
Sleswick-Holsatia,2859000,2020-03-19,253,0,1,DE,DE-SH
Sleswick-Holsatia,2859000,2020-03-20,321,0,1,DE,DE-SH
Sleswick-Holsatia,2859000,2020-03-21,383,0,1,DE,DE-SH
Sleswick-Holsatia,2859000,2020-03-22,436,0,1,DE,DE-SH
Sleswick-Holsatia,2859000,2020-03-23,467,1,1,DE,DE-SH
Sleswick-Holsatia,2859000,2020-03-24,544,2,2,DE,DE-SH
Sleswick-Holsatia,2859000,2020-03-25,609,2,4,DE,DE-SH
Sleswick-Holsatia,2859000,2020-03-26,685,3,4,DE,DE-SH
Sleswick-Holsatia,2859000,2020-03-27,821,4,5,DE,DE-SH
Sleswick-Holsatia,2859000,2020-03-28,917,11,5,DE,DE-SH
Sleswick-Holsatia,2859000,2020-03-29,1007,15,6,DE,DE-SH
Sleswick-Holsatia,2859000,2020-03-30,1053,28,7,DE,DE-SH
Sleswick-Holsatia,2859000,2020-03-31,1135,46,9,DE,DE-SH
Sleswick-Holsatia,2859000,2020-04-01,1252,57,10,DE,DE-SH
Sleswick-Holsatia,2859000,2020-04-02,1343,73,12,DE,DE-SH
Sleswick-Holsatia,2859000,2020-04-03,1448,122,15,DE,DE-SH
Sleswick-Holsatia,2859000,2020-04-04,1568,122,17,DE,DE-SH
Sleswick-Holsatia,2859000,2020-04-05,1638,122,18,DE,DE-SH
Sleswick-Holsatia,2859000,2020-04-06,1678,203,20,DE,DE-SH
Sleswick-Holsatia,2859000,2020-04-07,1735,243,24,DE,DE-SH
Sleswick-Holsatia,2859000,2020-04-08,1830,425,28,DE,DE-SH
Sleswick-Holsatia,2859000,2020-04-09,1934,1050,36,DE,DE-SH
Sleswick-Holsatia,2859000,2020-04-10,2032,1134,39,DE,DE-SH
Sleswick-Holsatia,2859000,2020-04-11,2069,1200,40,DE,DE-SH
Sleswick-Holsatia,2859000,2020-04-12,2113,1200,41,DE,DE-SH
Sleswick-Holsatia,2859000,2020-04-13,2135,1300,45,DE,DE-SH
Sleswick-Holsatia,2859000,2020-04-14,2164,1300,49,DE,DE-SH
Sleswick-Holsatia,2859000,2020-04-15,2248,1400,54,DE,DE-SH
Sleswick-Holsatia,2859000,2020-04-16,2349,1400,59,DE,DE-SH
Sleswick-Holsatia,2859000,2020-04-17,2349,1400,59,DE,DE-SH
Sleswick-Holsatia,2859000,2020-04-18,2387,1600,61,DE,DE-SH
Sleswick-Holsatia,2859000,2020-04-19,2417,1600,62,DE,DE-SH
Sleswick-Holsatia,2859000,2020-04-20,2426,1700,67,DE,DE-SH
Sleswick-Holsatia,2859000,2020-04-21,2446,1700,72,DE,DE-SH
Sleswick-Holsatia,2859000,2020-04-22,2496,1700,79,DE,DE-SH
Sleswick-Holsatia,2859000,2020-04-23,2530,1900,84,DE,DE-SH
Sleswick-Holsatia,2859000,2020-04-24,2557,1900,88,DE,DE-SH
Sleswick-Holsatia,2859000,2020-04-25,2612,1900,95,DE,DE-SH
Sleswick-Holsatia,2859000,2020-04-26,2630,1900,96,DE,DE-SH
Sleswick-Holsatia,2859000,2020-04-27,2638,1900,98,DE,DE-SH
Sleswick-Holsatia,2859000,2020-04-28,2653,1900,101,DE,DE-SH
Sleswick-Holsatia,2859000,2020-04-29,2679,2100,103,DE,DE-SH
Sleswick-Holsatia,2859000,2020-04-30,2690,2100,106,DE,DE-SH
Sleswick-Holsatia,2859000,2020-05-01,2714,2100,110,DE,DE-SH
Sleswick-Holsatia,2859000,2020-05-02,2728,2200,112,DE,DE-SH
Sleswick-Holsatia,2859000,2020-05-03,2738,2200,113,DE,DE-SH
Sleswick-Holsatia,2859000,2020-05-04,2788,2200,113,DE,DE-SH
Saarland,996000,2020-01-27,0,0,0,DE,DE-SL
Saarland,996000,2020-01-28,0,0,0,DE,DE-SL
Saarland,996000,2020-01-29,0,0,0,DE,DE-SL
Saarland,996000,2020-01-30,0,0,0,DE,DE-SL
Saarland,996000,2020-01-31,0,0,0,DE,DE-SL
Saarland,996000,2020-02-01,0,0,0,DE,DE-SL
Saarland,996000,2020-02-02,0,0,0,DE,DE-SL
Saarland,996000,2020-02-03,0,0,0,DE,DE-SL
Saarland,996000,2020-02-04,0,0,0,DE,DE-SL
Saarland,996000,2020-02-05,0,0,0,DE,DE-SL
Saarland,996000,2020-02-06,0,0,0,DE,DE-SL
Saarland,996000,2020-02-07,0,0,0,DE,DE-SL
Saarland,996000,2020-02-08,0,0,0,DE,DE-SL
Saarland,996000,2020-02-09,0,0,0,DE,DE-SL
Saarland,996000,2020-02-10,0,0,0,DE,DE-SL
Saarland,996000,2020-02-11,0,0,0,DE,DE-SL
Saarland,996000,2020-02-12,0,0,0,DE,DE-SL
Saarland,996000,2020-02-13,0,0,0,DE,DE-SL
Saarland,996000,2020-02-14,0,0,0,DE,DE-SL
Saarland,996000,2020-02-15,0,0,0,DE,DE-SL
Saarland,996000,2020-02-16,0,0,0,DE,DE-SL
Saarland,996000,2020-02-17,0,0,0,DE,DE-SL
Saarland,996000,2020-02-18,0,0,0,DE,DE-SL
Saarland,996000,2020-02-19,0,0,0,DE,DE-SL
Saarland,996000,2020-02-20,0,0,0,DE,DE-SL
Saarland,996000,2020-02-21,0,0,0,DE,DE-SL
Saarland,996000,2020-02-22,0,0,0,DE,DE-SL
Saarland,996000,2020-02-23,0,0,0,DE,DE-SL
Saarland,996000,2020-02-24,0,0,0,DE,DE-SL
Saarland,996000,2020-02-25,0,0,0,DE,DE-SL
Saarland,996000,2020-02-26,0,0,0,DE,DE-SL
Saarland,996000,2020-02-27,0,0,0,DE,DE-SL
Saarland,996000,2020-02-28,0,0,0,DE,DE-SL
Saarland,996000,2020-02-29,0,0,0,DE,DE-SL
Saarland,996000,2020-03-01,0,0,0,DE,DE-SL
Saarland,996000,2020-03-02,0,0,0,DE,DE-SL
Saarland,996000,2020-03-03,0,0,0,DE,DE-SL
Saarland,996000,2020-03-04,1,0,0,DE,DE-SL
Saarland,996000,2020-03-05,1,0,0,DE,DE-SL
Saarland,996000,2020-03-06,2,0,0,DE,DE-SL
Saarland,996000,2020-03-07,3,0,0,DE,DE-SL
Saarland,996000,2020-03-08,4,0,0,DE,DE-SL
Saarland,996000,2020-03-09,6,0,0,DE,DE-SL
Saarland,996000,2020-03-10,7,0,0,DE,DE-SL
Saarland,996000,2020-03-11,14,0,0,DE,DE-SL
Saarland,996000,2020-03-12,29,0,0,DE,DE-SL
Saarland,996000,2020-03-13,40,0,0,DE,DE-SL
Saarland,996000,2020-03-14,40,0,0,DE,DE-SL
Saarland,996000,2020-03-15,74,0,0,DE,DE-SL
Saarland,996000,2020-03-16,85,0,0,DE,DE-SL
Saarland,996000,2020-03-17,101,0,0,DE,DE-SL
Saarland,996000,2020-03-18,169,0,0,DE,DE-SL
Saarland,996000,2020-03-19,217,0,0,DE,DE-SL
Saarland,996000,2020-03-20,255,0,0,DE,DE-SL
Saarland,996000,2020-03-21,301,0,1,DE,DE-SL
Saarland,996000,2020-03-22,318,0,1,DE,DE-SL
Saarland,996000,2020-03-23,383,2,1,DE,DE-SL
Saarland,996000,2020-03-24,433,14,3,DE,DE-SL
Saarland,996000,2020-03-25,466,21,3,DE,DE-SL
Saarland,996000,2020-03-26,540,25,3,DE,DE-SL
Saarland,996000,2020-03-27,614,25,6,DE,DE-SL
Saarland,996000,2020-03-28,669,36,6,DE,DE-SL
Saarland,996000,2020-03-29,726,47,7,DE,DE-SL
Saarland,996000,2020-03-30,800,47,9,DE,DE-SL
Saarland,996000,2020-03-31,961,61,12,DE,DE-SL
Saarland,996000,2020-04-01,1073,68,15,DE,DE-SL
Saarland,996000,2020-04-02,1252,120,16,DE,DE-SL
Saarland,996000,2020-04-03,1318,179,20,DE,DE-SL
Saarland,996000,2020-04-04,1410,179,21,DE,DE-SL
Saarland,996000,2020-04-05,1542,179,24,DE,DE-SL
Saarland,996000,2020-04-06,1605,261,30,DE,DE-SL
Saarland,996000,2020-04-07,1700,452,32,DE,DE-SL
Saarland,996000,2020-04-08,1842,502,32,DE,DE-SL
Saarland,996000,2020-04-09,1987,572,38,DE,DE-SL
Saarland,996000,2020-04-10,2072,596,42,DE,DE-SL
Saarland,996000,2020-04-11,2095,632,47,DE,DE-SL
Saarland,996000,2020-04-12,2121,648,48,DE,DE-SL
Saarland,996000,2020-04-13,2138,665,50,DE,DE-SL
Saarland,996000,2020-04-14,2167,781,64,DE,DE-SL
Saarland,996000,2020-04-15,2225,922,78,DE,DE-SL
Saarland,996000,2020-04-16,2275,958,83,DE,DE-SL
Saarland,996000,2020-04-17,2305,1003,94,DE,DE-SL
Saarland,996000,2020-04-18,2327,1012,100,DE,DE-SL
Saarland,996000,2020-04-19,2336,1075,100,DE,DE-SL
Saarland,996000,2020-04-20,2348,1111,102,DE,DE-SL
Saarland,996000,2020-04-21,2381,1198,108,DE,DE-SL
Saarland,996000,2020-04-22,2413,1283,115,DE,DE-SL
Saarland,996000,2020-04-23,2452,1362,120,DE,DE-SL
Saarland,996000,2020-04-24,2477,1467,122,DE,DE-SL
Saarland,996000,2020-04-25,2496,1494,122,DE,DE-SL
Saarland,996000,2020-04-26,2512,1503,124,DE,DE-SL
Saarland,996000,2020-04-27,2518,1546,126,DE,DE-SL
Saarland,996000,2020-04-28,2526,1606,130,DE,DE-SL
Saarland,996000,2020-04-29,2552,1708,133,DE,DE-SL
Saarland,996000,2020-04-30,2577,1767,134,DE,DE-SL
Saarland,996000,2020-05-01,2592,1971,138,DE,DE-SL
Saarland,996000,2020-05-02,2597,2049,139,DE,DE-SL
Saarland,996000,2020-05-03,2605,2052,140,DE,DE-SL
Saarland,996000,2020-05-04,2608,2052,140,DE,DE-SL
Saxony,4085000,2020-01-27,0,0,0,DE,DE-SN
Saxony,4085000,2020-01-28,0,0,0,DE,DE-SN
Saxony,4085000,2020-01-29,0,0,0,DE,DE-SN
Saxony,4085000,2020-01-30,0,0,0,DE,DE-SN
Saxony,4085000,2020-01-31,0,0,0,DE,DE-SN
Saxony,4085000,2020-02-01,0,0,0,DE,DE-SN
Saxony,4085000,2020-02-02,0,0,0,DE,DE-SN
Saxony,4085000,2020-02-03,0,0,0,DE,DE-SN
Saxony,4085000,2020-02-04,0,0,0,DE,DE-SN
Saxony,4085000,2020-02-05,0,0,0,DE,DE-SN
Saxony,4085000,2020-02-06,0,0,0,DE,DE-SN
Saxony,4085000,2020-02-07,0,0,0,DE,DE-SN
Saxony,4085000,2020-02-08,0,0,0,DE,DE-SN
Saxony,4085000,2020-02-09,0,0,0,DE,DE-SN
Saxony,4085000,2020-02-10,0,0,0,DE,DE-SN
Saxony,4085000,2020-02-11,0,0,0,DE,DE-SN
Saxony,4085000,2020-02-12,0,0,0,DE,DE-SN
Saxony,4085000,2020-02-13,0,0,0,DE,DE-SN
Saxony,4085000,2020-02-14,0,0,0,DE,DE-SN
Saxony,4085000,2020-02-15,0,0,0,DE,DE-SN
Saxony,4085000,2020-02-16,0,0,0,DE,DE-SN
Saxony,4085000,2020-02-17,0,0,0,DE,DE-SN
Saxony,4085000,2020-02-18,0,0,0,DE,DE-SN
Saxony,4085000,2020-02-19,0,0,0,DE,DE-SN
Saxony,4085000,2020-02-20,0,0,0,DE,DE-SN
Saxony,4085000,2020-02-21,0,0,0,DE,DE-SN
Saxony,4085000,2020-02-22,0,0,0,DE,DE-SN
Saxony,4085000,2020-02-23,0,0,0,DE,DE-SN
Saxony,4085000,2020-02-24,0,0,0,DE,DE-SN
Saxony,4085000,2020-02-25,0,0,0,DE,DE-SN
Saxony,4085000,2020-02-26,0,0,0,DE,DE-SN
Saxony,4085000,2020-02-27,0,0,0,DE,DE-SN
Saxony,4085000,2020-02-28,0,0,0,DE,DE-SN
Saxony,4085000,2020-02-29,0,0,0,DE,DE-SN
Saxony,4085000,2020-03-01,0,0,0,DE,DE-SN
Saxony,4085000,2020-03-02,0,0,0,DE,DE-SN
Saxony,4085000,2020-03-03,1,0,0,DE,DE-SN
Saxony,4085000,2020-03-04,1,0,0,DE,DE-SN
Saxony,4085000,2020-03-05,1,0,0,DE,DE-SN
Saxony,4085000,2020-03-06,2,0,0,DE,DE-SN
Saxony,4085000,2020-03-07,4,0,0,DE,DE-SN
Saxony,4085000,2020-03-08,4,0,0,DE,DE-SN
Saxony,4085000,2020-03-09,12,0,0,DE,DE-SN
Saxony,4085000,2020-03-10,24,0,0,DE,DE-SN
Saxony,4085000,2020-03-11,26,0,0,DE,DE-SN
Saxony,4085000,2020-03-12,49,0,0,DE,DE-SN
Saxony,4085000,2020-03-13,83,0,0,DE,DE-SN
Saxony,4085000,2020-03-14,99,0,0,DE,DE-SN
Saxony,4085000,2020-03-15,130,0,0,DE,DE-SN
Saxony,4085000,2020-03-16,152,0,0,DE,DE-SN
Saxony,4085000,2020-03-17,247,0,0,DE,DE-SN
Saxony,4085000,2020-03-18,296,0,0,DE,DE-SN
Saxony,4085000,2020-03-19,389,0,0,DE,DE-SN
Saxony,4085000,2020-03-20,562,2,1,DE,DE-SN
Saxony,4085000,2020-03-21,650,2,1,DE,DE-SN
Saxony,4085000,2020-03-22,731,2,1,DE,DE-SN
Saxony,4085000,2020-03-23,865,2,3,DE,DE-SN
Saxony,4085000,2020-03-24,1018,14,6,DE,DE-SN
Saxony,4085000,2020-03-25,1018,14,6,DE,DE-SN
Saxony,4085000,2020-03-26,1275,15,8,DE,DE-SN
Saxony,4085000,2020-03-27,1505,15,9,DE,DE-SN
Saxony,4085000,2020-03-28,1700,17,9,DE,DE-SN
Saxony,4085000,2020-03-29,1816,24,10,DE,DE-SN
Saxony,4085000,2020-03-30,1930,32,11,DE,DE-SN
Saxony,4085000,2020-03-31,2084,33,13,DE,DE-SN
Saxony,4085000,2020-04-01,2245,53,18,DE,DE-SN
Saxony,4085000,2020-04-02,2411,109,19,DE,DE-SN
Saxony,4085000,2020-04-03,2646,243,25,DE,DE-SN
Saxony,4085000,2020-04-04,2843,243,32,DE,DE-SN
Saxony,4085000,2020-04-05,3006,243,34,DE,DE-SN
Saxony,4085000,2020-04-06,3097,278,35,DE,DE-SN
Saxony,4085000,2020-04-07,3181,1100,43,DE,DE-SN
Saxony,4085000,2020-04-08,3339,1100,52,DE,DE-SN
Saxony,4085000,2020-04-09,3487,1100,58,DE,DE-SN
Saxony,4085000,2020-04-10,3601,1400,64,DE,DE-SN
Saxony,4085000,2020-04-11,3708,1560,67,DE,DE-SN
Saxony,4085000,2020-04-12,3764,1770,68,DE,DE-SN
Saxony,4085000,2020-04-13,3802,1880,69,DE,DE-SN
Saxony,4085000,2020-04-14,3915,2030,74,DE,DE-SN
Saxony,4085000,2020-04-15,4028,2200,87,DE,DE-SN
Saxony,4085000,2020-04-16,4110,2400,94,DE,DE-SN
Saxony,4085000,2020-04-17,4180,2600,100,DE,DE-SN
Saxony,4085000,2020-04-18,4240,2600,106,DE,DE-SN
Saxony,4085000,2020-04-19,4277,2800,107,DE,DE-SN
Saxony,4085000,2020-04-20,4323,2850,111,DE,DE-SN
Saxony,4085000,2020-04-21,4342,3000,119,DE,DE-SN
Saxony,4085000,2020-04-22,4397,3100,126,DE,DE-SN
Saxony,4085000,2020-04-23,4438,3250,133,DE,DE-SN
Saxony,4085000,2020-04-24,4479,3380,141,DE,DE-SN
Saxony,4085000,2020-04-25,4507,3430,147,DE,DE-SN
Saxony,4085000,2020-04-26,4541,3570,147,DE,DE-SN
Saxony,4085000,2020-04-27,4567,3570,148,DE,DE-SN
Saxony,4085000,2020-04-28,4567,3650,148,DE,DE-SN
Saxony,4085000,2020-04-29,4620,3700,153,DE,DE-SN
Saxony,4085000,2020-04-30,4656,3900,158,DE,DE-SN
Saxony,4085000,2020-05-01,4677,3950,163,DE,DE-SN
Saxony,4085000,2020-05-02,4715,4050,165,DE,DE-SN
Saxony,4085000,2020-05-03,4731,4100,167,DE,DE-SN
Saxony,4085000,2020-05-04,4749,4150,169,DE,DE-SN
Saxony-Anhalt,2245000,2020-01-27,0,0,0,DE,DE-ST
Saxony-Anhalt,2245000,2020-01-28,0,0,0,DE,DE-ST
Saxony-Anhalt,2245000,2020-01-29,0,0,0,DE,DE-ST
Saxony-Anhalt,2245000,2020-01-30,0,0,0,DE,DE-ST
Saxony-Anhalt,2245000,2020-01-31,0,0,0,DE,DE-ST
Saxony-Anhalt,2245000,2020-02-01,0,0,0,DE,DE-ST
Saxony-Anhalt,2245000,2020-02-02,0,0,0,DE,DE-ST
Saxony-Anhalt,2245000,2020-02-03,0,0,0,DE,DE-ST
Saxony-Anhalt,2245000,2020-02-04,0,0,0,DE,DE-ST
Saxony-Anhalt,2245000,2020-02-05,0,0,0,DE,DE-ST
Saxony-Anhalt,2245000,2020-02-06,0,0,0,DE,DE-ST
Saxony-Anhalt,2245000,2020-02-07,0,0,0,DE,DE-ST
Saxony-Anhalt,2245000,2020-02-08,0,0,0,DE,DE-ST
Saxony-Anhalt,2245000,2020-02-09,0,0,0,DE,DE-ST
Saxony-Anhalt,2245000,2020-02-10,0,0,0,DE,DE-ST
Saxony-Anhalt,2245000,2020-02-11,0,0,0,DE,DE-ST
Saxony-Anhalt,2245000,2020-02-12,0,0,0,DE,DE-ST
Saxony-Anhalt,2245000,2020-02-13,0,0,0,DE,DE-ST
Saxony-Anhalt,2245000,2020-02-14,0,0,0,DE,DE-ST
Saxony-Anhalt,2245000,2020-02-15,0,0,0,DE,DE-ST
Saxony-Anhalt,2245000,2020-02-16,0,0,0,DE,DE-ST
Saxony-Anhalt,2245000,2020-02-17,0,0,0,DE,DE-ST
Saxony-Anhalt,2245000,2020-02-18,0,0,0,DE,DE-ST
Saxony-Anhalt,2245000,2020-02-19,0,0,0,DE,DE-ST
Saxony-Anhalt,2245000,2020-02-20,0,0,0,DE,DE-ST
Saxony-Anhalt,2245000,2020-02-21,0,0,0,DE,DE-ST
Saxony-Anhalt,2245000,2020-02-22,0,0,0,DE,DE-ST
Saxony-Anhalt,2245000,2020-02-23,0,0,0,DE,DE-ST
Saxony-Anhalt,2245000,2020-02-24,0,0,0,DE,DE-ST
Saxony-Anhalt,2245000,2020-02-25,0,0,0,DE,DE-ST
Saxony-Anhalt,2245000,2020-02-26,0,0,0,DE,DE-ST
Saxony-Anhalt,2245000,2020-02-27,0,0,0,DE,DE-ST
Saxony-Anhalt,2245000,2020-02-28,0,0,0,DE,DE-ST
Saxony-Anhalt,2245000,2020-02-29,0,0,0,DE,DE-ST
Saxony-Anhalt,2245000,2020-03-01,0,0,0,DE,DE-ST
Saxony-Anhalt,2245000,2020-03-02,0,0,0,DE,DE-ST
Saxony-Anhalt,2245000,2020-03-03,0,0,0,DE,DE-ST
Saxony-Anhalt,2245000,2020-03-04,0,0,0,DE,DE-ST
Saxony-Anhalt,2245000,2020-03-05,0,0,0,DE,DE-ST
Saxony-Anhalt,2245000,2020-03-06,0,0,0,DE,DE-ST
Saxony-Anhalt,2245000,2020-03-07,0,0,0,DE,DE-ST
Saxony-Anhalt,2245000,2020-03-08,0,0,0,DE,DE-ST
Saxony-Anhalt,2245000,2020-03-09,0,0,0,DE,DE-ST
Saxony-Anhalt,2245000,2020-03-10,8,0,0,DE,DE-ST
Saxony-Anhalt,2245000,2020-03-11,15,0,0,DE,DE-ST
Saxony-Anhalt,2245000,2020-03-12,27,0,0,DE,DE-ST
Saxony-Anhalt,2245000,2020-03-13,42,0,0,DE,DE-ST
Saxony-Anhalt,2245000,2020-03-14,45,0,0,DE,DE-ST
Saxony-Anhalt,2245000,2020-03-15,54,0,0,DE,DE-ST
Saxony-Anhalt,2245000,2020-03-16,77,0,0,DE,DE-ST
Saxony-Anhalt,2245000,2020-03-17,105,0,0,DE,DE-ST
Saxony-Anhalt,2245000,2020-03-18,133,0,0,DE,DE-ST
Saxony-Anhalt,2245000,2020-03-19,174,0,0,DE,DE-ST
Saxony-Anhalt,2245000,2020-03-20,217,0,0,DE,DE-ST
Saxony-Anhalt,2245000,2020-03-21,253,0,1,DE,DE-ST
Saxony-Anhalt,2245000,2020-03-22,269,0,1,DE,DE-ST
Saxony-Anhalt,2245000,2020-03-23,303,0,1,DE,DE-ST
Saxony-Anhalt,2245000,2020-03-24,377,1,1,DE,DE-ST
Saxony-Anhalt,2245000,2020-03-25,420,2,1,DE,DE-ST
Saxony-Anhalt,2245000,2020-03-26,500,21,2,DE,DE-ST
Saxony-Anhalt,2245000,2020-03-27,561,22,2,DE,DE-ST
Saxony-Anhalt,2245000,2020-03-28,594,22,2,DE,DE-ST
Saxony-Anhalt,2245000,2020-03-29,635,22,2,DE,DE-ST
Saxony-Anhalt,2245000,2020-03-30,682,22,6,DE,DE-ST
Saxony-Anhalt,2245000,2020-03-31,752,22,7,DE,DE-ST
Saxony-Anhalt,2245000,2020-04-01,806,39,8,DE,DE-ST
Saxony-Anhalt,2245000,2020-04-02,838,291,11,DE,DE-ST
Saxony-Anhalt,2245000,2020-04-03,898,291,11,DE,DE-ST
Saxony-Anhalt,2245000,2020-04-04,912,291,12,DE,DE-ST
Saxony-Anhalt,2245000,2020-04-05,958,325,12,DE,DE-ST
Saxony-Anhalt,2245000,2020-04-06,989,400,12,DE,DE-ST
Saxony-Anhalt,2245000,2020-04-07,1024,449,16,DE,DE-ST
Saxony-Anhalt,2245000,2020-04-08,1077,486,16,DE,DE-ST
Saxony-Anhalt,2245000,2020-04-09,1123,512,18,DE,DE-ST
Saxony-Anhalt,2245000,2020-04-10,1137,543,18,DE,DE-ST
Saxony-Anhalt,2245000,2020-04-11,1168,573,21,DE,DE-ST
Saxony-Anhalt,2245000,2020-04-12,1195,613,24,DE,DE-ST
Saxony-Anhalt,2245000,2020-04-13,1210,613,25,DE,DE-ST
Saxony-Anhalt,2245000,2020-04-14,1225,759,26,DE,DE-ST
Saxony-Anhalt,2245000,2020-04-15,1249,759,26,DE,DE-ST
Saxony-Anhalt,2245000,2020-04-16,1281,759,28,DE,DE-ST
Saxony-Anhalt,2245000,2020-04-17,1317,759,29,DE,DE-ST
Saxony-Anhalt,2245000,2020-04-18,1352,872,30,DE,DE-ST
Saxony-Anhalt,2245000,2020-04-19,1371,872,30,DE,DE-ST
Saxony-Anhalt,2245000,2020-04-20,1387,925,32,DE,DE-ST
Saxony-Anhalt,2245000,2020-04-21,1399,970,33,DE,DE-ST
Saxony-Anhalt,2245000,2020-04-22,1429,990,34,DE,DE-ST
Saxony-Anhalt,2245000,2020-04-23,1440,1013,35,DE,DE-ST
Saxony-Anhalt,2245000,2020-04-24,1481,1040,35,DE,DE-ST
Saxony-Anhalt,2245000,2020-04-25,1495,1060,36,DE,DE-ST
Saxony-Anhalt,2245000,2020-04-26,1516,1060,36,DE,DE-ST
Saxony-Anhalt,2245000,2020-04-27,1519,1060,39,DE,DE-ST
Saxony-Anhalt,2245000,2020-04-28,1526,1095,39,DE,DE-ST
Saxony-Anhalt,2245000,2020-04-29,1550,1122,43,DE,DE-ST
Saxony-Anhalt,2245000,2020-04-30,1565,1132,44,DE,DE-ST
Saxony-Anhalt,2245000,2020-05-01,1572,1132,44,DE,DE-ST
Saxony-Anhalt,2245000,2020-05-02,1577,1200,44,DE,DE-ST
Saxony-Anhalt,2245000,2020-05-03,1579,1219,45,DE,DE-ST
Saxony-Anhalt,2245000,2020-05-04,1587,1232,46,DE,DE-ST
Thuringia,2171000,2020-01-27,0,0,0,DE,DE-TH
Thuringia,2171000,2020-01-28,0,0,0,DE,DE-TH
Thuringia,2171000,2020-01-29,0,0,0,DE,DE-TH
Thuringia,2171000,2020-01-30,0,0,0,DE,DE-TH
Thuringia,2171000,2020-01-31,0,0,0,DE,DE-TH
Thuringia,2171000,2020-02-01,0,0,0,DE,DE-TH
Thuringia,2171000,2020-02-02,0,0,0,DE,DE-TH
Thuringia,2171000,2020-02-03,0,0,0,DE,DE-TH
Thuringia,2171000,2020-02-04,0,0,0,DE,DE-TH
Thuringia,2171000,2020-02-05,0,0,0,DE,DE-TH
Thuringia,2171000,2020-02-06,0,0,0,DE,DE-TH
Thuringia,2171000,2020-02-07,0,0,0,DE,DE-TH
Thuringia,2171000,2020-02-08,0,0,0,DE,DE-TH
Thuringia,2171000,2020-02-09,0,0,0,DE,DE-TH
Thuringia,2171000,2020-02-10,0,0,0,DE,DE-TH
Thuringia,2171000,2020-02-11,0,0,0,DE,DE-TH
Thuringia,2171000,2020-02-12,0,0,0,DE,DE-TH
Thuringia,2171000,2020-02-13,0,0,0,DE,DE-TH
Thuringia,2171000,2020-02-14,0,0,0,DE,DE-TH
Thuringia,2171000,2020-02-15,0,0,0,DE,DE-TH
Thuringia,2171000,2020-02-16,0,0,0,DE,DE-TH
Thuringia,2171000,2020-02-17,0,0,0,DE,DE-TH
Thuringia,2171000,2020-02-18,0,0,0,DE,DE-TH
Thuringia,2171000,2020-02-19,0,0,0,DE,DE-TH
Thuringia,2171000,2020-02-20,0,0,0,DE,DE-TH
Thuringia,2171000,2020-02-21,0,0,0,DE,DE-TH
Thuringia,2171000,2020-02-22,0,0,0,DE,DE-TH
Thuringia,2171000,2020-02-23,0,0,0,DE,DE-TH
Thuringia,2171000,2020-02-24,0,0,0,DE,DE-TH
Thuringia,2171000,2020-02-25,0,0,0,DE,DE-TH
Thuringia,2171000,2020-02-26,0,0,0,DE,DE-TH
Thuringia,2171000,2020-02-27,0,0,0,DE,DE-TH
Thuringia,2171000,2020-02-28,0,0,0,DE,DE-TH
Thuringia,2171000,2020-02-29,0,0,0,DE,DE-TH
Thuringia,2171000,2020-03-01,0,0,0,DE,DE-TH
Thuringia,2171000,2020-03-02,0,0,0,DE,DE-TH
Thuringia,2171000,2020-03-03,1,0,0,DE,DE-TH
Thuringia,2171000,2020-03-04,1,0,0,DE,DE-TH
Thuringia,2171000,2020-03-05,1,0,0,DE,DE-TH
Thuringia,2171000,2020-03-06,1,0,0,DE,DE-TH
Thuringia,2171000,2020-03-07,2,0,0,DE,DE-TH
Thuringia,2171000,2020-03-08,2,0,0,DE,DE-TH
Thuringia,2171000,2020-03-09,2,0,0,DE,DE-TH
Thuringia,2171000,2020-03-10,8,0,0,DE,DE-TH
Thuringia,2171000,2020-03-11,10,0,0,DE,DE-TH
Thuringia,2171000,2020-03-12,18,0,0,DE,DE-TH
Thuringia,2171000,2020-03-13,30,0,0,DE,DE-TH
Thuringia,2171000,2020-03-14,46,0,0,DE,DE-TH
Thuringia,2171000,2020-03-15,51,0,0,DE,DE-TH
Thuringia,2171000,2020-03-16,67,1,0,DE,DE-TH
Thuringia,2171000,2020-03-17,71,1,0,DE,DE-TH
Thuringia,2171000,2020-03-18,114,1,0,DE,DE-TH
Thuringia,2171000,2020-03-19,166,2,0,DE,DE-TH
Thuringia,2171000,2020-03-20,215,3,1,DE,DE-TH
Thuringia,2171000,2020-03-21,277,24,1,DE,DE-TH
Thuringia,2171000,2020-03-22,328,27,1,DE,DE-TH
Thuringia,2171000,2020-03-23,377,33,1,DE,DE-TH
Thuringia,2171000,2020-03-24,437,52,1,DE,DE-TH
Thuringia,2171000,2020-03-25,479,64,2,DE,DE-TH
Thuringia,2171000,2020-03-26,572,72,3,DE,DE-TH
Thuringia,2171000,2020-03-27,668,72,4,DE,DE-TH
Thuringia,2171000,2020-03-28,702,80,5,DE,DE-TH
Thuringia,2171000,2020-03-29,749,129,5,DE,DE-TH
Thuringia,2171000,2020-03-30,777,129,5,DE,DE-TH
Thuringia,2171000,2020-03-31,840,129,6,DE,DE-TH
Thuringia,2171000,2020-04-01,887,129,6,DE,DE-TH
Thuringia,2171000,2020-04-02,985,390,8,DE,DE-TH
Thuringia,2171000,2020-04-03,1074,440,9,DE,DE-TH
Thuringia,2171000,2020-04-04,1074,440,10,DE,DE-TH
Thuringia,2171000,2020-04-05,1156,550,10,DE,DE-TH
Thuringia,2171000,2020-04-06,1188,550,13,DE,DE-TH
Thuringia,2171000,2020-04-07,1264,640,19,DE,DE-TH
Thuringia,2171000,2020-04-08,1319,640,20,DE,DE-TH
Thuringia,2171000,2020-04-09,1359,740,21,DE,DE-TH
Thuringia,2171000,2020-04-10,1420,770,24,DE,DE-TH
Thuringia,2171000,2020-04-11,1444,770,25,DE,DE-TH
Thuringia,2171000,2020-04-12,1471,850,25,DE,DE-TH
Thuringia,2171000,2020-04-13,1494,890,28,DE,DE-TH
Thuringia,2171000,2020-04-14,1510,1000,33,DE,DE-TH
Thuringia,2171000,2020-04-15,1566,1040,40,DE,DE-TH
Thuringia,2171000,2020-04-16,1604,1080,45,DE,DE-TH
Thuringia,2171000,2020-04-17,1688,1130,50,DE,DE-TH
Thuringia,2171000,2020-04-18,1722,1170,51,DE,DE-TH
Thuringia,2171000,2020-04-19,1768,1210,53,DE,DE-TH
Thuringia,2171000,2020-04-20,1789,1250,53,DE,DE-TH
Thuringia,2171000,2020-04-21,1820,1290,59,DE,DE-TH
Thuringia,2171000,2020-04-22,1874,1330,71,DE,DE-TH
Thuringia,2171000,2020-04-23,1962,1380,71,DE,DE-TH
Thuringia,2171000,2020-04-24,2023,1430,71,DE,DE-TH
Thuringia,2171000,2020-04-25,2064,1460,71,DE,DE-TH
Thuringia,2171000,2020-04-26,2098,1490,73,DE,DE-TH
Thuringia,2171000,2020-04-27,2120,1520,74,DE,DE-TH
Thuringia,2171000,2020-04-28,2182,1570,80,DE,DE-TH
Thuringia,2171000,2020-04-29,2208,1610,80,DE,DE-TH
Thuringia,2171000,2020-04-30,2255,1650,85,DE,DE-TH
Thuringia,2171000,2020-05-01,2323,1650,93,DE,DE-TH
Thuringia,2171000,2020-05-02,2335,1720,93,DE,DE-TH
Thuringia,2171000,2020-05-03,2353,1750,95,DE,DE-TH
Thuringia,2171000,2020-05-04,2364,1800,97,DE,DE-TH
