state_name_en,population_number,reportDate,cases,recovered,deaths,countryCode,stateCode
Alberta,4286134,2020-03-06,1,0,0,CA,CA-AB
Alberta,4286134,2020-03-07,2,0,0,CA,CA-AB
Alberta,4286134,2020-03-08,4,0,0,CA,CA-AB
Alberta,4286134,2020-03-09,7,0,0,CA,CA-AB
Alberta,4286134,2020-03-10,7,0,0,CA,CA-AB
Alberta,4286134,2020-03-11,19,0,0,CA,CA-AB
Alberta,4286134,2020-03-12,19,0,0,CA,CA-AB
Alberta,4286134,2020-03-13,23,0,0,CA,CA-AB
Alberta,4286134,2020-03-14,29,0,0,CA,CA-AB
Alberta,4286134,2020-03-15,39,0,0,CA,CA-AB
Alberta,4286134,2020-03-16,56,0,0,CA,CA-AB
Alberta,4286134,2020-03-17,74,0,0,CA,CA-AB
Alberta,4286134,2020-03-18,97,0,0,CA,CA-AB
Alberta,4286134,2020-03-19,119,0,0,CA,CA-AB
Alberta,4286134,2020-03-20,146,0,1,CA,CA-AB
Alberta,4286134,2020-03-21,195,0,1,CA,CA-AB
Alberta,4286134,2020-03-22,259,0,1,CA,CA-AB
Alberta,4286134,2020-03-23,259,0,1,CA,CA-AB
Alberta,4286134,2020-03-24,301,0,1,CA,CA-AB
Alberta,4286134,2020-03-25,358,0,2,CA,CA-AB
Alberta,4286134,2020-03-26,486,0,2,CA,CA-AB
Alberta,4286134,2020-03-27,542,0,2,CA,CA-AB
Alberta,4286134,2020-03-28,542,0,2,CA,CA-AB
Alberta,4286134,2020-03-29,621,0,2,CA,CA-AB
Alberta,4286134,2020-03-30,661,0,3,CA,CA-AB
Alberta,4286134,2020-03-31,690,0,8,CA,CA-AB
Alberta,4286134,2020-04-01,754,0,9,CA,CA-AB
Alberta,4286134,2020-04-02,871,0,11,CA,CA-AB
Alberta,4286134,2020-04-03,969,0,13,CA,CA-AB
Alberta,4286134,2020-04-04,1075,0,18,CA,CA-AB
Alberta,4286134,2020-04-05,1181,0,20,CA,CA-AB
Alberta,4286134,2020-04-06,1250,0,23,CA,CA-AB
Alberta,4286134,2020-04-07,1348,0,24,CA,CA-AB
Alberta,4286134,2020-04-08,1373,0,26,CA,CA-AB
Alberta,4286134,2020-04-09,1423,0,29,CA,CA-AB
Alberta,4286134,2020-04-10,1451,0,32,CA,CA-AB
Alberta,4286134,2020-04-11,1500,0,39,CA,CA-AB
Alberta,4286134,2020-04-12,1567,0,40,CA,CA-AB
Alberta,4286134,2020-04-13,1648,0,44,CA,CA-AB
Alberta,4286134,2020-04-14,1732,0,46,CA,CA-AB
Alberta,4286134,2020-04-15,1870,0,48,CA,CA-AB
Alberta,4286134,2020-04-16,1996,0,48,CA,CA-AB
Alberta,4286134,2020-04-17,2158,0,50,CA,CA-AB
Alberta,4286134,2020-04-18,2397,0,50,CA,CA-AB
Alberta,4286134,2020-04-19,2562,0,51,CA,CA-AB
Alberta,4286134,2020-04-20,2803,0,55,CA,CA-AB
Alberta,4286134,2020-04-21,2908,0,59,CA,CA-AB
Alberta,4286134,2020-04-22,3095,0,61,CA,CA-AB
Alberta,4286134,2020-04-23,3401,0,66,CA,CA-AB
Alberta,4286134,2020-04-24,3720,0,68,CA,CA-AB
Alberta,4286134,2020-04-25,4233,0,73,CA,CA-AB
Alberta,4286134,2020-04-26,4233,0,73,CA,CA-AB
Alberta,4286134,2020-04-27,4488,0,73,CA,CA-AB
Alberta,4286134,2020-04-28,4696,0,75,CA,CA-AB
Alberta,4286134,2020-04-29,4850,0,80,CA,CA-AB
Alberta,4286134,2020-04-30,5165,0,87,CA,CA-AB
Alberta,4286134,2020-05-01,5355,0,90,CA,CA-AB
Alberta,4286134,2020-05-02,5573,0,92,CA,CA-AB
Alberta,4286134,2020-05-03,5670,0,94,CA,CA-AB
Alberta,4286134,2020-05-04,5766,0,95,CA,CA-AB
Alberta,4286134,2020-05-05,5836,0,104,CA,CA-AB
Alberta,4286134,2020-05-06,5893,0,106,CA,CA-AB
Alberta,4286134,2020-05-07,5963,0,112,CA,CA-AB
Alberta,4286134,2020-05-08,6017,0,114,CA,CA-AB
Alberta,4286134,2020-05-09,6098,0,115,CA,CA-AB
Alberta,4286134,2020-05-10,6157,0,116,CA,CA-AB
Alberta,4286134,2020-05-11,6253,0,117,CA,CA-AB
Alberta,4286134,2020-05-12,6300,0,117,CA,CA-AB
Alberta,4286134,2020-05-13,6345,0,118,CA,CA-AB
Alberta,4286134,2020-05-14,6407,5076,120,CA,CA-AB
Alberta,4286134,2020-05-15,6457,5205,121,CA,CA-AB
Alberta,4286134,2020-05-16,6515,5317,125,CA,CA-AB
Alberta,4286134,2020-05-17,6587,5377,126,CA,CA-AB
Alberta,4286134,2020-05-18,6644,5453,127,CA,CA-AB
Alberta,4286134,2020-05-19,6683,5519,128,CA,CA-AB
Alberta,4286134,2020-05-20,6716,5584,128,CA,CA-AB
Alberta,4286134,2020-05-21,6735,5637,128,CA,CA-AB
Alberta,4286134,2020-05-22,6768,5710,132,CA,CA-AB
Alberta,4286134,2020-05-23,6800,5801,134,CA,CA-AB
Alberta,4286134,2020-05-24,6818,5869,135,CA,CA-AB
Alberta,4286134,2020-05-25,6860,5924,135,CA,CA-AB
Alberta,4286134,2020-05-26,6879,5979,138,CA,CA-AB
Alberta,4286134,2020-05-27,6901,6048,139,CA,CA-AB
Alberta,4286134,2020-05-28,6926,6106,141,CA,CA-AB
Alberta,4286134,2020-05-29,6955,6160,143,CA,CA-AB
Alberta,4286134,2020-05-30,6979,6220,143,CA,CA-AB
Alberta,4286134,2020-05-31,6992,6245,143,CA,CA-AB
Alberta,4286134,2020-06-01,7010,6283,143,CA,CA-AB
Alberta,4286134,2020-06-02,7044,6501,143,CA,CA-AB
Alberta,4286134,2020-06-03,7057,6537,143,CA,CA-AB
Alberta,4286134,2020-06-04,7076,6587,145,CA,CA-AB
Alberta,4286134,2020-06-05,7091,6611,146,CA,CA-AB
Alberta,4286134,2020-06-06,7098,6624,146,CA,CA-AB
Alberta,4286134,2020-06-07,7138,6656,146,CA,CA-AB
Alberta,4286134,2020-06-08,7138,6656,146,CA,CA-AB
Alberta,4286134,2020-06-09,7202,6698,149,CA,CA-AB
Alberta,4286134,2020-06-10,7229,6722,151,CA,CA-AB
Alberta,4286134,2020-06-11,7276,6754,151,CA,CA-AB
Alberta,4286134,2020-06-12,7316,6788,149,CA,CA-AB
British Columbia,4817160,2020-01-28,1,0,0,CA,CA-BC
British Columbia,4817160,2020-01-29,1,0,0,CA,CA-BC
British Columbia,4817160,2020-01-30,1,0,0,CA,CA-BC
British Columbia,4817160,2020-01-31,1,0,0,CA,CA-BC
British Columbia,4817160,2020-02-01,1,0,0,CA,CA-BC
British Columbia,4817160,2020-02-02,1,0,0,CA,CA-BC
British Columbia,4817160,2020-02-03,1,0,0,CA,CA-BC
British Columbia,4817160,2020-02-04,1,0,0,CA,CA-BC
British Columbia,4817160,2020-02-05,2,0,0,CA,CA-BC
British Columbia,4817160,2020-02-06,2,0,0,CA,CA-BC
British Columbia,4817160,2020-02-07,4,0,0,CA,CA-BC
British Columbia,4817160,2020-02-08,4,0,0,CA,CA-BC
British Columbia,4817160,2020-02-09,4,0,0,CA,CA-BC
British Columbia,4817160,2020-02-10,4,0,0,CA,CA-BC
British Columbia,4817160,2020-02-11,4,0,0,CA,CA-BC
British Columbia,4817160,2020-02-12,4,0,0,CA,CA-BC
British Columbia,4817160,2020-02-13,4,0,0,CA,CA-BC
British Columbia,4817160,2020-02-14,4,0,0,CA,CA-BC
British Columbia,4817160,2020-02-15,4,0,0,CA,CA-BC
British Columbia,4817160,2020-02-16,4,0,0,CA,CA-BC
British Columbia,4817160,2020-02-17,5,0,0,CA,CA-BC
British Columbia,4817160,2020-02-18,5,0,0,CA,CA-BC
British Columbia,4817160,2020-02-19,5,0,0,CA,CA-BC
British Columbia,4817160,2020-02-20,5,0,0,CA,CA-BC
British Columbia,4817160,2020-02-21,6,0,0,CA,CA-BC
British Columbia,4817160,2020-02-22,6,0,0,CA,CA-BC
British Columbia,4817160,2020-02-23,6,0,0,CA,CA-BC
British Columbia,4817160,2020-02-24,6,0,0,CA,CA-BC
British Columbia,4817160,2020-02-25,7,0,0,CA,CA-BC
British Columbia,4817160,2020-02-26,7,0,0,CA,CA-BC
British Columbia,4817160,2020-02-27,7,3,0,CA,CA-BC
British Columbia,4817160,2020-02-28,7,3,0,CA,CA-BC
British Columbia,4817160,2020-02-29,8,3,0,CA,CA-BC
British Columbia,4817160,2020-03-01,8,3,0,CA,CA-BC
British Columbia,4817160,2020-03-02,8,3,0,CA,CA-BC
British Columbia,4817160,2020-03-03,9,3,0,CA,CA-BC
British Columbia,4817160,2020-03-04,12,3,0,CA,CA-BC
British Columbia,4817160,2020-03-05,13,3,0,CA,CA-BC
British Columbia,4817160,2020-03-06,21,3,0,CA,CA-BC
British Columbia,4817160,2020-03-07,21,4,0,CA,CA-BC
British Columbia,4817160,2020-03-08,27,4,0,CA,CA-BC
British Columbia,4817160,2020-03-09,32,4,1,CA,CA-BC
British Columbia,4817160,2020-03-10,32,4,1,CA,CA-BC
British Columbia,4817160,2020-03-11,39,4,1,CA,CA-BC
British Columbia,4817160,2020-03-12,46,4,1,CA,CA-BC
British Columbia,4817160,2020-03-13,53,4,1,CA,CA-BC
British Columbia,4817160,2020-03-14,64,4,1,CA,CA-BC
British Columbia,4817160,2020-03-15,73,4,1,CA,CA-BC
British Columbia,4817160,2020-03-16,103,4,4,CA,CA-BC
British Columbia,4817160,2020-03-17,103,4,4,CA,CA-BC
British Columbia,4817160,2020-03-18,186,4,7,CA,CA-BC
British Columbia,4817160,2020-03-19,231,4,7,CA,CA-BC
British Columbia,4817160,2020-03-20,271,4,8,CA,CA-BC
British Columbia,4817160,2020-03-21,424,4,10,CA,CA-BC
British Columbia,4817160,2020-03-22,424,4,10,CA,CA-BC
British Columbia,4817160,2020-03-23,472,0,13,CA,CA-BC
British Columbia,4817160,2020-03-24,472,0,13,CA,CA-BC
British Columbia,4817160,2020-03-25,617,0,13,CA,CA-BC
British Columbia,4817160,2020-03-26,725,0,14,CA,CA-BC
British Columbia,4817160,2020-03-27,725,0,14,CA,CA-BC
British Columbia,4817160,2020-03-28,884,0,17,CA,CA-BC
British Columbia,4817160,2020-03-29,884,0,17,CA,CA-BC
British Columbia,4817160,2020-03-30,884,0,17,CA,CA-BC
British Columbia,4817160,2020-03-31,970,0,19,CA,CA-BC
British Columbia,4817160,2020-04-01,1013,0,24,CA,CA-BC
British Columbia,4817160,2020-04-02,1066,0,25,CA,CA-BC
British Columbia,4817160,2020-04-03,1121,0,31,CA,CA-BC
British Columbia,4817160,2020-04-04,1203,0,38,CA,CA-BC
British Columbia,4817160,2020-04-05,1203,0,38,CA,CA-BC
British Columbia,4817160,2020-04-06,1203,0,38,CA,CA-BC
British Columbia,4817160,2020-04-07,1266,0,39,CA,CA-BC
British Columbia,4817160,2020-04-08,1291,0,43,CA,CA-BC
British Columbia,4817160,2020-04-09,1336,0,48,CA,CA-BC
British Columbia,4817160,2020-04-10,1370,0,50,CA,CA-BC
British Columbia,4817160,2020-04-11,1410,0,55,CA,CA-BC
British Columbia,4817160,2020-04-12,1445,0,58,CA,CA-BC
British Columbia,4817160,2020-04-13,1445,0,58,CA,CA-BC
British Columbia,4817160,2020-04-14,1490,0,69,CA,CA-BC
British Columbia,4817160,2020-04-15,1517,0,72,CA,CA-BC
British Columbia,4817160,2020-04-16,1561,0,75,CA,CA-BC
British Columbia,4817160,2020-04-17,1575,0,77,CA,CA-BC
British Columbia,4817160,2020-04-18,1618,0,78,CA,CA-BC
British Columbia,4817160,2020-04-19,1647,0,81,CA,CA-BC
British Columbia,4817160,2020-04-20,1647,0,82,CA,CA-BC
British Columbia,4817160,2020-04-21,1699,0,86,CA,CA-BC
British Columbia,4817160,2020-04-22,1724,0,87,CA,CA-BC
British Columbia,4817160,2020-04-23,1795,0,93,CA,CA-BC
British Columbia,4817160,2020-04-24,1824,0,94,CA,CA-BC
British Columbia,4817160,2020-04-25,1948,0,100,CA,CA-BC
British Columbia,4817160,2020-04-26,1948,0,100,CA,CA-BC
British Columbia,4817160,2020-04-27,1948,0,100,CA,CA-BC
British Columbia,4817160,2020-04-28,1998,0,104,CA,CA-BC
British Columbia,4817160,2020-04-29,2053,0,106,CA,CA-BC
British Columbia,4817160,2020-04-30,2087,0,109,CA,CA-BC
British Columbia,4817160,2020-05-01,2112,0,111,CA,CA-BC
British Columbia,4817160,2020-05-02,2171,0,112,CA,CA-BC
British Columbia,4817160,2020-05-03,2171,0,114,CA,CA-BC
British Columbia,4817160,2020-05-04,2171,0,114,CA,CA-BC
British Columbia,4817160,2020-05-05,2224,0,117,CA,CA-BC
British Columbia,4817160,2020-05-06,2232,0,121,CA,CA-BC
British Columbia,4817160,2020-05-07,2255,0,124,CA,CA-BC
British Columbia,4817160,2020-05-08,2288,0,126,CA,CA-BC
British Columbia,4817160,2020-05-09,2330,0,129,CA,CA-BC
British Columbia,4817160,2020-05-10,2330,0,129,CA,CA-BC
British Columbia,4817160,2020-05-11,2330,0,129,CA,CA-BC
British Columbia,4817160,2020-05-12,2353,0,130,CA,CA-BC
British Columbia,4817160,2020-05-13,2360,0,131,CA,CA-BC
British Columbia,4817160,2020-05-14,2376,1859,132,CA,CA-BC
British Columbia,4817160,2020-05-15,2392,1885,135,CA,CA-BC
British Columbia,4817160,2020-05-16,2407,1908,140,CA,CA-BC
British Columbia,4817160,2020-05-17,2428,1932,141,CA,CA-BC
British Columbia,4817160,2020-05-18,2428,1932,141,CA,CA-BC
British Columbia,4817160,2020-05-19,2444,1966,143,CA,CA-BC
British Columbia,4817160,2020-05-20,2446,1981,146,CA,CA-BC
British Columbia,4817160,2020-05-21,2467,2005,149,CA,CA-BC
British Columbia,4817160,2020-05-22,2479,2023,152,CA,CA-BC
British Columbia,4817160,2020-05-23,2507,2043,155,CA,CA-BC
British Columbia,4817160,2020-05-24,2517,2057,157,CA,CA-BC
British Columbia,4817160,2020-05-25,2517,2057,157,CA,CA-BC
British Columbia,4817160,2020-05-26,2530,2102,161,CA,CA-BC
British Columbia,4817160,2020-05-27,2541,2122,161,CA,CA-BC
British Columbia,4817160,2020-05-28,2550,2144,162,CA,CA-BC
British Columbia,4817160,2020-05-29,2558,2153,164,CA,CA-BC
British Columbia,4817160,2020-05-30,2573,2181,164,CA,CA-BC
British Columbia,4817160,2020-05-31,2573,2181,164,CA,CA-BC
British Columbia,4817160,2020-06-01,2573,2181,164,CA,CA-BC
British Columbia,4817160,2020-06-02,2597,2207,165,CA,CA-BC
British Columbia,4817160,2020-06-03,2601,2229,165,CA,CA-BC
British Columbia,4817160,2020-06-04,2623,2243,166,CA,CA-BC
British Columbia,4817160,2020-06-05,2632,2265,166,CA,CA-BC
British Columbia,4817160,2020-06-06,2632,2272,167,CA,CA-BC
British Columbia,4817160,2020-06-07,2632,2272,167,CA,CA-BC
British Columbia,4817160,2020-06-08,2632,2272,167,CA,CA-BC
British Columbia,4817160,2020-06-09,2659,2309,167,CA,CA-BC
British Columbia,4817160,2020-06-10,2669,2319,167,CA,CA-BC
British Columbia,4817160,2020-06-11,2680,2328,167,CA,CA-BC
British Columbia,4817160,2020-06-12,2694,2344,167,CA,CA-BC
Manitoba,1338109,2020-03-13,3,0,0,CA,CA-MB
Manitoba,1338109,2020-03-14,4,0,0,CA,CA-MB
Manitoba,1338109,2020-03-15,4,0,0,CA,CA-MB
Manitoba,1338109,2020-03-16,7,0,0,CA,CA-MB
Manitoba,1338109,2020-03-17,8,0,0,CA,CA-MB
Manitoba,1338109,2020-03-18,15,0,0,CA,CA-MB
Manitoba,1338109,2020-03-19,17,0,0,CA,CA-MB
Manitoba,1338109,2020-03-20,17,0,0,CA,CA-MB
Manitoba,1338109,2020-03-21,18,0,0,CA,CA-MB
Manitoba,1338109,2020-03-22,19,0,0,CA,CA-MB
Manitoba,1338109,2020-03-23,20,0,0,CA,CA-MB
Manitoba,1338109,2020-03-24,21,0,0,CA,CA-MB
Manitoba,1338109,2020-03-25,35,0,0,CA,CA-MB
Manitoba,1338109,2020-03-26,36,0,0,CA,CA-MB
Manitoba,1338109,2020-03-27,39,0,1,CA,CA-MB
Manitoba,1338109,2020-03-28,64,0,1,CA,CA-MB
Manitoba,1338109,2020-03-29,72,0,1,CA,CA-MB
Manitoba,1338109,2020-03-30,96,0,1,CA,CA-MB
Manitoba,1338109,2020-03-31,103,0,1,CA,CA-MB
Manitoba,1338109,2020-04-01,127,0,1,CA,CA-MB
Manitoba,1338109,2020-04-02,167,0,1,CA,CA-MB
Manitoba,1338109,2020-04-03,182,0,2,CA,CA-MB
Manitoba,1338109,2020-04-04,182,0,2,CA,CA-MB
Manitoba,1338109,2020-04-05,194,0,2,CA,CA-MB
Manitoba,1338109,2020-04-06,203,0,2,CA,CA-MB
Manitoba,1338109,2020-04-07,204,0,2,CA,CA-MB
Manitoba,1338109,2020-04-08,217,0,3,CA,CA-MB
Manitoba,1338109,2020-04-09,221,0,3,CA,CA-MB
Manitoba,1338109,2020-04-10,224,0,3,CA,CA-MB
Manitoba,1338109,2020-04-11,243,0,4,CA,CA-MB
Manitoba,1338109,2020-04-12,242,0,4,CA,CA-MB
Manitoba,1338109,2020-04-13,246,0,4,CA,CA-MB
Manitoba,1338109,2020-04-14,246,0,4,CA,CA-MB
Manitoba,1338109,2020-04-15,246,0,4,CA,CA-MB
Manitoba,1338109,2020-04-16,250,0,5,CA,CA-MB
Manitoba,1338109,2020-04-17,250,0,5,CA,CA-MB
Manitoba,1338109,2020-04-18,253,0,5,CA,CA-MB
Manitoba,1338109,2020-04-19,254,0,5,CA,CA-MB
Manitoba,1338109,2020-04-20,254,0,6,CA,CA-MB
Manitoba,1338109,2020-04-21,255,0,6,CA,CA-MB
Manitoba,1338109,2020-04-22,257,0,6,CA,CA-MB
Manitoba,1338109,2020-04-23,257,0,6,CA,CA-MB
Manitoba,1338109,2020-04-24,263,0,6,CA,CA-MB
Manitoba,1338109,2020-04-25,267,0,6,CA,CA-MB
Manitoba,1338109,2020-04-26,271,0,6,CA,CA-MB
Manitoba,1338109,2020-04-27,273,0,6,CA,CA-MB
Manitoba,1338109,2020-04-28,273,0,6,CA,CA-MB
Manitoba,1338109,2020-04-29,275,0,6,CA,CA-MB
Manitoba,1338109,2020-04-30,277,0,6,CA,CA-MB
Manitoba,1338109,2020-05-01,281,0,6,CA,CA-MB
Manitoba,1338109,2020-05-02,282,0,6,CA,CA-MB
Manitoba,1338109,2020-05-03,282,0,6,CA,CA-MB
Manitoba,1338109,2020-05-04,283,0,6,CA,CA-MB
Manitoba,1338109,2020-05-05,284,0,7,CA,CA-MB
Manitoba,1338109,2020-05-06,286,0,7,CA,CA-MB
Manitoba,1338109,2020-05-07,283,0,7,CA,CA-MB
Manitoba,1338109,2020-05-08,284,0,7,CA,CA-MB
Manitoba,1338109,2020-05-09,284,0,7,CA,CA-MB
Manitoba,1338109,2020-05-10,287,0,7,CA,CA-MB
Manitoba,1338109,2020-05-11,289,0,7,CA,CA-MB
Manitoba,1338109,2020-05-12,290,0,7,CA,CA-MB
Manitoba,1338109,2020-05-13,290,0,7,CA,CA-MB
Manitoba,1338109,2020-05-14,289,252,7,CA,CA-MB
Manitoba,1338109,2020-05-15,289,254,7,CA,CA-MB
Manitoba,1338109,2020-05-16,289,257,7,CA,CA-MB
Manitoba,1338109,2020-05-17,289,257,7,CA,CA-MB
Manitoba,1338109,2020-05-18,290,257,7,CA,CA-MB
Manitoba,1338109,2020-05-19,290,257,7,CA,CA-MB
Manitoba,1338109,2020-05-20,290,260,7,CA,CA-MB
Manitoba,1338109,2020-05-21,290,265,7,CA,CA-MB
Manitoba,1338109,2020-05-22,292,267,7,CA,CA-MB
Manitoba,1338109,2020-05-23,292,267,7,CA,CA-MB
Manitoba,1338109,2020-05-24,292,268,7,CA,CA-MB
Manitoba,1338109,2020-05-25,292,268,7,CA,CA-MB
Manitoba,1338109,2020-05-26,292,269,7,CA,CA-MB
Manitoba,1338109,2020-05-27,292,269,7,CA,CA-MB
Manitoba,1338109,2020-05-28,294,273,7,CA,CA-MB
Manitoba,1338109,2020-05-29,294,273,7,CA,CA-MB
Manitoba,1338109,2020-05-30,294,278,7,CA,CA-MB
Manitoba,1338109,2020-05-31,295,278,7,CA,CA-MB
Manitoba,1338109,2020-06-01,295,278,7,CA,CA-MB
Manitoba,1338109,2020-06-02,297,278,7,CA,CA-MB
Manitoba,1338109,2020-06-03,298,282,7,CA,CA-MB
Manitoba,1338109,2020-06-04,298,284,7,CA,CA-MB
Manitoba,1338109,2020-06-05,300,284,7,CA,CA-MB
Manitoba,1338109,2020-06-06,300,284,7,CA,CA-MB
Manitoba,1338109,2020-06-07,300,284,7,CA,CA-MB
Manitoba,1338109,2020-06-08,300,284,7,CA,CA-MB
Manitoba,1338109,2020-06-09,300,285,7,CA,CA-MB
Manitoba,1338109,2020-06-10,300,285,7,CA,CA-MB
Manitoba,1338109,2020-06-11,300,286,7,CA,CA-MB
Manitoba,1338109,2020-06-12,300,286,7,CA,CA-MB
New Brunswick,759655,2020-03-11,1,0,0,CA,CA-NB
New Brunswick,759655,2020-03-12,1,0,0,CA,CA-NB
New Brunswick,759655,2020-03-13,1,0,0,CA,CA-NB
New Brunswick,759655,2020-03-14,1,0,0,CA,CA-NB
New Brunswick,759655,2020-03-15,2,0,0,CA,CA-NB
New Brunswick,759655,2020-03-16,6,0,0,CA,CA-NB
New Brunswick,759655,2020-03-17,8,0,0,CA,CA-NB
New Brunswick,759655,2020-03-18,11,0,0,CA,CA-NB
New Brunswick,759655,2020-03-19,11,0,0,CA,CA-NB
New Brunswick,759655,2020-03-20,11,0,0,CA,CA-NB
New Brunswick,759655,2020-03-21,17,0,0,CA,CA-NB
New Brunswick,759655,2020-03-22,17,0,0,CA,CA-NB
New Brunswick,759655,2020-03-23,17,0,0,CA,CA-NB
New Brunswick,759655,2020-03-24,18,0,0,CA,CA-NB
New Brunswick,759655,2020-03-25,18,0,0,CA,CA-NB
New Brunswick,759655,2020-03-26,33,0,0,CA,CA-NB
New Brunswick,759655,2020-03-27,45,0,0,CA,CA-NB
New Brunswick,759655,2020-03-28,51,0,0,CA,CA-NB
New Brunswick,759655,2020-03-29,51,0,0,CA,CA-NB
New Brunswick,759655,2020-03-30,66,0,0,CA,CA-NB
New Brunswick,759655,2020-03-31,70,0,0,CA,CA-NB
New Brunswick,759655,2020-04-01,70,0,0,CA,CA-NB
New Brunswick,759655,2020-04-02,91,0,0,CA,CA-NB
New Brunswick,759655,2020-04-03,91,0,0,CA,CA-NB
New Brunswick,759655,2020-04-04,91,0,0,CA,CA-NB
New Brunswick,759655,2020-04-05,98,0,0,CA,CA-NB
New Brunswick,759655,2020-04-06,103,0,0,CA,CA-NB
New Brunswick,759655,2020-04-07,103,0,0,CA,CA-NB
New Brunswick,759655,2020-04-08,105,0,0,CA,CA-NB
New Brunswick,759655,2020-04-09,108,0,0,CA,CA-NB
New Brunswick,759655,2020-04-10,111,0,0,CA,CA-NB
New Brunswick,759655,2020-04-11,112,0,0,CA,CA-NB
New Brunswick,759655,2020-04-12,114,0,0,CA,CA-NB
New Brunswick,759655,2020-04-13,116,0,0,CA,CA-NB
New Brunswick,759655,2020-04-14,116,0,0,CA,CA-NB
New Brunswick,759655,2020-04-15,117,0,0,CA,CA-NB
New Brunswick,759655,2020-04-16,117,0,0,CA,CA-NB
New Brunswick,759655,2020-04-17,117,0,0,CA,CA-NB
New Brunswick,759655,2020-04-18,117,0,0,CA,CA-NB
New Brunswick,759655,2020-04-19,118,0,0,CA,CA-NB
New Brunswick,759655,2020-04-20,118,0,0,CA,CA-NB
New Brunswick,759655,2020-04-21,118,0,0,CA,CA-NB
New Brunswick,759655,2020-04-22,118,0,0,CA,CA-NB
New Brunswick,759655,2020-04-23,118,0,0,CA,CA-NB
New Brunswick,759655,2020-04-24,118,0,0,CA,CA-NB
New Brunswick,759655,2020-04-25,118,0,0,CA,CA-NB
New Brunswick,759655,2020-04-26,118,0,0,CA,CA-NB
New Brunswick,759655,2020-04-27,118,0,0,CA,CA-NB
New Brunswick,759655,2020-04-28,118,0,0,CA,CA-NB
New Brunswick,759655,2020-04-29,118,0,0,CA,CA-NB
New Brunswick,759655,2020-04-30,118,0,0,CA,CA-NB
New Brunswick,759655,2020-05-01,118,0,0,CA,CA-NB
New Brunswick,759655,2020-05-02,118,0,0,CA,CA-NB
New Brunswick,759655,2020-05-03,118,0,0,CA,CA-NB
New Brunswick,759655,2020-05-04,118,0,0,CA,CA-NB
New Brunswick,759655,2020-05-05,119,0,0,CA,CA-NB
New Brunswick,759655,2020-05-06,120,0,0,CA,CA-NB
New Brunswick,759655,2020-05-07,120,0,0,CA,CA-NB
New Brunswick,759655,2020-05-08,120,0,0,CA,CA-NB
New Brunswick,759655,2020-05-09,120,0,0,CA,CA-NB
New Brunswick,759655,2020-05-10,120,0,0,CA,CA-NB
New Brunswick,759655,2020-05-11,120,0,0,CA,CA-NB
New Brunswick,759655,2020-05-12,120,0,0,CA,CA-NB
New Brunswick,759655,2020-05-13,120,0,0,CA,CA-NB
New Brunswick,759655,2020-05-14,120,118,0,CA,CA-NB
New Brunswick,759655,2020-05-15,120,119,0,CA,CA-NB
New Brunswick,759655,2020-05-16,120,120,0,CA,CA-NB
New Brunswick,759655,2020-05-17,120,120,0,CA,CA-NB
New Brunswick,759655,2020-05-18,120,120,0,CA,CA-NB
New Brunswick,759655,2020-05-19,120,120,0,CA,CA-NB
New Brunswick,759655,2020-05-20,120,120,0,CA,CA-NB
New Brunswick,759655,2020-05-21,121,120,0,CA,CA-NB
New Brunswick,759655,2020-05-22,121,120,0,CA,CA-NB
New Brunswick,759655,2020-05-23,121,120,0,CA,CA-NB
New Brunswick,759655,2020-05-24,121,120,0,CA,CA-NB
New Brunswick,759655,2020-05-25,121,120,0,CA,CA-NB
New Brunswick,759655,2020-05-26,122,120,0,CA,CA-NB
New Brunswick,759655,2020-05-27,122,120,0,CA,CA-NB
New Brunswick,759655,2020-05-28,126,120,0,CA,CA-NB
New Brunswick,759655,2020-05-29,128,120,0,CA,CA-NB
New Brunswick,759655,2020-05-30,129,120,0,CA,CA-NB
New Brunswick,759655,2020-05-31,132,120,0,CA,CA-NB
New Brunswick,759655,2020-06-01,132,120,0,CA,CA-NB
New Brunswick,759655,2020-06-02,133,120,0,CA,CA-NB
New Brunswick,759655,2020-06-03,135,120,0,CA,CA-NB
New Brunswick,759655,2020-06-04,136,120,1,CA,CA-NB
New Brunswick,759655,2020-06-05,136,121,1,CA,CA-NB
New Brunswick,759655,2020-06-06,136,121,1,CA,CA-NB
New Brunswick,759655,2020-06-07,137,121,1,CA,CA-NB
New Brunswick,759655,2020-06-08,146,121,1,CA,CA-NB
New Brunswick,759655,2020-06-09,147,121,1,CA,CA-NB
New Brunswick,759655,2020-06-10,151,121,1,CA,CA-NB
New Brunswick,759655,2020-06-11,153,123,1,CA,CA-NB
New Brunswick,759655,2020-06-12,153,123,1,CA,CA-NB
Newfoundland and Labrador,528817,2020-03-15,1,0,0,CA,CA-NL
Newfoundland and Labrador,528817,2020-03-16,1,0,0,CA,CA-NL
Newfoundland and Labrador,528817,2020-03-17,3,0,0,CA,CA-NL
Newfoundland and Labrador,528817,2020-03-18,3,0,0,CA,CA-NL
Newfoundland and Labrador,528817,2020-03-19,3,0,0,CA,CA-NL
Newfoundland and Labrador,528817,2020-03-20,4,0,0,CA,CA-NL
Newfoundland and Labrador,528817,2020-03-21,6,0,0,CA,CA-NL
Newfoundland and Labrador,528817,2020-03-22,6,0,0,CA,CA-NL
Newfoundland and Labrador,528817,2020-03-23,24,0,0,CA,CA-NL
Newfoundland and Labrador,528817,2020-03-24,35,0,0,CA,CA-NL
Newfoundland and Labrador,528817,2020-03-25,35,0,0,CA,CA-NL
Newfoundland and Labrador,528817,2020-03-26,82,0,0,CA,CA-NL
Newfoundland and Labrador,528817,2020-03-27,102,0,0,CA,CA-NL
Newfoundland and Labrador,528817,2020-03-28,120,0,0,CA,CA-NL
Newfoundland and Labrador,528817,2020-03-29,120,0,0,CA,CA-NL
Newfoundland and Labrador,528817,2020-03-30,148,0,0,CA,CA-NL
Newfoundland and Labrador,528817,2020-03-31,152,0,1,CA,CA-NL
Newfoundland and Labrador,528817,2020-04-01,175,0,1,CA,CA-NL
Newfoundland and Labrador,528817,2020-04-02,183,0,1,CA,CA-NL
Newfoundland and Labrador,528817,2020-04-03,183,0,1,CA,CA-NL
Newfoundland and Labrador,528817,2020-04-04,195,0,1,CA,CA-NL
Newfoundland and Labrador,528817,2020-04-05,203,0,1,CA,CA-NL
Newfoundland and Labrador,528817,2020-04-06,226,0,1,CA,CA-NL
Newfoundland and Labrador,528817,2020-04-07,226,0,1,CA,CA-NL
Newfoundland and Labrador,528817,2020-04-08,228,0,1,CA,CA-NL
Newfoundland and Labrador,528817,2020-04-09,232,0,2,CA,CA-NL
Newfoundland and Labrador,528817,2020-04-10,236,0,3,CA,CA-NL
Newfoundland and Labrador,528817,2020-04-11,241,0,3,CA,CA-NL
Newfoundland and Labrador,528817,2020-04-12,242,0,3,CA,CA-NL
Newfoundland and Labrador,528817,2020-04-13,244,0,3,CA,CA-NL
Newfoundland and Labrador,528817,2020-04-14,244,0,3,CA,CA-NL
Newfoundland and Labrador,528817,2020-04-15,247,0,3,CA,CA-NL
Newfoundland and Labrador,528817,2020-04-16,252,0,3,CA,CA-NL
Newfoundland and Labrador,528817,2020-04-17,256,0,3,CA,CA-NL
Newfoundland and Labrador,528817,2020-04-18,257,0,3,CA,CA-NL
Newfoundland and Labrador,528817,2020-04-19,257,0,3,CA,CA-NL
Newfoundland and Labrador,528817,2020-04-20,257,0,3,CA,CA-NL
Newfoundland and Labrador,528817,2020-04-21,257,0,3,CA,CA-NL
Newfoundland and Labrador,528817,2020-04-22,256,0,3,CA,CA-NL
Newfoundland and Labrador,528817,2020-04-23,256,0,3,CA,CA-NL
Newfoundland and Labrador,528817,2020-04-24,256,0,3,CA,CA-NL
Newfoundland and Labrador,528817,2020-04-25,257,0,3,CA,CA-NL
Newfoundland and Labrador,528817,2020-04-26,258,0,3,CA,CA-NL
Newfoundland and Labrador,528817,2020-04-27,258,0,3,CA,CA-NL
Newfoundland and Labrador,528817,2020-04-28,258,0,3,CA,CA-NL
Newfoundland and Labrador,528817,2020-04-29,258,0,3,CA,CA-NL
Newfoundland and Labrador,528817,2020-04-30,258,0,3,CA,CA-NL
Newfoundland and Labrador,528817,2020-05-01,259,0,3,CA,CA-NL
Newfoundland and Labrador,528817,2020-05-02,259,0,3,CA,CA-NL
Newfoundland and Labrador,528817,2020-05-03,259,0,3,CA,CA-NL
Newfoundland and Labrador,528817,2020-05-04,259,0,3,CA,CA-NL
Newfoundland and Labrador,528817,2020-05-05,259,0,3,CA,CA-NL
Newfoundland and Labrador,528817,2020-05-06,259,0,3,CA,CA-NL
Newfoundland and Labrador,528817,2020-05-07,261,0,3,CA,CA-NL
Newfoundland and Labrador,528817,2020-05-08,261,0,3,CA,CA-NL
Newfoundland and Labrador,528817,2020-05-09,261,0,3,CA,CA-NL
Newfoundland and Labrador,528817,2020-05-10,261,0,3,CA,CA-NL
Newfoundland and Labrador,528817,2020-05-11,261,0,3,CA,CA-NL
Newfoundland and Labrador,528817,2020-05-12,261,0,3,CA,CA-NL
Newfoundland and Labrador,528817,2020-05-13,261,0,3,CA,CA-NL
Newfoundland and Labrador,528817,2020-05-14,261,248,3,CA,CA-NL
Newfoundland and Labrador,528817,2020-05-15,260,248,3,CA,CA-NL
Newfoundland and Labrador,528817,2020-05-16,260,249,3,CA,CA-NL
Newfoundland and Labrador,528817,2020-05-17,260,249,3,CA,CA-NL
Newfoundland and Labrador,528817,2020-05-18,260,249,3,CA,CA-NL
Newfoundland and Labrador,528817,2020-05-19,260,250,3,CA,CA-NL
Newfoundland and Labrador,528817,2020-05-20,260,253,3,CA,CA-NL
Newfoundland and Labrador,528817,2020-05-21,260,253,3,CA,CA-NL
Newfoundland and Labrador,528817,2020-05-22,260,253,3,CA,CA-NL
Newfoundland and Labrador,528817,2020-05-23,260,254,3,CA,CA-NL
Newfoundland and Labrador,528817,2020-05-24,260,254,3,CA,CA-NL
Newfoundland and Labrador,528817,2020-05-25,260,254,3,CA,CA-NL
Newfoundland and Labrador,528817,2020-05-26,260,255,3,CA,CA-NL
Newfoundland and Labrador,528817,2020-05-27,260,255,3,CA,CA-NL
Newfoundland and Labrador,528817,2020-05-28,261,255,3,CA,CA-NL
Newfoundland and Labrador,528817,2020-05-29,261,255,3,CA,CA-NL
Newfoundland and Labrador,528817,2020-05-30,261,255,3,CA,CA-NL
Newfoundland and Labrador,528817,2020-05-31,261,255,3,CA,CA-NL
Newfoundland and Labrador,528817,2020-06-01,261,255,3,CA,CA-NL
Newfoundland and Labrador,528817,2020-06-02,261,256,3,CA,CA-NL
Newfoundland and Labrador,528817,2020-06-03,261,256,3,CA,CA-NL
Newfoundland and Labrador,528817,2020-06-04,261,256,3,CA,CA-NL
Newfoundland and Labrador,528817,2020-06-05,261,256,3,CA,CA-NL
Newfoundland and Labrador,528817,2020-06-06,261,256,3,CA,CA-NL
Newfoundland and Labrador,528817,2020-06-07,261,256,3,CA,CA-NL
Newfoundland and Labrador,528817,2020-06-08,261,256,3,CA,CA-NL
Newfoundland and Labrador,528817,2020-06-09,261,256,3,CA,CA-NL
Newfoundland and Labrador,528817,2020-06-10,261,256,3,CA,CA-NL
Newfoundland and Labrador,528817,2020-06-11,261,256,3,CA,CA-NL
Newfoundland and Labrador,528817,2020-06-12,261,256,3,CA,CA-NL
Nova Scotia,953869,2020-03-16,5,0,0,CA,CA-NS
Nova Scotia,953869,2020-03-17,7,0,0,CA,CA-NS
Nova Scotia,953869,2020-03-18,12,0,0,CA,CA-NS
Nova Scotia,953869,2020-03-19,14,0,0,CA,CA-NS
Nova Scotia,953869,2020-03-20,15,0,0,CA,CA-NS
Nova Scotia,953869,2020-03-21,21,0,0,CA,CA-NS
Nova Scotia,953869,2020-03-22,28,0,0,CA,CA-NS
Nova Scotia,953869,2020-03-23,41,0,0,CA,CA-NS
Nova Scotia,953869,2020-03-24,51,0,0,CA,CA-NS
Nova Scotia,953869,2020-03-25,68,0,0,CA,CA-NS
Nova Scotia,953869,2020-03-26,73,0,0,CA,CA-NS
Nova Scotia,953869,2020-03-27,90,0,0,CA,CA-NS
Nova Scotia,953869,2020-03-28,110,0,0,CA,CA-NS
Nova Scotia,953869,2020-03-29,122,0,0,CA,CA-NS
Nova Scotia,953869,2020-03-30,127,0,0,CA,CA-NS
Nova Scotia,953869,2020-03-31,147,0,0,CA,CA-NS
Nova Scotia,953869,2020-04-01,173,0,0,CA,CA-NS
Nova Scotia,953869,2020-04-02,193,0,0,CA,CA-NS
Nova Scotia,953869,2020-04-03,193,0,0,CA,CA-NS
Nova Scotia,953869,2020-04-04,236,0,0,CA,CA-NS
Nova Scotia,953869,2020-04-05,236,0,0,CA,CA-NS
Nova Scotia,953869,2020-04-06,293,0,0,CA,CA-NS
Nova Scotia,953869,2020-04-07,293,0,0,CA,CA-NS
Nova Scotia,953869,2020-04-08,310,0,1,CA,CA-NS
Nova Scotia,953869,2020-04-09,342,0,1,CA,CA-NS
Nova Scotia,953869,2020-04-10,373,0,2,CA,CA-NS
Nova Scotia,953869,2020-04-11,428,0,2,CA,CA-NS
Nova Scotia,953869,2020-04-12,445,0,2,CA,CA-NS
Nova Scotia,953869,2020-04-13,474,0,3,CA,CA-NS
Nova Scotia,953869,2020-04-14,517,0,3,CA,CA-NS
Nova Scotia,953869,2020-04-15,549,0,3,CA,CA-NS
Nova Scotia,953869,2020-04-16,579,0,3,CA,CA-NS
Nova Scotia,953869,2020-04-17,606,0,4,CA,CA-NS
Nova Scotia,953869,2020-04-18,649,0,7,CA,CA-NS
Nova Scotia,953869,2020-04-19,675,0,9,CA,CA-NS
Nova Scotia,953869,2020-04-20,721,0,9,CA,CA-NS
Nova Scotia,953869,2020-04-21,737,0,10,CA,CA-NS
Nova Scotia,953869,2020-04-22,772,0,12,CA,CA-NS
Nova Scotia,953869,2020-04-23,827,0,16,CA,CA-NS
Nova Scotia,953869,2020-04-24,850,0,16,CA,CA-NS
Nova Scotia,953869,2020-04-25,850,0,16,CA,CA-NS
Nova Scotia,953869,2020-04-26,850,0,16,CA,CA-NS
Nova Scotia,953869,2020-04-27,900,0,24,CA,CA-NS
Nova Scotia,953869,2020-04-28,915,0,27,CA,CA-NS
Nova Scotia,953869,2020-04-29,935,0,28,CA,CA-NS
Nova Scotia,953869,2020-04-30,947,0,28,CA,CA-NS
Nova Scotia,953869,2020-05-01,959,0,29,CA,CA-NS
Nova Scotia,953869,2020-05-02,963,0,31,CA,CA-NS
Nova Scotia,953869,2020-05-03,971,0,37,CA,CA-NS
Nova Scotia,953869,2020-05-04,985,0,38,CA,CA-NS
Nova Scotia,953869,2020-05-05,991,0,41,CA,CA-NS
Nova Scotia,953869,2020-05-06,998,0,41,CA,CA-NS
Nova Scotia,953869,2020-05-07,1007,0,44,CA,CA-NS
Nova Scotia,953869,2020-05-08,1008,0,46,CA,CA-NS
Nova Scotia,953869,2020-05-09,1011,0,47,CA,CA-NS
Nova Scotia,953869,2020-05-10,1018,0,47,CA,CA-NS
Nova Scotia,953869,2020-05-11,1019,0,48,CA,CA-NS
Nova Scotia,953869,2020-05-12,1020,0,48,CA,CA-NS
Nova Scotia,953869,2020-05-13,1024,0,51,CA,CA-NS
Nova Scotia,953869,2020-05-14,1026,909,51,CA,CA-NS
Nova Scotia,953869,2020-05-15,1034,918,55,CA,CA-NS
Nova Scotia,953869,2020-05-16,1037,930,55,CA,CA-NS
Nova Scotia,953869,2020-05-17,1040,938,55,CA,CA-NS
Nova Scotia,953869,2020-05-18,1043,946,55,CA,CA-NS
Nova Scotia,953869,2020-05-19,1044,956,56,CA,CA-NS
Nova Scotia,953869,2020-05-20,1045,956,57,CA,CA-NS
Nova Scotia,953869,2020-05-21,1046,959,58,CA,CA-NS
Nova Scotia,953869,2020-05-22,1048,961,58,CA,CA-NS
Nova Scotia,953869,2020-05-23,1048,961,58,CA,CA-NS
Nova Scotia,953869,2020-05-24,1050,973,58,CA,CA-NS
Nova Scotia,953869,2020-05-25,1051,974,58,CA,CA-NS
Nova Scotia,953869,2020-05-26,1052,976,59,CA,CA-NS
Nova Scotia,953869,2020-05-27,1053,975,59,CA,CA-NS
Nova Scotia,953869,2020-05-28,1055,977,59,CA,CA-NS
Nova Scotia,953869,2020-05-29,1055,978,59,CA,CA-NS
Nova Scotia,953869,2020-05-30,1056,978,60,CA,CA-NS
Nova Scotia,953869,2020-05-31,1056,981,60,CA,CA-NS
Nova Scotia,953869,2020-06-01,1057,984,60,CA,CA-NS
Nova Scotia,953869,2020-06-02,1057,992,60,CA,CA-NS
Nova Scotia,953869,2020-06-03,1058,993,60,CA,CA-NS
Nova Scotia,953869,2020-06-04,1058,995,61,CA,CA-NS
Nova Scotia,953869,2020-06-05,1058,997,61,CA,CA-NS
Nova Scotia,953869,2020-06-06,1058,999,61,CA,CA-NS
Nova Scotia,953869,2020-06-07,1059,999,61,CA,CA-NS
Nova Scotia,953869,2020-06-08,1059,998,61,CA,CA-NS
Nova Scotia,953869,2020-06-09,1060,998,62,CA,CA-NS
Nova Scotia,953869,2020-06-10,1061,994,62,CA,CA-NS
Nova Scotia,953869,2020-06-11,1061,995,62,CA,CA-NS
Nova Scotia,953869,2020-06-12,1061,995,62,CA,CA-NS
Northwest Territories,44520,2020-03-21,1,0,0,CA,CA-NT
Northwest Territories,44520,2020-03-22,1,0,0,CA,CA-NT
Northwest Territories,44520,2020-03-23,1,0,0,CA,CA-NT
Northwest Territories,44520,2020-03-24,1,0,0,CA,CA-NT
Northwest Territories,44520,2020-03-25,1,0,0,CA,CA-NT
Northwest Territories,44520,2020-03-26,1,0,0,CA,CA-NT
Northwest Territories,44520,2020-03-27,1,0,0,CA,CA-NT
Northwest Territories,44520,2020-03-28,1,0,0,CA,CA-NT
Northwest Territories,44520,2020-03-29,1,0,0,CA,CA-NT
Northwest Territories,44520,2020-03-30,1,0,0,CA,CA-NT
Northwest Territories,44520,2020-03-31,1,0,0,CA,CA-NT
Northwest Territories,44520,2020-04-01,1,0,0,CA,CA-NT
Northwest Territories,44520,2020-04-02,2,0,0,CA,CA-NT
Northwest Territories,44520,2020-04-03,2,0,0,CA,CA-NT
Northwest Territories,44520,2020-04-04,4,0,0,CA,CA-NT
Northwest Territories,44520,2020-04-05,4,0,0,CA,CA-NT
Northwest Territories,44520,2020-04-06,5,0,0,CA,CA-NT
Northwest Territories,44520,2020-04-07,5,0,0,CA,CA-NT
Northwest Territories,44520,2020-04-08,5,0,0,CA,CA-NT
Northwest Territories,44520,2020-04-09,5,0,0,CA,CA-NT
Northwest Territories,44520,2020-04-10,5,0,0,CA,CA-NT
Northwest Territories,44520,2020-04-11,5,0,0,CA,CA-NT
Northwest Territories,44520,2020-04-12,5,0,0,CA,CA-NT
Northwest Territories,44520,2020-04-13,5,0,0,CA,CA-NT
Northwest Territories,44520,2020-04-14,5,0,0,CA,CA-NT
Northwest Territories,44520,2020-04-15,5,0,0,CA,CA-NT
Northwest Territories,44520,2020-04-16,5,0,0,CA,CA-NT
Northwest Territories,44520,2020-04-17,5,0,0,CA,CA-NT
Northwest Territories,44520,2020-04-18,5,0,0,CA,CA-NT
Northwest Territories,44520,2020-04-19,5,0,0,CA,CA-NT
Northwest Territories,44520,2020-04-20,5,0,0,CA,CA-NT
Northwest Territories,44520,2020-04-21,5,0,0,CA,CA-NT
Northwest Territories,44520,2020-04-22,5,0,0,CA,CA-NT
Northwest Territories,44520,2020-04-23,5,0,0,CA,CA-NT
Northwest Territories,44520,2020-04-24,5,0,0,CA,CA-NT
Northwest Territories,44520,2020-04-25,5,0,0,CA,CA-NT
Northwest Territories,44520,2020-04-26,5,0,0,CA,CA-NT
Northwest Territories,44520,2020-04-27,5,0,0,CA,CA-NT
Northwest Territories,44520,2020-04-28,5,0,0,CA,CA-NT
Northwest Territories,44520,2020-04-29,5,0,0,CA,CA-NT
Northwest Territories,44520,2020-04-30,5,0,0,CA,CA-NT
Northwest Territories,44520,2020-05-01,5,0,0,CA,CA-NT
Northwest Territories,44520,2020-05-02,5,0,0,CA,CA-NT
Northwest Territories,44520,2020-05-03,5,0,0,CA,CA-NT
Northwest Territories,44520,2020-05-04,5,0,0,CA,CA-NT
Northwest Territories,44520,2020-05-05,5,0,0,CA,CA-NT
Northwest Territories,44520,2020-05-06,5,0,0,CA,CA-NT
Northwest Territories,44520,2020-05-07,5,0,0,CA,CA-NT
Northwest Territories,44520,2020-05-08,5,0,0,CA,CA-NT
Northwest Territories,44520,2020-05-09,5,0,0,CA,CA-NT
Northwest Territories,44520,2020-05-10,5,0,0,CA,CA-NT
Northwest Territories,44520,2020-05-11,5,0,0,CA,CA-NT
Northwest Territories,44520,2020-05-12,5,0,0,CA,CA-NT
Northwest Territories,44520,2020-05-13,5,0,0,CA,CA-NT
Northwest Territories,44520,2020-05-14,5,5,0,CA,CA-NT
Northwest Territories,44520,2020-05-15,5,5,0,CA,CA-NT
Northwest Territories,44520,2020-05-16,5,5,0,CA,CA-NT
Northwest Territories,44520,2020-05-17,5,5,0,CA,CA-NT
Northwest Territories,44520,2020-05-18,5,5,0,CA,CA-NT
Northwest Territories,44520,2020-05-19,5,5,0,CA,CA-NT
Northwest Territories,44520,2020-05-20,5,5,0,CA,CA-NT
Northwest Territories,44520,2020-05-21,5,5,0,CA,CA-NT
Northwest Territories,44520,2020-05-22,5,5,0,CA,CA-NT
Northwest Territories,44520,2020-05-23,5,5,0,CA,CA-NT
Northwest Territories,44520,2020-05-24,5,5,0,CA,CA-NT
Northwest Territories,44520,2020-05-25,5,5,0,CA,CA-NT
Northwest Territories,44520,2020-05-26,5,5,0,CA,CA-NT
Northwest Territories,44520,2020-05-27,5,5,0,CA,CA-NT
Northwest Territories,44520,2020-05-28,5,5,0,CA,CA-NT
Northwest Territories,44520,2020-05-29,5,5,0,CA,CA-NT
Northwest Territories,44520,2020-05-30,5,5,0,CA,CA-NT
Northwest Territories,44520,2020-05-31,5,5,0,CA,CA-NT
Northwest Territories,44520,2020-06-01,5,5,0,CA,CA-NT
Northwest Territories,44520,2020-06-02,5,5,0,CA,CA-NT
Northwest Territories,44520,2020-06-03,5,5,0,CA,CA-NT
Northwest Territories,44520,2020-06-04,5,5,0,CA,CA-NT
Northwest Territories,44520,2020-06-05,5,5,0,CA,CA-NT
Northwest Territories,44520,2020-06-06,5,5,0,CA,CA-NT
Northwest Territories,44520,2020-06-07,5,5,0,CA,CA-NT
Northwest Territories,44520,2020-06-08,5,5,0,CA,CA-NT
Northwest Territories,44520,2020-06-09,5,5,0,CA,CA-NT
Northwest Territories,44520,2020-06-10,5,5,0,CA,CA-NT
Northwest Territories,44520,2020-06-11,5,5,0,CA,CA-NT
Northwest Territories,44520,2020-06-12,5,5,0,CA,CA-NT
Ontario,14193384,2020-01-27,1,0,0,CA,CA-ON
Ontario,14193384,2020-01-28,1,0,0,CA,CA-ON
Ontario,14193384,2020-01-29,1,0,0,CA,CA-ON
Ontario,14193384,2020-01-30,2,0,0,CA,CA-ON
Ontario,14193384,2020-01-31,3,0,0,CA,CA-ON
Ontario,14193384,2020-02-01,3,0,0,CA,CA-ON
Ontario,14193384,2020-02-02,3,0,0,CA,CA-ON
Ontario,14193384,2020-02-03,3,0,0,CA,CA-ON
Ontario,14193384,2020-02-04,3,0,0,CA,CA-ON
Ontario,14193384,2020-02-05,3,0,0,CA,CA-ON
Ontario,14193384,2020-02-06,3,0,0,CA,CA-ON
Ontario,14193384,2020-02-07,3,0,0,CA,CA-ON
Ontario,14193384,2020-02-08,3,0,0,CA,CA-ON
Ontario,14193384,2020-02-09,3,0,0,CA,CA-ON
Ontario,14193384,2020-02-10,3,0,0,CA,CA-ON
Ontario,14193384,2020-02-11,3,0,0,CA,CA-ON
Ontario,14193384,2020-02-12,3,1,0,CA,CA-ON
Ontario,14193384,2020-02-13,3,1,0,CA,CA-ON
Ontario,14193384,2020-02-14,3,1,0,CA,CA-ON
Ontario,14193384,2020-02-15,3,1,0,CA,CA-ON
Ontario,14193384,2020-02-16,3,1,0,CA,CA-ON
Ontario,14193384,2020-02-17,3,1,0,CA,CA-ON
Ontario,14193384,2020-02-18,3,1,0,CA,CA-ON
Ontario,14193384,2020-02-19,3,1,0,CA,CA-ON
Ontario,14193384,2020-02-20,3,1,0,CA,CA-ON
Ontario,14193384,2020-02-21,3,3,0,CA,CA-ON
Ontario,14193384,2020-02-22,3,3,0,CA,CA-ON
Ontario,14193384,2020-02-23,3,3,0,CA,CA-ON
Ontario,14193384,2020-02-24,4,3,0,CA,CA-ON
Ontario,14193384,2020-02-25,4,3,0,CA,CA-ON
Ontario,14193384,2020-02-26,4,3,0,CA,CA-ON
Ontario,14193384,2020-02-27,6,3,0,CA,CA-ON
Ontario,14193384,2020-02-28,6,3,0,CA,CA-ON
Ontario,14193384,2020-02-29,11,3,0,CA,CA-ON
Ontario,14193384,2020-03-01,15,3,0,CA,CA-ON
Ontario,14193384,2020-03-02,18,3,0,CA,CA-ON
Ontario,14193384,2020-03-03,20,3,0,CA,CA-ON
Ontario,14193384,2020-03-04,20,3,0,CA,CA-ON
Ontario,14193384,2020-03-05,22,3,0,CA,CA-ON
Ontario,14193384,2020-03-06,25,3,0,CA,CA-ON
Ontario,14193384,2020-03-07,28,4,0,CA,CA-ON
Ontario,14193384,2020-03-08,29,4,0,CA,CA-ON
Ontario,14193384,2020-03-09,34,4,0,CA,CA-ON
Ontario,14193384,2020-03-10,36,4,0,CA,CA-ON
Ontario,14193384,2020-03-11,41,4,0,CA,CA-ON
Ontario,14193384,2020-03-12,42,4,0,CA,CA-ON
Ontario,14193384,2020-03-13,59,4,0,CA,CA-ON
Ontario,14193384,2020-03-14,79,4,0,CA,CA-ON
Ontario,14193384,2020-03-15,104,4,0,CA,CA-ON
Ontario,14193384,2020-03-16,177,5,0,CA,CA-ON
Ontario,14193384,2020-03-17,185,5,1,CA,CA-ON
Ontario,14193384,2020-03-18,221,5,1,CA,CA-ON
Ontario,14193384,2020-03-19,257,5,1,CA,CA-ON
Ontario,14193384,2020-03-20,308,5,2,CA,CA-ON
Ontario,14193384,2020-03-21,377,6,3,CA,CA-ON
Ontario,14193384,2020-03-22,425,6,5,CA,CA-ON
Ontario,14193384,2020-03-23,503,0,6,CA,CA-ON
Ontario,14193384,2020-03-24,588,0,7,CA,CA-ON
Ontario,14193384,2020-03-25,688,0,8,CA,CA-ON
Ontario,14193384,2020-03-26,858,0,13,CA,CA-ON
Ontario,14193384,2020-03-27,994,0,18,CA,CA-ON
Ontario,14193384,2020-03-28,1144,0,18,CA,CA-ON
Ontario,14193384,2020-03-29,1355,0,21,CA,CA-ON
Ontario,14193384,2020-03-30,1706,0,21,CA,CA-ON
Ontario,14193384,2020-03-31,1966,0,33,CA,CA-ON
Ontario,14193384,2020-04-01,2392,0,37,CA,CA-ON
Ontario,14193384,2020-04-02,2793,0,53,CA,CA-ON
Ontario,14193384,2020-04-03,3255,0,67,CA,CA-ON
Ontario,14193384,2020-04-04,3630,0,94,CA,CA-ON
Ontario,14193384,2020-04-05,4038,0,119,CA,CA-ON
Ontario,14193384,2020-04-06,4347,0,150,CA,CA-ON
Ontario,14193384,2020-04-07,4726,0,153,CA,CA-ON
Ontario,14193384,2020-04-08,5276,0,153,CA,CA-ON
Ontario,14193384,2020-04-09,5759,0,200,CA,CA-ON
Ontario,14193384,2020-04-10,6237,0,222,CA,CA-ON
Ontario,14193384,2020-04-11,6648,0,253,CA,CA-ON
Ontario,14193384,2020-04-12,7049,0,274,CA,CA-ON
Ontario,14193384,2020-04-13,7470,0,291,CA,CA-ON
Ontario,14193384,2020-04-14,7953,0,334,CA,CA-ON
Ontario,14193384,2020-04-15,8447,0,385,CA,CA-ON
Ontario,14193384,2020-04-16,9808,0,490,CA,CA-ON
Ontario,14193384,2020-04-17,10366,0,519,CA,CA-ON
Ontario,14193384,2020-04-18,10456,0,524,CA,CA-ON
Ontario,14193384,2020-04-19,11150,0,564,CA,CA-ON
Ontario,14193384,2020-04-20,12063,0,624,CA,CA-ON
Ontario,14193384,2020-04-21,12441,0,660,CA,CA-ON
Ontario,14193384,2020-04-22,13324,0,753,CA,CA-ON
Ontario,14193384,2020-04-23,13700,0,788,CA,CA-ON
Ontario,14193384,2020-04-24,14496,0,854,CA,CA-ON
Ontario,14193384,2020-04-25,14964,0,909,CA,CA-ON
Ontario,14193384,2020-04-26,15534,0,949,CA,CA-ON
Ontario,14193384,2020-04-27,15960,0,1022,CA,CA-ON
Ontario,14193384,2020-04-28,16492,0,1072,CA,CA-ON
Ontario,14193384,2020-04-29,16937,0,1145,CA,CA-ON
Ontario,14193384,2020-04-30,17393,0,1201,CA,CA-ON
Ontario,14193384,2020-05-01,17721,0,1230,CA,CA-ON
Ontario,14193384,2020-05-02,18103,0,1283,CA,CA-ON
Ontario,14193384,2020-05-03,18572,0,1326,CA,CA-ON
Ontario,14193384,2020-05-04,19077,0,1439,CA,CA-ON
Ontario,14193384,2020-05-05,19468,0,1505,CA,CA-ON
Ontario,14193384,2020-05-06,19869,0,1559,CA,CA-ON
Ontario,14193384,2020-05-07,20363,0,1605,CA,CA-ON
Ontario,14193384,2020-05-08,20737,0,1639,CA,CA-ON
Ontario,14193384,2020-05-09,21127,0,1723,CA,CA-ON
Ontario,14193384,2020-05-10,21447,0,1748,CA,CA-ON
Ontario,14193384,2020-05-11,21817,0,1788,CA,CA-ON
Ontario,14193384,2020-05-12,22158,0,1852,CA,CA-ON
Ontario,14193384,2020-05-13,22510,0,1871,CA,CA-ON
Ontario,14193384,2020-05-14,22854,16204,1912,CA,CA-ON
Ontario,14193384,2020-05-15,23071,16641,1923,CA,CA-ON
Ontario,14193384,2020-05-16,23614,17020,1970,CA,CA-ON
Ontario,14193384,2020-05-17,23971,17360,1992,CA,CA-ON
Ontario,14193384,2020-05-18,24269,17638,2016,CA,CA-ON
Ontario,14193384,2020-05-19,24755,17898,2032,CA,CA-ON
Ontario,14193384,2020-05-20,25192,18190,2079,CA,CA-ON
Ontario,14193384,2020-05-21,25568,18509,2103,CA,CA-ON
Ontario,14193384,2020-05-22,26034,18767,2127,CA,CA-ON
Ontario,14193384,2020-05-23,26269,19146,2134,CA,CA-ON
Ontario,14193384,2020-05-24,26844,19477,2177,CA,CA-ON
Ontario,14193384,2020-05-25,27257,19698,2202,CA,CA-ON
Ontario,14193384,2020-05-26,27624,19958,2235,CA,CA-ON
Ontario,14193384,2020-05-27,27734,20372,2241,CA,CA-ON
Ontario,14193384,2020-05-28,28299,20765,2292,CA,CA-ON
Ontario,14193384,2020-05-29,28680,21158,2304,CA,CA-ON
Ontario,14193384,2020-05-30,28995,21744,2326,CA,CA-ON
Ontario,14193384,2020-05-31,29201,21878,2335,CA,CA-ON
Ontario,14193384,2020-06-01,29643,22277,2347,CA,CA-ON
Ontario,14193384,2020-06-02,30205,22838,2369,CA,CA-ON
Ontario,14193384,2020-06-03,30603,23268,2392,CA,CA-ON
Ontario,14193384,2020-06-04,30749,23405,2396,CA,CA-ON
Ontario,14193384,2020-06-05,31134,23859,2438,CA,CA-ON
Ontario,14193384,2020-06-06,31451,24209,2447,CA,CA-ON
Ontario,14193384,2020-06-07,31723,24516,2494,CA,CA-ON
Ontario,14193384,2020-06-08,32205,24859,2506,CA,CA-ON
Ontario,14193384,2020-06-09,32500,25167,2525,CA,CA-ON
Ontario,14193384,2020-06-10,32919,25933,2549,CA,CA-ON
Ontario,14193384,2020-06-11,33032,26057,2554,CA,CA-ON
Ontario,14193384,2020-06-12,33198,26368,2563,CA,CA-ON
Prince Edward Island,152021,2020-03-15,1,0,0,CA,CA-PE
Prince Edward Island,152021,2020-03-16,1,0,0,CA,CA-PE
Prince Edward Island,152021,2020-03-17,1,0,0,CA,CA-PE
Prince Edward Island,152021,2020-03-18,1,0,0,CA,CA-PE
Prince Edward Island,152021,2020-03-19,2,0,0,CA,CA-PE
Prince Edward Island,152021,2020-03-20,2,0,0,CA,CA-PE
Prince Edward Island,152021,2020-03-21,2,0,0,CA,CA-PE
Prince Edward Island,152021,2020-03-22,2,0,0,CA,CA-PE
Prince Edward Island,152021,2020-03-23,3,0,0,CA,CA-PE
Prince Edward Island,152021,2020-03-24,3,0,0,CA,CA-PE
Prince Edward Island,152021,2020-03-25,5,0,0,CA,CA-PE
Prince Edward Island,152021,2020-03-26,5,0,0,CA,CA-PE
Prince Edward Island,152021,2020-03-27,9,0,0,CA,CA-PE
Prince Edward Island,152021,2020-03-28,11,0,0,CA,CA-PE
Prince Edward Island,152021,2020-03-29,11,0,0,CA,CA-PE
Prince Edward Island,152021,2020-03-30,18,0,0,CA,CA-PE
Prince Edward Island,152021,2020-03-31,21,0,0,CA,CA-PE
Prince Edward Island,152021,2020-04-01,21,0,0,CA,CA-PE
Prince Edward Island,152021,2020-04-02,22,0,0,CA,CA-PE
Prince Edward Island,152021,2020-04-03,22,0,0,CA,CA-PE
Prince Edward Island,152021,2020-04-04,22,0,0,CA,CA-PE
Prince Edward Island,152021,2020-04-05,22,0,0,CA,CA-PE
Prince Edward Island,152021,2020-04-06,22,0,0,CA,CA-PE
Prince Edward Island,152021,2020-04-07,22,0,0,CA,CA-PE
Prince Edward Island,152021,2020-04-08,22,0,0,CA,CA-PE
Prince Edward Island,152021,2020-04-09,25,0,0,CA,CA-PE
Prince Edward Island,152021,2020-04-10,25,0,0,CA,CA-PE
Prince Edward Island,152021,2020-04-11,25,0,0,CA,CA-PE
Prince Edward Island,152021,2020-04-12,25,0,0,CA,CA-PE
Prince Edward Island,152021,2020-04-13,25,0,0,CA,CA-PE
Prince Edward Island,152021,2020-04-14,25,0,0,CA,CA-PE
Prince Edward Island,152021,2020-04-15,25,0,0,CA,CA-PE
Prince Edward Island,152021,2020-04-16,26,0,0,CA,CA-PE
Prince Edward Island,152021,2020-04-17,26,0,0,CA,CA-PE
Prince Edward Island,152021,2020-04-18,26,0,0,CA,CA-PE
Prince Edward Island,152021,2020-04-19,26,0,0,CA,CA-PE
Prince Edward Island,152021,2020-04-20,26,0,0,CA,CA-PE
Prince Edward Island,152021,2020-04-21,26,0,0,CA,CA-PE
Prince Edward Island,152021,2020-04-22,26,0,0,CA,CA-PE
Prince Edward Island,152021,2020-04-23,26,0,0,CA,CA-PE
Prince Edward Island,152021,2020-04-24,26,0,0,CA,CA-PE
Prince Edward Island,152021,2020-04-25,26,0,0,CA,CA-PE
Prince Edward Island,152021,2020-04-26,26,0,0,CA,CA-PE
Prince Edward Island,152021,2020-04-27,26,0,0,CA,CA-PE
Prince Edward Island,152021,2020-04-28,26,0,0,CA,CA-PE
Prince Edward Island,152021,2020-04-29,27,0,0,CA,CA-PE
Prince Edward Island,152021,2020-04-30,27,0,0,CA,CA-PE
Prince Edward Island,152021,2020-05-01,27,0,0,CA,CA-PE
Prince Edward Island,152021,2020-05-02,27,0,0,CA,CA-PE
Prince Edward Island,152021,2020-05-03,27,0,0,CA,CA-PE
Prince Edward Island,152021,2020-05-04,27,0,0,CA,CA-PE
Prince Edward Island,152021,2020-05-05,27,0,0,CA,CA-PE
Prince Edward Island,152021,2020-05-06,27,0,0,CA,CA-PE
Prince Edward Island,152021,2020-05-07,27,0,0,CA,CA-PE
Prince Edward Island,152021,2020-05-08,27,0,0,CA,CA-PE
Prince Edward Island,152021,2020-05-09,27,0,0,CA,CA-PE
Prince Edward Island,152021,2020-05-10,27,0,0,CA,CA-PE
Prince Edward Island,152021,2020-05-11,27,0,0,CA,CA-PE
Prince Edward Island,152021,2020-05-12,27,0,0,CA,CA-PE
Prince Edward Island,152021,2020-05-13,27,0,0,CA,CA-PE
Prince Edward Island,152021,2020-05-14,27,27,0,CA,CA-PE
Prince Edward Island,152021,2020-05-15,27,27,0,CA,CA-PE
Prince Edward Island,152021,2020-05-16,27,27,0,CA,CA-PE
Prince Edward Island,152021,2020-05-17,27,27,0,CA,CA-PE
Prince Edward Island,152021,2020-05-18,27,27,0,CA,CA-PE
Prince Edward Island,152021,2020-05-19,27,27,0,CA,CA-PE
Prince Edward Island,152021,2020-05-20,27,27,0,CA,CA-PE
Prince Edward Island,152021,2020-05-21,27,27,0,CA,CA-PE
Prince Edward Island,152021,2020-05-22,27,27,0,CA,CA-PE
Prince Edward Island,152021,2020-05-23,27,27,0,CA,CA-PE
Prince Edward Island,152021,2020-05-24,27,27,0,CA,CA-PE
Prince Edward Island,152021,2020-05-25,27,27,0,CA,CA-PE
Prince Edward Island,152021,2020-05-26,27,27,0,CA,CA-PE
Prince Edward Island,152021,2020-05-27,27,27,0,CA,CA-PE
Prince Edward Island,152021,2020-05-28,27,27,0,CA,CA-PE
Prince Edward Island,152021,2020-05-29,27,27,0,CA,CA-PE
Prince Edward Island,152021,2020-05-30,27,27,0,CA,CA-PE
Prince Edward Island,152021,2020-05-31,27,27,0,CA,CA-PE
Prince Edward Island,152021,2020-06-01,27,27,0,CA,CA-PE
Prince Edward Island,152021,2020-06-02,27,27,0,CA,CA-PE
Prince Edward Island,152021,2020-06-03,27,27,0,CA,CA-PE
Prince Edward Island,152021,2020-06-04,27,27,0,CA,CA-PE
Prince Edward Island,152021,2020-06-05,27,27,0,CA,CA-PE
Prince Edward Island,152021,2020-06-06,27,27,0,CA,CA-PE
Prince Edward Island,152021,2020-06-07,27,27,0,CA,CA-PE
Prince Edward Island,152021,2020-06-08,27,27,0,CA,CA-PE
Prince Edward Island,152021,2020-06-09,27,27,0,CA,CA-PE
Prince Edward Island,152021,2020-06-10,27,27,0,CA,CA-PE
Prince Edward Island,152021,2020-06-11,27,27,0,CA,CA-PE
Prince Edward Island,152021,2020-06-12,27,27,0,CA,CA-PE
Québec,8394034,2020-02-28,1,0,0,CA,CA-QC
Québec,8394034,2020-02-29,1,0,0,CA,CA-QC
Québec,8394034,2020-03-01,1,0,0,CA,CA-QC
Québec,8394034,2020-03-02,1,0,0,CA,CA-QC
Québec,8394034,2020-03-03,1,0,0,CA,CA-QC
Québec,8394034,2020-03-04,1,0,0,CA,CA-QC
Québec,8394034,2020-03-05,2,0,0,CA,CA-QC
Québec,8394034,2020-03-06,2,0,0,CA,CA-QC
Québec,8394034,2020-03-07,3,0,0,CA,CA-QC
Québec,8394034,2020-03-08,4,0,0,CA,CA-QC
Québec,8394034,2020-03-09,4,0,0,CA,CA-QC
Québec,8394034,2020-03-10,4,0,0,CA,CA-QC
Québec,8394034,2020-03-11,8,0,0,CA,CA-QC
Québec,8394034,2020-03-12,9,0,0,CA,CA-QC
Québec,8394034,2020-03-13,17,0,0,CA,CA-QC
Québec,8394034,2020-03-14,17,0,0,CA,CA-QC
Québec,8394034,2020-03-15,24,0,0,CA,CA-QC
Québec,8394034,2020-03-16,50,0,0,CA,CA-QC
Québec,8394034,2020-03-17,74,0,0,CA,CA-QC
Québec,8394034,2020-03-18,94,0,0,CA,CA-QC
Québec,8394034,2020-03-19,121,0,1,CA,CA-QC
Québec,8394034,2020-03-20,139,0,1,CA,CA-QC
Québec,8394034,2020-03-21,181,0,4,CA,CA-QC
Québec,8394034,2020-03-22,219,0,4,CA,CA-QC
Québec,8394034,2020-03-23,628,0,4,CA,CA-QC
Québec,8394034,2020-03-24,1013,0,4,CA,CA-QC
Québec,8394034,2020-03-25,1342,0,6,CA,CA-QC
Québec,8394034,2020-03-26,1632,0,8,CA,CA-QC
Québec,8394034,2020-03-27,2024,0,18,CA,CA-QC
Québec,8394034,2020-03-28,2498,0,22,CA,CA-QC
Québec,8394034,2020-03-29,2498,0,22,CA,CA-QC
Québec,8394034,2020-03-30,3430,0,22,CA,CA-QC
Québec,8394034,2020-03-31,4162,0,31,CA,CA-QC
Québec,8394034,2020-04-01,4611,0,33,CA,CA-QC
Québec,8394034,2020-04-02,5518,0,36,CA,CA-QC
Québec,8394034,2020-04-03,6101,0,61,CA,CA-QC
Québec,8394034,2020-04-04,6101,0,61,CA,CA-QC
Québec,8394034,2020-04-05,6997,0,75,CA,CA-QC
Québec,8394034,2020-04-06,8580,0,121,CA,CA-QC
Québec,8394034,2020-04-07,8580,0,121,CA,CA-QC
Québec,8394034,2020-04-08,9340,0,150,CA,CA-QC
Québec,8394034,2020-04-09,10031,0,175,CA,CA-QC
Québec,8394034,2020-04-10,10912,0,216,CA,CA-QC
Québec,8394034,2020-04-11,12292,0,289,CA,CA-QC
Québec,8394034,2020-04-12,12846,0,328,CA,CA-QC
Québec,8394034,2020-04-13,13557,0,360,CA,CA-QC
Québec,8394034,2020-04-14,14248,0,435,CA,CA-QC
Québec,8394034,2020-04-15,14860,0,487,CA,CA-QC
Québec,8394034,2020-04-16,15857,0,630,CA,CA-QC
Québec,8394034,2020-04-17,16798,0,688,CA,CA-QC
Québec,8394034,2020-04-18,17521,0,688,CA,CA-QC
Québec,8394034,2020-04-19,17950,0,820,CA,CA-QC
Québec,8394034,2020-04-20,19319,0,939,CA,CA-QC
Québec,8394034,2020-04-21,20126,0,1044,CA,CA-QC
Québec,8394034,2020-04-22,20965,0,1134,CA,CA-QC
Québec,8394034,2020-04-23,21838,0,1243,CA,CA-QC
Québec,8394034,2020-04-24,22616,0,1340,CA,CA-QC
Québec,8394034,2020-04-25,23267,0,1446,CA,CA-QC
Québec,8394034,2020-04-26,24109,0,1516,CA,CA-QC
Québec,8394034,2020-04-27,24983,0,1600,CA,CA-QC
Québec,8394034,2020-04-28,25761,0,1683,CA,CA-QC
Québec,8394034,2020-04-29,26610,0,1762,CA,CA-QC
Québec,8394034,2020-04-30,27550,0,1859,CA,CA-QC
Québec,8394034,2020-05-01,28656,0,2022,CA,CA-QC
Québec,8394034,2020-05-02,29664,0,2136,CA,CA-QC
Québec,8394034,2020-05-03,31873,0,2206,CA,CA-QC
Québec,8394034,2020-05-04,32631,0,2281,CA,CA-QC
Québec,8394034,2020-05-05,33425,0,2399,CA,CA-QC
Québec,8394034,2020-05-06,34334,0,2511,CA,CA-QC
Québec,8394034,2020-05-07,35249,0,2632,CA,CA-QC
Québec,8394034,2020-05-08,36161,0,2726,CA,CA-QC
Québec,8394034,2020-05-09,36997,0,2787,CA,CA-QC
Québec,8394034,2020-05-10,37732,0,2929,CA,CA-QC
Québec,8394034,2020-05-11,38480,0,3014,CA,CA-QC
Québec,8394034,2020-05-12,39235,0,3132,CA,CA-QC
Québec,8394034,2020-05-13,39940,0,3221,CA,CA-QC
Québec,8394034,2020-05-14,40732,10829,3352,CA,CA-QC
Québec,8394034,2020-05-15,41429,11039,3402,CA,CA-QC
Québec,8394034,2020-05-16,42192,11458,3484,CA,CA-QC
Québec,8394034,2020-05-17,42928,11754,3563,CA,CA-QC
Québec,8394034,2020-05-18,43636,12045,3597,CA,CA-QC
Québec,8394034,2020-05-19,44206,12497,3648,CA,CA-QC
Québec,8394034,2020-05-20,44784,12822,3719,CA,CA-QC
Québec,8394034,2020-05-21,45504,13327,3801,CA,CA-QC
Québec,8394034,2020-05-22,46150,13819,3866,CA,CA-QC
Québec,8394034,2020-05-23,46150,13819,3866,CA,CA-QC
Québec,8394034,2020-05-24,47420,14331,3985,CA,CA-QC
Québec,8394034,2020-05-25,47993,14654,4070,CA,CA-QC
Québec,8394034,2020-05-26,48607,14999,4140,CA,CA-QC
Québec,8394034,2020-05-27,48607,14999,4140,CA,CA-QC
Québec,8394034,2020-05-28,49711,15618,4303,CA,CA-QC
Québec,8394034,2020-05-29,50232,15908,4363,CA,CA-QC
Québec,8394034,2020-05-30,50651,16070,4439,CA,CA-QC
Québec,8394034,2020-05-31,51059,16346,4641,CA,CA-QC
Québec,8394034,2020-06-01,51354,16597,4661,CA,CA-QC
Québec,8394034,2020-06-02,51593,16803,4713,CA,CA-QC
Québec,8394034,2020-06-03,51884,17098,4794,CA,CA-QC
Québec,8394034,2020-06-04,52143,17336,4885,CA,CA-QC
Québec,8394034,2020-06-05,52398,17764,4935,CA,CA-QC
Québec,8394034,2020-06-06,52624,18412,4970,CA,CA-QC
Québec,8394034,2020-06-07,52849,18714,4978,CA,CA-QC
Québec,8394034,2020-06-08,53047,18994,4984,CA,CA-QC
Québec,8394034,2020-06-09,53185,19361,5029,CA,CA-QC
Québec,8394034,2020-06-10,53341,19841,5081,CA,CA-QC
Québec,8394034,2020-06-11,53485,20299,5105,CA,CA-QC
Québec,8394034,2020-06-12,53666,20823,5148,CA,CA-QC
Saskatchewan,1163925,2020-03-13,1,0,0,CA,CA-SK
Saskatchewan,1163925,2020-03-14,2,0,0,CA,CA-SK
Saskatchewan,1163925,2020-03-15,2,0,0,CA,CA-SK
Saskatchewan,1163925,2020-03-16,7,0,0,CA,CA-SK
Saskatchewan,1163925,2020-03-17,7,0,0,CA,CA-SK
Saskatchewan,1163925,2020-03-18,8,0,0,CA,CA-SK
Saskatchewan,1163925,2020-03-19,16,0,0,CA,CA-SK
Saskatchewan,1163925,2020-03-20,20,0,0,CA,CA-SK
Saskatchewan,1163925,2020-03-21,26,0,0,CA,CA-SK
Saskatchewan,1163925,2020-03-22,52,0,0,CA,CA-SK
Saskatchewan,1163925,2020-03-23,66,0,0,CA,CA-SK
Saskatchewan,1163925,2020-03-24,72,0,0,CA,CA-SK
Saskatchewan,1163925,2020-03-25,72,0,0,CA,CA-SK
Saskatchewan,1163925,2020-03-26,95,0,0,CA,CA-SK
Saskatchewan,1163925,2020-03-27,95,0,0,CA,CA-SK
Saskatchewan,1163925,2020-03-28,134,0,0,CA,CA-SK
Saskatchewan,1163925,2020-03-29,134,0,0,CA,CA-SK
Saskatchewan,1163925,2020-03-30,156,0,0,CA,CA-SK
Saskatchewan,1163925,2020-03-31,184,0,2,CA,CA-SK
Saskatchewan,1163925,2020-04-01,193,0,3,CA,CA-SK
Saskatchewan,1163925,2020-04-02,206,0,3,CA,CA-SK
Saskatchewan,1163925,2020-04-03,206,0,3,CA,CA-SK
Saskatchewan,1163925,2020-04-04,220,0,3,CA,CA-SK
Saskatchewan,1163925,2020-04-05,231,0,3,CA,CA-SK
Saskatchewan,1163925,2020-04-06,249,0,3,CA,CA-SK
Saskatchewan,1163925,2020-04-07,253,0,3,CA,CA-SK
Saskatchewan,1163925,2020-04-08,260,0,3,CA,CA-SK
Saskatchewan,1163925,2020-04-09,271,0,3,CA,CA-SK
Saskatchewan,1163925,2020-04-10,278,0,3,CA,CA-SK
Saskatchewan,1163925,2020-04-11,289,0,4,CA,CA-SK
Saskatchewan,1163925,2020-04-12,289,0,4,CA,CA-SK
Saskatchewan,1163925,2020-04-13,300,0,4,CA,CA-SK
Saskatchewan,1163925,2020-04-14,300,0,4,CA,CA-SK
Saskatchewan,1163925,2020-04-15,301,0,4,CA,CA-SK
Saskatchewan,1163925,2020-04-16,305,0,4,CA,CA-SK
Saskatchewan,1163925,2020-04-17,307,0,4,CA,CA-SK
Saskatchewan,1163925,2020-04-18,313,0,4,CA,CA-SK
Saskatchewan,1163925,2020-04-19,315,0,4,CA,CA-SK
Saskatchewan,1163925,2020-04-20,316,0,4,CA,CA-SK
Saskatchewan,1163925,2020-04-21,320,0,4,CA,CA-SK
Saskatchewan,1163925,2020-04-22,326,0,4,CA,CA-SK
Saskatchewan,1163925,2020-04-23,326,0,4,CA,CA-SK
Saskatchewan,1163925,2020-04-24,341,0,4,CA,CA-SK
Saskatchewan,1163925,2020-04-25,349,0,4,CA,CA-SK
Saskatchewan,1163925,2020-04-26,353,0,4,CA,CA-SK
Saskatchewan,1163925,2020-04-27,365,0,5,CA,CA-SK
Saskatchewan,1163925,2020-04-28,366,0,5,CA,CA-SK
Saskatchewan,1163925,2020-04-29,383,0,6,CA,CA-SK
Saskatchewan,1163925,2020-04-30,389,0,7,CA,CA-SK
Saskatchewan,1163925,2020-05-01,415,0,7,CA,CA-SK
Saskatchewan,1163925,2020-05-02,415,0,7,CA,CA-SK
Saskatchewan,1163925,2020-05-03,433,0,7,CA,CA-SK
Saskatchewan,1163925,2020-05-04,467,0,7,CA,CA-SK
Saskatchewan,1163925,2020-05-05,487,0,7,CA,CA-SK
Saskatchewan,1163925,2020-05-06,512,0,7,CA,CA-SK
Saskatchewan,1163925,2020-05-07,531,0,7,CA,CA-SK
Saskatchewan,1163925,2020-05-08,544,0,7,CA,CA-SK
Saskatchewan,1163925,2020-05-09,553,0,7,CA,CA-SK
Saskatchewan,1163925,2020-05-10,564,0,7,CA,CA-SK
Saskatchewan,1163925,2020-05-11,568,0,7,CA,CA-SK
Saskatchewan,1163925,2020-05-12,573,0,7,CA,CA-SK
Saskatchewan,1163925,2020-05-13,577,0,7,CA,CA-SK
Saskatchewan,1163925,2020-05-14,582,398,7,CA,CA-SK
Saskatchewan,1163925,2020-05-15,590,408,7,CA,CA-SK
Saskatchewan,1163925,2020-05-16,591,433,7,CA,CA-SK
Saskatchewan,1163925,2020-05-17,592,444,7,CA,CA-SK
Saskatchewan,1163925,2020-05-18,592,455,7,CA,CA-SK
Saskatchewan,1163925,2020-05-19,599,470,7,CA,CA-SK
Saskatchewan,1163925,2020-05-20,620,494,7,CA,CA-SK
Saskatchewan,1163925,2020-05-21,622,509,7,CA,CA-SK
Saskatchewan,1163925,2020-05-22,627,521,7,CA,CA-SK
Saskatchewan,1163925,2020-05-23,627,521,7,CA,CA-SK
Saskatchewan,1163925,2020-05-24,630,535,7,CA,CA-SK
Saskatchewan,1163925,2020-05-25,632,538,7,CA,CA-SK
Saskatchewan,1163925,2020-05-26,634,549,8,CA,CA-SK
Saskatchewan,1163925,2020-05-27,634,549,8,CA,CA-SK
Saskatchewan,1163925,2020-05-28,639,568,10,CA,CA-SK
Saskatchewan,1163925,2020-05-29,641,570,10,CA,CA-SK
Saskatchewan,1163925,2020-05-30,645,580,10,CA,CA-SK
Saskatchewan,1163925,2020-05-31,646,582,11,CA,CA-SK
Saskatchewan,1163925,2020-06-01,646,582,11,CA,CA-SK
Saskatchewan,1163925,2020-06-02,646,602,11,CA,CA-SK
Saskatchewan,1163925,2020-06-03,647,602,11,CA,CA-SK
Saskatchewan,1163925,2020-06-04,648,608,11,CA,CA-SK
Saskatchewan,1163925,2020-06-05,649,611,11,CA,CA-SK
Saskatchewan,1163925,2020-06-06,649,611,11,CA,CA-SK
Saskatchewan,1163925,2020-06-07,650,623,11,CA,CA-SK
Saskatchewan,1163925,2020-06-08,654,624,13,CA,CA-SK
Saskatchewan,1163925,2020-06-09,656,624,13,CA,CA-SK
Saskatchewan,1163925,2020-06-10,658,624,13,CA,CA-SK
Saskatchewan,1163925,2020-06-11,660,626,13,CA,CA-SK
Saskatchewan,1163925,2020-06-12,660,626,13,CA,CA-SK
Yukon,38459,2020-03-26,3,0,0,CA,CA-YT
Yukon,38459,2020-03-27,3,0,0,CA,CA-YT
Yukon,38459,2020-03-28,4,0,0,CA,CA-YT
Yukon,38459,2020-03-29,4,0,0,CA,CA-YT
Yukon,38459,2020-03-30,4,0,0,CA,CA-YT
Yukon,38459,2020-03-31,5,0,0,CA,CA-YT
Yukon,38459,2020-04-01,5,0,0,CA,CA-YT
Yukon,38459,2020-04-02,6,0,0,CA,CA-YT
Yukon,38459,2020-04-03,6,0,0,CA,CA-YT
Yukon,38459,2020-04-04,6,0,0,CA,CA-YT
Yukon,38459,2020-04-05,6,0,0,CA,CA-YT
Yukon,38459,2020-04-06,6,0,0,CA,CA-YT
Yukon,38459,2020-04-07,7,0,0,CA,CA-YT
Yukon,38459,2020-04-08,7,0,0,CA,CA-YT
Yukon,38459,2020-04-09,7,0,0,CA,CA-YT
Yukon,38459,2020-04-10,8,0,0,CA,CA-YT
Yukon,38459,2020-04-11,8,0,0,CA,CA-YT
Yukon,38459,2020-04-12,8,0,0,CA,CA-YT
Yukon,38459,2020-04-13,8,0,0,CA,CA-YT
Yukon,38459,2020-04-14,8,0,0,CA,CA-YT
Yukon,38459,2020-04-15,8,0,0,CA,CA-YT
Yukon,38459,2020-04-16,8,0,0,CA,CA-YT
Yukon,38459,2020-04-17,8,0,0,CA,CA-YT
Yukon,38459,2020-04-18,9,0,0,CA,CA-YT
Yukon,38459,2020-04-19,9,0,0,CA,CA-YT
Yukon,38459,2020-04-20,9,0,0,CA,CA-YT
Yukon,38459,2020-04-21,11,0,0,CA,CA-YT
Yukon,38459,2020-04-22,11,0,0,CA,CA-YT
Yukon,38459,2020-04-23,11,0,0,CA,CA-YT
Yukon,38459,2020-04-24,11,0,0,CA,CA-YT
Yukon,38459,2020-04-25,11,0,0,CA,CA-YT
Yukon,38459,2020-04-26,11,0,0,CA,CA-YT
Yukon,38459,2020-04-27,11,0,0,CA,CA-YT
Yukon,38459,2020-04-28,11,0,0,CA,CA-YT
Yukon,38459,2020-04-29,11,0,0,CA,CA-YT
Yukon,38459,2020-04-30,11,0,0,CA,CA-YT
Yukon,38459,2020-05-01,11,0,0,CA,CA-YT
Yukon,38459,2020-05-02,11,0,0,CA,CA-YT
Yukon,38459,2020-05-03,11,0,0,CA,CA-YT
Yukon,38459,2020-05-04,11,0,0,CA,CA-YT
Yukon,38459,2020-05-05,11,0,0,CA,CA-YT
Yukon,38459,2020-05-06,11,0,0,CA,CA-YT
Yukon,38459,2020-05-07,11,0,0,CA,CA-YT
Yukon,38459,2020-05-08,11,0,0,CA,CA-YT
Yukon,38459,2020-05-09,11,0,0,CA,CA-YT
Yukon,38459,2020-05-10,11,0,0,CA,CA-YT
Yukon,38459,2020-05-11,11,0,0,CA,CA-YT
Yukon,38459,2020-05-12,11,0,0,CA,CA-YT
Yukon,38459,2020-05-13,11,0,0,CA,CA-YT
Yukon,38459,2020-05-14,11,11,0,CA,CA-YT
Yukon,38459,2020-05-15,11,11,0,CA,CA-YT
Yukon,38459,2020-05-16,11,11,0,CA,CA-YT
Yukon,38459,2020-05-17,11,11,0,CA,CA-YT
Yukon,38459,2020-05-18,11,11,0,CA,CA-YT
Yukon,38459,2020-05-19,11,11,0,CA,CA-YT
Yukon,38459,2020-05-20,11,11,0,CA,CA-YT
Yukon,38459,2020-05-21,11,11,0,CA,CA-YT
Yukon,38459,2020-05-22,11,11,0,CA,CA-YT
Yukon,38459,2020-05-23,11,11,0,CA,CA-YT
Yukon,38459,2020-05-24,11,11,0,CA,CA-YT
Yukon,38459,2020-05-25,11,11,0,CA,CA-YT
Yukon,38459,2020-05-26,11,11,0,CA,CA-YT
Yukon,38459,2020-05-27,11,11,0,CA,CA-YT
Yukon,38459,2020-05-28,11,11,0,CA,CA-YT
Yukon,38459,2020-05-29,11,11,0,CA,CA-YT
Yukon,38459,2020-05-30,11,11,0,CA,CA-YT
Yukon,38459,2020-05-31,11,11,0,CA,CA-YT
Yukon,38459,2020-06-01,11,11,0,CA,CA-YT
Yukon,38459,2020-06-02,11,11,0,CA,CA-YT
Yukon,38459,2020-06-03,11,11,0,CA,CA-YT
Yukon,38459,2020-06-04,11,11,0,CA,CA-YT
Yukon,38459,2020-06-05,11,11,0,CA,CA-YT
Yukon,38459,2020-06-06,11,11,0,CA,CA-YT
Yukon,38459,2020-06-07,11,11,0,CA,CA-YT
Yukon,38459,2020-06-08,11,11,0,CA,CA-YT
Yukon,38459,2020-06-09,11,11,0,CA,CA-YT
Yukon,38459,2020-06-10,11,11,0,CA,CA-YT
Yukon,38459,2020-06-11,11,11,0,CA,CA-YT
Yukon,38459,2020-06-12,11,11,0,CA,CA-YT
