stateCode,reportDate,source,cases,deaths,population_number,population_density
DE-BW,2020-03-10,ZON/Berliner Morgenpost (via github.com/jgehrcke/covid-19-germany-gae),237,0,10880000,304
DE-BY,2020-03-10,ZON/Berliner Morgenpost (via github.com/jgehrcke/covid-19-germany-gae),314,0,12844000,182
DE-BE,2020-03-10,ZON/Berliner Morgenpost (via github.com/jgehrcke/covid-19-germany-gae),48,0,3520000,3948
DE-BB,2020-03-10,ZON/Berliner Morgenpost (via github.com/jgehrcke/covid-19-germany-gae),9,0,2485000,84
DE-HB,2020-03-10,ZON/Berliner Morgenpost (via github.com/jgehrcke/covid-19-germany-gae),4,0,671000,1599
DE-HH,2020-03-10,ZON/Berliner Morgenpost (via github.com/jgehrcke/covid-19-germany-gae),29,0,1787000,2366
DE-HE,2020-03-10,ZON/Berliner Morgenpost (via github.com/jgehrcke/covid-19-germany-gae),35,0,6176000,293
DE-MV,2020-03-10,ZON/Berliner Morgenpost (via github.com/jgehrcke/covid-19-germany-gae),13,0,1612000,69
DE-NI,2020-03-10,ZON/Berliner Morgenpost (via github.com/jgehrcke/covid-19-germany-gae),49,0,7927000,167
DE-NW,2020-03-10,ZON/Berliner Morgenpost (via github.com/jgehrcke/covid-19-germany-gae),484,0,17866000,524
DE-RP,2020-03-10,ZON/Berliner Morgenpost (via github.com/jgehrcke/covid-19-germany-gae),25,0,4053000,204
DE-SL,2020-03-10,ZON/Berliner Morgenpost (via github.com/jgehrcke/covid-19-germany-gae),7,0,996000,388
DE-SN,2020-03-10,ZON/Berliner Morgenpost (via github.com/jgehrcke/covid-19-germany-gae),22,0,4085000,221
DE-ST,2020-03-10,ZON/Berliner Morgenpost (via github.com/jgehrcke/covid-19-germany-gae),7,0,2245000,110
DE-SH,2020-03-10,ZON/Berliner Morgenpost (via github.com/jgehrcke/covid-19-germany-gae),9,0,2859000,181
DE-TH,2020-03-10,ZON/Berliner Morgenpost (via github.com/jgehrcke/covid-19-germany-gae),4,0,2171000,134
DE-BW,2020-03-11,ZON/Berliner Morgenpost (via github.com/jgehrcke/covid-19-germany-gae),277,0,10880000,304
DE-BY,2020-03-11,ZON/Berliner Morgenpost (via github.com/jgehrcke/covid-19-germany-gae),366,0,12844000,182
DE-BE,2020-03-11,ZON/Berliner Morgenpost (via github.com/jgehrcke/covid-19-germany-gae),90,0,3520000,3948
DE-BB,2020-03-11,ZON/Berliner Morgenpost (via github.com/jgehrcke/covid-19-germany-gae),24,0,2485000,84
DE-HB,2020-03-11,ZON/Berliner Morgenpost (via github.com/jgehrcke/covid-19-germany-gae),21,0,671000,1599
DE-HH,2020-03-11,ZON/Berliner Morgenpost (via github.com/jgehrcke/covid-19-germany-gae),48,0,1787000,2366
DE-HE,2020-03-11,ZON/Berliner Morgenpost (via github.com/jgehrcke/covid-19-germany-gae),48,0,6176000,293
DE-MV,2020-03-11,ZON/Berliner Morgenpost (via github.com/jgehrcke/covid-19-germany-gae),17,0,1612000,69
DE-NI,2020-03-11,ZON/Berliner Morgenpost (via github.com/jgehrcke/covid-19-germany-gae),75,0,7927000,167
DE-NW,2020-03-11,ZON/Berliner Morgenpost (via github.com/jgehrcke/covid-19-germany-gae),484,0,17866000,524
DE-RP,2020-03-11,ZON/Berliner Morgenpost (via github.com/jgehrcke/covid-19-germany-gae),25,0,4053000,204
DE-SL,2020-03-11,ZON/Berliner Morgenpost (via github.com/jgehrcke/covid-19-germany-gae),14,0,996000,388
DE-SN,2020-03-11,ZON/Berliner Morgenpost (via github.com/jgehrcke/covid-19-germany-gae),26,0,4085000,221
DE-ST,2020-03-11,ZON/Berliner Morgenpost (via github.com/jgehrcke/covid-19-germany-gae),15,0,2245000,110
DE-SH,2020-03-11,ZON/Berliner Morgenpost (via github.com/jgehrcke/covid-19-germany-gae),27,0,2859000,181
DE-TH,2020-03-11,ZON/Berliner Morgenpost (via github.com/jgehrcke/covid-19-germany-gae),10,0,2171000,134
DE-BW,2020-03-12,ZON/Berliner Morgenpost (via github.com/jgehrcke/covid-19-germany-gae),454,0,10880000,304
DE-BY,2020-03-12,ZON/Berliner Morgenpost (via github.com/jgehrcke/covid-19-germany-gae),500,0,12844000,182
DE-BE,2020-03-12,ZON/Berliner Morgenpost (via github.com/jgehrcke/covid-19-germany-gae),137,0,3520000,3948
DE-BB,2020-03-12,ZON/Berliner Morgenpost (via github.com/jgehrcke/covid-19-germany-gae),30,0,2485000,84
DE-HB,2020-03-12,ZON/Berliner Morgenpost (via github.com/jgehrcke/covid-19-germany-gae),38,0,671000,1599
DE-HH,2020-03-12,ZON/Berliner Morgenpost (via github.com/jgehrcke/covid-19-germany-gae),88,0,1787000,2366
DE-HE,2020-03-12,ZON/Berliner Morgenpost (via github.com/jgehrcke/covid-19-germany-gae),99,0,6176000,293
DE-MV,2020-03-12,ZON/Berliner Morgenpost (via github.com/jgehrcke/covid-19-germany-gae),23,0,1612000,69
DE-NI,2020-03-12,ZON/Berliner Morgenpost (via github.com/jgehrcke/covid-19-germany-gae),129,0,7927000,167
DE-NW,2020-03-12,ZON/Berliner Morgenpost (via github.com/jgehrcke/covid-19-germany-gae),688,0,17866000,524
DE-RP,2020-03-12,ZON/Berliner Morgenpost (via github.com/jgehrcke/covid-19-germany-gae),52,0,4053000,204
DE-SL,2020-03-12,ZON/Berliner Morgenpost (via github.com/jgehrcke/covid-19-germany-gae),14,0,996000,388
DE-SN,2020-03-12,ZON/Berliner Morgenpost (via github.com/jgehrcke/covid-19-germany-gae),45,0,4085000,221
DE-ST,2020-03-12,ZON/Berliner Morgenpost (via github.com/jgehrcke/covid-19-germany-gae),27,0,2245000,110
DE-SH,2020-03-12,ZON/Berliner Morgenpost (via github.com/jgehrcke/covid-19-germany-gae),31,0,2859000,181
DE-TH,2020-03-12,ZON/Berliner Morgenpost (via github.com/jgehrcke/covid-19-germany-gae),14,0,2171000,134
DE-BW,2020-03-13,ZON/Berliner Morgenpost (via github.com/jgehrcke/covid-19-germany-gae),454,0,10880000,304
DE-BY,2020-03-13,ZON/Berliner Morgenpost (via github.com/jgehrcke/covid-19-germany-gae),558,0,12844000,182
DE-BE,2020-03-13,ZON/Berliner Morgenpost (via github.com/jgehrcke/covid-19-germany-gae),174,0,3520000,3948
DE-BB,2020-03-13,ZON/Berliner Morgenpost (via github.com/jgehrcke/covid-19-germany-gae),44,0,2485000,84
DE-HB,2020-03-13,ZON/Berliner Morgenpost (via github.com/jgehrcke/covid-19-germany-gae),42,0,671000,1599
DE-HH,2020-03-13,ZON/Berliner Morgenpost (via github.com/jgehrcke/covid-19-germany-gae),99,0,1787000,2366
DE-HE,2020-03-13,ZON/Berliner Morgenpost (via github.com/jgehrcke/covid-19-germany-gae),148,0,6176000,293
DE-MV,2020-03-13,ZON/Berliner Morgenpost (via github.com/jgehrcke/covid-19-germany-gae),33,0,1612000,69
DE-NI,2020-03-13,ZON/Berliner Morgenpost (via github.com/jgehrcke/covid-19-germany-gae),230,0,7927000,167
DE-NW,2020-03-13,ZON/Berliner Morgenpost (via github.com/jgehrcke/covid-19-germany-gae),936,0,17866000,524
DE-RP,2020-03-13,ZON/Berliner Morgenpost (via github.com/jgehrcke/covid-19-germany-gae),102,0,4053000,204
DE-SL,2020-03-13,ZON/Berliner Morgenpost (via github.com/jgehrcke/covid-19-germany-gae),40,0,996000,388
DE-SN,2020-03-13,ZON/Berliner Morgenpost (via github.com/jgehrcke/covid-19-germany-gae),83,0,4085000,221
DE-ST,2020-03-13,ZON/Berliner Morgenpost (via github.com/jgehrcke/covid-19-germany-gae),42,0,2245000,110
DE-SH,2020-03-13,ZON/Berliner Morgenpost (via github.com/jgehrcke/covid-19-germany-gae),48,0,2859000,181
DE-TH,2020-03-13,ZON/Berliner Morgenpost (via github.com/jgehrcke/covid-19-germany-gae),29,0,2171000,134
DE-BW,2020-03-14,ZON/Berliner Morgenpost (via github.com/jgehrcke/covid-19-germany-gae),569,0,10880000,304
DE-BY,2020-03-14,ZON/Berliner Morgenpost (via github.com/jgehrcke/covid-19-germany-gae),681,0,12844000,182
DE-BE,2020-03-14,ZON/Berliner Morgenpost (via github.com/jgehrcke/covid-19-germany-gae),216,0,3520000,3948
DE-BB,2020-03-14,ZON/Berliner Morgenpost (via github.com/jgehrcke/covid-19-germany-gae),61,0,2485000,84
DE-HB,2020-03-14,ZON/Berliner Morgenpost (via github.com/jgehrcke/covid-19-germany-gae),50,0,671000,1599
DE-HH,2020-03-14,ZON/Berliner Morgenpost (via github.com/jgehrcke/covid-19-germany-gae),158,0,1787000,2366
DE-HE,2020-03-14,ZON/Berliner Morgenpost (via github.com/jgehrcke/covid-19-germany-gae),203,0,6176000,293
DE-MV,2020-03-14,ZON/Berliner Morgenpost (via github.com/jgehrcke/covid-19-germany-gae),45,0,1612000,69
DE-NI,2020-03-14,ZON/Berliner Morgenpost (via github.com/jgehrcke/covid-19-germany-gae),253,0,7927000,167
DE-NW,2020-03-14,ZON/Berliner Morgenpost (via github.com/jgehrcke/covid-19-germany-gae),1154,0,17866000,524
DE-RP,2020-03-14,ZON/Berliner Morgenpost (via github.com/jgehrcke/covid-19-germany-gae),121,0,4053000,204
DE-SL,2020-03-14,ZON/Berliner Morgenpost (via github.com/jgehrcke/covid-19-germany-gae),40,0,996000,388
DE-SN,2020-03-14,ZON/Berliner Morgenpost (via github.com/jgehrcke/covid-19-germany-gae),93,0,4085000,221
DE-ST,2020-03-14,ZON/Berliner Morgenpost (via github.com/jgehrcke/covid-19-germany-gae),45,0,2245000,110
DE-SH,2020-03-14,ZON/Berliner Morgenpost (via github.com/jgehrcke/covid-19-germany-gae),60,0,2859000,181
DE-TH,2020-03-14,ZON/Berliner Morgenpost (via github.com/jgehrcke/covid-19-germany-gae),46,0,2171000,134
DE-BW,2020-03-15,ZON/Berliner Morgenpost (via github.com/jgehrcke/covid-19-germany-gae),827,0,10880000,304
DE-BY,2020-03-15,ZON/Berliner Morgenpost (via github.com/jgehrcke/covid-19-germany-gae),886,0,12844000,182
DE-BE,2020-03-15,ZON/Berliner Morgenpost (via github.com/jgehrcke/covid-19-germany-gae),265,0,3520000,3948
DE-BB,2020-03-15,ZON/Berliner Morgenpost (via github.com/jgehrcke/covid-19-germany-gae),84,0,2485000,84
DE-HB,2020-03-15,ZON/Berliner Morgenpost (via github.com/jgehrcke/covid-19-germany-gae),53,0,671000,1599
DE-HH,2020-03-15,ZON/Berliner Morgenpost (via github.com/jgehrcke/covid-19-germany-gae),162,0,1787000,2366
DE-HE,2020-03-15,ZON/Berliner Morgenpost (via github.com/jgehrcke/covid-19-germany-gae),286,0,6176000,293
DE-MV,2020-03-15,ZON/Berliner Morgenpost (via github.com/jgehrcke/covid-19-germany-gae),50,0,1612000,69
DE-NI,2020-03-15,ZON/Berliner Morgenpost (via github.com/jgehrcke/covid-19-germany-gae),287,0,7927000,167
DE-NW,2020-03-15,ZON/Berliner Morgenpost (via github.com/jgehrcke/covid-19-germany-gae),1407,0,17866000,524
DE-RP,2020-03-15,ZON/Berliner Morgenpost (via github.com/jgehrcke/covid-19-germany-gae),168,0,4053000,204
DE-SL,2020-03-15,ZON/Berliner Morgenpost (via github.com/jgehrcke/covid-19-germany-gae),32,0,996000,388
DE-SN,2020-03-15,ZON/Berliner Morgenpost (via github.com/jgehrcke/covid-19-germany-gae),130,0,4085000,221
DE-ST,2020-03-15,ZON/Berliner Morgenpost (via github.com/jgehrcke/covid-19-germany-gae),47,0,2245000,110
DE-SH,2020-03-15,ZON/Berliner Morgenpost (via github.com/jgehrcke/covid-19-germany-gae),103,0,2859000,181
DE-TH,2020-03-15,ZON/Berliner Morgenpost (via github.com/jgehrcke/covid-19-germany-gae),51,0,2171000,134
DE-BW,2020-03-16,ZON/Berliner Morgenpost (via github.com/jgehrcke/covid-19-germany-gae),1105,0,10880000,304
DE-BY,2020-03-16,ZON/Berliner Morgenpost (via github.com/jgehrcke/covid-19-germany-gae),1067,0,12844000,182
DE-BE,2020-03-16,ZON/Berliner Morgenpost (via github.com/jgehrcke/covid-19-germany-gae),300,0,3520000,3948
DE-BB,2020-03-16,ZON/Berliner Morgenpost (via github.com/jgehrcke/covid-19-germany-gae),94,0,2485000,84
DE-HB,2020-03-16,ZON/Berliner Morgenpost (via github.com/jgehrcke/covid-19-germany-gae),56,0,671000,1599
DE-HH,2020-03-16,ZON/Berliner Morgenpost (via github.com/jgehrcke/covid-19-germany-gae),260,0,1787000,2366
DE-HE,2020-03-16,ZON/Berliner Morgenpost (via github.com/jgehrcke/covid-19-germany-gae),342,0,6176000,293
DE-MV,2020-03-16,ZON/Berliner Morgenpost (via github.com/jgehrcke/covid-19-germany-gae),51,0,1612000,69
DE-NI,2020-03-16,ZON/Berliner Morgenpost (via github.com/jgehrcke/covid-19-germany-gae),391,0,7927000,167
DE-NW,2020-03-16,ZON/Berliner Morgenpost (via github.com/jgehrcke/covid-19-germany-gae),1541,0,17866000,524
DE-RP,2020-03-16,ZON/Berliner Morgenpost (via github.com/jgehrcke/covid-19-germany-gae),325,0,4053000,204
DE-SL,2020-03-16,ZON/Berliner Morgenpost (via github.com/jgehrcke/covid-19-germany-gae),85,0,996000,388
DE-SN,2020-03-16,ZON/Berliner Morgenpost (via github.com/jgehrcke/covid-19-germany-gae),140,0,4085000,221
DE-ST,2020-03-16,ZON/Berliner Morgenpost (via github.com/jgehrcke/covid-19-germany-gae),77,0,2245000,110
DE-SH,2020-03-16,ZON/Berliner Morgenpost (via github.com/jgehrcke/covid-19-germany-gae),123,0,2859000,181
DE-TH,2020-03-16,ZON/Berliner Morgenpost (via github.com/jgehrcke/covid-19-germany-gae),55,0,2171000,134
DE-BW,2020-03-17,ZON/Berliner Morgenpost (via github.com/jgehrcke/covid-19-germany-gae),1641,6,10880000,304
DE-BY,2020-03-17,ZON/Berliner Morgenpost (via github.com/jgehrcke/covid-19-germany-gae),1352,5,12844000,182
DE-BE,2020-03-17,ZON/Berliner Morgenpost (via github.com/jgehrcke/covid-19-germany-gae),383,0,3520000,3948
DE-BB,2020-03-17,ZON/Berliner Morgenpost (via github.com/jgehrcke/covid-19-germany-gae),114,0,2485000,84
DE-HB,2020-03-17,ZON/Berliner Morgenpost (via github.com/jgehrcke/covid-19-germany-gae),66,0,671000,1599
DE-HH,2020-03-17,ZON/Berliner Morgenpost (via github.com/jgehrcke/covid-19-germany-gae),312,0,1787000,2366
DE-HE,2020-03-17,ZON/Berliner Morgenpost (via github.com/jgehrcke/covid-19-germany-gae),381,0,6176000,293
DE-MV,2020-03-17,ZON/Berliner Morgenpost (via github.com/jgehrcke/covid-19-germany-gae),69,0,1612000,69
DE-NI,2020-03-17,ZON/Berliner Morgenpost (via github.com/jgehrcke/covid-19-germany-gae),563,0,7927000,167
DE-NW,2020-03-17,ZON/Berliner Morgenpost (via github.com/jgehrcke/covid-19-germany-gae),3375,12,17866000,524
DE-RP,2020-03-17,ZON/Berliner Morgenpost (via github.com/jgehrcke/covid-19-germany-gae),435,0,4053000,204
DE-SL,2020-03-17,ZON/Berliner Morgenpost (via github.com/jgehrcke/covid-19-germany-gae),101,0,996000,388
DE-SN,2020-03-17,ZON/Berliner Morgenpost (via github.com/jgehrcke/covid-19-germany-gae),247,0,4085000,221
DE-ST,2020-03-17,ZON/Berliner Morgenpost (via github.com/jgehrcke/covid-19-germany-gae),93,0,2245000,110
DE-SH,2020-03-17,ZON/Berliner Morgenpost (via github.com/jgehrcke/covid-19-germany-gae),145,1,2859000,181
DE-TH,2020-03-17,ZON/Berliner Morgenpost (via github.com/jgehrcke/covid-19-germany-gae),71,0,2171000,134
DE-BW,2020-03-18,ZON/Berliner Morgenpost (via github.com/jgehrcke/covid-19-germany-gae),2184,8,10880000,304
DE-BY,2020-03-18,ZON/Berliner Morgenpost (via github.com/jgehrcke/covid-19-germany-gae),1798,7,12844000,182
DE-BE,2020-03-18,ZON/Berliner Morgenpost (via github.com/jgehrcke/covid-19-germany-gae),519,0,3520000,3948
DE-BB,2020-03-18,ZON/Berliner Morgenpost (via github.com/jgehrcke/covid-19-germany-gae),171,1,2485000,84
DE-HB,2020-03-18,ZON/Berliner Morgenpost (via github.com/jgehrcke/covid-19-germany-gae),66,3,671000,1599
DE-HH,2020-03-18,ZON/Berliner Morgenpost (via github.com/jgehrcke/covid-19-germany-gae),414,1,1787000,2366
DE-HE,2020-03-18,ZON/Berliner Morgenpost (via github.com/jgehrcke/covid-19-germany-gae),547,1,6176000,293
DE-MV,2020-03-18,ZON/Berliner Morgenpost (via github.com/jgehrcke/covid-19-germany-gae),100,0,1612000,69
DE-NI,2020-03-18,ZON/Berliner Morgenpost (via github.com/jgehrcke/covid-19-germany-gae),740,1,7927000,167
DE-NW,2020-03-18,ZON/Berliner Morgenpost (via github.com/jgehrcke/covid-19-germany-gae),4268,13,17866000,524
DE-RP,2020-03-18,ZON/Berliner Morgenpost (via github.com/jgehrcke/covid-19-germany-gae),603,0,4053000,204
DE-SL,2020-03-18,ZON/Berliner Morgenpost (via github.com/jgehrcke/covid-19-germany-gae),101,0,996000,388
DE-SN,2020-03-18,ZON/Berliner Morgenpost (via github.com/jgehrcke/covid-19-germany-gae),296,0,4085000,221
DE-ST,2020-03-18,ZON/Berliner Morgenpost (via github.com/jgehrcke/covid-19-germany-gae),133,0,2245000,110
DE-SH,2020-03-18,ZON/Berliner Morgenpost (via github.com/jgehrcke/covid-19-germany-gae),196,1,2859000,181
DE-TH,2020-03-18,ZON/Berliner Morgenpost (via github.com/jgehrcke/covid-19-germany-gae),87,0,2171000,134
DE-BW,2020-03-19,ZON/Berliner Morgenpost (via github.com/jgehrcke/covid-19-germany-gae),2748,11,10880000,304
DE-BY,2020-03-19,ZON/Berliner Morgenpost (via github.com/jgehrcke/covid-19-germany-gae),2282,13,12844000,182
DE-BE,2020-03-19,ZON/Berliner Morgenpost (via github.com/jgehrcke/covid-19-germany-gae),688,0,3520000,3948
DE-BB,2020-03-19,ZON/Berliner Morgenpost (via github.com/jgehrcke/covid-19-germany-gae),204,0,2485000,84
DE-HB,2020-03-19,ZON/Berliner Morgenpost (via github.com/jgehrcke/covid-19-germany-gae),119,0,671000,1599
DE-HH,2020-03-19,ZON/Berliner Morgenpost (via github.com/jgehrcke/covid-19-germany-gae),506,1,1787000,2366
DE-HE,2020-03-19,ZON/Berliner Morgenpost (via github.com/jgehrcke/covid-19-germany-gae),740,1,6176000,293
DE-MV,2020-03-19,ZON/Berliner Morgenpost (via github.com/jgehrcke/covid-19-germany-gae),133,0,1612000,69
DE-NI,2020-03-19,ZON/Berliner Morgenpost (via github.com/jgehrcke/covid-19-germany-gae),981,0,7927000,167
DE-NW,2020-03-19,ZON/Berliner Morgenpost (via github.com/jgehrcke/covid-19-germany-gae),4971,17,17866000,524
DE-RP,2020-03-19,ZON/Berliner Morgenpost (via github.com/jgehrcke/covid-19-germany-gae),749,0,4053000,204
DE-SL,2020-03-19,ZON/Berliner Morgenpost (via github.com/jgehrcke/covid-19-germany-gae),217,0,996000,388
DE-SN,2020-03-19,ZON/Berliner Morgenpost (via github.com/jgehrcke/covid-19-germany-gae),389,0,4085000,221
DE-ST,2020-03-19,ZON/Berliner Morgenpost (via github.com/jgehrcke/covid-19-germany-gae),152,0,2245000,110
DE-SH,2020-03-19,ZON/Berliner Morgenpost (via github.com/jgehrcke/covid-19-germany-gae),253,0,2859000,181
DE-TH,2020-03-19,ZON/Berliner Morgenpost (via github.com/jgehrcke/covid-19-germany-gae),108,0,2171000,134
DE-BW,2020-03-20,ZON/Berliner Morgenpost (via github.com/jgehrcke/covid-19-germany-gae),3665,17,10880000,304
DE-BY,2020-03-20,ZON/Berliner Morgenpost (via github.com/jgehrcke/covid-19-germany-gae),3107,20,12844000,182
DE-BE,2020-03-20,ZON/Berliner Morgenpost (via github.com/jgehrcke/covid-19-germany-gae),868,1,3520000,3948
DE-BB,2020-03-20,ZON/Berliner Morgenpost (via github.com/jgehrcke/covid-19-germany-gae),265,0,2485000,84
DE-HB,2020-03-20,ZON/Berliner Morgenpost (via github.com/jgehrcke/covid-19-germany-gae),127,0,671000,1599
DE-HH,2020-03-20,ZON/Berliner Morgenpost (via github.com/jgehrcke/covid-19-germany-gae),664,1,1787000,2366
DE-HE,2020-03-20,ZON/Berliner Morgenpost (via github.com/jgehrcke/covid-19-germany-gae),962,2,6176000,293
DE-MV,2020-03-20,ZON/Berliner Morgenpost (via github.com/jgehrcke/covid-19-germany-gae),167,0,1612000,69
DE-NI,2020-03-20,ZON/Berliner Morgenpost (via github.com/jgehrcke/covid-19-germany-gae),1262,0,7927000,167
DE-NW,2020-03-20,ZON/Berliner Morgenpost (via github.com/jgehrcke/covid-19-germany-gae),6257,20,17866000,524
DE-RP,2020-03-20,ZON/Berliner Morgenpost (via github.com/jgehrcke/covid-19-germany-gae),890,1,4053000,204
DE-SL,2020-03-20,ZON/Berliner Morgenpost (via github.com/jgehrcke/covid-19-germany-gae),217,0,996000,388
DE-SN,2020-03-20,ZON/Berliner Morgenpost (via github.com/jgehrcke/covid-19-germany-gae),562,1,4085000,221
DE-ST,2020-03-20,ZON/Berliner Morgenpost (via github.com/jgehrcke/covid-19-germany-gae),217,0,2245000,110
DE-SH,2020-03-20,ZON/Berliner Morgenpost (via github.com/jgehrcke/covid-19-germany-gae),321,1,2859000,181
DE-TH,2020-03-20,ZON/Berliner Morgenpost (via github.com/jgehrcke/covid-19-germany-gae),161,0,2171000,134
DE-BW,2020-03-21,ZON/Berliner Morgenpost (via github.com/jgehrcke/covid-19-germany-gae),3818,23,10880000,304
DE-BY,2020-03-21,ZON/Berliner Morgenpost (via github.com/jgehrcke/covid-19-germany-gae),3695,21,12844000,182
DE-BE,2020-03-21,ZON/Berliner Morgenpost (via github.com/jgehrcke/covid-19-germany-gae),1025,1,3520000,3948
DE-BB,2020-03-21,ZON/Berliner Morgenpost (via github.com/jgehrcke/covid-19-germany-gae),315,1,2485000,84
DE-HB,2020-03-21,ZON/Berliner Morgenpost (via github.com/jgehrcke/covid-19-germany-gae),168,0,671000,1599
DE-HH,2020-03-21,ZON/Berliner Morgenpost (via github.com/jgehrcke/covid-19-germany-gae),768,1,1787000,2366
DE-HE,2020-03-21,ZON/Berliner Morgenpost (via github.com/jgehrcke/covid-19-germany-gae),1166,2,6176000,293
DE-MV,2020-03-21,ZON/Berliner Morgenpost (via github.com/jgehrcke/covid-19-germany-gae),182,0,1612000,69
DE-NI,2020-03-21,ZON/Berliner Morgenpost (via github.com/jgehrcke/covid-19-germany-gae),1452,4,7927000,167
DE-NW,2020-03-21,ZON/Berliner Morgenpost (via github.com/jgehrcke/covid-19-germany-gae),6740,24,17866000,524
DE-RP,2020-03-21,ZON/Berliner Morgenpost (via github.com/jgehrcke/covid-19-germany-gae),1062,2,4053000,204
DE-SL,2020-03-21,ZON/Berliner Morgenpost (via github.com/jgehrcke/covid-19-germany-gae),217,0,996000,388
DE-SN,2020-03-21,ZON/Berliner Morgenpost (via github.com/jgehrcke/covid-19-germany-gae),650,1,4085000,221
DE-ST,2020-03-21,ZON/Berliner Morgenpost (via github.com/jgehrcke/covid-19-germany-gae),253,0,2245000,110
DE-SH,2020-03-21,ZON/Berliner Morgenpost (via github.com/jgehrcke/covid-19-germany-gae),383,1,2859000,181
DE-TH,2020-03-21,ZON/Berliner Morgenpost (via github.com/jgehrcke/covid-19-germany-gae),207,0,2171000,134
DE-BW,2020-03-22,ZON/Berliner Morgenpost (via github.com/jgehrcke/covid-19-germany-gae),3818,23,10880000,304
DE-BY,2020-03-22,ZON/Berliner Morgenpost (via github.com/jgehrcke/covid-19-germany-gae),4457,22,12844000,182
DE-BE,2020-03-22,ZON/Berliner Morgenpost (via github.com/jgehrcke/covid-19-germany-gae),1071,1,3520000,3948
DE-BB,2020-03-22,ZON/Berliner Morgenpost (via github.com/jgehrcke/covid-19-germany-gae),353,1,2485000,84
DE-HB,2020-03-22,ZON/Berliner Morgenpost (via github.com/jgehrcke/covid-19-germany-gae),168,0,671000,1599
DE-HH,2020-03-22,ZON/Berliner Morgenpost (via github.com/jgehrcke/covid-19-germany-gae),887,1,1787000,2366
DE-HE,2020-03-22,ZON/Berliner Morgenpost (via github.com/jgehrcke/covid-19-germany-gae),1267,3,6176000,293
DE-MV,2020-03-22,ZON/Berliner Morgenpost (via github.com/jgehrcke/covid-19-germany-gae),182,0,1612000,69
DE-NI,2020-03-22,ZON/Berliner Morgenpost (via github.com/jgehrcke/covid-19-germany-gae),1586,4,7927000,167
DE-NW,2020-03-22,ZON/Berliner Morgenpost (via github.com/jgehrcke/covid-19-germany-gae),7361,32,17866000,524
DE-RP,2020-03-22,ZON/Berliner Morgenpost (via github.com/jgehrcke/covid-19-germany-gae),1149,2,4053000,204
DE-SL,2020-03-22,ZON/Berliner Morgenpost (via github.com/jgehrcke/covid-19-germany-gae),301,1,996000,388
DE-SN,2020-03-22,ZON/Berliner Morgenpost (via github.com/jgehrcke/covid-19-germany-gae),731,1,4085000,221
DE-ST,2020-03-22,ZON/Berliner Morgenpost (via github.com/jgehrcke/covid-19-germany-gae),269,0,2245000,110
DE-SH,2020-03-22,ZON/Berliner Morgenpost (via github.com/jgehrcke/covid-19-germany-gae),436,1,2859000,181
DE-TH,2020-03-22,ZON/Berliner Morgenpost (via github.com/jgehrcke/covid-19-germany-gae),237,0,2171000,134
DE-BW,2020-03-23,ZON/Berliner Morgenpost (via github.com/jgehrcke/covid-19-germany-gae),5333,31,10880000,304
DE-BY,2020-03-23,ZON/Berliner Morgenpost (via github.com/jgehrcke/covid-19-germany-gae),5719,27,12844000,182
DE-BE,2020-03-23,ZON/Berliner Morgenpost (via github.com/jgehrcke/covid-19-germany-gae),1219,2,3520000,3948
DE-BB,2020-03-23,ZON/Berliner Morgenpost (via github.com/jgehrcke/covid-19-germany-gae),385,1,2485000,84
DE-HB,2020-03-23,ZON/Berliner Morgenpost (via github.com/jgehrcke/covid-19-germany-gae),175,0,671000,1599
DE-HH,2020-03-23,ZON/Berliner Morgenpost (via github.com/jgehrcke/covid-19-germany-gae),989,1,1787000,2366
DE-HE,2020-03-23,ZON/Berliner Morgenpost (via github.com/jgehrcke/covid-19-germany-gae),1352,3,6176000,293
DE-MV,2020-03-23,ZON/Berliner Morgenpost (via github.com/jgehrcke/covid-19-germany-gae),201,0,1612000,69
DE-NI,2020-03-23,ZON/Berliner Morgenpost (via github.com/jgehrcke/covid-19-germany-gae),1779,6,7927000,167
DE-NW,2020-03-23,ZON/Berliner Morgenpost (via github.com/jgehrcke/covid-19-germany-gae),8224,40,17866000,524
DE-RP,2020-03-23,ZON/Berliner Morgenpost (via github.com/jgehrcke/covid-19-germany-gae),1285,4,4053000,204
DE-SL,2020-03-23,ZON/Berliner Morgenpost (via github.com/jgehrcke/covid-19-germany-gae),383,1,996000,388
DE-SN,2020-03-23,ZON/Berliner Morgenpost (via github.com/jgehrcke/covid-19-germany-gae),865,3,4085000,221
DE-ST,2020-03-23,ZON/Berliner Morgenpost (via github.com/jgehrcke/covid-19-germany-gae),303,1,2245000,110
DE-SH,2020-03-23,ZON/Berliner Morgenpost (via github.com/jgehrcke/covid-19-germany-gae),467,1,2859000,181
DE-TH,2020-03-23,ZON/Berliner Morgenpost (via github.com/jgehrcke/covid-19-germany-gae),263,1,2171000,134
DE-BW,2020-03-24,ZON/Berliner Morgenpost (via github.com/jgehrcke/covid-19-germany-gae),6476,32,10880000,304
DE-BY,2020-03-24,ZON/Berliner Morgenpost (via github.com/jgehrcke/covid-19-germany-gae),6666,32,12844000,182
DE-BE,2020-03-24,ZON/Berliner Morgenpost (via github.com/jgehrcke/covid-19-germany-gae),1425,3,3520000,3948
DE-BB,2020-03-24,ZON/Berliner Morgenpost (via github.com/jgehrcke/covid-19-germany-gae),466,1,2485000,84
DE-HB,2020-03-24,ZON/Berliner Morgenpost (via github.com/jgehrcke/covid-19-germany-gae),186,0,671000,1599
DE-HH,2020-03-24,ZON/Berliner Morgenpost (via github.com/jgehrcke/covid-19-germany-gae),1237,1,1787000,2366
DE-HE,2020-03-24,ZON/Berliner Morgenpost (via github.com/jgehrcke/covid-19-germany-gae),1682,4,6176000,293
DE-MV,2020-03-24,ZON/Berliner Morgenpost (via github.com/jgehrcke/covid-19-germany-gae),219,0,1612000,69
DE-NI,2020-03-24,ZON/Berliner Morgenpost (via github.com/jgehrcke/covid-19-germany-gae),2110,6,7927000,167
DE-NW,2020-03-24,ZON/Berliner Morgenpost (via github.com/jgehrcke/covid-19-germany-gae),8981,53,17866000,524
DE-RP,2020-03-24,ZON/Berliner Morgenpost (via github.com/jgehrcke/covid-19-germany-gae),1640,6,4053000,204
DE-SL,2020-03-24,ZON/Berliner Morgenpost (via github.com/jgehrcke/covid-19-germany-gae),402,1,996000,388
DE-SN,2020-03-24,ZON/Berliner Morgenpost (via github.com/jgehrcke/covid-19-germany-gae),1036,1,4085000,221
DE-ST,2020-03-24,ZON/Berliner Morgenpost (via github.com/jgehrcke/covid-19-germany-gae),365,1,2245000,110
DE-SH,2020-03-24,ZON/Berliner Morgenpost (via github.com/jgehrcke/covid-19-germany-gae),552,2,2859000,181
DE-TH,2020-03-24,ZON/Berliner Morgenpost (via github.com/jgehrcke/covid-19-germany-gae),413,1,2171000,134
DE-BW,2020-03-25,ZON/Berliner Morgenpost (via github.com/jgehrcke/covid-19-germany-gae),7285,42,10880000,304
DE-BY,2020-03-25,ZON/Berliner Morgenpost (via github.com/jgehrcke/covid-19-germany-gae),7921,38,12844000,182
DE-BE,2020-03-25,ZON/Berliner Morgenpost (via github.com/jgehrcke/covid-19-germany-gae),1425,3,3520000,3948
DE-BB,2020-03-25,ZON/Berliner Morgenpost (via github.com/jgehrcke/covid-19-germany-gae),516,1,2485000,84
DE-HB,2020-03-25,ZON/Berliner Morgenpost (via github.com/jgehrcke/covid-19-germany-gae),203,0,671000,1599
DE-HH,2020-03-25,ZON/Berliner Morgenpost (via github.com/jgehrcke/covid-19-germany-gae),1450,1,1787000,2366
DE-HE,2020-03-25,ZON/Berliner Morgenpost (via github.com/jgehrcke/covid-19-germany-gae),1941,7,6176000,293
DE-MV,2020-03-25,ZON/Berliner Morgenpost (via github.com/jgehrcke/covid-19-germany-gae),227,0,1612000,69
DE-NI,2020-03-25,ZON/Berliner Morgenpost (via github.com/jgehrcke/covid-19-germany-gae),2373,8,7927000,167
DE-NW,2020-03-25,ZON/Berliner Morgenpost (via github.com/jgehrcke/covid-19-germany-gae),9734,66,17866000,524
DE-RP,2020-03-25,ZON/Berliner Morgenpost (via github.com/jgehrcke/covid-19-germany-gae),1814,5,4053000,204
DE-SL,2020-03-25,ZON/Berliner Morgenpost (via github.com/jgehrcke/covid-19-germany-gae),437,3,996000,388
DE-SN,2020-03-25,ZON/Berliner Morgenpost (via github.com/jgehrcke/covid-19-germany-gae),1128,3,4085000,221
DE-ST,2020-03-25,ZON/Berliner Morgenpost (via github.com/jgehrcke/covid-19-germany-gae),418,1,2245000,110
DE-SH,2020-03-25,ZON/Berliner Morgenpost (via github.com/jgehrcke/covid-19-germany-gae),611,2,2859000,181
DE-TH,2020-03-25,ZON/Berliner Morgenpost (via github.com/jgehrcke/covid-19-germany-gae),466,1,2171000,134
DE-BW,2020-03-26,ZON/Berliner Morgenpost (via github.com/jgehrcke/covid-19-germany-gae),8580,83,10880000,304
DE-BY,2020-03-26,ZON/Berliner Morgenpost (via github.com/jgehrcke/covid-19-germany-gae),9487,51,12844000,182
DE-BE,2020-03-26,ZON/Berliner Morgenpost (via github.com/jgehrcke/covid-19-germany-gae),1937,8,3520000,3948
DE-BB,2020-03-26,ZON/Berliner Morgenpost (via github.com/jgehrcke/covid-19-germany-gae),569,1,2485000,84
DE-HB,2020-03-26,ZON/Berliner Morgenpost (via github.com/jgehrcke/covid-19-germany-gae),213,1,671000,1599
DE-HH,2020-03-26,ZON/Berliner Morgenpost (via github.com/jgehrcke/covid-19-germany-gae),1614,2,1787000,2366
DE-HE,2020-03-26,ZON/Berliner Morgenpost (via github.com/jgehrcke/covid-19-germany-gae),2195,7,6176000,293
DE-MV,2020-03-26,ZON/Berliner Morgenpost (via github.com/jgehrcke/covid-19-germany-gae),246,0,1612000,69
DE-NI,2020-03-26,ZON/Berliner Morgenpost (via github.com/jgehrcke/covid-19-germany-gae),2715,10,7927000,167
DE-NW,2020-03-26,ZON/Berliner Morgenpost (via github.com/jgehrcke/covid-19-germany-gae),10737,74,17866000,524
DE-RP,2020-03-26,ZON/Berliner Morgenpost (via github.com/jgehrcke/covid-19-germany-gae),2063,8,4053000,204
DE-SL,2020-03-26,ZON/Berliner Morgenpost (via github.com/jgehrcke/covid-19-germany-gae),466,3,996000,388
DE-SN,2020-03-26,ZON/Berliner Morgenpost (via github.com/jgehrcke/covid-19-germany-gae),1360,5,4085000,221
DE-ST,2020-03-26,ZON/Berliner Morgenpost (via github.com/jgehrcke/covid-19-germany-gae),493,2,2245000,110
DE-SH,2020-03-26,ZON/Berliner Morgenpost (via github.com/jgehrcke/covid-19-germany-gae),705,3,2859000,181
DE-TH,2020-03-26,ZON/Berliner Morgenpost (via github.com/jgehrcke/covid-19-germany-gae),558,3,2171000,134
DE-BW,2020-03-27,ZON/Berliner Morgenpost (via github.com/jgehrcke/covid-19-germany-gae),10272,104,10880000,304
DE-BY,2020-03-27,ZON/Berliner Morgenpost (via github.com/jgehrcke/covid-19-germany-gae),11220,72,12844000,182
DE-BE,2020-03-27,ZON/Berliner Morgenpost (via github.com/jgehrcke/covid-19-germany-gae),2152,8,3520000,3948
DE-BB,2020-03-27,ZON/Berliner Morgenpost (via github.com/jgehrcke/covid-19-germany-gae),680,3,2485000,84
DE-HB,2020-03-27,ZON/Berliner Morgenpost (via github.com/jgehrcke/covid-19-germany-gae),264,2,671000,1599
DE-HH,2020-03-27,ZON/Berliner Morgenpost (via github.com/jgehrcke/covid-19-germany-gae),1759,2,1787000,2366
DE-HE,2020-03-27,ZON/Berliner Morgenpost (via github.com/jgehrcke/covid-19-germany-gae),2470,10,6176000,293
DE-MV,2020-03-27,ZON/Berliner Morgenpost (via github.com/jgehrcke/covid-19-germany-gae),299,0,1612000,69
DE-NI,2020-03-27,ZON/Berliner Morgenpost (via github.com/jgehrcke/covid-19-germany-gae),3303,19,7927000,167
DE-NW,2020-03-27,ZON/Berliner Morgenpost (via github.com/jgehrcke/covid-19-germany-gae),12002,94,17866000,524
DE-RP,2020-03-27,ZON/Berliner Morgenpost (via github.com/jgehrcke/covid-19-germany-gae),2280,12,4053000,204
DE-SL,2020-03-27,ZON/Berliner Morgenpost (via github.com/jgehrcke/covid-19-germany-gae),614,6,996000,388
DE-SN,2020-03-27,ZON/Berliner Morgenpost (via github.com/jgehrcke/covid-19-germany-gae),1507,9,4085000,221
DE-ST,2020-03-27,ZON/Berliner Morgenpost (via github.com/jgehrcke/covid-19-germany-gae),554,2,2245000,110
DE-SH,2020-03-27,ZON/Berliner Morgenpost (via github.com/jgehrcke/covid-19-germany-gae),862,4,2859000,181
DE-TH,2020-03-27,ZON/Berliner Morgenpost (via github.com/jgehrcke/covid-19-germany-gae),633,4,2171000,134
DE-BW,2020-03-28,ZON/Berliner Morgenpost (via github.com/jgehrcke/covid-19-germany-gae),11510,115,10880000,304
DE-BY,2020-03-28,ZON/Berliner Morgenpost (via github.com/jgehrcke/covid-19-germany-gae),12737,106,12844000,182
DE-BE,2020-03-28,ZON/Berliner Morgenpost (via github.com/jgehrcke/covid-19-germany-gae),2337,9,3520000,3948
DE-BB,2020-03-28,ZON/Berliner Morgenpost (via github.com/jgehrcke/covid-19-germany-gae),766,4,2485000,84
DE-HB,2020-03-28,ZON/Berliner Morgenpost (via github.com/jgehrcke/covid-19-germany-gae),278,2,671000,1599
DE-HH,2020-03-28,ZON/Berliner Morgenpost (via github.com/jgehrcke/covid-19-germany-gae),1935,4,1787000,2366
DE-HE,2020-03-28,ZON/Berliner Morgenpost (via github.com/jgehrcke/covid-19-germany-gae),2844,13,6176000,293
DE-MV,2020-03-28,ZON/Berliner Morgenpost (via github.com/jgehrcke/covid-19-germany-gae),348,1,1612000,69
DE-NI,2020-03-28,ZON/Berliner Morgenpost (via github.com/jgehrcke/covid-19-germany-gae),3630,23,7927000,167
DE-NW,2020-03-28,ZON/Berliner Morgenpost (via github.com/jgehrcke/covid-19-germany-gae),13013,107,17866000,524
DE-RP,2020-03-28,ZON/Berliner Morgenpost (via github.com/jgehrcke/covid-19-germany-gae),2499,13,4053000,204
DE-SL,2020-03-28,ZON/Berliner Morgenpost (via github.com/jgehrcke/covid-19-germany-gae),669,6,996000,388
DE-SN,2020-03-28,ZON/Berliner Morgenpost (via github.com/jgehrcke/covid-19-germany-gae),1719,9,4085000,221
DE-ST,2020-03-28,ZON/Berliner Morgenpost (via github.com/jgehrcke/covid-19-germany-gae),604,2,2245000,110
DE-SH,2020-03-28,ZON/Berliner Morgenpost (via github.com/jgehrcke/covid-19-germany-gae),925,4,2859000,181
DE-TH,2020-03-28,ZON/Berliner Morgenpost (via github.com/jgehrcke/covid-19-germany-gae),703,5,2171000,134
DE-BW,2020-03-29,ZON/Berliner Morgenpost (via github.com/jgehrcke/covid-19-germany-gae),12485,138,10880000,304
DE-BY,2020-03-29,ZON/Berliner Morgenpost (via github.com/jgehrcke/covid-19-germany-gae),14021,125,12844000,182
DE-BE,2020-03-29,ZON/Berliner Morgenpost (via github.com/jgehrcke/covid-19-germany-gae),2462,11,3520000,3948
DE-BB,2020-03-29,ZON/Berliner Morgenpost (via github.com/jgehrcke/covid-19-germany-gae),835,4,2485000,84
DE-HB,2020-03-29,ZON/Berliner Morgenpost (via github.com/jgehrcke/covid-19-germany-gae),290,2,671000,1599
DE-HH,2020-03-29,ZON/Berliner Morgenpost (via github.com/jgehrcke/covid-19-germany-gae),2078,4,1787000,2366
DE-HE,2020-03-29,ZON/Berliner Morgenpost (via github.com/jgehrcke/covid-19-germany-gae),3037,13,6176000,293
DE-MV,2020-03-29,ZON/Berliner Morgenpost (via github.com/jgehrcke/covid-19-germany-gae),361,1,1612000,69
DE-NI,2020-03-29,ZON/Berliner Morgenpost (via github.com/jgehrcke/covid-19-germany-gae),3911,27,7927000,167
DE-NW,2020-03-29,ZON/Berliner Morgenpost (via github.com/jgehrcke/covid-19-germany-gae),13997,116,17866000,524
DE-RP,2020-03-29,ZON/Berliner Morgenpost (via github.com/jgehrcke/covid-19-germany-gae),2712,18,4053000,204
DE-SL,2020-03-29,ZON/Berliner Morgenpost (via github.com/jgehrcke/covid-19-germany-gae),714,9,996000,388
DE-SN,2020-03-29,ZON/Berliner Morgenpost (via github.com/jgehrcke/covid-19-germany-gae),1856,9,4085000,221
DE-ST,2020-03-29,ZON/Berliner Morgenpost (via github.com/jgehrcke/covid-19-germany-gae),645,2,2245000,110
DE-SH,2020-03-29,ZON/Berliner Morgenpost (via github.com/jgehrcke/covid-19-germany-gae),1008,6,2859000,181
DE-TH,2020-03-29,ZON/Berliner Morgenpost (via github.com/jgehrcke/covid-19-germany-gae),752,5,2171000,134
DE-BW,2020-03-30,ZON/Berliner Morgenpost (via github.com/jgehrcke/covid-19-germany-gae),13477,175,10880000,304
DE-BY,2020-03-30,ZON/Berliner Morgenpost (via github.com/jgehrcke/covid-19-germany-gae),15160,158,12844000,182
DE-BE,2020-03-30,ZON/Berliner Morgenpost (via github.com/jgehrcke/covid-19-germany-gae),2581,13,3520000,3948
DE-BB,2020-03-30,ZON/Berliner Morgenpost (via github.com/jgehrcke/covid-19-germany-gae),866,4,2485000,84
DE-HB,2020-03-30,ZON/Berliner Morgenpost (via github.com/jgehrcke/covid-19-germany-gae),298,4,671000,1599
DE-HH,2020-03-30,ZON/Berliner Morgenpost (via github.com/jgehrcke/covid-19-germany-gae),2214,4,1787000,2366
DE-HE,2020-03-30,ZON/Berliner Morgenpost (via github.com/jgehrcke/covid-19-germany-gae),3091,17,6176000,293
DE-MV,2020-03-30,ZON/Berliner Morgenpost (via github.com/jgehrcke/covid-19-germany-gae),368,1,1612000,69
DE-NI,2020-03-30,ZON/Berliner Morgenpost (via github.com/jgehrcke/covid-19-germany-gae),4170,32,7927000,167
DE-NW,2020-03-30,ZON/Berliner Morgenpost (via github.com/jgehrcke/covid-19-germany-gae),14566,131,17866000,524
DE-RP,2020-03-30,ZON/Berliner Morgenpost (via github.com/jgehrcke/covid-19-germany-gae),2851,20,4053000,204
DE-SL,2020-03-30,ZON/Berliner Morgenpost (via github.com/jgehrcke/covid-19-germany-gae),800,9,996000,388
DE-SN,2020-03-30,ZON/Berliner Morgenpost (via github.com/jgehrcke/covid-19-germany-gae),1976,11,4085000,221
DE-ST,2020-03-30,ZON/Berliner Morgenpost (via github.com/jgehrcke/covid-19-germany-gae),689,6,2245000,110
DE-SH,2020-03-30,ZON/Berliner Morgenpost (via github.com/jgehrcke/covid-19-germany-gae),1060,7,2859000,181
DE-TH,2020-03-30,ZON/Berliner Morgenpost (via github.com/jgehrcke/covid-19-germany-gae),783,5,2171000,134
DE-BW,2020-04-01,ZON/Berliner Morgenpost (via github.com/jgehrcke/covid-19-germany-gae),14818,212,10880000,304
DE-BY,2020-04-01,ZON/Berliner Morgenpost (via github.com/jgehrcke/covid-19-germany-gae),16838,209,12844000,182
DE-BE,2020-04-01,ZON/Berliner Morgenpost (via github.com/jgehrcke/covid-19-germany-gae),2777,15,3520000,3948
DE-BB,2020-04-01,ZON/Berliner Morgenpost (via github.com/jgehrcke/covid-19-germany-gae),1000,8,2485000,84
DE-HB,2020-04-01,ZON/Berliner Morgenpost (via github.com/jgehrcke/covid-19-germany-gae),315,5,671000,1599
DE-HH,2020-04-01,ZON/Berliner Morgenpost (via github.com/jgehrcke/covid-19-germany-gae),2290,6,1787000,2366
DE-HE,2020-04-01,ZON/Berliner Morgenpost (via github.com/jgehrcke/covid-19-germany-gae),3423,21,6176000,293
DE-MV,2020-04-01,ZON/Berliner Morgenpost (via github.com/jgehrcke/covid-19-germany-gae),417,3,1612000,69
DE-NI,2020-04-01,ZON/Berliner Morgenpost (via github.com/jgehrcke/covid-19-germany-gae),4659,46,7927000,167
DE-NW,2020-04-01,ZON/Berliner Morgenpost (via github.com/jgehrcke/covid-19-germany-gae),15969,150,17866000,524
DE-RP,2020-04-01,ZON/Berliner Morgenpost (via github.com/jgehrcke/covid-19-germany-gae),3141,25,4053000,204
DE-SL,2020-04-01,ZON/Berliner Morgenpost (via github.com/jgehrcke/covid-19-germany-gae),961,11,996000,388
DE-SN,2020-04-01,ZON/Berliner Morgenpost (via github.com/jgehrcke/covid-19-germany-gae),2163,13,4085000,221
DE-ST,2020-04-01,ZON/Berliner Morgenpost (via github.com/jgehrcke/covid-19-germany-gae),779,7,2245000,110
DE-SH,2020-04-01,ZON/Berliner Morgenpost (via github.com/jgehrcke/covid-19-germany-gae),1175,9,2859000,181
DE-TH,2020-04-01,ZON/Berliner Morgenpost (via github.com/jgehrcke/covid-19-germany-gae),846,6,2171000,134
DE-BW,2020-04-02,ZON/Berliner Morgenpost (via github.com/jgehrcke/covid-19-germany-gae),16653,287,10880000,304
DE-BY,2020-04-02,ZON/Berliner Morgenpost (via github.com/jgehrcke/covid-19-germany-gae),19663,293,12844000,182
DE-BE,2020-04-02,ZON/Berliner Morgenpost (via github.com/jgehrcke/covid-19-germany-gae),3223,20,3520000,3948
DE-BB,2020-04-02,ZON/Berliner Morgenpost (via github.com/jgehrcke/covid-19-germany-gae),1116,11,2485000,84
DE-HB,2020-04-02,ZON/Berliner Morgenpost (via github.com/jgehrcke/covid-19-germany-gae),332,6,671000,1599
DE-HH,2020-04-02,ZON/Berliner Morgenpost (via github.com/jgehrcke/covid-19-germany-gae),2557,14,1787000,2366
DE-HE,2020-04-02,ZON/Berliner Morgenpost (via github.com/jgehrcke/covid-19-germany-gae),3969,34,6176000,293
DE-MV,2020-04-02,ZON/Berliner Morgenpost (via github.com/jgehrcke/covid-19-germany-gae),446,4,1612000,69
DE-NI,2020-04-02,ZON/Berliner Morgenpost (via github.com/jgehrcke/covid-19-germany-gae),5236,69,7927000,167
DE-NW,2020-04-02,ZON/Berliner Morgenpost (via github.com/jgehrcke/covid-19-germany-gae),17894,202,17866000,524
DE-RP,2020-04-02,ZON/Berliner Morgenpost (via github.com/jgehrcke/covid-19-germany-gae),3439,31,4053000,204
DE-SL,2020-04-02,ZON/Berliner Morgenpost (via github.com/jgehrcke/covid-19-germany-gae),1163,13,996000,388
DE-SN,2020-04-02,ZON/Berliner Morgenpost (via github.com/jgehrcke/covid-19-germany-gae),2370,19,4085000,221
DE-ST,2020-04-02,ZON/Berliner Morgenpost (via github.com/jgehrcke/covid-19-germany-gae),831,9,2245000,110
DE-SH,2020-04-02,ZON/Berliner Morgenpost (via github.com/jgehrcke/covid-19-germany-gae),1368,13,2859000,181
DE-TH,2020-04-02,ZON/Berliner Morgenpost (via github.com/jgehrcke/covid-19-germany-gae),961,8,2171000,134
DE-BW,2020-04-03,ZON/Berliner Morgenpost (via github.com/jgehrcke/covid-19-germany-gae),18718,335,10880000,304
DE-BY,2020-04-03,ZON/Berliner Morgenpost (via github.com/jgehrcke/covid-19-germany-gae),22164,341,12844000,182
DE-BE,2020-04-03,ZON/Berliner Morgenpost (via github.com/jgehrcke/covid-19-germany-gae),3486,22,3520000,3948
DE-BB,2020-04-03,ZON/Berliner Morgenpost (via github.com/jgehrcke/covid-19-germany-gae),1313,14,2485000,84
DE-HB,2020-04-03,ZON/Berliner Morgenpost (via github.com/jgehrcke/covid-19-germany-gae),354,6,671000,1599
DE-HH,2020-04-03,ZON/Berliner Morgenpost (via github.com/jgehrcke/covid-19-germany-gae),2739,16,1787000,2366
DE-HE,2020-04-03,ZON/Berliner Morgenpost (via github.com/jgehrcke/covid-19-germany-gae),4265,43,6176000,293
DE-MV,2020-04-03,ZON/Berliner Morgenpost (via github.com/jgehrcke/covid-19-germany-gae),506,5,1612000,69
DE-NI,2020-04-03,ZON/Berliner Morgenpost (via github.com/jgehrcke/covid-19-germany-gae),5776,82,7927000,167
DE-NW,2020-04-03,ZON/Berliner Morgenpost (via github.com/jgehrcke/covid-19-germany-gae),19686,232,17866000,524
DE-RP,2020-04-03,ZON/Berliner Morgenpost (via github.com/jgehrcke/covid-19-germany-gae),3685,33,4053000,204
DE-SL,2020-04-03,ZON/Berliner Morgenpost (via github.com/jgehrcke/covid-19-germany-gae),1303,18,996000,388
DE-SN,2020-04-03,ZON/Berliner Morgenpost (via github.com/jgehrcke/covid-19-germany-gae),2704,22,4085000,221
DE-ST,2020-04-03,ZON/Berliner Morgenpost (via github.com/jgehrcke/covid-19-germany-gae),916,11,2245000,110
DE-SH,2020-04-03,ZON/Berliner Morgenpost (via github.com/jgehrcke/covid-19-germany-gae),1484,17,2859000,181
DE-TH,2020-04-03,ZON/Berliner Morgenpost (via github.com/jgehrcke/covid-19-germany-gae),1067,9,2171000,134
DE-BW,2020-04-04,ZON/Berliner Morgenpost (via github.com/jgehrcke/covid-19-germany-gae),19713,378,10880000,304
DE-BY,2020-04-04,ZON/Berliner Morgenpost (via github.com/jgehrcke/covid-19-germany-gae),23894,399,12844000,182
DE-BE,2020-04-04,ZON/Berliner Morgenpost (via github.com/jgehrcke/covid-19-germany-gae),3626,24,3520000,3948
DE-BB,2020-04-04,ZON/Berliner Morgenpost (via github.com/jgehrcke/covid-19-germany-gae),1375,24,2485000,84
DE-HB,2020-04-04,ZON/Berliner Morgenpost (via github.com/jgehrcke/covid-19-germany-gae),388,6,671000,1599
DE-HH,2020-04-04,ZON/Berliner Morgenpost (via github.com/jgehrcke/covid-19-germany-gae),2882,16,1787000,2366
DE-HE,2020-04-04,ZON/Berliner Morgenpost (via github.com/jgehrcke/covid-19-germany-gae),4498,57,6176000,293
DE-MV,2020-04-04,ZON/Berliner Morgenpost (via github.com/jgehrcke/covid-19-germany-gae),526,5,1612000,69
DE-NI,2020-04-04,ZON/Berliner Morgenpost (via github.com/jgehrcke/covid-19-germany-gae),5999,94,7927000,167
DE-NW,2020-04-04,ZON/Berliner Morgenpost (via github.com/jgehrcke/covid-19-germany-gae),20155,257,17866000,524
DE-RP,2020-04-04,ZON/Berliner Morgenpost (via github.com/jgehrcke/covid-19-germany-gae),3865,37,4053000,204
DE-SL,2020-04-04,ZON/Berliner Morgenpost (via github.com/jgehrcke/covid-19-germany-gae),1386,20,996000,388
DE-SN,2020-04-04,ZON/Berliner Morgenpost (via github.com/jgehrcke/covid-19-germany-gae),2895,35,4085000,221
DE-ST,2020-04-04,ZON/Berliner Morgenpost (via github.com/jgehrcke/covid-19-germany-gae),948,12,2245000,110
DE-SH,2020-04-04,ZON/Berliner Morgenpost (via github.com/jgehrcke/covid-19-germany-gae),1603,20,2859000,181
DE-TH,2020-04-04,ZON/Berliner Morgenpost (via github.com/jgehrcke/covid-19-germany-gae),1117,14,2171000,134
DE-BW,2020-04-05,ZON/Berliner Morgenpost (via github.com/jgehrcke/covid-19-germany-gae),20673,402,10880000,304
DE-BY,2020-04-05,ZON/Berliner Morgenpost (via github.com/jgehrcke/covid-19-germany-gae),25376,431,12844000,182
DE-BE,2020-04-05,ZON/Berliner Morgenpost (via github.com/jgehrcke/covid-19-germany-gae),3687,26,3520000,3948
DE-BB,2020-04-05,ZON/Berliner Morgenpost (via github.com/jgehrcke/covid-19-germany-gae),1457,27,2485000,84
DE-HB,2020-04-05,ZON/Berliner Morgenpost (via github.com/jgehrcke/covid-19-germany-gae),395,8,671000,1599
DE-HH,2020-04-05,ZON/Berliner Morgenpost (via github.com/jgehrcke/covid-19-germany-gae),3019,19,1787000,2366
DE-HE,2020-04-05,ZON/Berliner Morgenpost (via github.com/jgehrcke/covid-19-germany-gae),4652,66,6176000,293
DE-MV,2020-04-05,ZON/Berliner Morgenpost (via github.com/jgehrcke/covid-19-germany-gae),528,6,1612000,69
DE-NI,2020-04-05,ZON/Berliner Morgenpost (via github.com/jgehrcke/covid-19-germany-gae),6267,97,7927000,167
DE-NW,2020-04-05,ZON/Berliner Morgenpost (via github.com/jgehrcke/covid-19-germany-gae),21091,302,17866000,524
DE-RP,2020-04-05,ZON/Berliner Morgenpost (via github.com/jgehrcke/covid-19-germany-gae),3988,36,4053000,204
DE-SL,2020-04-05,ZON/Berliner Morgenpost (via github.com/jgehrcke/covid-19-germany-gae),1542,21,996000,388
DE-SN,2020-04-05,ZON/Berliner Morgenpost (via github.com/jgehrcke/covid-19-germany-gae),3039,40,4085000,221
DE-ST,2020-04-05,ZON/Berliner Morgenpost (via github.com/jgehrcke/covid-19-germany-gae),975,12,2245000,110
DE-SH,2020-04-05,ZON/Berliner Morgenpost (via github.com/jgehrcke/covid-19-germany-gae),1660,17,2859000,181
DE-TH,2020-04-05,ZON/Berliner Morgenpost (via github.com/jgehrcke/covid-19-germany-gae),1164,11,2171000,134
DE-BW,2020-04-06,ZON/Berliner Morgenpost (via github.com/jgehrcke/covid-19-germany-gae),20879,449,10880000,304
DE-BY,2020-04-06,ZON/Berliner Morgenpost (via github.com/jgehrcke/covid-19-germany-gae),25965,475,12844000,182
DE-BE,2020-04-06,ZON/Berliner Morgenpost (via github.com/jgehrcke/covid-19-germany-gae),3687,28,3520000,3948
DE-BB,2020-04-06,ZON/Berliner Morgenpost (via github.com/jgehrcke/covid-19-germany-gae),1472,31,2485000,84
DE-HB,2020-04-06,ZON/Berliner Morgenpost (via github.com/jgehrcke/covid-19-germany-gae),395,9,671000,1599
DE-HH,2020-04-06,ZON/Berliner Morgenpost (via github.com/jgehrcke/covid-19-germany-gae),3088,19,1787000,2366
DE-HE,2020-04-06,ZON/Berliner Morgenpost (via github.com/jgehrcke/covid-19-germany-gae),4725,71,6176000,293
DE-MV,2020-04-06,ZON/Berliner Morgenpost (via github.com/jgehrcke/covid-19-germany-gae),529,8,1612000,69
DE-NI,2020-04-06,ZON/Berliner Morgenpost (via github.com/jgehrcke/covid-19-germany-gae),6680,113,7927000,167
DE-NW,2020-04-06,ZON/Berliner Morgenpost (via github.com/jgehrcke/covid-19-germany-gae),21232,336,17866000,524
DE-RP,2020-04-06,ZON/Berliner Morgenpost (via github.com/jgehrcke/covid-19-germany-gae),3952,39,4053000,204
DE-SL,2020-04-06,ZON/Berliner Morgenpost (via github.com/jgehrcke/covid-19-germany-gae),1544,21,996000,388
DE-SN,2020-04-06,ZON/Berliner Morgenpost (via github.com/jgehrcke/covid-19-germany-gae),3122,41,4085000,221
DE-ST,2020-04-06,ZON/Berliner Morgenpost (via github.com/jgehrcke/covid-19-germany-gae),995,12,2245000,110
DE-SH,2020-04-06,ZON/Berliner Morgenpost (via github.com/jgehrcke/covid-19-germany-gae),1677,18,2859000,181
DE-TH,2020-04-06,ZON/Berliner Morgenpost (via github.com/jgehrcke/covid-19-germany-gae),1180,13,2171000,134
DE-BW,2020-04-07,ZON/Berliner Morgenpost (via github.com/jgehrcke/covid-19-germany-gae),21445,467,10880000,304
DE-BY,2020-04-07,ZON/Berliner Morgenpost (via github.com/jgehrcke/covid-19-germany-gae),26533,506,12844000,182
DE-BE,2020-04-07,ZON/Berliner Morgenpost (via github.com/jgehrcke/covid-19-germany-gae),3862,28,3520000,3948
DE-BB,2020-04-07,ZON/Berliner Morgenpost (via github.com/jgehrcke/covid-19-germany-gae),1512,33,2485000,84
DE-HB,2020-04-07,ZON/Berliner Morgenpost (via github.com/jgehrcke/covid-19-germany-gae),397,9,671000,1599
DE-HH,2020-04-07,ZON/Berliner Morgenpost (via github.com/jgehrcke/covid-19-germany-gae),3088,19,1787000,2366
DE-HE,2020-04-07,ZON/Berliner Morgenpost (via github.com/jgehrcke/covid-19-germany-gae),4816,78,6176000,293
DE-MV,2020-04-07,ZON/Berliner Morgenpost (via github.com/jgehrcke/covid-19-germany-gae),531,8,1612000,69
DE-NI,2020-04-07,ZON/Berliner Morgenpost (via github.com/jgehrcke/covid-19-germany-gae),6520,126,7927000,167
DE-NW,2020-04-07,ZON/Berliner Morgenpost (via github.com/jgehrcke/covid-19-germany-gae),21915,384,17866000,524
DE-RP,2020-04-07,ZON/Berliner Morgenpost (via github.com/jgehrcke/covid-19-germany-gae),4153,43,4053000,204
DE-SL,2020-04-07,ZON/Berliner Morgenpost (via github.com/jgehrcke/covid-19-germany-gae),1611,27,996000,388
DE-SN,2020-04-07,ZON/Berliner Morgenpost (via github.com/jgehrcke/covid-19-germany-gae),3160,44,4085000,221
DE-ST,2020-04-07,ZON/Berliner Morgenpost (via github.com/jgehrcke/covid-19-germany-gae),1002,13,2245000,110
DE-SH,2020-04-07,ZON/Berliner Morgenpost (via github.com/jgehrcke/covid-19-germany-gae),1711,23,2859000,181
DE-TH,2020-04-07,ZON/Berliner Morgenpost (via github.com/jgehrcke/covid-19-germany-gae),1227,15,2171000,134
DE-BW,2020-04-08,ZON/Berliner Morgenpost (via github.com/jgehrcke/covid-19-germany-gae),22585,534,10880000,304
DE-BY,2020-04-08,ZON/Berliner Morgenpost (via github.com/jgehrcke/covid-19-germany-gae),28809,615,12844000,182
DE-BE,2020-04-08,ZON/Berliner Morgenpost (via github.com/jgehrcke/covid-19-germany-gae),4038,37,3520000,3948
DE-BB,2020-04-08,ZON/Berliner Morgenpost (via github.com/jgehrcke/covid-19-germany-gae),1697,39,2485000,84
DE-HB,2020-04-08,ZON/Berliner Morgenpost (via github.com/jgehrcke/covid-19-germany-gae),424,11,671000,1599
DE-HH,2020-04-08,ZON/Berliner Morgenpost (via github.com/jgehrcke/covid-19-germany-gae),3370,29,1787000,2366
DE-HE,2020-04-08,ZON/Berliner Morgenpost (via github.com/jgehrcke/covid-19-germany-gae),5182,103,6176000,293
DE-MV,2020-04-08,ZON/Berliner Morgenpost (via github.com/jgehrcke/covid-19-germany-gae),558,11,1612000,69
DE-NI,2020-04-08,ZON/Berliner Morgenpost (via github.com/jgehrcke/covid-19-germany-gae),7050,152,7927000,167
DE-NW,2020-04-08,ZON/Berliner Morgenpost (via github.com/jgehrcke/covid-19-germany-gae),23174,422,17866000,524
DE-RP,2020-04-08,ZON/Berliner Morgenpost (via github.com/jgehrcke/covid-19-germany-gae),4387,53,4053000,204
DE-SL,2020-04-08,ZON/Berliner Morgenpost (via github.com/jgehrcke/covid-19-germany-gae),1700,28,996000,388
DE-SN,2020-04-08,ZON/Berliner Morgenpost (via github.com/jgehrcke/covid-19-germany-gae),3245,56,4085000,221
DE-ST,2020-04-08,ZON/Berliner Morgenpost (via github.com/jgehrcke/covid-19-germany-gae),1037,16,2245000,110
DE-SH,2020-04-08,ZON/Berliner Morgenpost (via github.com/jgehrcke/covid-19-germany-gae),1823,25,2859000,181
DE-TH,2020-04-08,ZON/Berliner Morgenpost (via github.com/jgehrcke/covid-19-germany-gae),1276,20,2171000,134
DE-BW,2020-04-10,ZON/Berliner Morgenpost (via github.com/jgehrcke/covid-19-germany-gae),23969,612,10880000,304
DE-BY,2020-04-10,ZON/Berliner Morgenpost (via github.com/jgehrcke/covid-19-germany-gae),30904,735,12844000,182
DE-BE,2020-04-10,ZON/Berliner Morgenpost (via github.com/jgehrcke/covid-19-germany-gae),4357,42,3520000,3948
DE-BB,2020-04-10,ZON/Berliner Morgenpost (via github.com/jgehrcke/covid-19-germany-gae),1864,52,2485000,84
DE-HB,2020-04-10,ZON/Berliner Morgenpost (via github.com/jgehrcke/covid-19-germany-gae),453,13,671000,1599
DE-HH,2020-04-10,ZON/Berliner Morgenpost (via github.com/jgehrcke/covid-19-germany-gae),3518,44,1787000,2366
DE-HE,2020-04-10,ZON/Berliner Morgenpost (via github.com/jgehrcke/covid-19-germany-gae),5541,120,6176000,293
DE-MV,2020-04-10,ZON/Berliner Morgenpost (via github.com/jgehrcke/covid-19-germany-gae),586,11,1612000,69
DE-NI,2020-04-10,ZON/Berliner Morgenpost (via github.com/jgehrcke/covid-19-germany-gae),7543,178,7927000,167
DE-NW,2020-04-10,ZON/Berliner Morgenpost (via github.com/jgehrcke/covid-19-germany-gae),24898,523,17866000,524
DE-RP,2020-04-10,ZON/Berliner Morgenpost (via github.com/jgehrcke/covid-19-germany-gae),4641,62,4053000,204
DE-SL,2020-04-10,ZON/Berliner Morgenpost (via github.com/jgehrcke/covid-19-germany-gae),1903,38,996000,388
DE-SN,2020-04-10,ZON/Berliner Morgenpost (via github.com/jgehrcke/covid-19-germany-gae),3528,67,4085000,221
DE-ST,2020-04-10,ZON/Berliner Morgenpost (via github.com/jgehrcke/covid-19-germany-gae),1139,18,2245000,110
DE-SH,2020-04-10,ZON/Berliner Morgenpost (via github.com/jgehrcke/covid-19-germany-gae),1972,41,2859000,181
DE-TH,2020-04-10,ZON/Berliner Morgenpost (via github.com/jgehrcke/covid-19-germany-gae),1399,23,2171000,134
DE-BW,2020-04-14,ZON/Berliner Morgenpost (via github.com/jgehrcke/covid-19-germany-gae),26446,746,10880000,304
DE-BY,2020-04-14,ZON/Berliner Morgenpost (via github.com/jgehrcke/covid-19-germany-gae),34231,904,12844000,182
DE-BE,2020-04-14,ZON/Berliner Morgenpost (via github.com/jgehrcke/covid-19-germany-gae),4667,56,3520000,3948
DE-BB,2020-04-14,ZON/Berliner Morgenpost (via github.com/jgehrcke/covid-19-germany-gae),2097,61,2485000,84
DE-HB,2020-04-14,ZON/Berliner Morgenpost (via github.com/jgehrcke/covid-19-germany-gae),491,19,671000,1599
DE-HH,2020-04-14,ZON/Berliner Morgenpost (via github.com/jgehrcke/covid-19-germany-gae),3887,56,1787000,2366
DE-HE,2020-04-14,ZON/Berliner Morgenpost (via github.com/jgehrcke/covid-19-germany-gae),6191,165,6176000,293
DE-MV,2020-04-14,ZON/Berliner Morgenpost (via github.com/jgehrcke/covid-19-germany-gae),618,12,1612000,69
DE-NI,2020-04-14,ZON/Berliner Morgenpost (via github.com/jgehrcke/covid-19-germany-gae),8338,242,7927000,167
DE-NW,2020-04-14,ZON/Berliner Morgenpost (via github.com/jgehrcke/covid-19-germany-gae),27114,672,17866000,524
DE-RP,2020-04-14,ZON/Berliner Morgenpost (via github.com/jgehrcke/covid-19-germany-gae),5054,75,4053000,204
DE-SL,2020-04-14,ZON/Berliner Morgenpost (via github.com/jgehrcke/covid-19-germany-gae),2145,57,996000,388
DE-SN,2020-04-14,ZON/Berliner Morgenpost (via github.com/jgehrcke/covid-19-germany-gae),3931,76,4085000,221
DE-ST,2020-04-14,ZON/Berliner Morgenpost (via github.com/jgehrcke/covid-19-germany-gae),1224,25,2245000,110
DE-SH,2020-04-14,ZON/Berliner Morgenpost (via github.com/jgehrcke/covid-19-germany-gae),2213,51,2859000,181
DE-TH,2020-04-14,ZON/Berliner Morgenpost (via github.com/jgehrcke/covid-19-germany-gae),1515,29,2171000,134
DE-BW,2020-04-15,ZON/Berliner Morgenpost (via github.com/jgehrcke/covid-19-germany-gae),27080,816,10880000,304
DE-BY,2020-04-15,ZON/Berliner Morgenpost (via github.com/jgehrcke/covid-19-germany-gae),35174,1048,12844000,182
DE-BE,2020-04-15,ZON/Berliner Morgenpost (via github.com/jgehrcke/covid-19-germany-gae),4736,74,3520000,3948
DE-BB,2020-04-15,ZON/Berliner Morgenpost (via github.com/jgehrcke/covid-19-germany-gae),2170,72,2485000,84
DE-HB,2020-04-15,ZON/Berliner Morgenpost (via github.com/jgehrcke/covid-19-germany-gae),499,20,671000,1599
DE-HH,2020-04-15,ZON/Berliner Morgenpost (via github.com/jgehrcke/covid-19-germany-gae),3925,61,1787000,2366
DE-HE,2020-04-15,ZON/Berliner Morgenpost (via github.com/jgehrcke/covid-19-germany-gae),6346,188,6176000,293
DE-MV,2020-04-15,ZON/Berliner Morgenpost (via github.com/jgehrcke/covid-19-germany-gae),625,14,1612000,69
DE-NI,2020-04-15,ZON/Berliner Morgenpost (via github.com/jgehrcke/covid-19-germany-gae),8558,265,7927000,167
DE-NW,2020-04-15,ZON/Berliner Morgenpost (via github.com/jgehrcke/covid-19-germany-gae),27554,705,17866000,524
DE-RP,2020-04-15,ZON/Berliner Morgenpost (via github.com/jgehrcke/covid-19-germany-gae),5191,87,4053000,204
DE-SL,2020-04-15,ZON/Berliner Morgenpost (via github.com/jgehrcke/covid-19-germany-gae),2191,64,996000,388
DE-SN,2020-04-15,ZON/Berliner Morgenpost (via github.com/jgehrcke/covid-19-germany-gae),4030,89,4085000,221
DE-ST,2020-04-15,ZON/Berliner Morgenpost (via github.com/jgehrcke/covid-19-germany-gae),1258,26,2245000,110
DE-SH,2020-04-15,ZON/Berliner Morgenpost (via github.com/jgehrcke/covid-19-germany-gae),2278,55,2859000,181
DE-TH,2020-04-15,ZON/Berliner Morgenpost (via github.com/jgehrcke/covid-19-germany-gae),1588,38,2171000,134
DE-BW,2020-04-17,ZON/Berliner Morgenpost (via github.com/jgehrcke/covid-19-germany-gae),27721,911,10880000,304
DE-BY,2020-04-17,ZON/Berliner Morgenpost (via github.com/jgehrcke/covid-19-germany-gae),36390,1147,12844000,182
DE-BE,2020-04-17,ZON/Berliner Morgenpost (via github.com/jgehrcke/covid-19-germany-gae),4971,84,3520000,3948
DE-BB,2020-04-17,ZON/Berliner Morgenpost (via github.com/jgehrcke/covid-19-germany-gae),2255,76,2485000,84
DE-HB,2020-04-17,ZON/Berliner Morgenpost (via github.com/jgehrcke/covid-19-germany-gae),555,22,671000,1599
DE-HH,2020-04-17,ZON/Berliner Morgenpost (via github.com/jgehrcke/covid-19-germany-gae),4064,80,1787000,2366
DE-HE,2020-04-17,ZON/Berliner Morgenpost (via github.com/jgehrcke/covid-19-germany-gae),6682,203,6176000,293
DE-MV,2020-04-17,ZON/Berliner Morgenpost (via github.com/jgehrcke/covid-19-germany-gae),643,13,1612000,69
DE-NI,2020-04-17,ZON/Berliner Morgenpost (via github.com/jgehrcke/covid-19-germany-gae),8937,289,7927000,167
DE-NW,2020-04-17,ZON/Berliner Morgenpost (via github.com/jgehrcke/covid-19-germany-gae),28550,773,17866000,524
DE-RP,2020-04-17,ZON/Berliner Morgenpost (via github.com/jgehrcke/covid-19-germany-gae),5369,92,4053000,204
DE-SL,2020-04-17,ZON/Berliner Morgenpost (via github.com/jgehrcke/covid-19-germany-gae),2275,77,996000,388
DE-SN,2020-04-17,ZON/Berliner Morgenpost (via github.com/jgehrcke/covid-19-germany-gae),4127,96,4085000,221
DE-ST,2020-04-17,ZON/Berliner Morgenpost (via github.com/jgehrcke/covid-19-germany-gae),1291,28,2245000,110
DE-SH,2020-04-17,ZON/Berliner Morgenpost (via github.com/jgehrcke/covid-19-germany-gae),2330,62,2859000,181
DE-TH,2020-04-17,ZON/Berliner Morgenpost (via github.com/jgehrcke/covid-19-germany-gae),1620,47,2171000,134
DE-BW,2020-04-18,ZON/Berliner Morgenpost (via github.com/jgehrcke/covid-19-germany-gae),28828,996,10880000,304
DE-BY,2020-04-18,ZON/Berliner Morgenpost (via github.com/jgehrcke/covid-19-germany-gae),37946,1301,12844000,182
DE-BE,2020-04-18,ZON/Berliner Morgenpost (via github.com/jgehrcke/covid-19-germany-gae),5091,92,3520000,3948
DE-BB,2020-04-18,ZON/Berliner Morgenpost (via github.com/jgehrcke/covid-19-germany-gae),2340,85,2485000,84
DE-HB,2020-04-18,ZON/Berliner Morgenpost (via github.com/jgehrcke/covid-19-germany-gae),584,25,671000,1599
DE-HH,2020-04-18,ZON/Berliner Morgenpost (via github.com/jgehrcke/covid-19-germany-gae),4297,90,1787000,2366
DE-HE,2020-04-18,ZON/Berliner Morgenpost (via github.com/jgehrcke/covid-19-germany-gae),7015,224,6176000,293
DE-MV,2020-04-18,ZON/Berliner Morgenpost (via github.com/jgehrcke/covid-19-germany-gae),649,15,1612000,69
DE-NI,2020-04-18,ZON/Berliner Morgenpost (via github.com/jgehrcke/covid-19-germany-gae),9289,322,7927000,167
DE-NW,2020-04-18,ZON/Berliner Morgenpost (via github.com/jgehrcke/covid-19-germany-gae),29485,867,17866000,524
DE-RP,2020-04-18,ZON/Berliner Morgenpost (via github.com/jgehrcke/covid-19-germany-gae),5573,109,4053000,204
DE-SL,2020-04-18,ZON/Berliner Morgenpost (via github.com/jgehrcke/covid-19-germany-gae),2307,94,996000,388
DE-SN,2020-04-18,ZON/Berliner Morgenpost (via github.com/jgehrcke/covid-19-germany-gae),4245,109,4085000,221
DE-ST,2020-04-18,ZON/Berliner Morgenpost (via github.com/jgehrcke/covid-19-germany-gae),1357,30,2245000,110
DE-SH,2020-04-18,ZON/Berliner Morgenpost (via github.com/jgehrcke/covid-19-germany-gae),2397,65,2859000,181
DE-TH,2020-04-18,ZON/Berliner Morgenpost (via github.com/jgehrcke/covid-19-germany-gae),1738,54,2171000,134
DE-BW,2020-04-20,ZON/Berliner Morgenpost (via github.com/jgehrcke/covid-19-germany-gae),29575,1043,10880000,304
DE-BY,2020-04-20,ZON/Berliner Morgenpost (via github.com/jgehrcke/covid-19-germany-gae),38301,1373,12844000,182
DE-BE,2020-04-20,ZON/Berliner Morgenpost (via github.com/jgehrcke/covid-19-germany-gae),5225,94,3520000,3948
DE-BB,2020-04-20,ZON/Berliner Morgenpost (via github.com/jgehrcke/covid-19-germany-gae),2402,93,2485000,84
DE-HB,2020-04-20,ZON/Berliner Morgenpost (via github.com/jgehrcke/covid-19-germany-gae),603,25,671000,1599
DE-HH,2020-04-20,ZON/Berliner Morgenpost (via github.com/jgehrcke/covid-19-germany-gae),4347,91,1787000,2366
DE-HE,2020-04-20,ZON/Berliner Morgenpost (via github.com/jgehrcke/covid-19-germany-gae),7178,238,6176000,293
DE-MV,2020-04-20,ZON/Berliner Morgenpost (via github.com/jgehrcke/covid-19-germany-gae),652,16,1612000,69
DE-NI,2020-04-20,ZON/Berliner Morgenpost (via github.com/jgehrcke/covid-19-germany-gae),9444,330,7927000,167
DE-NW,2020-04-20,ZON/Berliner Morgenpost (via github.com/jgehrcke/covid-19-germany-gae),30028,913,17866000,524
DE-RP,2020-04-20,ZON/Berliner Morgenpost (via github.com/jgehrcke/covid-19-germany-gae),5668,113,4053000,204
DE-SL,2020-04-20,ZON/Berliner Morgenpost (via github.com/jgehrcke/covid-19-germany-gae),2339,100,996000,388
DE-SN,2020-04-20,ZON/Berliner Morgenpost (via github.com/jgehrcke/covid-19-germany-gae),4302,113,4085000,221
DE-ST,2020-04-20,ZON/Berliner Morgenpost (via github.com/jgehrcke/covid-19-germany-gae),1401,32,2245000,110
DE-SH,2020-04-20,ZON/Berliner Morgenpost (via github.com/jgehrcke/covid-19-germany-gae),2412,71,2859000,181
DE-TH,2020-04-20,ZON/Berliner Morgenpost (via github.com/jgehrcke/covid-19-germany-gae),1804,55,2171000,134
DE-BW,2020-04-21,ZON/Berliner Morgenpost (via github.com/jgehrcke/covid-19-germany-gae),29885,1093,10880000,304
DE-BY,2020-04-21,ZON/Berliner Morgenpost (via github.com/jgehrcke/covid-19-germany-gae),39251,1447,12844000,182
DE-BE,2020-04-21,ZON/Berliner Morgenpost (via github.com/jgehrcke/covid-19-germany-gae),5265,97,3520000,3948
DE-BB,2020-04-21,ZON/Berliner Morgenpost (via github.com/jgehrcke/covid-19-germany-gae),2470,95,2485000,84
DE-HB,2020-04-21,ZON/Berliner Morgenpost (via github.com/jgehrcke/covid-19-germany-gae),626,25,671000,1599
DE-HH,2020-04-21,ZON/Berliner Morgenpost (via github.com/jgehrcke/covid-19-germany-gae),4401,91,1787000,2366
DE-HE,2020-04-21,ZON/Berliner Morgenpost (via github.com/jgehrcke/covid-19-germany-gae),7372,255,6176000,293
DE-MV,2020-04-21,ZON/Berliner Morgenpost (via github.com/jgehrcke/covid-19-germany-gae),655,16,1612000,69
DE-NI,2020-04-21,ZON/Berliner Morgenpost (via github.com/jgehrcke/covid-19-germany-gae),9598,342,7927000,167
DE-NW,2020-04-21,ZON/Berliner Morgenpost (via github.com/jgehrcke/covid-19-germany-gae),30447,939,17866000,524
DE-RP,2020-04-21,ZON/Berliner Morgenpost (via github.com/jgehrcke/covid-19-germany-gae),5729,118,4053000,204
DE-SL,2020-04-21,ZON/Berliner Morgenpost (via github.com/jgehrcke/covid-19-germany-gae),2349,102,996000,388
DE-SN,2020-04-21,ZON/Berliner Morgenpost (via github.com/jgehrcke/covid-19-germany-gae),4345,119,4085000,221
DE-ST,2020-04-21,ZON/Berliner Morgenpost (via github.com/jgehrcke/covid-19-germany-gae),1414,34,2245000,110
DE-SH,2020-04-21,ZON/Berliner Morgenpost (via github.com/jgehrcke/covid-19-germany-gae),2423,78,2859000,181
DE-TH,2020-04-21,ZON/Berliner Morgenpost (via github.com/jgehrcke/covid-19-germany-gae),1831,61,2171000,134
DE-BW,2020-04-22,ZON/Berliner Morgenpost (via github.com/jgehrcke/covid-19-germany-gae),30110,1138,10880000,304
DE-BY,2020-04-22,ZON/Berliner Morgenpost (via github.com/jgehrcke/covid-19-germany-gae),39436,1505,12844000,182
DE-BE,2020-04-22,ZON/Berliner Morgenpost (via github.com/jgehrcke/covid-19-germany-gae),5341,105,3520000,3948
DE-BB,2020-04-22,ZON/Berliner Morgenpost (via github.com/jgehrcke/covid-19-germany-gae),2480,106,2485000,84
DE-HB,2020-04-22,ZON/Berliner Morgenpost (via github.com/jgehrcke/covid-19-germany-gae),627,25,671000,1599
DE-HH,2020-04-22,ZON/Berliner Morgenpost (via github.com/jgehrcke/covid-19-germany-gae),4401,91,1787000,2366
DE-HE,2020-04-22,ZON/Berliner Morgenpost (via github.com/jgehrcke/covid-19-germany-gae),7396,266,6176000,293
DE-MV,2020-04-22,ZON/Berliner Morgenpost (via github.com/jgehrcke/covid-19-germany-gae),656,16,1612000,69
DE-NI,2020-04-22,ZON/Berliner Morgenpost (via github.com/jgehrcke/covid-19-germany-gae),9650,362,7927000,167
DE-NW,2020-04-22,ZON/Berliner Morgenpost (via github.com/jgehrcke/covid-19-germany-gae),30596,983,17866000,524
DE-RP,2020-04-22,ZON/Berliner Morgenpost (via github.com/jgehrcke/covid-19-germany-gae),5747,126,4053000,204
DE-SL,2020-04-22,ZON/Berliner Morgenpost (via github.com/jgehrcke/covid-19-germany-gae),2381,108,996000,388
DE-SN,2020-04-22,ZON/Berliner Morgenpost (via github.com/jgehrcke/covid-19-germany-gae),4357,126,4085000,221
DE-ST,2020-04-22,ZON/Berliner Morgenpost (via github.com/jgehrcke/covid-19-germany-gae),1425,35,2245000,110
DE-SH,2020-04-22,ZON/Berliner Morgenpost (via github.com/jgehrcke/covid-19-germany-gae),2485,84,2859000,181
DE-TH,2020-04-22,ZON/Berliner Morgenpost (via github.com/jgehrcke/covid-19-germany-gae),1917,65,2171000,134
DE-BW,2020-04-24,ZON/Berliner Morgenpost (via github.com/jgehrcke/covid-19-germany-gae),31418,1226,10880000,304
DE-BY,2020-04-24,ZON/Berliner Morgenpost (via github.com/jgehrcke/covid-19-germany-gae),41053,1676,12844000,182
DE-BE,2020-04-24,ZON/Berliner Morgenpost (via github.com/jgehrcke/covid-19-germany-gae),5476,112,3520000,3948
DE-BB,2020-04-24,ZON/Berliner Morgenpost (via github.com/jgehrcke/covid-19-germany-gae),2694,118,2485000,84
DE-HB,2020-04-24,ZON/Berliner Morgenpost (via github.com/jgehrcke/covid-19-germany-gae),720,26,671000,1599
DE-HH,2020-04-24,ZON/Berliner Morgenpost (via github.com/jgehrcke/covid-19-germany-gae),4558,113,1787000,2366
DE-HE,2020-04-24,ZON/Berliner Morgenpost (via github.com/jgehrcke/covid-19-germany-gae),7818,306,6176000,293
DE-MV,2020-04-24,ZON/Berliner Morgenpost (via github.com/jgehrcke/covid-19-germany-gae),661,17,1612000,69
DE-NI,2020-04-24,ZON/Berliner Morgenpost (via github.com/jgehrcke/covid-19-germany-gae),9978,393,7927000,167
DE-NW,2020-04-24,ZON/Berliner Morgenpost (via github.com/jgehrcke/covid-19-germany-gae),31606,1091,17866000,524
DE-RP,2020-04-24,ZON/Berliner Morgenpost (via github.com/jgehrcke/covid-19-germany-gae),5921,143,4053000,204
DE-SL,2020-04-24,ZON/Berliner Morgenpost (via github.com/jgehrcke/covid-19-germany-gae),2452,120,996000,388
DE-SN,2020-04-24,ZON/Berliner Morgenpost (via github.com/jgehrcke/covid-19-germany-gae),4486,143,4085000,221
DE-ST,2020-04-24,ZON/Berliner Morgenpost (via github.com/jgehrcke/covid-19-germany-gae),1490,37,2245000,110
DE-SH,2020-04-24,ZON/Berliner Morgenpost (via github.com/jgehrcke/covid-19-germany-gae),2575,96,2859000,181
DE-TH,2020-04-24,ZON/Berliner Morgenpost (via github.com/jgehrcke/covid-19-germany-gae),2054,69,2171000,134
DE-BW,2020-04-25,ZON/Berliner Morgenpost (via github.com/jgehrcke/covid-19-germany-gae),31577,1270,10880000,304
DE-BY,2020-04-25,ZON/Berliner Morgenpost (via github.com/jgehrcke/covid-19-germany-gae),41216,1717,12844000,182
DE-BE,2020-04-25,ZON/Berliner Morgenpost (via github.com/jgehrcke/covid-19-germany-gae),5532,113,3520000,3948
DE-BB,2020-04-25,ZON/Berliner Morgenpost (via github.com/jgehrcke/covid-19-germany-gae),2704,129,2485000,84
DE-HB,2020-04-25,ZON/Berliner Morgenpost (via github.com/jgehrcke/covid-19-germany-gae),722,26,671000,1599
DE-HH,2020-04-25,ZON/Berliner Morgenpost (via github.com/jgehrcke/covid-19-germany-gae),4558,139,1787000,2366
DE-HE,2020-04-25,ZON/Berliner Morgenpost (via github.com/jgehrcke/covid-19-germany-gae),7847,329,6176000,293
DE-MV,2020-04-25,ZON/Berliner Morgenpost (via github.com/jgehrcke/covid-19-germany-gae),667,17,1612000,69
DE-NI,2020-04-25,ZON/Berliner Morgenpost (via github.com/jgehrcke/covid-19-germany-gae),10020,410,7927000,167
DE-NW,2020-04-25,ZON/Berliner Morgenpost (via github.com/jgehrcke/covid-19-germany-gae),31682,1126,17866000,524
DE-RP,2020-04-25,ZON/Berliner Morgenpost (via github.com/jgehrcke/covid-19-germany-gae),5942,147,4053000,204
DE-SL,2020-04-25,ZON/Berliner Morgenpost (via github.com/jgehrcke/covid-19-germany-gae),2476,121,996000,388
DE-SN,2020-04-25,ZON/Berliner Morgenpost (via github.com/jgehrcke/covid-19-germany-gae),4505,146,4085000,221
DE-ST,2020-04-25,ZON/Berliner Morgenpost (via github.com/jgehrcke/covid-19-germany-gae),1492,37,2245000,110
DE-SH,2020-04-25,ZON/Berliner Morgenpost (via github.com/jgehrcke/covid-19-germany-gae),2586,100,2859000,181
DE-TH,2020-04-25,ZON/Berliner Morgenpost (via github.com/jgehrcke/covid-19-germany-gae),2070,71,2171000,134
DE-BW,2020-04-27,ZON/Berliner Morgenpost (via github.com/jgehrcke/covid-19-germany-gae),32106,1303,10880000,304
DE-BY,2020-04-27,ZON/Berliner Morgenpost (via github.com/jgehrcke/covid-19-germany-gae),41856,1767,12844000,182
DE-BE,2020-04-27,ZON/Berliner Morgenpost (via github.com/jgehrcke/covid-19-germany-gae),5677,127,3520000,3948
DE-BB,2020-04-27,ZON/Berliner Morgenpost (via github.com/jgehrcke/covid-19-germany-gae),2787,132,2485000,84
DE-HB,2020-04-27,ZON/Berliner Morgenpost (via github.com/jgehrcke/covid-19-germany-gae),761,26,671000,1599
DE-HH,2020-04-27,ZON/Berliner Morgenpost (via github.com/jgehrcke/covid-19-germany-gae),4658,142,1787000,2366
DE-HE,2020-04-27,ZON/Berliner Morgenpost (via github.com/jgehrcke/covid-19-germany-gae),8018,331,6176000,293
DE-MV,2020-04-27,ZON/Berliner Morgenpost (via github.com/jgehrcke/covid-19-germany-gae),675,17,1612000,69
DE-NI,2020-04-27,ZON/Berliner Morgenpost (via github.com/jgehrcke/covid-19-germany-gae),10176,423,7927000,167
DE-NW,2020-04-27,ZON/Berliner Morgenpost (via github.com/jgehrcke/covid-19-germany-gae),32256,1163,17866000,524
DE-RP,2020-04-27,ZON/Berliner Morgenpost (via github.com/jgehrcke/covid-19-germany-gae),6057,158,4053000,204
DE-SL,2020-04-27,ZON/Berliner Morgenpost (via github.com/jgehrcke/covid-19-germany-gae),2518,124,996000,388
DE-SN,2020-04-27,ZON/Berliner Morgenpost (via github.com/jgehrcke/covid-19-germany-gae),4564,149,4085000,221
DE-ST,2020-04-27,ZON/Berliner Morgenpost (via github.com/jgehrcke/covid-19-germany-gae),1522,41,2245000,110
DE-SH,2020-04-27,ZON/Berliner Morgenpost (via github.com/jgehrcke/covid-19-germany-gae),2630,108,2859000,181
DE-TH,2020-04-27,ZON/Berliner Morgenpost (via github.com/jgehrcke/covid-19-germany-gae),2127,77,2171000,134
DE-BW,2020-04-29,ZON/Berliner Morgenpost (via github.com/jgehrcke/covid-19-germany-gae),32564,1387,10880000,304
DE-BY,2020-04-29,ZON/Berliner Morgenpost (via github.com/jgehrcke/covid-19-germany-gae),42501,1901,12844000,182
DE-BE,2020-04-29,ZON/Berliner Morgenpost (via github.com/jgehrcke/covid-19-germany-gae),5738,147,3520000,3948
DE-BB,2020-04-29,ZON/Berliner Morgenpost (via github.com/jgehrcke/covid-19-germany-gae),2843,138,2485000,84
DE-HB,2020-04-29,ZON/Berliner Morgenpost (via github.com/jgehrcke/covid-19-germany-gae),798,29,671000,1599
DE-HH,2020-04-29,ZON/Berliner Morgenpost (via github.com/jgehrcke/covid-19-germany-gae),4682,153,1787000,2366
DE-HE,2020-04-29,ZON/Berliner Morgenpost (via github.com/jgehrcke/covid-19-germany-gae),8139,354,6176000,293
DE-MV,2020-04-29,ZON/Berliner Morgenpost (via github.com/jgehrcke/covid-19-germany-gae),687,18,1612000,69
DE-NI,2020-04-29,ZON/Berliner Morgenpost (via github.com/jgehrcke/covid-19-germany-gae),10303,446,7927000,167
DE-NW,2020-04-29,ZON/Berliner Morgenpost (via github.com/jgehrcke/covid-19-germany-gae),32657,1227,17866000,524
DE-RP,2020-04-29,ZON/Berliner Morgenpost (via github.com/jgehrcke/covid-19-germany-gae),6145,165,4053000,204
DE-SL,2020-04-29,ZON/Berliner Morgenpost (via github.com/jgehrcke/covid-19-germany-gae),2526,135,996000,388
DE-SN,2020-04-29,ZON/Berliner Morgenpost (via github.com/jgehrcke/covid-19-germany-gae),4601,158,4085000,221
DE-ST,2020-04-29,ZON/Berliner Morgenpost (via github.com/jgehrcke/covid-19-germany-gae),1532,44,2245000,110
DE-SH,2020-04-29,ZON/Berliner Morgenpost (via github.com/jgehrcke/covid-19-germany-gae),2654,114,2859000,181
DE-TH,2020-04-29,ZON/Berliner Morgenpost (via github.com/jgehrcke/covid-19-germany-gae),2207,86,2171000,134
DE-BW,2020-04-30,ZON/Berliner Morgenpost (via github.com/jgehrcke/covid-19-germany-gae),32988,1438,10880000,304
DE-BY,2020-04-30,ZON/Berliner Morgenpost (via github.com/jgehrcke/covid-19-germany-gae),43321,1970,12844000,182
DE-BE,2020-04-30,ZON/Berliner Morgenpost (via github.com/jgehrcke/covid-19-germany-gae),5881,149,3520000,3948
DE-BB,2020-04-30,ZON/Berliner Morgenpost (via github.com/jgehrcke/covid-19-germany-gae),2912,148,2485000,84
DE-HB,2020-04-30,ZON/Berliner Morgenpost (via github.com/jgehrcke/covid-19-germany-gae),861,29,671000,1599
DE-HH,2020-04-30,ZON/Berliner Morgenpost (via github.com/jgehrcke/covid-19-germany-gae),4801,155,1787000,2366
DE-HE,2020-04-30,ZON/Berliner Morgenpost (via github.com/jgehrcke/covid-19-germany-gae),8380,361,6176000,293
DE-MV,2020-04-30,ZON/Berliner Morgenpost (via github.com/jgehrcke/covid-19-germany-gae),696,19,1612000,69
DE-NI,2020-04-30,ZON/Berliner Morgenpost (via github.com/jgehrcke/covid-19-germany-gae),10467,466,7927000,167
DE-NW,2020-04-30,ZON/Berliner Morgenpost (via github.com/jgehrcke/covid-19-germany-gae),33212,1272,17866000,524
DE-RP,2020-04-30,ZON/Berliner Morgenpost (via github.com/jgehrcke/covid-19-germany-gae),6263,175,4053000,204
DE-SL,2020-04-30,ZON/Berliner Morgenpost (via github.com/jgehrcke/covid-19-germany-gae),2630,136,996000,388
DE-SN,2020-04-30,ZON/Berliner Morgenpost (via github.com/jgehrcke/covid-19-germany-gae),4677,166,4085000,221
DE-ST,2020-04-30,ZON/Berliner Morgenpost (via github.com/jgehrcke/covid-19-germany-gae),1570,46,2245000,110
DE-SH,2020-04-30,ZON/Berliner Morgenpost (via github.com/jgehrcke/covid-19-germany-gae),2713,118,2859000,181
DE-TH,2020-04-30,ZON/Berliner Morgenpost (via github.com/jgehrcke/covid-19-germany-gae),2320,97,2171000,134
DE-BW,2020-05-03,ZON/Berliner Morgenpost (via github.com/jgehrcke/covid-19-germany-gae),33405,1468,10880000,304
DE-BY,2020-05-03,ZON/Berliner Morgenpost (via github.com/jgehrcke/covid-19-germany-gae),43872,2063,12844000,182
DE-BE,2020-05-03,ZON/Berliner Morgenpost (via github.com/jgehrcke/covid-19-germany-gae),6004,154,3520000,3948
DE-BB,2020-05-03,ZON/Berliner Morgenpost (via github.com/jgehrcke/covid-19-germany-gae),2994,152,2485000,84
DE-HB,2020-05-03,ZON/Berliner Morgenpost (via github.com/jgehrcke/covid-19-germany-gae),894,31,671000,1599
DE-HH,2020-05-03,ZON/Berliner Morgenpost (via github.com/jgehrcke/covid-19-germany-gae),4834,164,1787000,2366
DE-HE,2020-05-03,ZON/Berliner Morgenpost (via github.com/jgehrcke/covid-19-germany-gae),8539,376,6176000,293
DE-MV,2020-05-03,ZON/Berliner Morgenpost (via github.com/jgehrcke/covid-19-germany-gae),701,19,1612000,69
DE-NI,2020-05-03,ZON/Berliner Morgenpost (via github.com/jgehrcke/covid-19-germany-gae),10639,479,7927000,167
DE-NW,2020-05-03,ZON/Berliner Morgenpost (via github.com/jgehrcke/covid-19-germany-gae),33729,1303,17866000,524
DE-RP,2020-05-03,ZON/Berliner Morgenpost (via github.com/jgehrcke/covid-19-germany-gae),6347,182,4053000,204
DE-SL,2020-05-03,ZON/Berliner Morgenpost (via github.com/jgehrcke/covid-19-germany-gae),2656,140,996000,388
DE-SN,2020-05-03,ZON/Berliner Morgenpost (via github.com/jgehrcke/covid-19-germany-gae),4749,170,4085000,221
DE-ST,2020-05-03,ZON/Berliner Morgenpost (via github.com/jgehrcke/covid-19-germany-gae),1587,47,2245000,110
DE-SH,2020-05-03,ZON/Berliner Morgenpost (via github.com/jgehrcke/covid-19-germany-gae),2744,126,2859000,181
DE-TH,2020-05-03,ZON/Berliner Morgenpost (via github.com/jgehrcke/covid-19-germany-gae),2367,99,2171000,134
DE-BW,2020-05-05,ZON/Berliner Morgenpost (via github.com/jgehrcke/covid-19-germany-gae),33582,1526,10880000,304
DE-BY,2020-05-05,ZON/Berliner Morgenpost (via github.com/jgehrcke/covid-19-germany-gae),44221,2130,12844000,182
DE-BE,2020-05-05,ZON/Berliner Morgenpost (via github.com/jgehrcke/covid-19-germany-gae),6086,159,3520000,3948
DE-BB,2020-05-05,ZON/Berliner Morgenpost (via github.com/jgehrcke/covid-19-germany-gae),3036,152,2485000,84
DE-HB,2020-05-05,ZON/Berliner Morgenpost (via github.com/jgehrcke/covid-19-germany-gae),919,31,671000,1599
DE-HH,2020-05-05,ZON/Berliner Morgenpost (via github.com/jgehrcke/covid-19-germany-gae),4855,172,1787000,2366
DE-HE,2020-05-05,ZON/Berliner Morgenpost (via github.com/jgehrcke/covid-19-germany-gae),8655,394,6176000,293
DE-MV,2020-05-05,ZON/Berliner Morgenpost (via github.com/jgehrcke/covid-19-germany-gae),712,20,1612000,69
DE-NI,2020-05-05,ZON/Berliner Morgenpost (via github.com/jgehrcke/covid-19-germany-gae),10742,494,7927000,167
DE-NW,2020-05-05,ZON/Berliner Morgenpost (via github.com/jgehrcke/covid-19-germany-gae),34146,1367,17866000,524
DE-RP,2020-05-05,ZON/Berliner Morgenpost (via github.com/jgehrcke/covid-19-germany-gae),6393,191,4053000,204
DE-SL,2020-05-05,ZON/Berliner Morgenpost (via github.com/jgehrcke/covid-19-germany-gae),2663,143,996000,388
DE-SN,2020-05-05,ZON/Berliner Morgenpost (via github.com/jgehrcke/covid-19-germany-gae),4788,178,4085000,221
DE-ST,2020-05-05,ZON/Berliner Morgenpost (via github.com/jgehrcke/covid-19-germany-gae),1601,48,2245000,110
DE-SH,2020-05-05,ZON/Berliner Morgenpost (via github.com/jgehrcke/covid-19-germany-gae),2825,132,2859000,181
DE-TH,2020-05-05,ZON/Berliner Morgenpost (via github.com/jgehrcke/covid-19-germany-gae),2441,107,2171000,134
DE-BW,2020-05-08,ZON/Berliner Morgenpost (via github.com/jgehrcke/covid-19-germany-gae),33904,1573,10880000,304
DE-BY,2020-05-08,ZON/Berliner Morgenpost (via github.com/jgehrcke/covid-19-germany-gae),44760,2221,12844000,182
DE-BE,2020-05-08,ZON/Berliner Morgenpost (via github.com/jgehrcke/covid-19-germany-gae),6203,163,3520000,3948
DE-BB,2020-05-08,ZON/Berliner Morgenpost (via github.com/jgehrcke/covid-19-germany-gae),3124,159,2485000,84
DE-HB,2020-05-08,ZON/Berliner Morgenpost (via github.com/jgehrcke/covid-19-germany-gae),1000,31,671000,1599
DE-HH,2020-05-08,ZON/Berliner Morgenpost (via github.com/jgehrcke/covid-19-germany-gae),4907,194,1787000,2366
DE-HE,2020-05-08,ZON/Berliner Morgenpost (via github.com/jgehrcke/covid-19-germany-gae),8837,408,6176000,293
DE-MV,2020-05-08,ZON/Berliner Morgenpost (via github.com/jgehrcke/covid-19-germany-gae),720,20,1612000,69
DE-NI,2020-05-08,ZON/Berliner Morgenpost (via github.com/jgehrcke/covid-19-germany-gae),10911,511,7927000,167
DE-NW,2020-05-08,ZON/Berliner Morgenpost (via github.com/jgehrcke/covid-19-germany-gae),34692,1410,17866000,524
DE-RP,2020-05-08,ZON/Berliner Morgenpost (via github.com/jgehrcke/covid-19-germany-gae),6453,196,4053000,204
DE-SL,2020-05-08,ZON/Berliner Morgenpost (via github.com/jgehrcke/covid-19-germany-gae),2693,145,996000,388
DE-SN,2020-05-08,ZON/Berliner Morgenpost (via github.com/jgehrcke/covid-19-germany-gae),4875,186,4085000,221
DE-ST,2020-05-08,ZON/Berliner Morgenpost (via github.com/jgehrcke/covid-19-germany-gae),1635,48,2245000,110
DE-SH,2020-05-08,ZON/Berliner Morgenpost (via github.com/jgehrcke/covid-19-germany-gae),2893,133,2859000,181
DE-TH,2020-05-08,ZON/Berliner Morgenpost (via github.com/jgehrcke/covid-19-germany-gae),2527,113,2171000,134
DE-BW,2020-05-11,ZON/Berliner Morgenpost (via github.com/jgehrcke/covid-19-germany-gae),34424,1621,10880000,304
DE-BY,2020-05-11,ZON/Berliner Morgenpost (via github.com/jgehrcke/covid-19-germany-gae),45442,2289,12844000,182
DE-BE,2020-05-11,ZON/Berliner Morgenpost (via github.com/jgehrcke/covid-19-germany-gae),6272,165,3520000,3948
DE-BB,2020-05-11,ZON/Berliner Morgenpost (via github.com/jgehrcke/covid-19-germany-gae),3179,164,2485000,84
DE-HB,2020-05-11,ZON/Berliner Morgenpost (via github.com/jgehrcke/covid-19-germany-gae),1061,33,671000,1599
DE-HH,2020-05-11,ZON/Berliner Morgenpost (via github.com/jgehrcke/covid-19-germany-gae),4951,204,1787000,2366
DE-HE,2020-05-11,ZON/Berliner Morgenpost (via github.com/jgehrcke/covid-19-germany-gae),9059,425,6176000,293
DE-MV,2020-05-11,ZON/Berliner Morgenpost (via github.com/jgehrcke/covid-19-germany-gae),730,21,1612000,69
DE-NI,2020-05-11,ZON/Berliner Morgenpost (via github.com/jgehrcke/covid-19-germany-gae),11157,526,7927000,167
DE-NW,2020-05-11,ZON/Berliner Morgenpost (via github.com/jgehrcke/covid-19-germany-gae),35503,1457,17866000,524
DE-RP,2020-05-11,ZON/Berliner Morgenpost (via github.com/jgehrcke/covid-19-germany-gae),6558,206,4053000,204
DE-SL,2020-05-11,ZON/Berliner Morgenpost (via github.com/jgehrcke/covid-19-germany-gae),2713,149,996000,388
DE-SN,2020-05-11,ZON/Berliner Morgenpost (via github.com/jgehrcke/covid-19-germany-gae),4979,192,4085000,221
DE-ST,2020-05-11,ZON/Berliner Morgenpost (via github.com/jgehrcke/covid-19-germany-gae),1653,50,2245000,110
DE-SH,2020-05-11,ZON/Berliner Morgenpost (via github.com/jgehrcke/covid-19-germany-gae),2978,134,2859000,181
DE-TH,2020-05-11,ZON/Berliner Morgenpost (via github.com/jgehrcke/covid-19-germany-gae),2619,124,2171000,134
DE-BW,2020-05-15,ZON/Berliner Morgenpost (via github.com/jgehrcke/covid-19-germany-gae),34766,1683,10880000,304
DE-BY,2020-05-15,ZON/Berliner Morgenpost (via github.com/jgehrcke/covid-19-germany-gae),46040,2356,12844000,182
DE-BE,2020-05-15,ZON/Berliner Morgenpost (via github.com/jgehrcke/covid-19-germany-gae),6393,177,3520000,3948
DE-BB,2020-05-15,ZON/Berliner Morgenpost (via github.com/jgehrcke/covid-19-germany-gae),3214,166,2485000,84
DE-HB,2020-05-15,ZON/Berliner Morgenpost (via github.com/jgehrcke/covid-19-germany-gae),1134,36,671000,1599
DE-HH,2020-05-15,ZON/Berliner Morgenpost (via github.com/jgehrcke/covid-19-germany-gae),4976,228,1787000,2366
DE-HE,2020-05-15,ZON/Berliner Morgenpost (via github.com/jgehrcke/covid-19-germany-gae),9227,439,6176000,293
DE-MV,2020-05-15,ZON/Berliner Morgenpost (via github.com/jgehrcke/covid-19-germany-gae),742,21,1612000,69
DE-NI,2020-05-15,ZON/Berliner Morgenpost (via github.com/jgehrcke/covid-19-germany-gae),11289,555,7927000,167
DE-NW,2020-05-15,ZON/Berliner Morgenpost (via github.com/jgehrcke/covid-19-germany-gae),36052,1505,17866000,524
DE-RP,2020-05-15,ZON/Berliner Morgenpost (via github.com/jgehrcke/covid-19-germany-gae),6639,219,4053000,204
DE-SL,2020-05-15,ZON/Berliner Morgenpost (via github.com/jgehrcke/covid-19-germany-gae),2727,154,996000,388
DE-SN,2020-05-15,ZON/Berliner Morgenpost (via github.com/jgehrcke/covid-19-germany-gae),5070,200,4085000,221
DE-ST,2020-05-15,ZON/Berliner Morgenpost (via github.com/jgehrcke/covid-19-germany-gae),1678,54,2245000,110
DE-SH,2020-05-15,ZON/Berliner Morgenpost (via github.com/jgehrcke/covid-19-germany-gae),3014,135,2859000,181
DE-TH,2020-05-15,ZON/Berliner Morgenpost (via github.com/jgehrcke/covid-19-germany-gae),2698,139,2171000,134
DE-BW,2020-05-18,ZON/Berliner Morgenpost (via github.com/jgehrcke/covid-19-germany-gae),35012,1723,10880000,304
DE-BY,2020-05-18,ZON/Berliner Morgenpost (via github.com/jgehrcke/covid-19-germany-gae),46551,2394,12844000,182
DE-BE,2020-05-18,ZON/Berliner Morgenpost (via github.com/jgehrcke/covid-19-germany-gae),6474,182,3520000,3948
DE-BB,2020-05-18,ZON/Berliner Morgenpost (via github.com/jgehrcke/covid-19-germany-gae),3231,168,2485000,84
DE-HB,2020-05-18,ZON/Berliner Morgenpost (via github.com/jgehrcke/covid-19-germany-gae),1242,36,671000,1599
DE-HH,2020-05-18,ZON/Berliner Morgenpost (via github.com/jgehrcke/covid-19-germany-gae),5034,234,1787000,2366
DE-HE,2020-05-18,ZON/Berliner Morgenpost (via github.com/jgehrcke/covid-19-germany-gae),9394,454,6176000,293
DE-MV,2020-05-18,ZON/Berliner Morgenpost (via github.com/jgehrcke/covid-19-germany-gae),754,21,1612000,69
DE-NI,2020-05-18,ZON/Berliner Morgenpost (via github.com/jgehrcke/covid-19-germany-gae),11459,567,7927000,167
DE-NW,2020-05-18,ZON/Berliner Morgenpost (via github.com/jgehrcke/covid-19-germany-gae),36690,1534,17866000,524
DE-RP,2020-05-18,ZON/Berliner Morgenpost (via github.com/jgehrcke/covid-19-germany-gae),6718,227,4053000,204
DE-SL,2020-05-18,ZON/Berliner Morgenpost (via github.com/jgehrcke/covid-19-germany-gae),2729,163,996000,388
DE-SN,2020-05-18,ZON/Berliner Morgenpost (via github.com/jgehrcke/covid-19-germany-gae),5135,201,4085000,221
DE-ST,2020-05-18,ZON/Berliner Morgenpost (via github.com/jgehrcke/covid-19-germany-gae),1685,54,2245000,110
DE-SH,2020-05-18,ZON/Berliner Morgenpost (via github.com/jgehrcke/covid-19-germany-gae),3020,136,2859000,181
DE-TH,2020-05-18,ZON/Berliner Morgenpost (via github.com/jgehrcke/covid-19-germany-gae),2763,144,2171000,134
DE-BW,2020-05-23,ZON/Berliner Morgenpost (via github.com/jgehrcke/covid-19-germany-gae),35307,1756,10880000,304
DE-BY,2020-05-23,ZON/Berliner Morgenpost (via github.com/jgehrcke/covid-19-germany-gae),47100,2456,12844000,182
DE-BE,2020-05-23,ZON/Berliner Morgenpost (via github.com/jgehrcke/covid-19-germany-gae),6611,191,3520000,3948
DE-BB,2020-05-23,ZON/Berliner Morgenpost (via github.com/jgehrcke/covid-19-germany-gae),3253,170,2485000,84
DE-HB,2020-05-23,ZON/Berliner Morgenpost (via github.com/jgehrcke/covid-19-germany-gae),1301,39,671000,1599
DE-HH,2020-05-23,ZON/Berliner Morgenpost (via github.com/jgehrcke/covid-19-germany-gae),5055,240,1787000,2366
DE-HE,2020-05-23,ZON/Berliner Morgenpost (via github.com/jgehrcke/covid-19-germany-gae),9718,471,6176000,293
DE-MV,2020-05-23,ZON/Berliner Morgenpost (via github.com/jgehrcke/covid-19-germany-gae),766,21,1612000,69
DE-NI,2020-05-23,ZON/Berliner Morgenpost (via github.com/jgehrcke/covid-19-germany-gae),11755,588,7927000,167
DE-NW,2020-05-23,ZON/Berliner Morgenpost (via github.com/jgehrcke/covid-19-germany-gae),37289,1572,17866000,524
DE-RP,2020-05-23,ZON/Berliner Morgenpost (via github.com/jgehrcke/covid-19-germany-gae),6796,233,4053000,204
DE-SL,2020-05-23,ZON/Berliner Morgenpost (via github.com/jgehrcke/covid-19-germany-gae),2730,166,996000,388
DE-SN,2020-05-23,ZON/Berliner Morgenpost (via github.com/jgehrcke/covid-19-germany-gae),5226,204,4085000,221
DE-ST,2020-05-23,ZON/Berliner Morgenpost (via github.com/jgehrcke/covid-19-germany-gae),1700,54,2245000,110
DE-SH,2020-05-23,ZON/Berliner Morgenpost (via github.com/jgehrcke/covid-19-germany-gae),3077,140,2859000,181
DE-TH,2020-05-23,ZON/Berliner Morgenpost (via github.com/jgehrcke/covid-19-germany-gae),2863,154,2171000,134
DE-BW,2020-05-27,ZON/Berliner Morgenpost (via github.com/jgehrcke/covid-19-germany-gae),35478,1785,10880000,304
DE-BY,2020-05-27,ZON/Berliner Morgenpost (via github.com/jgehrcke/covid-19-germany-gae),47502,2497,12844000,182
DE-BE,2020-05-27,ZON/Berliner Morgenpost (via github.com/jgehrcke/covid-19-germany-gae),6672,193,3520000,3948
DE-BB,2020-05-27,ZON/Berliner Morgenpost (via github.com/jgehrcke/covid-19-germany-gae),3277,172,2485000,84
DE-HB,2020-05-27,ZON/Berliner Morgenpost (via github.com/jgehrcke/covid-19-germany-gae),1325,39,671000,1599
DE-HH,2020-05-27,ZON/Berliner Morgenpost (via github.com/jgehrcke/covid-19-germany-gae),5066,242,1787000,2366
DE-HE,2020-05-27,ZON/Berliner Morgenpost (via github.com/jgehrcke/covid-19-germany-gae),9914,478,6176000,293
DE-MV,2020-05-27,ZON/Berliner Morgenpost (via github.com/jgehrcke/covid-19-germany-gae),767,21,1612000,69
DE-NI,2020-05-27,ZON/Berliner Morgenpost (via github.com/jgehrcke/covid-19-germany-gae),11861,604,7927000,167
DE-NW,2020-05-27,ZON/Berliner Morgenpost (via github.com/jgehrcke/covid-19-germany-gae),37721,1592,17866000,524
DE-RP,2020-05-27,ZON/Berliner Morgenpost (via github.com/jgehrcke/covid-19-germany-gae),6822,235,4053000,204
DE-SL,2020-05-27,ZON/Berliner Morgenpost (via github.com/jgehrcke/covid-19-germany-gae),2745,168,996000,388
DE-SN,2020-05-27,ZON/Berliner Morgenpost (via github.com/jgehrcke/covid-19-germany-gae),5257,208,4085000,221
DE-ST,2020-05-27,ZON/Berliner Morgenpost (via github.com/jgehrcke/covid-19-germany-gae),1707,55,2245000,110
DE-SH,2020-05-27,ZON/Berliner Morgenpost (via github.com/jgehrcke/covid-19-germany-gae),3084,144,2859000,181
DE-TH,2020-05-27,ZON/Berliner Morgenpost (via github.com/jgehrcke/covid-19-germany-gae),2934,159,2171000,134
DE-BW,2020-05-31,ZON/Berliner Morgenpost (via github.com/jgehrcke/covid-19-germany-gae),35641,1807,10880000,304
DE-BY,2020-05-31,ZON/Berliner Morgenpost (via github.com/jgehrcke/covid-19-germany-gae),47829,2513,12844000,182
DE-BE,2020-05-31,ZON/Berliner Morgenpost (via github.com/jgehrcke/covid-19-germany-gae),6799,198,3520000,3948
DE-BB,2020-05-31,ZON/Berliner Morgenpost (via github.com/jgehrcke/covid-19-germany-gae),3304,172,2485000,84
DE-HB,2020-05-31,ZON/Berliner Morgenpost (via github.com/jgehrcke/covid-19-germany-gae),1406,40,671000,1599
DE-HH,2020-05-31,ZON/Berliner Morgenpost (via github.com/jgehrcke/covid-19-germany-gae),5081,246,1787000,2366
DE-HE,2020-05-31,ZON/Berliner Morgenpost (via github.com/jgehrcke/covid-19-germany-gae),10064,487,6176000,293
DE-MV,2020-05-31,ZON/Berliner Morgenpost (via github.com/jgehrcke/covid-19-germany-gae),769,21,1612000,69
DE-NI,2020-05-31,ZON/Berliner Morgenpost (via github.com/jgehrcke/covid-19-germany-gae),12196,614,7927000,167
DE-NW,2020-05-31,ZON/Berliner Morgenpost (via github.com/jgehrcke/covid-19-germany-gae),38035,1618,17866000,524
DE-RP,2020-05-31,ZON/Berliner Morgenpost (via github.com/jgehrcke/covid-19-germany-gae),6896,236,4053000,204
DE-SL,2020-05-31,ZON/Berliner Morgenpost (via github.com/jgehrcke/covid-19-germany-gae),2750,169,996000,388
DE-SN,2020-05-31,ZON/Berliner Morgenpost (via github.com/jgehrcke/covid-19-germany-gae),5301,213,4085000,221
DE-ST,2020-05-31,ZON/Berliner Morgenpost (via github.com/jgehrcke/covid-19-germany-gae),1713,56,2245000,110
DE-SH,2020-05-31,ZON/Berliner Morgenpost (via github.com/jgehrcke/covid-19-germany-gae),3108,149,2859000,181
DE-TH,2020-05-31,ZON/Berliner Morgenpost (via github.com/jgehrcke/covid-19-germany-gae),3014,165,2171000,134
DE-BW,2020-06-03,ZON/Berliner Morgenpost (via github.com/jgehrcke/covid-19-germany-gae),35697,1822,10880000,304
DE-BY,2020-06-03,ZON/Berliner Morgenpost (via github.com/jgehrcke/covid-19-germany-gae),47945,2521,12844000,182
DE-BE,2020-06-03,ZON/Berliner Morgenpost (via github.com/jgehrcke/covid-19-germany-gae),6873,198,3520000,3948
DE-BB,2020-06-03,ZON/Berliner Morgenpost (via github.com/jgehrcke/covid-19-germany-gae),3311,172,2485000,84
DE-HB,2020-06-03,ZON/Berliner Morgenpost (via github.com/jgehrcke/covid-19-germany-gae),1450,41,671000,1599
DE-HH,2020-06-03,ZON/Berliner Morgenpost (via github.com/jgehrcke/covid-19-germany-gae),5098,253,1787000,2366
DE-HE,2020-06-03,ZON/Berliner Morgenpost (via github.com/jgehrcke/covid-19-germany-gae),10111,488,6176000,293
DE-MV,2020-06-03,ZON/Berliner Morgenpost (via github.com/jgehrcke/covid-19-germany-gae),769,21,1612000,69
DE-NI,2020-06-03,ZON/Berliner Morgenpost (via github.com/jgehrcke/covid-19-germany-gae),12313,618,7927000,167
DE-NW,2020-06-03,ZON/Berliner Morgenpost (via github.com/jgehrcke/covid-19-germany-gae),38223,1620,17866000,524
DE-RP,2020-06-03,ZON/Berliner Morgenpost (via github.com/jgehrcke/covid-19-germany-gae),6915,236,4053000,204
DE-SL,2020-06-03,ZON/Berliner Morgenpost (via github.com/jgehrcke/covid-19-germany-gae),2757,169,996000,388
DE-SN,2020-06-03,ZON/Berliner Morgenpost (via github.com/jgehrcke/covid-19-germany-gae),5306,214,4085000,221
DE-ST,2020-06-03,ZON/Berliner Morgenpost (via github.com/jgehrcke/covid-19-germany-gae),1716,56,2245000,110
DE-SH,2020-06-03,ZON/Berliner Morgenpost (via github.com/jgehrcke/covid-19-germany-gae),3116,150,2859000,181
DE-TH,2020-06-03,ZON/Berliner Morgenpost (via github.com/jgehrcke/covid-19-germany-gae),3051,169,2171000,134
DE-BW,2020-06-05,ZON/Berliner Morgenpost (via github.com/jgehrcke/covid-19-germany-gae),35744,1835,10880000,304
DE-BY,2020-06-05,ZON/Berliner Morgenpost (via github.com/jgehrcke/covid-19-germany-gae),48041,2542,12844000,182
DE-BE,2020-06-05,ZON/Berliner Morgenpost (via github.com/jgehrcke/covid-19-germany-gae),6945,200,3520000,3948
DE-BB,2020-06-05,ZON/Berliner Morgenpost (via github.com/jgehrcke/covid-19-germany-gae),3321,174,2485000,84
DE-HB,2020-06-05,ZON/Berliner Morgenpost (via github.com/jgehrcke/covid-19-germany-gae),1502,41,671000,1599
DE-HH,2020-06-05,ZON/Berliner Morgenpost (via github.com/jgehrcke/covid-19-germany-gae),5106,253,1787000,2366
DE-HE,2020-06-05,ZON/Berliner Morgenpost (via github.com/jgehrcke/covid-19-germany-gae),10178,490,6176000,293
DE-MV,2020-06-05,ZON/Berliner Morgenpost (via github.com/jgehrcke/covid-19-germany-gae),772,21,1612000,69
DE-NI,2020-06-05,ZON/Berliner Morgenpost (via github.com/jgehrcke/covid-19-germany-gae),12492,624,7927000,167
DE-NW,2020-06-05,ZON/Berliner Morgenpost (via github.com/jgehrcke/covid-19-germany-gae),38432,1633,17866000,524
DE-RP,2020-06-05,ZON/Berliner Morgenpost (via github.com/jgehrcke/covid-19-germany-gae),6933,236,4053000,204
DE-SL,2020-06-05,ZON/Berliner Morgenpost (via github.com/jgehrcke/covid-19-germany-gae),2784,172,996000,388
DE-SN,2020-06-05,ZON/Berliner Morgenpost (via github.com/jgehrcke/covid-19-germany-gae),5318,214,4085000,221
DE-ST,2020-06-05,ZON/Berliner Morgenpost (via github.com/jgehrcke/covid-19-germany-gae),1720,56,2245000,110
DE-SH,2020-06-05,ZON/Berliner Morgenpost (via github.com/jgehrcke/covid-19-germany-gae),3116,151,2859000,181
DE-TH,2020-06-05,ZON/Berliner Morgenpost (via github.com/jgehrcke/covid-19-germany-gae),3079,171,2171000,134
DE-BW,2020-06-11,ZON/Berliner Morgenpost (via github.com/jgehrcke/covid-19-germany-gae),35893,1855,10880000,304
DE-BY,2020-06-11,ZON/Berliner Morgenpost (via github.com/jgehrcke/covid-19-germany-gae),48331,2587,12844000,182
DE-BE,2020-06-11,ZON/Berliner Morgenpost (via github.com/jgehrcke/covid-19-germany-gae),7135,208,3520000,3948
DE-BB,2020-06-11,ZON/Berliner Morgenpost (via github.com/jgehrcke/covid-19-germany-gae),3337,174,2485000,84
DE-HB,2020-06-11,ZON/Berliner Morgenpost (via github.com/jgehrcke/covid-19-germany-gae),1574,42,671000,1599
DE-HH,2020-06-11,ZON/Berliner Morgenpost (via github.com/jgehrcke/covid-19-germany-gae),5133,254,1787000,2366
DE-HE,2020-06-11,ZON/Berliner Morgenpost (via github.com/jgehrcke/covid-19-germany-gae),10334,497,6176000,293
DE-MV,2020-06-11,ZON/Berliner Morgenpost (via github.com/jgehrcke/covid-19-germany-gae),783,21,1612000,69
DE-NI,2020-06-11,ZON/Berliner Morgenpost (via github.com/jgehrcke/covid-19-germany-gae),12946,631,7927000,167
DE-NW,2020-06-11,ZON/Berliner Morgenpost (via github.com/jgehrcke/covid-19-germany-gae),39093,1655,17866000,524
DE-RP,2020-06-11,ZON/Berliner Morgenpost (via github.com/jgehrcke/covid-19-germany-gae),7017,237,4053000,204
DE-SL,2020-06-11,ZON/Berliner Morgenpost (via github.com/jgehrcke/covid-19-germany-gae),2803,174,996000,388
DE-SN,2020-06-11,ZON/Berliner Morgenpost (via github.com/jgehrcke/covid-19-germany-gae),5344,221,4085000,221
DE-ST,2020-06-11,ZON/Berliner Morgenpost (via github.com/jgehrcke/covid-19-germany-gae),1739,56,2245000,110
DE-SH,2020-06-11,ZON/Berliner Morgenpost (via github.com/jgehrcke/covid-19-germany-gae),3126,153,2859000,181
DE-TH,2020-06-11,ZON/Berliner Morgenpost (via github.com/jgehrcke/covid-19-germany-gae),3149,178,2171000,134
