state_name_en,population_number,reportDate,cases,recovered,deaths,countryCode,stateCode
England,55977200,2020-06-11,156018,0,36883,UK,UK-ENGLAND
England,55977200,2020-06-12,156410,0,37069,UK,UK-ENGLAND
Northern Ireland,1881600,2020-06-11,4822,0,537,UK,UK-NORTHERN-IRELAND
Northern Ireland,1881600,2020-06-12,4838,0,538,UK,UK-NORTHERN-IRELAND
Scotland,5463300,2020-06-11,15682,0,2434,UK,UK-SCOTLAND
Scotland,5463300,2020-06-12,15709,0,2439,UK,UK-SCOTLAND
Wales,3138600,2020-06-11,14581,0,1425,UK,UK-WALES
Wales,3138600,2020-06-12,14658,0,1435,UK,UK-WALES
