state_name_en,population_number,reportDate,cases,recovered,deaths,countryCode,stateCode
Antofagasta,607534,2020-05-21,1778,0,17,CL,CL-ANTOFAGASTA
Antofagasta,607534,2020-05-22,1841,0,17,CL,CL-ANTOFAGASTA
Antofagasta,607534,2020-05-23,1897,0,21,CL,CL-ANTOFAGASTA
Antofagasta,607534,2020-05-24,1947,0,21,CL,CL-ANTOFAGASTA
Antofagasta,607534,2020-05-25,2015,0,21,CL,CL-ANTOFAGASTA
Antofagasta,607534,2020-05-26,2063,0,23,CL,CL-ANTOFAGASTA
Antofagasta,607534,2020-05-27,2137,0,25,CL,CL-ANTOFAGASTA
Antofagasta,607534,2020-05-28,2248,0,28,CL,CL-ANTOFAGASTA
Antofagasta,607534,2020-05-29,2318,0,28,CL,CL-ANTOFAGASTA
Antofagasta,607534,2020-05-30,2429,0,29,CL,CL-ANTOFAGASTA
Antofagasta,607534,2020-05-31,2510,0,31,CL,CL-ANTOFAGASTA
Antofagasta,607534,2020-06-01,2585,0,32,CL,CL-ANTOFAGASTA
Antofagasta,607534,2020-06-02,2585,0,32,CL,CL-ANTOFAGASTA
Araucanía,957224,2020-05-21,1715,0,44,CL,CL-ARAUCANIA
Araucanía,957224,2020-05-22,1737,0,45,CL,CL-ARAUCANIA
Araucanía,957224,2020-05-23,1774,0,45,CL,CL-ARAUCANIA
Araucanía,957224,2020-05-24,1808,0,45,CL,CL-ARAUCANIA
Araucanía,957224,2020-05-25,1857,0,45,CL,CL-ARAUCANIA
Araucanía,957224,2020-05-26,1883,0,45,CL,CL-ARAUCANIA
Araucanía,957224,2020-05-27,1916,0,45,CL,CL-ARAUCANIA
Araucanía,957224,2020-05-28,1954,0,45,CL,CL-ARAUCANIA
Araucanía,957224,2020-05-29,1989,0,47,CL,CL-ARAUCANIA
Araucanía,957224,2020-05-30,2060,0,47,CL,CL-ARAUCANIA
Araucanía,957224,2020-05-31,2071,0,47,CL,CL-ARAUCANIA
Araucanía,957224,2020-06-01,2111,0,47,CL,CL-ARAUCANIA
Araucanía,957224,2020-06-02,2111,0,47,CL,CL-ARAUCANIA
Arica y Parinacota,226068,2020-05-21,453,0,7,CL,CL-ARICA-Y-PARINACOTA
Arica y Parinacota,226068,2020-05-22,471,0,7,CL,CL-ARICA-Y-PARINACOTA
Arica y Parinacota,226068,2020-05-23,482,0,7,CL,CL-ARICA-Y-PARINACOTA
Arica y Parinacota,226068,2020-05-24,498,0,7,CL,CL-ARICA-Y-PARINACOTA
Arica y Parinacota,226068,2020-05-25,513,0,7,CL,CL-ARICA-Y-PARINACOTA
Arica y Parinacota,226068,2020-05-26,522,0,7,CL,CL-ARICA-Y-PARINACOTA
Arica y Parinacota,226068,2020-05-27,541,0,7,CL,CL-ARICA-Y-PARINACOTA
Arica y Parinacota,226068,2020-05-28,562,0,7,CL,CL-ARICA-Y-PARINACOTA
Arica y Parinacota,226068,2020-05-29,582,0,7,CL,CL-ARICA-Y-PARINACOTA
Arica y Parinacota,226068,2020-05-30,588,0,7,CL,CL-ARICA-Y-PARINACOTA
Arica y Parinacota,226068,2020-05-31,619,0,7,CL,CL-ARICA-Y-PARINACOTA
Arica y Parinacota,226068,2020-06-01,636,0,8,CL,CL-ARICA-Y-PARINACOTA
Arica y Parinacota,226068,2020-06-02,636,0,8,CL,CL-ARICA-Y-PARINACOTA
Atacama,286168,2020-05-21,168,0,0,CL,CL-ATACAMA
Atacama,286168,2020-05-22,175,0,0,CL,CL-ATACAMA
Atacama,286168,2020-05-23,182,0,0,CL,CL-ATACAMA
Atacama,286168,2020-05-24,182,0,0,CL,CL-ATACAMA
Atacama,286168,2020-05-25,185,0,0,CL,CL-ATACAMA
Atacama,286168,2020-05-26,188,0,0,CL,CL-ATACAMA
Atacama,286168,2020-05-27,197,0,0,CL,CL-ATACAMA
Atacama,286168,2020-05-28,202,0,0,CL,CL-ATACAMA
Atacama,286168,2020-05-29,207,0,0,CL,CL-ATACAMA
Atacama,286168,2020-05-30,215,0,0,CL,CL-ATACAMA
Atacama,286168,2020-05-31,218,0,0,CL,CL-ATACAMA
Atacama,286168,2020-06-01,232,0,0,CL,CL-ATACAMA
Atacama,286168,2020-06-02,232,0,0,CL,CL-ATACAMA
Aysén,103158,2020-05-21,8,0,0,CL,CL-AYSEN
Aysén,103158,2020-05-22,8,0,0,CL,CL-AYSEN
Aysén,103158,2020-05-23,8,0,0,CL,CL-AYSEN
Aysén,103158,2020-05-24,8,0,0,CL,CL-AYSEN
Aysén,103158,2020-05-25,10,0,0,CL,CL-AYSEN
Aysén,103158,2020-05-26,12,0,0,CL,CL-AYSEN
Aysén,103158,2020-05-27,12,0,0,CL,CL-AYSEN
Aysén,103158,2020-05-28,14,0,0,CL,CL-AYSEN
Aysén,103158,2020-05-29,16,0,0,CL,CL-AYSEN
Aysén,103158,2020-05-30,16,0,0,CL,CL-AYSEN
Aysén,103158,2020-05-31,17,0,0,CL,CL-AYSEN
Aysén,103158,2020-06-01,17,0,0,CL,CL-AYSEN
Aysén,103158,2020-06-02,17,0,0,CL,CL-AYSEN
Biobío,1556805,2020-05-21,1263,0,9,CL,CL-BIOBIO
Biobío,1556805,2020-05-22,1311,0,10,CL,CL-BIOBIO
Biobío,1556805,2020-05-23,1354,0,10,CL,CL-BIOBIO
Biobío,1556805,2020-05-24,1414,0,10,CL,CL-BIOBIO
Biobío,1556805,2020-05-25,1458,0,10,CL,CL-BIOBIO
Biobío,1556805,2020-05-26,1502,0,10,CL,CL-BIOBIO
Biobío,1556805,2020-05-27,1565,0,10,CL,CL-BIOBIO
Biobío,1556805,2020-05-28,1677,0,10,CL,CL-BIOBIO
Biobío,1556805,2020-05-29,1778,0,11,CL,CL-BIOBIO
Biobío,1556805,2020-05-30,1888,0,11,CL,CL-BIOBIO
Biobío,1556805,2020-05-31,1979,0,11,CL,CL-BIOBIO
Biobío,1556805,2020-06-01,2070,0,11,CL,CL-BIOBIO
Biobío,1556805,2020-06-02,2070,0,11,CL,CL-BIOBIO
Coquimbo,757586,2020-05-21,268,0,2,CL,CL-COQUIMBO
Coquimbo,757586,2020-05-22,281,0,2,CL,CL-COQUIMBO
Coquimbo,757586,2020-05-23,294,0,2,CL,CL-COQUIMBO
Coquimbo,757586,2020-05-24,323,0,2,CL,CL-COQUIMBO
Coquimbo,757586,2020-05-25,338,0,2,CL,CL-COQUIMBO
Coquimbo,757586,2020-05-26,384,0,2,CL,CL-COQUIMBO
Coquimbo,757586,2020-05-27,455,0,2,CL,CL-COQUIMBO
Coquimbo,757586,2020-05-28,482,0,2,CL,CL-COQUIMBO
Coquimbo,757586,2020-05-29,537,0,2,CL,CL-COQUIMBO
Coquimbo,757586,2020-05-30,597,0,2,CL,CL-COQUIMBO
Coquimbo,757586,2020-05-31,628,0,2,CL,CL-COQUIMBO
Coquimbo,757586,2020-06-01,668,0,2,CL,CL-COQUIMBO
Coquimbo,757586,2020-06-02,668,0,2,CL,CL-COQUIMBO
Los Lagos,828708,2020-05-21,693,0,13,CL,CL-LOS-LAGOS
Los Lagos,828708,2020-05-22,717,0,13,CL,CL-LOS-LAGOS
Los Lagos,828708,2020-05-23,727,0,13,CL,CL-LOS-LAGOS
Los Lagos,828708,2020-05-24,736,0,13,CL,CL-LOS-LAGOS
Los Lagos,828708,2020-05-25,763,0,13,CL,CL-LOS-LAGOS
Los Lagos,828708,2020-05-26,781,0,13,CL,CL-LOS-LAGOS
Los Lagos,828708,2020-05-27,791,0,13,CL,CL-LOS-LAGOS
Los Lagos,828708,2020-05-28,814,0,13,CL,CL-LOS-LAGOS
Los Lagos,828708,2020-05-29,822,0,13,CL,CL-LOS-LAGOS
Los Lagos,828708,2020-05-30,860,0,13,CL,CL-LOS-LAGOS
Los Lagos,828708,2020-05-31,863,0,13,CL,CL-LOS-LAGOS
Los Lagos,828708,2020-06-01,863,0,13,CL,CL-LOS-LAGOS
Los Lagos,828708,2020-06-02,863,0,13,CL,CL-LOS-LAGOS
Los Rios,384837,2020-05-21,258,0,6,CL,CL-LOS-RIOS
Los Rios,384837,2020-05-22,262,0,6,CL,CL-LOS-RIOS
Los Rios,384837,2020-05-23,274,0,6,CL,CL-LOS-RIOS
Los Rios,384837,2020-05-24,290,0,6,CL,CL-LOS-RIOS
Los Rios,384837,2020-05-25,297,0,6,CL,CL-LOS-RIOS
Los Rios,384837,2020-05-26,304,0,6,CL,CL-LOS-RIOS
Los Rios,384837,2020-05-27,309,0,6,CL,CL-LOS-RIOS
Los Rios,384837,2020-05-28,318,0,6,CL,CL-LOS-RIOS
Los Rios,384837,2020-05-29,330,0,6,CL,CL-LOS-RIOS
Los Rios,384837,2020-05-30,345,0,6,CL,CL-LOS-RIOS
Los Rios,384837,2020-05-31,356,0,6,CL,CL-LOS-RIOS
Los Rios,384837,2020-06-01,363,0,7,CL,CL-LOS-RIOS
Los Rios,384837,2020-06-02,363,0,7,CL,CL-LOS-RIOS
Magallanes,166533,2020-05-21,987,0,18,CL,CL-MAGALLANES
Magallanes,166533,2020-05-22,992,0,18,CL,CL-MAGALLANES
Magallanes,166533,2020-05-23,997,0,18,CL,CL-MAGALLANES
Magallanes,166533,2020-05-24,1010,0,18,CL,CL-MAGALLANES
Magallanes,166533,2020-05-25,1016,0,18,CL,CL-MAGALLANES
Magallanes,166533,2020-05-26,1031,0,18,CL,CL-MAGALLANES
Magallanes,166533,2020-05-27,1037,0,18,CL,CL-MAGALLANES
Magallanes,166533,2020-05-28,1040,0,18,CL,CL-MAGALLANES
Magallanes,166533,2020-05-29,1047,0,19,CL,CL-MAGALLANES
Magallanes,166533,2020-05-30,1054,0,19,CL,CL-MAGALLANES
Magallanes,166533,2020-05-31,1056,0,19,CL,CL-MAGALLANES
Magallanes,166533,2020-06-01,1056,0,19,CL,CL-MAGALLANES
Magallanes,166533,2020-06-02,1056,0,19,CL,CL-MAGALLANES
Maule,1044950,2020-05-21,731,0,15,CL,CL-MAULE
Maule,1044950,2020-05-22,782,0,15,CL,CL-MAULE
Maule,1044950,2020-05-23,823,0,15,CL,CL-MAULE
Maule,1044950,2020-05-24,892,0,15,CL,CL-MAULE
Maule,1044950,2020-05-25,953,0,15,CL,CL-MAULE
Maule,1044950,2020-05-26,1013,0,15,CL,CL-MAULE
Maule,1044950,2020-05-27,1066,0,15,CL,CL-MAULE
Maule,1044950,2020-05-28,1120,0,15,CL,CL-MAULE
Maule,1044950,2020-05-29,1180,0,15,CL,CL-MAULE
Maule,1044950,2020-05-30,1256,0,15,CL,CL-MAULE
Maule,1044950,2020-05-31,1297,0,15,CL,CL-MAULE
Maule,1044950,2020-06-01,1341,0,17,CL,CL-MAULE
Maule,1044950,2020-06-02,1341,0,17,CL,CL-MAULE
Metropolitana de Santiago,7112808,2020-05-21,44641,0,388,CL,CL-METROPOLITANA
Metropolitana de Santiago,7112808,2020-05-22,48350,0,423,CL,CL-METROPOLITANA
Metropolitana de Santiago,7112808,2020-05-23,51399,0,455,CL,CL-METROPOLITANA
Metropolitana de Santiago,7112808,2020-05-24,54544,0,494,CL,CL-METROPOLITANA
Metropolitana de Santiago,7112808,2020-05-25,58930,0,529,CL,CL-METROPOLITANA
Metropolitana de Santiago,7112808,2020-05-26,62285,0,567,CL,CL-METROPOLITANA
Metropolitana de Santiago,7112808,2020-05-27,66011,0,595,CL,CL-METROPOLITANA
Metropolitana de Santiago,7112808,2020-05-28,69915,0,638,CL,CL-METROPOLITANA
Metropolitana de Santiago,7112808,2020-05-29,72910,0,685,CL,CL-METROPOLITANA
Metropolitana de Santiago,7112808,2020-05-30,76251,0,728,CL,CL-METROPOLITANA
Metropolitana de Santiago,7112808,2020-05-31,80504,0,775,CL,CL-METROPOLITANA
Metropolitana de Santiago,7112808,2020-06-01,85239,0,824,CL,CL-METROPOLITANA
Metropolitana de Santiago,7112808,2020-06-02,85239,0,824,CL,CL-METROPOLITANA
Ñuble,480609,2020-05-21,1020,0,21,CL,CL-NUBLE
Ñuble,480609,2020-05-22,1025,0,21,CL,CL-NUBLE
Ñuble,480609,2020-05-23,1077,0,21,CL,CL-NUBLE
Ñuble,480609,2020-05-24,1102,0,21,CL,CL-NUBLE
Ñuble,480609,2020-05-25,1139,0,22,CL,CL-NUBLE
Ñuble,480609,2020-05-26,1147,0,22,CL,CL-NUBLE
Ñuble,480609,2020-05-27,1174,0,22,CL,CL-NUBLE
Ñuble,480609,2020-05-28,1205,0,22,CL,CL-NUBLE
Ñuble,480609,2020-05-29,1242,0,22,CL,CL-NUBLE
Ñuble,480609,2020-05-30,1256,0,23,CL,CL-NUBLE
Ñuble,480609,2020-05-31,1257,0,23,CL,CL-NUBLE
Ñuble,480609,2020-06-01,1290,0,23,CL,CL-NUBLE
Ñuble,480609,2020-06-02,1290,0,23,CL,CL-NUBLE
O'Higgins,914555,2020-05-21,465,0,7,CL,CL-OHIGGINS
O'Higgins,914555,2020-05-22,492,0,8,CL,CL-OHIGGINS
O'Higgins,914555,2020-05-23,518,0,11,CL,CL-OHIGGINS
O'Higgins,914555,2020-05-24,554,0,11,CL,CL-OHIGGINS
O'Higgins,914555,2020-05-25,588,0,13,CL,CL-OHIGGINS
O'Higgins,914555,2020-05-26,654,0,13,CL,CL-OHIGGINS
O'Higgins,914555,2020-05-27,691,0,14,CL,CL-OHIGGINS
O'Higgins,914555,2020-05-28,705,0,14,CL,CL-OHIGGINS
O'Higgins,914555,2020-05-29,745,0,14,CL,CL-OHIGGINS
O'Higgins,914555,2020-05-30,756,0,16,CL,CL-OHIGGINS
O'Higgins,914555,2020-05-31,785,0,18,CL,CL-OHIGGINS
O'Higgins,914555,2020-06-01,813,0,18,CL,CL-OHIGGINS
O'Higgins,914555,2020-06-02,813,0,18,CL,CL-OHIGGINS
Tarapaca,0,2020-05-21,1246,0,4,CL,CL-TARAPACA
Tarapaca,0,2020-05-22,1393,0,5,CL,CL-TARAPACA
Tarapaca,0,2020-05-23,1471,0,5,CL,CL-TARAPACA
Tarapaca,0,2020-05-24,1564,0,7,CL,CL-TARAPACA
Tarapaca,0,2020-05-25,1630,0,7,CL,CL-TARAPACA
Tarapaca,0,2020-05-26,1737,0,8,CL,CL-TARAPACA
Tarapaca,0,2020-05-27,1811,0,11,CL,CL-TARAPACA
Tarapaca,0,2020-05-28,1957,0,12,CL,CL-TARAPACA
Tarapaca,0,2020-05-29,2093,0,14,CL,CL-TARAPACA
Tarapaca,0,2020-05-30,2250,0,18,CL,CL-TARAPACA
Tarapaca,0,2020-05-31,2361,0,21,CL,CL-TARAPACA
Tarapaca,0,2020-06-01,2526,0,22,CL,CL-TARAPACA
Tarapaca,0,2020-06-02,2526,0,22,CL,CL-TARAPACA
Valparaíso,1815902,2020-05-21,1887,0,38,CL,CL-VALPARAISO
Valparaíso,1815902,2020-05-22,2020,0,40,CL,CL-VALPARAISO
Valparaíso,1815902,2020-05-23,2116,0,44,CL,CL-VALPARAISO
Valparaíso,1815902,2020-05-24,2230,0,48,CL,CL-VALPARAISO
Valparaíso,1815902,2020-05-25,2305,0,53,CL,CL-VALPARAISO
Valparaíso,1815902,2020-05-26,2455,0,57,CL,CL-VALPARAISO
Valparaíso,1815902,2020-05-27,2576,0,58,CL,CL-VALPARAISO
Valparaíso,1815902,2020-05-28,2730,0,60,CL,CL-VALPARAISO
Valparaíso,1815902,2020-05-29,2842,0,61,CL,CL-VALPARAISO
Valparaíso,1815902,2020-05-30,3037,0,63,CL,CL-VALPARAISO
Valparaíso,1815902,2020-05-31,3167,0,66,CL,CL-VALPARAISO
Valparaíso,1815902,2020-06-01,3348,0,70,CL,CL-VALPARAISO
Valparaíso,1815902,2020-06-02,3348,0,70,CL,CL-VALPARAISO
other,0,2020-05-21,0,23992,0,CL,CL-XX
other,0,2020-05-22,0,25342,0,CL,CL-XX
other,0,2020-05-23,0,26546,0,CL,CL-XX
other,0,2020-05-24,0,28148,0,CL,CL-XX
other,0,2020-05-25,0,29302,0,CL,CL-XX
other,0,2020-05-26,0,30915,0,CL,CL-XX
other,0,2020-05-27,0,33540,0,CL,CL-XX
other,0,2020-05-28,0,36115,0,CL,CL-XX
other,0,2020-05-29,0,38598,0,CL,CL-XX
other,0,2020-05-30,0,40431,0,CL,CL-XX
other,0,2020-05-31,0,42727,0,CL,CL-XX
other,0,2020-06-01,0,44946,0,CL,CL-XX
other,0,2020-06-02,0,44946,0,CL,CL-XX
