state_name_en,population_number,reportDate,cases,recovered,deaths,countryCode,stateCode
Amazonas,76589,2020-06-08,1992,1002,73,CO,CO-AMAZONAS
Amazonas,76589,2020-06-09,2029,1067,73,CO,CO-AMAZONAS
Amazonas,76589,2020-06-10,2033,1070,74,CO,CO-AMAZONAS
Antioquia,6407102,2020-06-08,1518,575,9,CO,CO-ANTIOQUIA
Antioquia,6407102,2020-06-09,1574,589,10,CO,CO-ANTIOQUIA
Antioquia,6407102,2020-06-10,1648,591,10,CO,CO-ANTIOQUIA
Arauca,262174,2020-06-08,2,1,0,CO,CO-ARAUCA
Arauca,262174,2020-06-09,2,1,0,CO,CO-ARAUCA
Arauca,262174,2020-06-10,2,1,0,CO,CO-ARAUCA
Atlantico,2535517,2020-06-08,6498,1897,218,CO,CO-ATLANTICO
Atlantico,2535517,2020-06-09,6761,2173,246,CO,CO-ATLANTICO
Atlantico,2535517,2020-06-10,7096,2190,277,CO,CO-ATLANTICO
Bolivar,2070110,2020-06-08,4128,1221,182,CO,CO-BOLIVAR
Bolivar,2070110,2020-06-09,4221,1344,188,CO,CO-BOLIVAR
Bolivar,2070110,2020-06-10,4364,1364,194,CO,CO-BOLIVAR
Boyaca,1217376,2020-06-08,223,131,14,CO,CO-BOYACA
Boyaca,1217376,2020-06-09,225,133,14,CO,CO-BOYACA
Boyaca,1217376,2020-06-10,227,133,14,CO,CO-BOYACA
Caldas,998255,2020-06-08,175,117,8,CO,CO-CALDAS
Caldas,998255,2020-06-09,175,117,8,CO,CO-CALDAS
Caldas,998255,2020-06-10,179,117,8,CO,CO-CALDAS
Capital District,7412566,2020-06-08,12880,5402,332,CO,CO-CAPITAL-DISTRICT
Capital District,7412566,2020-06-09,13329,5682,335,CO,CO-CAPITAL-DISTRICT
Capital District,7412566,2020-06-10,13709,5720,344,CO,CO-CAPITAL-DISTRICT
Caqueta,401489,2020-06-08,25,20,2,CO,CO-CAQUETA
Caqueta,401489,2020-06-09,25,21,2,CO,CO-CAQUETA
Caqueta,401489,2020-06-10,25,21,2,CO,CO-CAQUETA
Casanare,420504,2020-06-08,36,29,0,CO,CO-CASANARE
Casanare,420504,2020-06-09,36,31,0,CO,CO-CASANARE
Casanare,420504,2020-06-10,36,31,0,CO,CO-CASANARE
Cauca,1464488,2020-06-08,155,62,6,CO,CO-CAUCA
Cauca,1464488,2020-06-09,158,63,6,CO,CO-CAUCA
Cauca,1464488,2020-06-10,160,63,7,CO,CO-CAUCA
Cesar,1200574,2020-06-08,428,70,12,CO,CO-CESAR
Cesar,1200574,2020-06-09,449,71,12,CO,CO-CESAR
Cesar,1200574,2020-06-10,470,71,12,CO,CO-CESAR
Choco,534826,2020-06-08,412,73,11,CO,CO-CHOCO
Choco,534826,2020-06-09,472,91,12,CO,CO-CHOCO
Choco,534826,2020-06-10,488,92,12,CO,CO-CHOCO
Cordoba,1784783,2020-06-08,221,66,10,CO,CO-CORDOBA
Cordoba,1784783,2020-06-09,226,66,11,CO,CO-CORDOBA
Cordoba,1784783,2020-06-10,231,68,13,CO,CO-CORDOBA
Cundinamarca,2919060,2020-06-08,1291,383,34,CO,CO-CUNDINAMARCA
Cundinamarca,2919060,2020-06-09,1403,407,38,CO,CO-CUNDINAMARCA
Cundinamarca,2919060,2020-06-10,1454,411,40,CO,CO-CUNDINAMARCA
Guainia,48114,2020-06-08,6,0,0,CO,CO-GUAINIA
Guainia,48114,2020-06-09,6,0,0,CO,CO-GUAINIA
Guainia,48114,2020-06-10,6,0,0,CO,CO-GUAINIA
Guaviare,82767,2020-06-08,1,0,0,CO,CO-GUAVIARE
Guaviare,82767,2020-06-09,1,0,0,CO,CO-GUAVIARE
Guaviare,82767,2020-06-10,2,0,0,CO,CO-GUAVIARE
Huila,1100386,2020-06-08,255,220,13,CO,CO-HUILA
Huila,1100386,2020-06-09,259,222,13,CO,CO-HUILA
Huila,1100386,2020-06-10,259,222,13,CO,CO-HUILA
La Guajira,880560,2020-06-08,108,44,6,CO,CO-LA-GUAJIRA
La Guajira,880560,2020-06-09,109,44,6,CO,CO-LA-GUAJIRA
La Guajira,880560,2020-06-10,113,44,6,CO,CO-LA-GUAJIRA
Magdalena,1341746,2020-06-08,753,372,48,CO,CO-MAGDALENA
Magdalena,1341746,2020-06-09,780,380,48,CO,CO-MAGDALENA
Magdalena,1341746,2020-06-10,799,381,49,CO,CO-MAGDALENA
Meta,1039722,2020-06-08,990,926,11,CO,CO-META
Meta,1039722,2020-06-09,991,927,11,CO,CO-META
Meta,1039722,2020-06-10,999,927,11,CO,CO-META
Narino,1630592,2020-06-08,1629,472,65,CO,CO-NARINO
Narino,1630592,2020-06-09,1700,585,66,CO,CO-NARINO
Narino,1630592,2020-06-10,1794,586,68,CO,CO-NARINO
Norte de Santander,1491689,2020-06-08,138,104,14,CO,CO-NORTE-DE-SANTANDER
Norte de Santander,1491689,2020-06-09,145,106,14,CO,CO-NORTE-DE-SANTANDER
Norte de Santander,1491689,2020-06-10,148,106,14,CO,CO-NORTE-DE-SANTANDER
Putumayo,348182,2020-06-08,11,3,2,CO,CO-PUTUMAYO
Putumayo,348182,2020-06-09,11,3,2,CO,CO-PUTUMAYO
Putumayo,348182,2020-06-10,11,3,2,CO,CO-PUTUMAYO
Quindio,539904,2020-06-08,121,94,4,CO,CO-QUINDIO
Quindio,539904,2020-06-09,121,95,5,CO,CO-QUINDIO
Quindio,539904,2020-06-10,122,95,5,CO,CO-QUINDIO
Risaralda,943401,2020-06-08,278,231,10,CO,CO-RISARALDA
Risaralda,943401,2020-06-09,278,233,10,CO,CO-RISARALDA
Risaralda,943401,2020-06-10,286,233,10,CO,CO-RISARALDA
San Andres y Providencia,61280,2020-06-08,17,15,0,CO,CO-SAN-ANDRES-Y-PROVIDENCIA
San Andres y Providencia,61280,2020-06-09,17,15,0,CO,CO-SAN-ANDRES-Y-PROVIDENCIA
San Andres y Providencia,61280,2020-06-10,17,15,0,CO,CO-SAN-ANDRES-Y-PROVIDENCIA
Santander,2184837,2020-06-08,160,50,6,CO,CO-SANTANDER
Santander,2184837,2020-06-09,167,50,6,CO,CO-SANTANDER
Santander,2184837,2020-06-10,194,50,7,CO,CO-SANTANDER
Sucre,904863,2020-06-08,126,5,2,CO,CO-SUCRE
Sucre,904863,2020-06-09,131,5,2,CO,CO-SUCRE
Sucre,904863,2020-06-10,143,5,2,CO,CO-SUCRE
Tolima,1330187,2020-06-08,287,175,10,CO,CO-TOLIMA
Tolima,1330187,2020-06-09,293,200,12,CO,CO-TOLIMA
Tolima,1330187,2020-06-10,295,200,12,CO,CO-TOLIMA
Valle del Cauca,4475886,2020-06-08,4424,1583,221,CO,CO-VALLE-DEL-CAUCA
Valle del Cauca,4475886,2020-06-09,4677,1727,223,CO,CO-VALLE-DEL-CAUCA
Valle del Cauca,4475886,2020-06-10,4820,1745,233,CO,CO-VALLE-DEL-CAUCA
Vaupes,40797,2020-06-08,11,11,0,CO,CO-VAUPES
Vaupes,40797,2020-06-09,11,11,0,CO,CO-VAUPES
Vaupes,40797,2020-06-10,11,11,0,CO,CO-VAUPES
Vichada,107808,2020-06-08,1,0,0,CO,CO-VICHADA
Vichada,107808,2020-06-09,1,0,0,CO,CO-VICHADA
Vichada,107808,2020-06-10,1,0,0,CO,CO-VICHADA
